fabric_code,buyer_code,loom_code,type_code,dist_channel,weaving_contri,finishing_contri
FAB-W001,BUY-101,LC-1001,EXPORT,CH01,145.0,
FAB-W002,BUY-102,LC-1002,EXPORT,CH01,138.0,165.0
FAB-W003,BUY-201,LC-2001,EXPORT,CH02,210.0,280.0
FAB-W004,BUY-202,LC-2002,DOMESTIC,CH03,120.0,148.0
,BUY-301,LC-3001,EXPORT,CH02,195.0,240.0
,,LC-3002,DOMESTIC,CH03,98.0,
FAB-W0007,BUY-401,LC-4001,EXPORT,CH01,178.78,
FAB-W0008,BUY-402,LC-4002,DOMESTIC,CH02,129.87,125.82
FAB-W0009,BUY-403,LC-4003,EXPORT,CH03,134.87,275.44
FAB-W0010,BUY-404,LC-4004,DOMESTIC,CH04,97.86,157.55
FAB-W0011,BUY-405,LC-4005,EXPORT,CH01,217.12,145.46
FAB-W0012,BUY-406,LC-4006,DOMESTIC,CH02,238.86,131.68
FAB-W0013,BUY-407,LC-4007,EXPORT,CH03,201.41,227.25
FAB-W0014,BUY-408,LC-4008,DOMESTIC,CH04,256.69,261.96
FAB-W0015,BUY-409,LC-4009,EXPORT,CH01,230.34,126.9
FAB-W0016,BUY-410,LC-4010,DOMESTIC,CH02,225.19,190.91
FAB-W0017,BUY-411,LC-4011,EXPORT,CH03,183.61,277.46
FAB-W0018,BUY-412,LC-4012,DOMESTIC,CH04,227.2,
FAB-W0019,BUY-413,LC-4013,EXPORT,CH01,98.07,244.29
FAB-W0020,BUY-414,LC-4014,DOMESTIC,CH02,98.32,107.7
FAB-W0021,BUY-415,LC-4015,EXPORT,CH03,122.45,109.75
FAB-W0022,BUY-416,LC-4016,DOMESTIC,CH04,224.44,192.73
FAB-W0023,BUY-417,LC-4017,EXPORT,CH01,232.79,244.46
FAB-W0024,BUY-418,LC-4018,DOMESTIC,CH02,198.25,126.03
FAB-W0025,BUY-419,LC-4019,EXPORT,CH03,105.12,172.08
FAB-W0026,BUY-420,LC-4020,DOMESTIC,CH04,123.17,149.23
FAB-W0027,BUY-421,LC-4021,EXPORT,CH01,182.36,112.47
FAB-W0028,BUY-422,LC-4022,DOMESTIC,CH02,186.9,167.77
FAB-W0029,BUY-423,LC-4023,EXPORT,CH03,147.55,
FAB-W0030,BUY-424,LC-4024,DOMESTIC,CH04,247.9,185.85
FAB-W0031,BUY-425,LC-4025,EXPORT,CH01,117.43,124.55
FAB-W0032,BUY-426,LC-4026,DOMESTIC,CH02,110.98,176.84
FAB-W0033,BUY-427,LC-4027,EXPORT,CH03,102.04,206.9
FAB-W0034,BUY-428,LC-4028,DOMESTIC,CH04,138.43,249.17
FAB-W0035,BUY-429,LC-4029,EXPORT,CH01,99.15,177.8
FAB-W0036,BUY-430,LC-4030,DOMESTIC,CH02,241.72,176.28
FAB-W0037,BUY-431,LC-4031,EXPORT,CH03,210.03,186.58
FAB-W0038,BUY-432,LC-4032,DOMESTIC,CH04,198.18,259.09
FAB-W0039,BUY-433,LC-4033,EXPORT,CH01,253.76,233.05
FAB-W0040,BUY-434,LC-4034,DOMESTIC,CH02,255.95,
FAB-W0041,BUY-435,LC-4035,EXPORT,CH03,211.17,164.52
FAB-W0042,BUY-436,LC-4036,DOMESTIC,CH04,157.83,117.08
FAB-W0043,BUY-437,LC-4037,EXPORT,CH01,259.27,163.84
FAB-W0044,BUY-438,LC-4038,DOMESTIC,CH02,237.61,282.82
FAB-W0045,BUY-439,LC-4039,EXPORT,CH03,233.01,196.5
FAB-W0046,BUY-440,LC-4040,DOMESTIC,CH04,136.34,256.96
FAB-W0047,BUY-441,LC-4041,EXPORT,CH01,100.99,160.67
FAB-W0048,BUY-442,LC-4042,DOMESTIC,CH02,151.76,147.12
FAB-W0049,BUY-443,LC-4043,EXPORT,CH03,166.47,288.46
FAB-W0050,BUY-444,LC-4044,DOMESTIC,CH04,217.66,198.56
FAB-W0051,BUY-445,LC-4045,EXPORT,CH01,100.11,
FAB-W0052,BUY-446,LC-4046,DOMESTIC,CH02,94.57,213.5
FAB-W0053,BUY-447,LC-4047,EXPORT,CH03,147.99,282.45
FAB-W0054,BUY-448,LC-4048,DOMESTIC,CH04,99.52,227.42
FAB-W0055,BUY-449,LC-4049,EXPORT,CH01,124.87,168.1
FAB-W0056,BUY-450,LC-4050,DOMESTIC,CH02,170.72,148.04
FAB-W0057,BUY-451,LC-4051,EXPORT,CH03,125.18,272.48
FAB-W0058,BUY-452,LC-4052,DOMESTIC,CH04,109.91,138.83
FAB-W0059,BUY-453,LC-4053,EXPORT,CH01,145.07,159.42
FAB-W0060,BUY-454,LC-4054,DOMESTIC,CH02,199.7,138.72
FAB-W0061,BUY-455,LC-4055,EXPORT,CH03,250.01,142.83
FAB-W0062,BUY-456,LC-4056,DOMESTIC,CH04,97.94,
FAB-W0063,BUY-457,LC-4057,EXPORT,CH01,156.78,101.14
FAB-W0064,BUY-458,LC-4058,DOMESTIC,CH02,173.89,182.58
FAB-W0065,BUY-459,LC-4059,EXPORT,CH03,112.01,260.59
FAB-W0066,BUY-460,LC-4060,DOMESTIC,CH04,197.09,106.41
FAB-W0067,BUY-461,LC-4061,EXPORT,CH01,131.9,147.46
FAB-W0068,BUY-462,LC-4062,DOMESTIC,CH02,157.25,265.46
FAB-W0069,BUY-463,LC-4063,EXPORT,CH03,97.37,118.11
FAB-W0070,BUY-464,LC-4064,DOMESTIC,CH04,231.86,228.55
FAB-W0071,BUY-465,LC-4065,EXPORT,CH01,164.02,189.77
FAB-W0072,BUY-466,LC-4066,DOMESTIC,CH02,193.06,153.71
FAB-W0073,BUY-467,LC-4067,EXPORT,CH03,155.36,
FAB-W0074,BUY-468,LC-4068,DOMESTIC,CH04,163.37,108.87
FAB-W0075,BUY-469,LC-4069,EXPORT,CH01,146.99,251.69
FAB-W0076,BUY-470,LC-4070,DOMESTIC,CH02,215.7,216.78
FAB-W0077,BUY-471,LC-4071,EXPORT,CH03,137.36,296.08
FAB-W0078,BUY-472,LC-4072,DOMESTIC,CH04,256.46,153.66
FAB-W0079,BUY-473,LC-4073,EXPORT,CH01,210.64,113.5
FAB-W0080,BUY-474,LC-4074,DOMESTIC,CH02,200.65,117.08
FAB-W0081,BUY-475,LC-4075,EXPORT,CH03,194.99,137.35
FAB-W0082,BUY-476,LC-4076,DOMESTIC,CH04,185.1,221.9
FAB-W0083,BUY-477,LC-4077,EXPORT,CH01,185.44,130.43
FAB-W0084,BUY-478,LC-4078,DOMESTIC,CH02,201.52,
FAB-W0085,BUY-479,LC-4079,EXPORT,CH03,113.7,164.88
FAB-W0086,BUY-480,LC-4080,DOMESTIC,CH04,246.19,189.09
FAB-W0087,BUY-481,LC-4081,EXPORT,CH01,141.79,255.68
FAB-W0088,BUY-482,LC-4082,DOMESTIC,CH02,195.39,152.18
FAB-W0089,BUY-483,LC-4083,EXPORT,CH03,148.62,226.66
FAB-W0090,BUY-484,LC-4084,DOMESTIC,CH04,234.22,204.27
FAB-W0091,BUY-485,LC-4085,EXPORT,CH01,251.96,107.64
FAB-W0092,BUY-486,LC-4086,DOMESTIC,CH02,155.25,146.43
FAB-W0093,BUY-487,LC-4087,EXPORT,CH03,129.6,102.64
FAB-W0094,BUY-488,LC-4088,DOMESTIC,CH04,199.68,241.91
FAB-W0095,BUY-489,LC-4089,EXPORT,CH01,154.72,
FAB-W0096,BUY-490,LC-4090,DOMESTIC,CH02,255.97,282.15
FAB-W0097,BUY-491,LC-4091,EXPORT,CH03,186.18,124.67
FAB-W0098,BUY-492,LC-4092,DOMESTIC,CH04,247.92,273.19
FAB-W0099,BUY-493,LC-4093,EXPORT,CH01,132.23,140.15
FAB-W0100,BUY-494,LC-4094,DOMESTIC,CH02,144.89,259.25
FAB-W0101,BUY-495,LC-4095,EXPORT,CH03,180.8,153.75
FAB-W0102,BUY-496,LC-4096,DOMESTIC,CH04,127.33,135.58
FAB-W0103,BUY-497,LC-4097,EXPORT,CH01,219.15,151.55
FAB-W0104,BUY-498,LC-4098,DOMESTIC,CH02,135.37,174.9
FAB-W0105,BUY-499,LC-4099,EXPORT,CH03,176.82,181.05
FAB-W0106,BUY-500,LC-4100,DOMESTIC,CH04,189.46,
FAB-W0107,BUY-501,LC-4101,EXPORT,CH01,136.47,282.1
FAB-W0108,BUY-502,LC-4102,DOMESTIC,CH02,224.41,275.14
FAB-W0109,BUY-503,LC-4103,EXPORT,CH03,198.04,182.02
FAB-W0110,BUY-504,LC-4104,DOMESTIC,CH04,109.28,295.27
FAB-W0111,BUY-505,LC-4105,EXPORT,CH01,194.07,172.33
FAB-W0112,BUY-506,LC-4106,DOMESTIC,CH02,169.28,230.31
FAB-W0113,BUY-507,LC-4107,EXPORT,CH03,93.1,197.34
FAB-W0114,BUY-508,LC-4108,DOMESTIC,CH04,230.6,150.46
FAB-W0115,BUY-509,LC-4109,EXPORT,CH01,106.23,230.76
FAB-W0116,BUY-510,LC-4110,DOMESTIC,CH02,240.48,295.63
FAB-W0117,BUY-511,LC-4111,EXPORT,CH03,94.96,
FAB-W0118,BUY-512,LC-4112,DOMESTIC,CH04,92.79,246.76
FAB-W0119,BUY-513,LC-4113,EXPORT,CH01,182.26,296.05
FAB-W0120,BUY-514,LC-4114,DOMESTIC,CH02,113.66,187.93
FAB-W0121,BUY-515,LC-4115,EXPORT,CH03,100.55,106.13
FAB-W0122,BUY-516,LC-4116,DOMESTIC,CH04,208.33,206.2
FAB-W0123,BUY-517,LC-4117,EXPORT,CH01,118.16,129.58
FAB-W0124,BUY-518,LC-4118,DOMESTIC,CH02,245.2,216.9
FAB-W0125,BUY-519,LC-4119,EXPORT,CH03,209.02,113.39
FAB-W0126,BUY-520,LC-4120,DOMESTIC,CH04,170.91,298.27
FAB-W0127,BUY-521,LC-4121,EXPORT,CH01,172.99,221.74
FAB-W0128,BUY-522,LC-4122,DOMESTIC,CH02,228.69,
FAB-W0129,BUY-523,LC-4123,EXPORT,CH03,95.6,256.48
FAB-W0130,BUY-524,LC-4124,DOMESTIC,CH04,93.11,234.8
FAB-W0131,BUY-525,LC-4125,EXPORT,CH01,93.21,268.39
FAB-W0132,BUY-526,LC-4126,DOMESTIC,CH02,205.5,248.98
FAB-W0133,BUY-527,LC-4127,EXPORT,CH03,195.49,283.65
FAB-W0134,BUY-528,LC-4128,DOMESTIC,CH04,218.3,184.29
FAB-W0135,BUY-529,LC-4129,EXPORT,CH01,225.37,188.98
FAB-W0136,BUY-530,LC-4130,DOMESTIC,CH02,200.74,237.92
FAB-W0137,BUY-531,LC-4131,EXPORT,CH03,159.64,105.74
FAB-W0138,BUY-532,LC-4132,DOMESTIC,CH04,158.6,179.67
FAB-W0139,BUY-533,LC-4133,EXPORT,CH01,114.09,
FAB-W0140,BUY-534,LC-4134,DOMESTIC,CH02,164.19,126.9
FAB-W0141,BUY-535,LC-4135,EXPORT,CH03,160.08,216.4
FAB-W0142,BUY-536,LC-4136,DOMESTIC,CH04,100.92,269.2
FAB-W0143,BUY-537,LC-4137,EXPORT,CH01,101.3,258.41
FAB-W0144,BUY-538,LC-4138,DOMESTIC,CH02,236.99,200.38
FAB-W0145,BUY-539,LC-4139,EXPORT,CH03,197.04,135.0
FAB-W0146,BUY-540,LC-4140,DOMESTIC,CH04,244.21,257.35
FAB-W0147,BUY-541,LC-4141,EXPORT,CH01,228.62,154.96
FAB-W0148,BUY-542,LC-4142,DOMESTIC,CH02,246.1,262.6
FAB-W0149,BUY-543,LC-4143,EXPORT,CH03,246.61,232.57
FAB-W0150,BUY-544,LC-4144,DOMESTIC,CH04,174.85,
FAB-W0151,BUY-545,LC-4145,EXPORT,CH01,155.37,197.34
FAB-W0152,BUY-546,LC-4146,DOMESTIC,CH02,148.45,124.46
FAB-W0153,BUY-547,LC-4147,EXPORT,CH03,161.78,205.51
FAB-W0154,BUY-548,LC-4148,DOMESTIC,CH04,193.19,279.9
FAB-W0155,BUY-549,LC-4149,EXPORT,CH01,181.74,228.27
FAB-W0156,BUY-550,LC-4150,DOMESTIC,CH02,135.32,175.23
FAB-W0157,BUY-551,LC-4151,EXPORT,CH03,244.39,237.15
FAB-W0158,BUY-552,LC-4152,DOMESTIC,CH04,253.4,263.73
FAB-W0159,BUY-553,LC-4153,EXPORT,CH01,216.68,229.8
FAB-W0160,BUY-554,LC-4154,DOMESTIC,CH02,248.51,190.04
FAB-W0161,BUY-555,LC-4155,EXPORT,CH03,228.19,
FAB-W0162,BUY-556,LC-4156,DOMESTIC,CH04,193.77,189.32
FAB-W0163,BUY-557,LC-4157,EXPORT,CH01,135.33,121.12
FAB-W0164,BUY-558,LC-4158,DOMESTIC,CH02,108.57,136.11
FAB-W0165,BUY-559,LC-4159,EXPORT,CH03,96.91,295.12
FAB-W0166,BUY-560,LC-4160,DOMESTIC,CH04,178.75,287.22
FAB-W0167,BUY-561,LC-4161,EXPORT,CH01,175.57,113.5
FAB-W0168,BUY-562,LC-4162,DOMESTIC,CH02,259.68,291.29
FAB-W0169,BUY-563,LC-4163,EXPORT,CH03,197.65,244.27
FAB-W0170,BUY-564,LC-4164,DOMESTIC,CH04,118.63,226.03
FAB-W0171,BUY-565,LC-4165,EXPORT,CH01,220.52,142.08
FAB-W0172,BUY-566,LC-4166,DOMESTIC,CH02,221.56,
FAB-W0173,BUY-567,LC-4167,EXPORT,CH03,258.42,160.28
FAB-W0174,BUY-568,LC-4168,DOMESTIC,CH04,133.39,105.5
FAB-W0175,BUY-569,LC-4169,EXPORT,CH01,177.06,243.92
FAB-W0176,BUY-570,LC-4170,DOMESTIC,CH02,117.22,167.52
FAB-W0177,BUY-571,LC-4171,EXPORT,CH03,242.07,125.6
FAB-W0178,BUY-572,LC-4172,DOMESTIC,CH04,252.77,232.44
FAB-W0179,BUY-573,LC-4173,EXPORT,CH01,182.5,168.51
FAB-W0180,BUY-574,LC-4174,DOMESTIC,CH02,112.77,284.83
FAB-W0181,BUY-575,LC-4175,EXPORT,CH03,127.1,290.32
FAB-W0182,BUY-576,LC-4176,DOMESTIC,CH04,142.89,137.04
FAB-W0183,BUY-577,LC-4177,EXPORT,CH01,128.21,
FAB-W0184,BUY-578,LC-4178,DOMESTIC,CH02,103.48,274.49
FAB-W0185,BUY-579,LC-4179,EXPORT,CH03,142.84,263.54
FAB-W0186,BUY-580,LC-4180,DOMESTIC,CH04,188.94,190.42
FAB-W0187,BUY-581,LC-4181,EXPORT,CH01,213.94,264.92
FAB-W0188,BUY-582,LC-4182,DOMESTIC,CH02,133.79,224.77
FAB-W0189,BUY-583,LC-4183,EXPORT,CH03,196.43,214.3
FAB-W0190,BUY-584,LC-4184,DOMESTIC,CH04,180.68,202.03
FAB-W0191,BUY-585,LC-4185,EXPORT,CH01,201.7,145.53
FAB-W0192,BUY-586,LC-4186,DOMESTIC,CH02,224.39,242.19
FAB-W0193,BUY-587,LC-4187,EXPORT,CH03,119.57,175.75
FAB-W0194,BUY-588,LC-4188,DOMESTIC,CH04,96.06,
FAB-W0195,BUY-589,LC-4189,EXPORT,CH01,230.36,216.51
FAB-W0196,BUY-590,LC-4190,DOMESTIC,CH02,238.25,161.99
FAB-W0197,BUY-591,LC-4191,EXPORT,CH03,218.76,133.38
FAB-W0198,BUY-592,LC-4192,DOMESTIC,CH04,177.44,169.37
FAB-W0199,BUY-593,LC-4193,EXPORT,CH01,199.54,285.86
FAB-W0200,BUY-594,LC-4194,DOMESTIC,CH02,231.77,232.91
FAB-W0201,BUY-595,LC-4195,EXPORT,CH03,185.83,207.15
FAB-W0202,BUY-596,LC-4196,DOMESTIC,CH04,208.36,284.15
FAB-W0203,BUY-597,LC-4197,EXPORT,CH01,135.96,115.34
FAB-W0204,BUY-598,LC-4198,DOMESTIC,CH02,164.49,214.38
FAB-W0205,BUY-599,LC-4199,EXPORT,CH03,103.63,
FAB-W0206,BUY-600,LC-4200,DOMESTIC,CH04,253.7,205.5
FAB-W0207,BUY-601,LC-4201,EXPORT,CH01,160.47,156.22
FAB-W0208,BUY-602,LC-4202,DOMESTIC,CH02,165.11,100.9
FAB-W0209,BUY-603,LC-4203,EXPORT,CH03,91.04,133.37
FAB-W0210,BUY-604,LC-4204,DOMESTIC,CH04,231.63,120.27
FAB-W0211,BUY-605,LC-4205,EXPORT,CH01,185.45,197.21
FAB-W0212,BUY-606,LC-4206,DOMESTIC,CH02,239.97,183.65
FAB-W0213,BUY-607,LC-4207,EXPORT,CH03,232.03,249.15
FAB-W0214,BUY-608,LC-4208,DOMESTIC,CH04,182.5,129.55
FAB-W0215,BUY-609,LC-4209,EXPORT,CH01,187.03,262.75
FAB-W0216,BUY-610,LC-4210,DOMESTIC,CH02,99.5,
FAB-W0217,BUY-611,LC-4211,EXPORT,CH03,109.56,134.56
FAB-W0218,BUY-612,LC-4212,DOMESTIC,CH04,176.66,104.08
FAB-W0219,BUY-613,LC-4213,EXPORT,CH01,221.95,208.14
FAB-W0220,BUY-614,LC-4214,DOMESTIC,CH02,95.85,276.29
FAB-W0221,BUY-615,LC-4215,EXPORT,CH03,131.12,134.36
FAB-W0222,BUY-616,LC-4216,DOMESTIC,CH04,178.15,263.02
FAB-W0223,BUY-617,LC-4217,EXPORT,CH01,168.84,173.36
FAB-W0224,BUY-618,LC-4218,DOMESTIC,CH02,199.76,244.17
FAB-W0225,BUY-619,LC-4219,EXPORT,CH03,167.29,130.06
FAB-W0226,BUY-620,LC-4220,DOMESTIC,CH04,175.61,266.08
FAB-W0227,BUY-621,LC-4221,EXPORT,CH01,195.56,
FAB-W0228,BUY-622,LC-4222,DOMESTIC,CH02,93.14,183.84
FAB-W0229,BUY-623,LC-4223,EXPORT,CH03,242.58,228.6
FAB-W0230,BUY-624,LC-4224,DOMESTIC,CH04,202.86,185.14
FAB-W0231,BUY-625,LC-4225,EXPORT,CH01,240.29,146.67
FAB-W0232,BUY-626,LC-4226,DOMESTIC,CH02,255.81,285.51
FAB-W0233,BUY-627,LC-4227,EXPORT,CH03,98.53,130.01
FAB-W0234,BUY-628,LC-4228,DOMESTIC,CH04,206.07,198.62
FAB-W0235,BUY-629,LC-4229,EXPORT,CH01,160.05,190.92
FAB-W0236,BUY-630,LC-4230,DOMESTIC,CH02,226.14,189.0
FAB-W0237,BUY-631,LC-4231,EXPORT,CH03,129.79,222.14
FAB-W0238,BUY-632,LC-4232,DOMESTIC,CH04,186.26,
FAB-W0239,BUY-633,LC-4233,EXPORT,CH01,146.28,275.53
FAB-W0240,BUY-634,LC-4234,DOMESTIC,CH02,205.45,239.72
FAB-W0241,BUY-635,LC-4235,EXPORT,CH03,197.07,185.55
FAB-W0242,BUY-636,LC-4236,DOMESTIC,CH04,232.16,207.97
FAB-W0243,BUY-637,LC-4237,EXPORT,CH01,190.39,122.19
FAB-W0244,BUY-638,LC-4238,DOMESTIC,CH02,137.43,242.91
FAB-W0245,BUY-639,LC-4239,EXPORT,CH03,119.27,273.78
FAB-W0246,BUY-640,LC-4240,DOMESTIC,CH04,176.2,215.31
FAB-W0247,BUY-641,LC-4241,EXPORT,CH01,186.32,148.29
FAB-W0248,BUY-642,LC-4242,DOMESTIC,CH02,248.92,275.78
FAB-W0249,BUY-643,LC-4243,EXPORT,CH03,204.93,
FAB-W0250,BUY-644,LC-4244,DOMESTIC,CH04,136.67,128.96
FAB-W0251,BUY-645,LC-4245,EXPORT,CH01,243.83,153.31
FAB-W0252,BUY-646,LC-4246,DOMESTIC,CH02,225.54,210.3
FAB-W0253,BUY-647,LC-4247,EXPORT,CH03,169.59,225.84
FAB-W0254,BUY-648,LC-4248,DOMESTIC,CH04,159.3,182.22
FAB-W0255,BUY-649,LC-4249,EXPORT,CH01,111.19,207.1
FAB-W0256,BUY-650,LC-4250,DOMESTIC,CH02,168.77,249.22
FAB-W0257,BUY-651,LC-4251,EXPORT,CH03,105.9,104.07
FAB-W0258,BUY-652,LC-4252,DOMESTIC,CH04,187.5,111.98
FAB-W0259,BUY-653,LC-4253,EXPORT,CH01,233.36,195.04
FAB-W0260,BUY-654,LC-4254,DOMESTIC,CH02,165.33,
FAB-W0261,BUY-655,LC-4255,EXPORT,CH03,245.41,187.33
FAB-W0262,BUY-656,LC-4256,DOMESTIC,CH04,144.67,233.69
FAB-W0263,BUY-657,LC-4257,EXPORT,CH01,226.43,278.26
FAB-W0264,BUY-658,LC-4258,DOMESTIC,CH02,193.43,297.04
FAB-W0265,BUY-659,LC-4259,EXPORT,CH03,146.33,133.03
FAB-W0266,BUY-660,LC-4260,DOMESTIC,CH04,97.28,153.07
FAB-W0267,BUY-661,LC-4261,EXPORT,CH01,201.04,209.28
FAB-W0268,BUY-662,LC-4262,DOMESTIC,CH02,228.04,114.36
FAB-W0269,BUY-663,LC-4263,EXPORT,CH03,155.41,199.3
FAB-W0270,BUY-664,LC-4264,DOMESTIC,CH04,205.33,272.58
FAB-W0271,BUY-665,LC-4265,EXPORT,CH01,250.87,
FAB-W0272,BUY-666,LC-4266,DOMESTIC,CH02,249.34,230.72
FAB-W0273,BUY-667,LC-4267,EXPORT,CH03,129.11,195.49
FAB-W0274,BUY-668,LC-4268,DOMESTIC,CH04,225.49,134.06
FAB-W0275,BUY-669,LC-4269,EXPORT,CH01,232.24,259.71
FAB-W0276,BUY-670,LC-4270,DOMESTIC,CH02,94.83,288.48
FAB-W0277,BUY-671,LC-4271,EXPORT,CH03,148.53,238.81
FAB-W0278,BUY-672,LC-4272,DOMESTIC,CH04,110.57,254.36
FAB-W0279,BUY-673,LC-4273,EXPORT,CH01,208.63,114.86
FAB-W0280,BUY-674,LC-4274,DOMESTIC,CH02,247.98,106.07
FAB-W0281,BUY-675,LC-4275,EXPORT,CH03,191.74,220.74
FAB-W0282,BUY-676,LC-4276,DOMESTIC,CH04,119.69,
FAB-W0283,BUY-677,LC-4277,EXPORT,CH01,236.45,205.41
FAB-W0284,BUY-678,LC-4278,DOMESTIC,CH02,257.23,262.93
FAB-W0285,BUY-679,LC-4279,EXPORT,CH03,178.87,290.79
FAB-W0286,BUY-680,LC-4280,DOMESTIC,CH04,105.97,236.82
FAB-W0287,BUY-681,LC-4281,EXPORT,CH01,106.48,138.01
FAB-W0288,BUY-682,LC-4282,DOMESTIC,CH02,145.47,203.97
FAB-W0289,BUY-683,LC-4283,EXPORT,CH03,167.28,273.56
FAB-W0290,BUY-684,LC-4284,DOMESTIC,CH04,104.54,278.74
FAB-W0291,BUY-685,LC-4285,EXPORT,CH01,105.68,111.57
FAB-W0292,BUY-686,LC-4286,DOMESTIC,CH02,206.54,243.59
FAB-W0293,BUY-687,LC-4287,EXPORT,CH03,233.04,
FAB-W0294,BUY-688,LC-4288,DOMESTIC,CH04,188.66,202.28
FAB-W0295,BUY-689,LC-4289,EXPORT,CH01,193.33,221.87
FAB-W0296,BUY-690,LC-4290,DOMESTIC,CH02,246.21,145.15
FAB-W0297,BUY-691,LC-4291,EXPORT,CH03,201.76,164.44
FAB-W0298,BUY-692,LC-4292,DOMESTIC,CH04,145.37,155.12
FAB-W0299,BUY-693,LC-4293,EXPORT,CH01,156.46,285.69
FAB-W0300,BUY-694,LC-4294,DOMESTIC,CH02,195.38,176.85
FAB-W0301,BUY-695,LC-4295,EXPORT,CH03,230.61,278.31
FAB-W0302,BUY-696,LC-4296,DOMESTIC,CH04,212.82,109.45
FAB-W0303,BUY-697,LC-4297,EXPORT,CH01,122.38,188.74
FAB-W0304,BUY-698,LC-4298,DOMESTIC,CH02,156.46,
FAB-W0305,BUY-699,LC-4299,EXPORT,CH03,169.14,274.02
FAB-W0306,BUY-700,LC-4300,DOMESTIC,CH04,255.48,168.81
FAB-W0307,BUY-701,LC-4301,EXPORT,CH01,248.48,262.74
FAB-W0308,BUY-702,LC-4302,DOMESTIC,CH02,178.08,166.24
FAB-W0309,BUY-703,LC-4303,EXPORT,CH03,208.12,265.77
FAB-W0310,BUY-704,LC-4304,DOMESTIC,CH04,210.68,288.1
FAB-W0311,BUY-705,LC-4305,EXPORT,CH01,224.1,199.0
FAB-W0312,BUY-706,LC-4306,DOMESTIC,CH02,238.89,145.27
FAB-W0313,BUY-707,LC-4307,EXPORT,CH03,221.06,205.29
FAB-W0314,BUY-708,LC-4308,DOMESTIC,CH04,159.78,158.13
FAB-W0315,BUY-709,LC-4309,EXPORT,CH01,232.43,
FAB-W0316,BUY-710,LC-4310,DOMESTIC,CH02,141.49,152.85
FAB-W0317,BUY-711,LC-4311,EXPORT,CH03,221.76,171.07
FAB-W0318,BUY-712,LC-4312,DOMESTIC,CH04,151.95,170.11
FAB-W0319,BUY-713,LC-4313,EXPORT,CH01,127.77,112.32
FAB-W0320,BUY-714,LC-4314,DOMESTIC,CH02,97.47,127.18
FAB-W0321,BUY-715,LC-4315,EXPORT,CH03,159.74,185.58
FAB-W0322,BUY-716,LC-4316,DOMESTIC,CH04,184.98,240.96
FAB-W0323,BUY-717,LC-4317,EXPORT,CH01,142.67,287.55
FAB-W0324,BUY-718,LC-4318,DOMESTIC,CH02,170.65,188.9
FAB-W0325,BUY-719,LC-4319,EXPORT,CH03,102.04,204.68
FAB-W0326,BUY-720,LC-4320,DOMESTIC,CH04,253.63,
FAB-W0327,BUY-721,LC-4321,EXPORT,CH01,119.91,174.58
FAB-W0328,BUY-722,LC-4322,DOMESTIC,CH02,112.34,119.54
FAB-W0329,BUY-723,LC-4323,EXPORT,CH03,158.93,140.55
FAB-W0330,BUY-724,LC-4324,DOMESTIC,CH04,193.53,199.12
FAB-W0331,BUY-725,LC-4325,EXPORT,CH01,132.52,190.29
FAB-W0332,BUY-726,LC-4326,DOMESTIC,CH02,91.65,233.38
FAB-W0333,BUY-727,LC-4327,EXPORT,CH03,212.5,166.75
FAB-W0334,BUY-728,LC-4328,DOMESTIC,CH04,199.93,263.79
FAB-W0335,BUY-729,LC-4329,EXPORT,CH01,160.9,272.38
FAB-W0336,BUY-730,LC-4330,DOMESTIC,CH02,138.03,215.53
FAB-W0337,BUY-731,LC-4331,EXPORT,CH03,119.19,
FAB-W0338,BUY-732,LC-4332,DOMESTIC,CH04,226.38,172.14
FAB-W0339,BUY-733,LC-4333,EXPORT,CH01,146.27,255.37
FAB-W0340,BUY-734,LC-4334,DOMESTIC,CH02,238.23,137.86
FAB-W0341,BUY-735,LC-4335,EXPORT,CH03,228.1,272.61
FAB-W0342,BUY-736,LC-4336,DOMESTIC,CH04,115.33,105.84
FAB-W0343,BUY-737,LC-4337,EXPORT,CH01,235.13,137.66
FAB-W0344,BUY-738,LC-4338,DOMESTIC,CH02,255.94,246.92
FAB-W0345,BUY-739,LC-4339,EXPORT,CH03,243.74,244.2
FAB-W0346,BUY-740,LC-4340,DOMESTIC,CH04,113.18,276.25
FAB-W0347,BUY-741,LC-4341,EXPORT,CH01,216.77,156.42
FAB-W0348,BUY-742,LC-4342,DOMESTIC,CH02,194.6,
FAB-W0349,BUY-743,LC-4343,EXPORT,CH03,107.88,249.4
FAB-W0350,BUY-744,LC-4344,DOMESTIC,CH04,143.2,107.25
FAB-W0351,BUY-745,LC-4345,EXPORT,CH01,98.11,267.68
FAB-W0352,BUY-746,LC-4346,DOMESTIC,CH02,204.21,214.32
FAB-W0353,BUY-747,LC-4347,EXPORT,CH03,109.74,232.58
FAB-W0354,BUY-748,LC-4348,DOMESTIC,CH04,204.37,217.87
FAB-W0355,BUY-749,LC-4349,EXPORT,CH01,100.49,213.69
FAB-W0356,BUY-750,LC-4350,DOMESTIC,CH02,96.88,188.37
FAB-W0357,BUY-751,LC-4351,EXPORT,CH03,172.08,245.42
FAB-W0358,BUY-752,LC-4352,DOMESTIC,CH04,196.06,281.48
FAB-W0359,BUY-753,LC-4353,EXPORT,CH01,186.44,
FAB-W0360,BUY-754,LC-4354,DOMESTIC,CH02,247.57,140.52
FAB-W0361,BUY-755,LC-4355,EXPORT,CH03,140.28,174.02
FAB-W0362,BUY-756,LC-4356,DOMESTIC,CH04,106.47,101.22
FAB-W0363,BUY-757,LC-4357,EXPORT,CH01,211.67,277.3
FAB-W0364,BUY-758,LC-4358,DOMESTIC,CH02,232.43,190.29
FAB-W0365,BUY-759,LC-4359,EXPORT,CH03,206.11,135.43
FAB-W0366,BUY-760,LC-4360,DOMESTIC,CH04,140.34,112.78
FAB-W0367,BUY-761,LC-4361,EXPORT,CH01,217.97,215.55
FAB-W0368,BUY-762,LC-4362,DOMESTIC,CH02,193.53,258.94
FAB-W0369,BUY-763,LC-4363,EXPORT,CH03,212.66,228.72
FAB-W0370,BUY-764,LC-4364,DOMESTIC,CH04,220.47,
FAB-W0371,BUY-765,LC-4365,EXPORT,CH01,168.76,128.61
FAB-W0372,BUY-766,LC-4366,DOMESTIC,CH02,252.48,154.59
FAB-W0373,BUY-767,LC-4367,EXPORT,CH03,245.56,188.19
FAB-W0374,BUY-768,LC-4368,DOMESTIC,CH04,125.53,100.4
FAB-W0375,BUY-769,LC-4369,EXPORT,CH01,241.44,129.38
FAB-W0376,BUY-770,LC-4370,DOMESTIC,CH02,248.92,246.99
FAB-W0377,BUY-771,LC-4371,EXPORT,CH03,172.56,210.92
FAB-W0378,BUY-772,LC-4372,DOMESTIC,CH04,102.46,217.18
FAB-W0379,BUY-773,LC-4373,EXPORT,CH01,205.53,127.26
FAB-W0380,BUY-774,LC-4374,DOMESTIC,CH02,192.63,105.59
FAB-W0381,BUY-775,LC-4375,EXPORT,CH03,226.63,
FAB-W0382,BUY-776,LC-4376,DOMESTIC,CH04,158.74,202.6
FAB-W0383,BUY-777,LC-4377,EXPORT,CH01,133.0,269.63
FAB-W0384,BUY-778,LC-4378,DOMESTIC,CH02,139.4,206.59
FAB-W0385,BUY-779,LC-4379,EXPORT,CH03,251.43,160.21
FAB-W0386,BUY-780,LC-4380,DOMESTIC,CH04,202.43,286.57
FAB-W0387,BUY-781,LC-4381,EXPORT,CH01,122.43,296.1
FAB-W0388,BUY-782,LC-4382,DOMESTIC,CH02,177.2,245.87
FAB-W0389,BUY-783,LC-4383,EXPORT,CH03,122.79,117.46
FAB-W0390,BUY-784,LC-4384,DOMESTIC,CH04,238.0,173.16
FAB-W0391,BUY-785,LC-4385,EXPORT,CH01,213.82,136.07
FAB-W0392,BUY-786,LC-4386,DOMESTIC,CH02,185.48,
FAB-W0393,BUY-787,LC-4387,EXPORT,CH03,169.86,163.94
FAB-W0394,BUY-788,LC-4388,DOMESTIC,CH04,224.87,283.37
FAB-W0395,BUY-789,LC-4389,EXPORT,CH01,143.09,144.88
FAB-W0396,BUY-790,LC-4390,DOMESTIC,CH02,124.94,281.8
FAB-W0397,BUY-791,LC-4391,EXPORT,CH03,108.77,249.11
FAB-W0398,BUY-792,LC-4392,DOMESTIC,CH04,248.47,115.55
FAB-W0399,BUY-793,LC-4393,EXPORT,CH01,161.39,137.13
FAB-W0400,BUY-794,LC-4394,DOMESTIC,CH02,239.33,295.61
FAB-W0401,BUY-795,LC-4395,EXPORT,CH03,213.23,224.54
FAB-W0402,BUY-796,LC-4396,DOMESTIC,CH04,95.83,158.36
FAB-W0403,BUY-797,LC-4397,EXPORT,CH01,163.2,
FAB-W0404,BUY-798,LC-4398,DOMESTIC,CH02,235.33,294.2
FAB-W0405,BUY-799,LC-4399,EXPORT,CH03,155.65,284.64
FAB-W0406,BUY-800,LC-4400,DOMESTIC,CH04,165.15,159.48
FAB-W0407,BUY-801,LC-4401,EXPORT,CH01,169.93,157.56
FAB-W0408,BUY-802,LC-4402,DOMESTIC,CH02,222.06,285.95
FAB-W0409,BUY-803,LC-4403,EXPORT,CH03,229.8,251.61
FAB-W0410,BUY-804,LC-4404,DOMESTIC,CH04,108.48,195.54
FAB-W0411,BUY-805,LC-4405,EXPORT,CH01,195.63,196.65
FAB-W0412,BUY-806,LC-4406,DOMESTIC,CH02,222.82,197.63
FAB-W0413,BUY-807,LC-4407,EXPORT,CH03,192.84,104.43
FAB-W0414,BUY-808,LC-4408,DOMESTIC,CH04,225.77,
FAB-W0415,BUY-809,LC-4409,EXPORT,CH01,184.68,163.74
FAB-W0416,BUY-810,LC-4410,DOMESTIC,CH02,208.8,131.94
FAB-W0417,BUY-811,LC-4411,EXPORT,CH03,166.78,121.19
FAB-W0418,BUY-812,LC-4412,DOMESTIC,CH04,151.02,281.58
FAB-W0419,BUY-813,LC-4413,EXPORT,CH01,173.88,240.46
FAB-W0420,BUY-814,LC-4414,DOMESTIC,CH02,169.18,246.58
FAB-W0421,BUY-815,LC-4415,EXPORT,CH03,124.76,251.53
FAB-W0422,BUY-816,LC-4416,DOMESTIC,CH04,104.08,299.9
FAB-W0423,BUY-817,LC-4417,EXPORT,CH01,130.61,107.1
FAB-W0424,BUY-818,LC-4418,DOMESTIC,CH02,99.63,274.1
FAB-W0425,BUY-819,LC-4419,EXPORT,CH03,157.62,
FAB-W0426,BUY-820,LC-4420,DOMESTIC,CH04,132.49,132.57
FAB-W0427,BUY-821,LC-4421,EXPORT,CH01,119.03,177.46
FAB-W0428,BUY-822,LC-4422,DOMESTIC,CH02,199.26,296.29
FAB-W0429,BUY-823,LC-4423,EXPORT,CH03,199.17,242.31
FAB-W0430,BUY-824,LC-4424,DOMESTIC,CH04,249.54,261.31
FAB-W0431,BUY-825,LC-4425,EXPORT,CH01,167.59,224.6
FAB-W0432,BUY-826,LC-4426,DOMESTIC,CH02,237.4,259.93
FAB-W0433,BUY-827,LC-4427,EXPORT,CH03,224.18,142.43
FAB-W0434,BUY-828,LC-4428,DOMESTIC,CH04,170.72,298.14
FAB-W0435,BUY-829,LC-4429,EXPORT,CH01,155.88,259.61
FAB-W0436,BUY-830,LC-4430,DOMESTIC,CH02,221.67,
FAB-W0437,BUY-831,LC-4431,EXPORT,CH03,209.7,191.51
FAB-W0438,BUY-832,LC-4432,DOMESTIC,CH04,108.65,187.93
FAB-W0439,BUY-833,LC-4433,EXPORT,CH01,252.53,186.32
FAB-W0440,BUY-834,LC-4434,DOMESTIC,CH02,255.16,187.67
FAB-W0441,BUY-835,LC-4435,EXPORT,CH03,101.43,134.63
FAB-W0442,BUY-836,LC-4436,DOMESTIC,CH04,154.54,118.92
FAB-W0443,BUY-837,LC-4437,EXPORT,CH01,136.04,186.71
FAB-W0444,BUY-838,LC-4438,DOMESTIC,CH02,182.77,181.4
FAB-W0445,BUY-839,LC-4439,EXPORT,CH03,207.22,216.12
FAB-W0446,BUY-840,LC-4440,DOMESTIC,CH04,96.98,189.04
FAB-W0447,BUY-841,LC-4441,EXPORT,CH01,248.42,
FAB-W0448,BUY-842,LC-4442,DOMESTIC,CH02,258.22,282.16
FAB-W0449,BUY-843,LC-4443,EXPORT,CH03,259.76,127.61
FAB-W0450,BUY-844,LC-4444,DOMESTIC,CH04,102.44,245.3
FAB-W0451,BUY-845,LC-4445,EXPORT,CH01,113.9,262.32
FAB-W0452,BUY-846,LC-4446,DOMESTIC,CH02,110.97,224.21
FAB-W0453,BUY-847,LC-4447,EXPORT,CH03,165.51,230.16
FAB-W0454,BUY-848,LC-4448,DOMESTIC,CH04,93.24,268.75
FAB-W0455,BUY-849,LC-4449,EXPORT,CH01,218.28,191.74
FAB-W0456,BUY-850,LC-4450,DOMESTIC,CH02,108.57,185.76
FAB-W0457,BUY-851,LC-4451,EXPORT,CH03,124.57,150.54
FAB-W0458,BUY-852,LC-4452,DOMESTIC,CH04,186.47,
FAB-W0459,BUY-853,LC-4453,EXPORT,CH01,115.46,267.76
FAB-W0460,BUY-854,LC-4454,DOMESTIC,CH02,114.57,197.64
FAB-W0461,BUY-855,LC-4455,EXPORT,CH03,160.41,118.45
FAB-W0462,BUY-856,LC-4456,DOMESTIC,CH04,166.08,268.83
FAB-W0463,BUY-857,LC-4457,EXPORT,CH01,91.59,160.05
FAB-W0464,BUY-858,LC-4458,DOMESTIC,CH02,149.26,296.13
FAB-W0465,BUY-859,LC-4459,EXPORT,CH03,109.2,103.45
FAB-W0466,BUY-860,LC-4460,DOMESTIC,CH04,108.0,247.28
FAB-W0467,BUY-861,LC-4461,EXPORT,CH01,177.1,195.24
FAB-W0468,BUY-862,LC-4462,DOMESTIC,CH02,132.32,102.53
FAB-W0469,BUY-863,LC-4463,EXPORT,CH03,135.99,
FAB-W0470,BUY-864,LC-4464,DOMESTIC,CH04,195.16,270.3
FAB-W0471,BUY-865,LC-4465,EXPORT,CH01,232.14,191.25
FAB-W0472,BUY-866,LC-4466,DOMESTIC,CH02,107.21,240.23
FAB-W0473,BUY-867,LC-4467,EXPORT,CH03,152.39,229.62
FAB-W0474,BUY-868,LC-4468,DOMESTIC,CH04,253.24,249.05
FAB-W0475,BUY-869,LC-4469,EXPORT,CH01,111.34,289.2
FAB-W0476,BUY-870,LC-4470,DOMESTIC,CH02,254.89,198.53
FAB-W0477,BUY-871,LC-4471,EXPORT,CH03,225.67,294.52
FAB-W0478,BUY-872,LC-4472,DOMESTIC,CH04,114.7,171.49
FAB-W0479,BUY-873,LC-4473,EXPORT,CH01,176.02,142.98
FAB-W0480,BUY-874,LC-4474,DOMESTIC,CH02,257.25,
FAB-W0481,BUY-875,LC-4475,EXPORT,CH03,206.42,115.34
FAB-W0482,BUY-876,LC-4476,DOMESTIC,CH04,173.55,244.83
FAB-W0483,BUY-877,LC-4477,EXPORT,CH01,188.29,183.95
FAB-W0484,BUY-878,LC-4478,DOMESTIC,CH02,161.5,263.86
FAB-W0485,BUY-879,LC-4479,EXPORT,CH03,116.99,163.22
FAB-W0486,BUY-880,LC-4480,DOMESTIC,CH04,103.72,245.71
FAB-W0487,BUY-881,LC-4481,EXPORT,CH01,210.2,178.17
FAB-W0488,BUY-882,LC-4482,DOMESTIC,CH02,259.08,217.54
FAB-W0489,BUY-883,LC-4483,EXPORT,CH03,101.26,127.01
FAB-W0490,BUY-884,LC-4484,DOMESTIC,CH04,211.0,195.84
FAB-W0491,BUY-885,LC-4485,EXPORT,CH01,143.59,
FAB-W0492,BUY-886,LC-4486,DOMESTIC,CH02,201.92,170.28
FAB-W0493,BUY-887,LC-4487,EXPORT,CH03,193.17,259.43
FAB-W0494,BUY-888,LC-4488,DOMESTIC,CH04,209.48,295.31
FAB-W0495,BUY-889,LC-4489,EXPORT,CH01,162.74,225.29
FAB-W0496,BUY-890,LC-4490,DOMESTIC,CH02,169.41,287.56
FAB-W0497,BUY-891,LC-4491,EXPORT,CH03,116.66,250.87
FAB-W0498,BUY-892,LC-4492,DOMESTIC,CH04,228.5,299.08
FAB-W0499,BUY-893,LC-4493,EXPORT,CH01,117.54,232.09
FAB-W0500,BUY-894,LC-4494,DOMESTIC,CH02,221.13,188.53
FAB-W0501,BUY-895,LC-4495,EXPORT,CH03,94.71,152.42
FAB-W0502,BUY-896,LC-4496,DOMESTIC,CH04,112.6,
FAB-W0503,BUY-897,LC-4497,EXPORT,CH01,124.36,231.72
FAB-W0504,BUY-898,LC-4498,DOMESTIC,CH02,172.59,222.69
FAB-W0505,BUY-899,LC-4499,EXPORT,CH03,135.51,156.53
FAB-W0506,BUY-900,LC-4500,DOMESTIC,CH04,259.62,191.54
FAB-W0507,BUY-901,LC-4501,EXPORT,CH01,209.01,279.96
FAB-W0508,BUY-902,LC-4502,DOMESTIC,CH02,159.04,253.48
FAB-W0509,BUY-903,LC-4503,EXPORT,CH03,172.49,187.2
FAB-W0510,BUY-904,LC-4504,DOMESTIC,CH04,171.74,242.74
FAB-W0511,BUY-905,LC-4505,EXPORT,CH01,208.51,204.35
FAB-W0512,BUY-906,LC-4506,DOMESTIC,CH02,94.79,163.07
FAB-W0513,BUY-907,LC-4507,EXPORT,CH03,132.66,
FAB-W0514,BUY-908,LC-4508,DOMESTIC,CH04,254.93,145.89
FAB-W0515,BUY-909,LC-4509,EXPORT,CH01,210.41,180.17
FAB-W0516,BUY-910,LC-4510,DOMESTIC,CH02,156.87,255.7
FAB-W0517,BUY-911,LC-4511,EXPORT,CH03,213.11,222.58
FAB-W0518,BUY-912,LC-4512,DOMESTIC,CH04,236.32,128.71
FAB-W0519,BUY-913,LC-4513,EXPORT,CH01,141.63,123.53
FAB-W0520,BUY-914,LC-4514,DOMESTIC,CH02,256.88,170.94
FAB-W0521,BUY-915,LC-4515,EXPORT,CH03,159.81,220.2
FAB-W0522,BUY-916,LC-4516,DOMESTIC,CH04,98.86,231.44
FAB-W0523,BUY-917,LC-4517,EXPORT,CH01,225.28,102.83
FAB-W0524,BUY-918,LC-4518,DOMESTIC,CH02,184.27,
FAB-W0525,BUY-919,LC-4519,EXPORT,CH03,99.95,185.82
FAB-W0526,BUY-920,LC-4520,DOMESTIC,CH04,147.58,218.73
FAB-W0527,BUY-921,LC-4521,EXPORT,CH01,216.65,237.32
FAB-W0528,BUY-922,LC-4522,DOMESTIC,CH02,253.4,228.32
FAB-W0529,BUY-923,LC-4523,EXPORT,CH03,232.43,236.44
FAB-W0530,BUY-924,LC-4524,DOMESTIC,CH04,115.02,134.33
FAB-W0531,BUY-925,LC-4525,EXPORT,CH01,128.55,164.47
FAB-W0532,BUY-926,LC-4526,DOMESTIC,CH02,147.01,247.64
FAB-W0533,BUY-927,LC-4527,EXPORT,CH03,197.38,141.91
FAB-W0534,BUY-928,LC-4528,DOMESTIC,CH04,252.31,244.0
FAB-W0535,BUY-929,LC-4529,EXPORT,CH01,91.71,
FAB-W0536,BUY-930,LC-4530,DOMESTIC,CH02,116.92,212.02
FAB-W0537,BUY-931,LC-4531,EXPORT,CH03,242.64,288.83
FAB-W0538,BUY-932,LC-4532,DOMESTIC,CH04,246.71,156.65
FAB-W0539,BUY-933,LC-4533,EXPORT,CH01,99.45,280.19
FAB-W0540,BUY-934,LC-4534,DOMESTIC,CH02,177.83,290.3
FAB-W0541,BUY-935,LC-4535,EXPORT,CH03,228.38,219.0
FAB-W0542,BUY-936,LC-4536,DOMESTIC,CH04,257.34,243.37
FAB-W0543,BUY-937,LC-4537,EXPORT,CH01,179.31,269.55
FAB-W0544,BUY-938,LC-4538,DOMESTIC,CH02,99.25,128.85
FAB-W0545,BUY-939,LC-4539,EXPORT,CH03,217.82,194.21
FAB-W0546,BUY-940,LC-4540,DOMESTIC,CH04,224.71,
FAB-W0547,BUY-941,LC-4541,EXPORT,CH01,97.32,165.66
FAB-W0548,BUY-942,LC-4542,DOMESTIC,CH02,141.98,248.2
FAB-W0549,BUY-943,LC-4543,EXPORT,CH03,160.14,288.36
FAB-W0550,BUY-944,LC-4544,DOMESTIC,CH04,108.02,204.95
FAB-W0551,BUY-945,LC-4545,EXPORT,CH01,174.18,163.64
FAB-W0552,BUY-946,LC-4546,DOMESTIC,CH02,112.29,245.09
FAB-W0553,BUY-947,LC-4547,EXPORT,CH03,197.63,199.09
FAB-W0554,BUY-948,LC-4548,DOMESTIC,CH04,136.45,119.92
FAB-W0555,BUY-949,LC-4549,EXPORT,CH01,218.49,231.21
FAB-W0556,BUY-950,LC-4550,DOMESTIC,CH02,232.18,173.96
FAB-W0557,BUY-951,LC-4551,EXPORT,CH03,242.22,
FAB-W0558,BUY-952,LC-4552,DOMESTIC,CH04,167.15,198.37
FAB-W0559,BUY-953,LC-4553,EXPORT,CH01,160.51,161.23
FAB-W0560,BUY-954,LC-4554,DOMESTIC,CH02,153.96,149.53
FAB-W0561,BUY-955,LC-4555,EXPORT,CH03,221.92,136.53
FAB-W0562,BUY-956,LC-4556,DOMESTIC,CH04,141.71,259.55
FAB-W0563,BUY-957,LC-4557,EXPORT,CH01,186.92,162.12
FAB-W0564,BUY-958,LC-4558,DOMESTIC,CH02,234.18,243.17
FAB-W0565,BUY-959,LC-4559,EXPORT,CH03,100.5,156.54
FAB-W0566,BUY-960,LC-4560,DOMESTIC,CH04,123.24,173.17
FAB-W0567,BUY-961,LC-4561,EXPORT,CH01,216.55,115.85
FAB-W0568,BUY-962,LC-4562,DOMESTIC,CH02,259.85,
FAB-W0569,BUY-963,LC-4563,EXPORT,CH03,211.1,268.85
FAB-W0570,BUY-964,LC-4564,DOMESTIC,CH04,98.55,228.12
FAB-W0571,BUY-965,LC-4565,EXPORT,CH01,210.43,130.36
FAB-W0572,BUY-966,LC-4566,DOMESTIC,CH02,205.82,294.54
FAB-W0573,BUY-967,LC-4567,EXPORT,CH03,244.52,184.4
FAB-W0574,BUY-968,LC-4568,DOMESTIC,CH04,239.0,223.73
FAB-W0575,BUY-969,LC-4569,EXPORT,CH01,161.39,126.88
FAB-W0576,BUY-970,LC-4570,DOMESTIC,CH02,128.99,155.61
FAB-W0577,BUY-971,LC-4571,EXPORT,CH03,211.98,249.26
FAB-W0578,BUY-972,LC-4572,DOMESTIC,CH04,241.3,257.54
FAB-W0579,BUY-973,LC-4573,EXPORT,CH01,258.36,
FAB-W0580,BUY-974,LC-4574,DOMESTIC,CH02,101.06,160.4
FAB-W0581,BUY-975,LC-4575,EXPORT,CH03,205.15,108.5
FAB-W0582,BUY-976,LC-4576,DOMESTIC,CH04,193.76,289.34
FAB-W0583,BUY-977,LC-4577,EXPORT,CH01,151.3,245.74
FAB-W0584,BUY-978,LC-4578,DOMESTIC,CH02,247.58,176.39
FAB-W0585,BUY-979,LC-4579,EXPORT,CH03,140.8,222.59
FAB-W0586,BUY-980,LC-4580,DOMESTIC,CH04,201.68,293.39
FAB-W0587,BUY-981,LC-4581,EXPORT,CH01,245.66,238.4
FAB-W0588,BUY-982,LC-4582,DOMESTIC,CH02,234.11,144.47
FAB-W0589,BUY-983,LC-4583,EXPORT,CH03,205.6,207.66
FAB-W0590,BUY-984,LC-4584,DOMESTIC,CH04,217.6,
FAB-W0591,BUY-985,LC-4585,EXPORT,CH01,171.41,297.29
FAB-W0592,BUY-986,LC-4586,DOMESTIC,CH02,118.97,134.74
FAB-W0593,BUY-987,LC-4587,EXPORT,CH03,176.41,185.73
FAB-W0594,BUY-988,LC-4588,DOMESTIC,CH04,92.01,150.13
FAB-W0595,BUY-989,LC-4589,EXPORT,CH01,142.41,194.85
FAB-W0596,BUY-990,LC-4590,DOMESTIC,CH02,102.08,177.41
FAB-W0597,BUY-991,LC-4591,EXPORT,CH03,140.42,112.72
FAB-W0598,BUY-992,LC-4592,DOMESTIC,CH04,242.21,110.36
FAB-W0599,BUY-993,LC-4593,EXPORT,CH01,96.25,110.46
FAB-W0600,BUY-994,LC-4594,DOMESTIC,CH02,245.71,128.11
FAB-W0601,BUY-995,LC-4595,EXPORT,CH03,214.47,
FAB-W0602,BUY-996,LC-4596,DOMESTIC,CH04,219.17,242.88
FAB-W0603,BUY-997,LC-4597,EXPORT,CH01,143.96,240.11
FAB-W0604,BUY-998,LC-4598,DOMESTIC,CH02,197.84,120.2
FAB-W0605,BUY-999,LC-4599,EXPORT,CH03,121.29,106.32
FAB-W0606,BUY-1000,LC-4600,DOMESTIC,CH04,127.04,116.77
FAB-W0607,BUY-1001,LC-4601,EXPORT,CH01,104.15,136.54
FAB-W0608,BUY-1002,LC-4602,DOMESTIC,CH02,209.86,130.12
FAB-W0609,BUY-1003,LC-4603,EXPORT,CH03,223.59,216.57
FAB-W0610,BUY-1004,LC-4604,DOMESTIC,CH04,146.95,289.93
FAB-W0611,BUY-1005,LC-4605,EXPORT,CH01,126.45,126.95
FAB-W0612,BUY-1006,LC-4606,DOMESTIC,CH02,256.93,
FAB-W0613,BUY-1007,LC-4607,EXPORT,CH03,110.28,272.64
FAB-W0614,BUY-1008,LC-4608,DOMESTIC,CH04,160.46,239.37
FAB-W0615,BUY-1009,LC-4609,EXPORT,CH01,252.52,109.06
FAB-W0616,BUY-1010,LC-4610,DOMESTIC,CH02,185.48,165.3
FAB-W0617,BUY-1011,LC-4611,EXPORT,CH03,160.11,251.7
FAB-W0618,BUY-1012,LC-4612,DOMESTIC,CH04,219.33,268.52
FAB-W0619,BUY-1013,LC-4613,EXPORT,CH01,217.92,100.71
FAB-W0620,BUY-1014,LC-4614,DOMESTIC,CH02,115.88,209.61
FAB-W0621,BUY-1015,LC-4615,EXPORT,CH03,225.21,113.72
FAB-W0622,BUY-1016,LC-4616,DOMESTIC,CH04,231.77,243.03
FAB-W0623,BUY-1017,LC-4617,EXPORT,CH01,198.18,
FAB-W0624,BUY-1018,LC-4618,DOMESTIC,CH02,94.9,171.75
FAB-W0625,BUY-1019,LC-4619,EXPORT,CH03,116.3,175.17
FAB-W0626,BUY-1020,LC-4620,DOMESTIC,CH04,105.29,270.64
FAB-W0627,BUY-1021,LC-4621,EXPORT,CH01,152.81,258.8
FAB-W0628,BUY-1022,LC-4622,DOMESTIC,CH02,212.47,192.74
FAB-W0629,BUY-1023,LC-4623,EXPORT,CH03,247.61,189.21
FAB-W0630,BUY-1024,LC-4624,DOMESTIC,CH04,240.92,229.12
FAB-W0631,BUY-1025,LC-4625,EXPORT,CH01,100.99,110.36
FAB-W0632,BUY-1026,LC-4626,DOMESTIC,CH02,245.96,127.28
FAB-W0633,BUY-1027,LC-4627,EXPORT,CH03,178.65,194.34
FAB-W0634,BUY-1028,LC-4628,DOMESTIC,CH04,139.34,
FAB-W0635,BUY-1029,LC-4629,EXPORT,CH01,163.4,288.25
FAB-W0636,BUY-1030,LC-4630,DOMESTIC,CH02,93.64,289.75
FAB-W0637,BUY-1031,LC-4631,EXPORT,CH03,195.11,241.57
FAB-W0638,BUY-1032,LC-4632,DOMESTIC,CH04,132.88,224.81
FAB-W0639,BUY-1033,LC-4633,EXPORT,CH01,144.45,176.13
FAB-W0640,BUY-1034,LC-4634,DOMESTIC,CH02,147.02,275.37
FAB-W0641,BUY-1035,LC-4635,EXPORT,CH03,254.83,248.24
FAB-W0642,BUY-1036,LC-4636,DOMESTIC,CH04,252.97,266.26
FAB-W0643,BUY-1037,LC-4637,EXPORT,CH01,214.73,176.9
FAB-W0644,BUY-1038,LC-4638,DOMESTIC,CH02,258.82,273.35
FAB-W0645,BUY-1039,LC-4639,EXPORT,CH03,172.66,
FAB-W0646,BUY-1040,LC-4640,DOMESTIC,CH04,228.56,211.86
FAB-W0647,BUY-1041,LC-4641,EXPORT,CH01,107.93,133.5
FAB-W0648,BUY-1042,LC-4642,DOMESTIC,CH02,103.21,152.43
FAB-W0649,BUY-1043,LC-4643,EXPORT,CH03,180.65,289.13
FAB-W0650,BUY-1044,LC-4644,DOMESTIC,CH04,160.6,200.84
FAB-W0651,BUY-1045,LC-4645,EXPORT,CH01,119.79,163.53
FAB-W0652,BUY-1046,LC-4646,DOMESTIC,CH02,135.55,208.93
FAB-W0653,BUY-1047,LC-4647,EXPORT,CH03,218.41,292.5
FAB-W0654,BUY-1048,LC-4648,DOMESTIC,CH04,209.65,248.66
FAB-W0655,BUY-1049,LC-4649,EXPORT,CH01,220.77,284.82
FAB-W0656,BUY-1050,LC-4650,DOMESTIC,CH02,166.03,
FAB-W0657,BUY-1051,LC-4651,EXPORT,CH03,229.7,286.92
FAB-W0658,BUY-1052,LC-4652,DOMESTIC,CH04,235.62,169.33
FAB-W0659,BUY-1053,LC-4653,EXPORT,CH01,226.98,197.8
FAB-W0660,BUY-1054,LC-4654,DOMESTIC,CH02,229.96,169.27
FAB-W0661,BUY-1055,LC-4655,EXPORT,CH03,113.72,239.94
FAB-W0662,BUY-1056,LC-4656,DOMESTIC,CH04,138.24,291.68
FAB-W0663,BUY-1057,LC-4657,EXPORT,CH01,239.49,259.9
FAB-W0664,BUY-1058,LC-4658,DOMESTIC,CH02,195.69,106.51
FAB-W0665,BUY-1059,LC-4659,EXPORT,CH03,248.38,208.24
FAB-W0666,BUY-1060,LC-4660,DOMESTIC,CH04,210.05,185.22
FAB-W0667,BUY-1061,LC-4661,EXPORT,CH01,211.22,
FAB-W0668,BUY-1062,LC-4662,DOMESTIC,CH02,191.22,182.2
FAB-W0669,BUY-1063,LC-4663,EXPORT,CH03,194.53,149.23
FAB-W0670,BUY-1064,LC-4664,DOMESTIC,CH04,213.08,245.6
FAB-W0671,BUY-1065,LC-4665,EXPORT,CH01,240.33,227.49
FAB-W0672,BUY-1066,LC-4666,DOMESTIC,CH02,105.55,176.42
FAB-W0673,BUY-1067,LC-4667,EXPORT,CH03,145.12,120.45
FAB-W0674,BUY-1068,LC-4668,DOMESTIC,CH04,243.46,101.44
FAB-W0675,BUY-1069,LC-4669,EXPORT,CH01,174.27,225.52
FAB-W0676,BUY-1070,LC-4670,DOMESTIC,CH02,234.63,237.2
FAB-W0677,BUY-1071,LC-4671,EXPORT,CH03,111.09,130.03
FAB-W0678,BUY-1072,LC-4672,DOMESTIC,CH04,91.53,
FAB-W0679,BUY-1073,LC-4673,EXPORT,CH01,161.3,222.98
FAB-W0680,BUY-1074,LC-4674,DOMESTIC,CH02,177.14,177.26
FAB-W0681,BUY-1075,LC-4675,EXPORT,CH03,98.36,243.27
FAB-W0682,BUY-1076,LC-4676,DOMESTIC,CH04,169.35,236.85
FAB-W0683,BUY-1077,LC-4677,EXPORT,CH01,166.03,118.65
FAB-W0684,BUY-1078,LC-4678,DOMESTIC,CH02,151.56,278.53
FAB-W0685,BUY-1079,LC-4679,EXPORT,CH03,155.57,298.93
FAB-W0686,BUY-1080,LC-4680,DOMESTIC,CH04,122.03,236.76
FAB-W0687,BUY-1081,LC-4681,EXPORT,CH01,174.44,161.74
FAB-W0688,BUY-1082,LC-4682,DOMESTIC,CH02,159.45,299.84
FAB-W0689,BUY-1083,LC-4683,EXPORT,CH03,194.83,
FAB-W0690,BUY-1084,LC-4684,DOMESTIC,CH04,215.23,266.95
FAB-W0691,BUY-1085,LC-4685,EXPORT,CH01,167.62,259.06
FAB-W0692,BUY-1086,LC-4686,DOMESTIC,CH02,195.3,239.84
FAB-W0693,BUY-1087,LC-4687,EXPORT,CH03,259.01,246.31
FAB-W0694,BUY-1088,LC-4688,DOMESTIC,CH04,188.52,124.02
FAB-W0695,BUY-1089,LC-4689,EXPORT,CH01,213.49,284.68
FAB-W0696,BUY-1090,LC-4690,DOMESTIC,CH02,94.92,162.57
FAB-W0697,BUY-1091,LC-4691,EXPORT,CH03,195.23,297.84
FAB-W0698,BUY-1092,LC-4692,DOMESTIC,CH04,150.9,103.54
FAB-W0699,BUY-1093,LC-4693,EXPORT,CH01,126.58,125.63
FAB-W0700,BUY-1094,LC-4694,DOMESTIC,CH02,232.77,
FAB-W0701,BUY-1095,LC-4695,EXPORT,CH03,232.7,252.84
FAB-W0702,BUY-1096,LC-4696,DOMESTIC,CH04,112.78,238.88
FAB-W0703,BUY-1097,LC-4697,EXPORT,CH01,214.64,110.95
FAB-W0704,BUY-1098,LC-4698,DOMESTIC,CH02,106.49,270.55
FAB-W0705,BUY-1099,LC-4699,EXPORT,CH03,94.29,193.63
FAB-W0706,BUY-1100,LC-4700,DOMESTIC,CH04,95.69,145.38
FAB-W0707,BUY-1101,LC-4701,EXPORT,CH01,234.2,132.45
FAB-W0708,BUY-1102,LC-4702,DOMESTIC,CH02,159.75,284.96
FAB-W0709,BUY-1103,LC-4703,EXPORT,CH03,161.22,224.86
FAB-W0710,BUY-1104,LC-4704,DOMESTIC,CH04,161.4,230.52
FAB-W0711,BUY-1105,LC-4705,EXPORT,CH01,246.57,
FAB-W0712,BUY-1106,LC-4706,DOMESTIC,CH02,165.78,101.06
FAB-W0713,BUY-1107,LC-4707,EXPORT,CH03,249.7,117.95
FAB-W0714,BUY-1108,LC-4708,DOMESTIC,CH04,176.35,296.72
FAB-W0715,BUY-1109,LC-4709,EXPORT,CH01,195.88,289.56
FAB-W0716,BUY-1110,LC-4710,DOMESTIC,CH02,91.31,231.15
FAB-W0717,BUY-1111,LC-4711,EXPORT,CH03,242.47,222.81
FAB-W0718,BUY-1112,LC-4712,DOMESTIC,CH04,163.76,134.22
FAB-W0719,BUY-1113,LC-4713,EXPORT,CH01,138.24,297.88
FAB-W0720,BUY-1114,LC-4714,DOMESTIC,CH02,147.59,123.09
FAB-W0721,BUY-1115,LC-4715,EXPORT,CH03,233.51,189.6
FAB-W0722,BUY-1116,LC-4716,DOMESTIC,CH04,249.57,
FAB-W0723,BUY-1117,LC-4717,EXPORT,CH01,133.9,297.65
FAB-W0724,BUY-1118,LC-4718,DOMESTIC,CH02,224.81,118.55
FAB-W0725,BUY-1119,LC-4719,EXPORT,CH03,227.2,115.34
FAB-W0726,BUY-1120,LC-4720,DOMESTIC,CH04,98.51,146.65
FAB-W0727,BUY-1121,LC-4721,EXPORT,CH01,196.54,168.55
FAB-W0728,BUY-1122,LC-4722,DOMESTIC,CH02,173.7,225.19
FAB-W0729,BUY-1123,LC-4723,EXPORT,CH03,146.87,206.79
FAB-W0730,BUY-1124,LC-4724,DOMESTIC,CH04,200.92,292.78
FAB-W0731,BUY-1125,LC-4725,EXPORT,CH01,200.11,161.61
FAB-W0732,BUY-1126,LC-4726,DOMESTIC,CH02,190.74,156.17
FAB-W0733,BUY-1127,LC-4727,EXPORT,CH03,196.39,
FAB-W0734,BUY-1128,LC-4728,DOMESTIC,CH04,138.34,174.98
FAB-W0735,BUY-1129,LC-4729,EXPORT,CH01,163.04,180.45
FAB-W0736,BUY-1130,LC-4730,DOMESTIC,CH02,184.95,167.43
FAB-W0737,BUY-1131,LC-4731,EXPORT,CH03,185.86,271.88
FAB-W0738,BUY-1132,LC-4732,DOMESTIC,CH04,207.1,136.82
FAB-W0739,BUY-1133,LC-4733,EXPORT,CH01,157.83,141.0
FAB-W0740,BUY-1134,LC-4734,DOMESTIC,CH02,248.93,230.45
FAB-W0741,BUY-1135,LC-4735,EXPORT,CH03,245.66,146.49
FAB-W0742,BUY-1136,LC-4736,DOMESTIC,CH04,257.05,116.0
FAB-W0743,BUY-1137,LC-4737,EXPORT,CH01,100.85,172.78
FAB-W0744,BUY-1138,LC-4738,DOMESTIC,CH02,150.53,
FAB-W0745,BUY-1139,LC-4739,EXPORT,CH03,135.73,120.27
FAB-W0746,BUY-1140,LC-4740,DOMESTIC,CH04,157.88,287.63
FAB-W0747,BUY-1141,LC-4741,EXPORT,CH01,163.35,268.4
FAB-W0748,BUY-1142,LC-4742,DOMESTIC,CH02,125.95,145.49
FAB-W0749,BUY-1143,LC-4743,EXPORT,CH03,253.25,169.05
FAB-W0750,BUY-1144,LC-4744,DOMESTIC,CH04,100.37,244.85
FAB-W0751,BUY-1145,LC-4745,EXPORT,CH01,186.9,173.95
FAB-W0752,BUY-1146,LC-4746,DOMESTIC,CH02,136.91,128.17
FAB-W0753,BUY-1147,LC-4747,EXPORT,CH03,235.34,211.6
FAB-W0754,BUY-1148,LC-4748,DOMESTIC,CH04,167.54,167.8
FAB-W0755,BUY-1149,LC-4749,EXPORT,CH01,219.62,
FAB-W0756,BUY-1150,LC-4750,DOMESTIC,CH02,257.76,149.29
FAB-W0757,BUY-1151,LC-4751,EXPORT,CH03,196.19,107.38
FAB-W0758,BUY-1152,LC-4752,DOMESTIC,CH04,188.82,226.81
FAB-W0759,BUY-1153,LC-4753,EXPORT,CH01,241.57,131.03
FAB-W0760,BUY-1154,LC-4754,DOMESTIC,CH02,236.43,114.52
FAB-W0761,BUY-1155,LC-4755,EXPORT,CH03,170.61,123.64
FAB-W0762,BUY-1156,LC-4756,DOMESTIC,CH04,149.83,138.4
FAB-W0763,BUY-1157,LC-4757,EXPORT,CH01,249.69,148.43
FAB-W0764,BUY-1158,LC-4758,DOMESTIC,CH02,210.31,258.72
FAB-W0765,BUY-1159,LC-4759,EXPORT,CH03,250.8,257.12
FAB-W0766,BUY-1160,LC-4760,DOMESTIC,CH04,107.71,
FAB-W0767,BUY-1161,LC-4761,EXPORT,CH01,112.47,253.2
FAB-W0768,BUY-1162,LC-4762,DOMESTIC,CH02,224.71,216.05
FAB-W0769,BUY-1163,LC-4763,EXPORT,CH03,196.44,263.86
FAB-W0770,BUY-1164,LC-4764,DOMESTIC,CH04,216.78,277.08
FAB-W0771,BUY-1165,LC-4765,EXPORT,CH01,161.37,215.56
FAB-W0772,BUY-1166,LC-4766,DOMESTIC,CH02,174.2,194.01
FAB-W0773,BUY-1167,LC-4767,EXPORT,CH03,237.12,224.02
FAB-W0774,BUY-1168,LC-4768,DOMESTIC,CH04,151.87,146.52
FAB-W0775,BUY-1169,LC-4769,EXPORT,CH01,94.0,148.12
FAB-W0776,BUY-1170,LC-4770,DOMESTIC,CH02,234.39,207.71
FAB-W0777,BUY-1171,LC-4771,EXPORT,CH03,220.88,
FAB-W0778,BUY-1172,LC-4772,DOMESTIC,CH04,178.46,253.93
FAB-W0779,BUY-1173,LC-4773,EXPORT,CH01,123.06,219.01
FAB-W0780,BUY-1174,LC-4774,DOMESTIC,CH02,107.07,145.05
FAB-W0781,BUY-1175,LC-4775,EXPORT,CH03,204.15,194.47
FAB-W0782,BUY-1176,LC-4776,DOMESTIC,CH04,150.47,251.71
FAB-W0783,BUY-1177,LC-4777,EXPORT,CH01,141.29,149.85
FAB-W0784,BUY-1178,LC-4778,DOMESTIC,CH02,251.23,197.89
FAB-W0785,BUY-1179,LC-4779,EXPORT,CH03,193.27,150.71
FAB-W0786,BUY-1180,LC-4780,DOMESTIC,CH04,116.46,173.43
FAB-W0787,BUY-1181,LC-4781,EXPORT,CH01,125.43,255.13
FAB-W0788,BUY-1182,LC-4782,DOMESTIC,CH02,101.55,
FAB-W0789,BUY-1183,LC-4783,EXPORT,CH03,94.85,139.67
FAB-W0790,BUY-1184,LC-4784,DOMESTIC,CH04,116.24,255.18
FAB-W0791,BUY-1185,LC-4785,EXPORT,CH01,259.77,159.98
FAB-W0792,BUY-1186,LC-4786,DOMESTIC,CH02,112.5,138.37
FAB-W0793,BUY-1187,LC-4787,EXPORT,CH03,246.96,162.33
FAB-W0794,BUY-1188,LC-4788,DOMESTIC,CH04,232.96,111.34
FAB-W0795,BUY-1189,LC-4789,EXPORT,CH01,113.46,242.91
FAB-W0796,BUY-1190,LC-4790,DOMESTIC,CH02,107.45,150.98
FAB-W0797,BUY-1191,LC-4791,EXPORT,CH03,132.7,131.04
FAB-W0798,BUY-1192,LC-4792,DOMESTIC,CH04,152.86,127.86
FAB-W0799,BUY-1193,LC-4793,EXPORT,CH01,113.19,
FAB-W0800,BUY-1194,LC-4794,DOMESTIC,CH02,102.58,224.74
FAB-W0801,BUY-1195,LC-4795,EXPORT,CH03,255.73,101.89
FAB-W0802,BUY-1196,LC-4796,DOMESTIC,CH04,141.45,115.64
FAB-W0803,BUY-1197,LC-4797,EXPORT,CH01,107.94,234.82
FAB-W0804,BUY-1198,LC-4798,DOMESTIC,CH02,155.43,221.64
FAB-W0805,BUY-1199,LC-4799,EXPORT,CH03,203.83,197.38
FAB-W0806,BUY-1200,LC-4800,DOMESTIC,CH04,232.21,296.73
FAB-W0807,BUY-1201,LC-4801,EXPORT,CH01,198.39,277.34
FAB-W0808,BUY-1202,LC-4802,DOMESTIC,CH02,144.93,204.15
FAB-W0809,BUY-1203,LC-4803,EXPORT,CH03,218.81,252.8
FAB-W0810,BUY-1204,LC-4804,DOMESTIC,CH04,215.7,
FAB-W0811,BUY-1205,LC-4805,EXPORT,CH01,244.01,186.81
FAB-W0812,BUY-1206,LC-4806,DOMESTIC,CH02,227.25,271.61
FAB-W0813,BUY-1207,LC-4807,EXPORT,CH03,208.4,279.46
FAB-W0814,BUY-1208,LC-4808,DOMESTIC,CH04,237.6,261.1
FAB-W0815,BUY-1209,LC-4809,EXPORT,CH01,94.66,215.92
FAB-W0816,BUY-1210,LC-4810,DOMESTIC,CH02,189.35,145.03
FAB-W0817,BUY-1211,LC-4811,EXPORT,CH03,161.9,246.83
FAB-W0818,BUY-1212,LC-4812,DOMESTIC,CH04,97.12,194.01
FAB-W0819,BUY-1213,LC-4813,EXPORT,CH01,102.95,173.52
FAB-W0820,BUY-1214,LC-4814,DOMESTIC,CH02,104.76,272.29
FAB-W0821,BUY-1215,LC-4815,EXPORT,CH03,199.87,
FAB-W0822,BUY-1216,LC-4816,DOMESTIC,CH04,240.72,299.3
FAB-W0823,BUY-1217,LC-4817,EXPORT,CH01,253.68,156.61
FAB-W0824,BUY-1218,LC-4818,DOMESTIC,CH02,225.23,112.42
FAB-W0825,BUY-1219,LC-4819,EXPORT,CH03,144.02,237.43
FAB-W0826,BUY-1220,LC-4820,DOMESTIC,CH04,132.48,118.03
FAB-W0827,BUY-1221,LC-4821,EXPORT,CH01,252.46,132.36
FAB-W0828,BUY-1222,LC-4822,DOMESTIC,CH02,117.77,265.23
FAB-W0829,BUY-1223,LC-4823,EXPORT,CH03,140.85,293.67
FAB-W0830,BUY-1224,LC-4824,DOMESTIC,CH04,127.68,188.45
FAB-W0831,BUY-1225,LC-4825,EXPORT,CH01,140.5,161.63
FAB-W0832,BUY-1226,LC-4826,DOMESTIC,CH02,206.61,
FAB-W0833,BUY-1227,LC-4827,EXPORT,CH03,204.16,274.69
FAB-W0834,BUY-1228,LC-4828,DOMESTIC,CH04,239.45,144.35
FAB-W0835,BUY-1229,LC-4829,EXPORT,CH01,188.26,141.76
FAB-W0836,BUY-1230,LC-4830,DOMESTIC,CH02,171.83,230.75
FAB-W0837,BUY-1231,LC-4831,EXPORT,CH03,252.91,216.93
FAB-W0838,BUY-1232,LC-4832,DOMESTIC,CH04,121.16,279.74
FAB-W0839,BUY-1233,LC-4833,EXPORT,CH01,115.71,163.83
FAB-W0840,BUY-1234,LC-4834,DOMESTIC,CH02,213.77,195.07
FAB-W0841,BUY-1235,LC-4835,EXPORT,CH03,140.32,136.13
FAB-W0842,BUY-1236,LC-4836,DOMESTIC,CH04,198.89,251.75
FAB-W0843,BUY-1237,LC-4837,EXPORT,CH01,100.73,
FAB-W0844,BUY-1238,LC-4838,DOMESTIC,CH02,138.94,151.11
FAB-W0845,BUY-1239,LC-4839,EXPORT,CH03,219.17,124.37
FAB-W0846,BUY-1240,LC-4840,DOMESTIC,CH04,151.09,157.31
FAB-W0847,BUY-1241,LC-4841,EXPORT,CH01,204.41,126.87
FAB-W0848,BUY-1242,LC-4842,DOMESTIC,CH02,96.79,168.56
FAB-W0849,BUY-1243,LC-4843,EXPORT,CH03,175.55,172.65
FAB-W0850,BUY-1244,LC-4844,DOMESTIC,CH04,150.35,208.29
FAB-W0851,BUY-1245,LC-4845,EXPORT,CH01,147.49,214.31
FAB-W0852,BUY-1246,LC-4846,DOMESTIC,CH02,106.69,280.35
FAB-W0853,BUY-1247,LC-4847,EXPORT,CH03,198.13,213.24
FAB-W0854,BUY-1248,LC-4848,DOMESTIC,CH04,245.27,
FAB-W0855,BUY-1249,LC-4849,EXPORT,CH01,127.35,153.56
FAB-W0856,BUY-1250,LC-4850,DOMESTIC,CH02,168.07,286.59
FAB-W0857,BUY-1251,LC-4851,EXPORT,CH03,136.5,223.36
FAB-W0858,BUY-1252,LC-4852,DOMESTIC,CH04,149.4,273.18
FAB-W0859,BUY-1253,LC-4853,EXPORT,CH01,184.33,142.32
FAB-W0860,BUY-1254,LC-4854,DOMESTIC,CH02,193.3,254.61
FAB-W0861,BUY-1255,LC-4855,EXPORT,CH03,107.84,250.68
FAB-W0862,BUY-1256,LC-4856,DOMESTIC,CH04,225.46,114.05
FAB-W0863,BUY-1257,LC-4857,EXPORT,CH01,239.02,261.01
FAB-W0864,BUY-1258,LC-4858,DOMESTIC,CH02,229.44,128.98
FAB-W0865,BUY-1259,LC-4859,EXPORT,CH03,232.13,
FAB-W0866,BUY-1260,LC-4860,DOMESTIC,CH04,103.94,137.27
FAB-W0867,BUY-1261,LC-4861,EXPORT,CH01,235.37,253.91
FAB-W0868,BUY-1262,LC-4862,DOMESTIC,CH02,107.2,283.68
FAB-W0869,BUY-1263,LC-4863,EXPORT,CH03,219.39,292.15
FAB-W0870,BUY-1264,LC-4864,DOMESTIC,CH04,241.59,183.92
FAB-W0871,BUY-1265,LC-4865,EXPORT,CH01,150.6,118.3
FAB-W0872,BUY-1266,LC-4866,DOMESTIC,CH02,224.41,191.12
FAB-W0873,BUY-1267,LC-4867,EXPORT,CH03,232.79,119.98
FAB-W0874,BUY-1268,LC-4868,DOMESTIC,CH04,95.12,258.7
FAB-W0875,BUY-1269,LC-4869,EXPORT,CH01,202.58,203.46
FAB-W0876,BUY-1270,LC-4870,DOMESTIC,CH02,228.57,
FAB-W0877,BUY-1271,LC-4871,EXPORT,CH03,127.14,118.84
FAB-W0878,BUY-1272,LC-4872,DOMESTIC,CH04,164.3,286.4
FAB-W0879,BUY-1273,LC-4873,EXPORT,CH01,114.02,200.12
FAB-W0880,BUY-1274,LC-4874,DOMESTIC,CH02,90.29,111.05
FAB-W0881,BUY-1275,LC-4875,EXPORT,CH03,165.58,260.32
FAB-W0882,BUY-1276,LC-4876,DOMESTIC,CH04,218.92,222.14
FAB-W0883,BUY-1277,LC-4877,EXPORT,CH01,183.26,230.69
FAB-W0884,BUY-1278,LC-4878,DOMESTIC,CH02,171.46,279.94
FAB-W0885,BUY-1279,LC-4879,EXPORT,CH03,150.56,204.58
FAB-W0886,BUY-1280,LC-4880,DOMESTIC,CH04,96.31,256.66
FAB-W0887,BUY-1281,LC-4881,EXPORT,CH01,238.32,
FAB-W0888,BUY-1282,LC-4882,DOMESTIC,CH02,227.49,275.83
FAB-W0889,BUY-1283,LC-4883,EXPORT,CH03,99.73,286.48
FAB-W0890,BUY-1284,LC-4884,DOMESTIC,CH04,159.55,166.15
FAB-W0891,BUY-1285,LC-4885,EXPORT,CH01,252.32,115.45
FAB-W0892,BUY-1286,LC-4886,DOMESTIC,CH02,234.21,224.43
FAB-W0893,BUY-1287,LC-4887,EXPORT,CH03,251.78,175.6
FAB-W0894,BUY-1288,LC-4888,DOMESTIC,CH04,114.82,275.18
FAB-W0895,BUY-1289,LC-4889,EXPORT,CH01,221.0,287.09
FAB-W0896,BUY-1290,LC-4890,DOMESTIC,CH02,255.89,176.99
FAB-W0897,BUY-1291,LC-4891,EXPORT,CH03,221.54,214.6
FAB-W0898,BUY-1292,LC-4892,DOMESTIC,CH04,135.48,
FAB-W0899,BUY-1293,LC-4893,EXPORT,CH01,205.59,186.19
FAB-W0900,BUY-1294,LC-4894,DOMESTIC,CH02,151.15,286.38
FAB-W0901,BUY-1295,LC-4895,EXPORT,CH03,185.72,271.54
FAB-W0902,BUY-1296,LC-4896,DOMESTIC,CH04,92.57,160.12
FAB-W0903,BUY-1297,LC-4897,EXPORT,CH01,184.78,172.44
FAB-W0904,BUY-1298,LC-4898,DOMESTIC,CH02,169.48,142.47
FAB-W0905,BUY-1299,LC-4899,EXPORT,CH03,152.6,220.24
FAB-W0906,BUY-1300,LC-4900,DOMESTIC,CH04,159.49,232.24
FAB-W0907,BUY-1301,LC-4901,EXPORT,CH01,195.29,111.39
FAB-W0908,BUY-1302,LC-4902,DOMESTIC,CH02,171.75,195.33
FAB-W0909,BUY-1303,LC-4903,EXPORT,CH03,160.6,
FAB-W0910,BUY-1304,LC-4904,DOMESTIC,CH04,111.87,137.28
FAB-W0911,BUY-1305,LC-4905,EXPORT,CH01,246.76,107.96
FAB-W0912,BUY-1306,LC-4906,DOMESTIC,CH02,194.22,180.96
FAB-W0913,BUY-1307,LC-4907,EXPORT,CH03,114.88,296.85
FAB-W0914,BUY-1308,LC-4908,DOMESTIC,CH04,240.76,168.01
FAB-W0915,BUY-1309,LC-4909,EXPORT,CH01,95.7,102.26
FAB-W0916,BUY-1310,LC-4910,DOMESTIC,CH02,113.0,107.45
FAB-W0917,BUY-1311,LC-4911,EXPORT,CH03,235.06,156.85
FAB-W0918,BUY-1312,LC-4912,DOMESTIC,CH04,170.85,287.36
FAB-W0919,BUY-1313,LC-4913,EXPORT,CH01,178.21,132.17
FAB-W0920,BUY-1314,LC-4914,DOMESTIC,CH02,114.78,
FAB-W0921,BUY-1315,LC-4915,EXPORT,CH03,111.59,162.48
FAB-W0922,BUY-1316,LC-4916,DOMESTIC,CH04,144.54,223.4
FAB-W0923,BUY-1317,LC-4917,EXPORT,CH01,239.96,198.99
FAB-W0924,BUY-1318,LC-4918,DOMESTIC,CH02,239.21,201.01
FAB-W0925,BUY-1319,LC-4919,EXPORT,CH03,175.87,232.31
FAB-W0926,BUY-1320,LC-4920,DOMESTIC,CH04,172.19,154.62
FAB-W0927,BUY-1321,LC-4921,EXPORT,CH01,259.71,146.57
FAB-W0928,BUY-1322,LC-4922,DOMESTIC,CH02,157.31,195.87
FAB-W0929,BUY-1323,LC-4923,EXPORT,CH03,207.95,187.84
FAB-W0930,BUY-1324,LC-4924,DOMESTIC,CH04,244.42,235.16
FAB-W0931,BUY-1325,LC-4925,EXPORT,CH01,238.75,
FAB-W0932,BUY-1326,LC-4926,DOMESTIC,CH02,241.19,263.59
FAB-W0933,BUY-1327,LC-4927,EXPORT,CH03,165.18,263.39
FAB-W0934,BUY-1328,LC-4928,DOMESTIC,CH04,249.32,264.46
FAB-W0935,BUY-1329,LC-4929,EXPORT,CH01,184.43,107.83
FAB-W0936,BUY-1330,LC-4930,DOMESTIC,CH02,159.49,276.18
FAB-W0937,BUY-1331,LC-4931,EXPORT,CH03,210.57,215.01
FAB-W0938,BUY-1332,LC-4932,DOMESTIC,CH04,188.04,150.17
FAB-W0939,BUY-1333,LC-4933,EXPORT,CH01,158.7,173.84
FAB-W0940,BUY-1334,LC-4934,DOMESTIC,CH02,95.61,137.26
FAB-W0941,BUY-1335,LC-4935,EXPORT,CH03,258.53,196.63
FAB-W0942,BUY-1336,LC-4936,DOMESTIC,CH04,114.76,
FAB-W0943,BUY-1337,LC-4937,EXPORT,CH01,119.64,227.97
FAB-W0944,BUY-1338,LC-4938,DOMESTIC,CH02,136.21,279.28
FAB-W0945,BUY-1339,LC-4939,EXPORT,CH03,215.72,287.05
FAB-W0946,BUY-1340,LC-4940,DOMESTIC,CH04,247.2,144.03
FAB-W0947,BUY-1341,LC-4941,EXPORT,CH01,98.28,130.35
FAB-W0948,BUY-1342,LC-4942,DOMESTIC,CH02,113.93,173.72
FAB-W0949,BUY-1343,LC-4943,EXPORT,CH03,129.37,162.49
FAB-W0950,BUY-1344,LC-4944,DOMESTIC,CH04,102.45,207.76
FAB-W0951,BUY-1345,LC-4945,EXPORT,CH01,170.53,198.0
FAB-W0952,BUY-1346,LC-4946,DOMESTIC,CH02,248.51,158.66
FAB-W0953,BUY-1347,LC-4947,EXPORT,CH03,186.91,
FAB-W0954,BUY-1348,LC-4948,DOMESTIC,CH04,186.25,124.28
FAB-W0955,BUY-1349,LC-4949,EXPORT,CH01,181.16,175.81
FAB-W0956,BUY-1350,LC-4950,DOMESTIC,CH02,218.77,101.05
FAB-W0957,BUY-1351,LC-4951,EXPORT,CH03,188.62,205.17
FAB-W0958,BUY-1352,LC-4952,DOMESTIC,CH04,256.44,282.89
FAB-W0959,BUY-1353,LC-4953,EXPORT,CH01,217.22,217.23
FAB-W0960,BUY-1354,LC-4954,DOMESTIC,CH02,122.82,103.94
FAB-W0961,BUY-1355,LC-4955,EXPORT,CH03,191.73,157.03
FAB-W0962,BUY-1356,LC-4956,DOMESTIC,CH04,213.18,253.1
FAB-W0963,BUY-1357,LC-4957,EXPORT,CH01,101.06,266.29
FAB-W0964,BUY-1358,LC-4958,DOMESTIC,CH02,251.65,
FAB-W0965,BUY-1359,LC-4959,EXPORT,CH03,150.34,125.92
FAB-W0966,BUY-1360,LC-4960,DOMESTIC,CH04,147.06,241.91
FAB-W0967,BUY-1361,LC-4961,EXPORT,CH01,192.12,113.26
FAB-W0968,BUY-1362,LC-4962,DOMESTIC,CH02,121.02,292.84
FAB-W0969,BUY-1363,LC-4963,EXPORT,CH03,149.72,127.72
FAB-W0970,BUY-1364,LC-4964,DOMESTIC,CH04,144.56,280.21
FAB-W0971,BUY-1365,LC-4965,EXPORT,CH01,219.06,138.49
FAB-W0972,BUY-1366,LC-4966,DOMESTIC,CH02,182.5,237.79
FAB-W0973,BUY-1367,LC-4967,EXPORT,CH03,169.22,140.08
FAB-W0974,BUY-1368,LC-4968,DOMESTIC,CH04,214.67,273.83
FAB-W0975,BUY-1369,LC-4969,EXPORT,CH01,98.62,
FAB-W0976,BUY-1370,LC-4970,DOMESTIC,CH02,119.66,292.62
FAB-W0977,BUY-1371,LC-4971,EXPORT,CH03,170.57,290.76
FAB-W0978,BUY-1372,LC-4972,DOMESTIC,CH04,253.43,149.98
FAB-W0979,BUY-1373,LC-4973,EXPORT,CH01,240.17,122.73
FAB-W0980,BUY-1374,LC-4974,DOMESTIC,CH02,199.49,274.98
FAB-W0981,BUY-1375,LC-4975,EXPORT,CH03,175.15,141.88
FAB-W0982,BUY-1376,LC-4976,DOMESTIC,CH04,158.71,107.94
FAB-W0983,BUY-1377,LC-4977,EXPORT,CH01,210.1,224.8
FAB-W0984,BUY-1378,LC-4978,DOMESTIC,CH02,176.85,168.97
FAB-W0985,BUY-1379,LC-4979,EXPORT,CH03,214.89,185.83
FAB-W0986,BUY-1380,LC-4980,DOMESTIC,CH04,256.23,
FAB-W0987,BUY-1381,LC-4981,EXPORT,CH01,128.05,225.84
FAB-W0988,BUY-1382,LC-4982,DOMESTIC,CH02,93.84,200.77
FAB-W0989,BUY-1383,LC-4983,EXPORT,CH03,195.29,204.13
FAB-W0990,BUY-1384,LC-4984,DOMESTIC,CH04,131.03,127.49
FAB-W0991,BUY-1385,LC-4985,EXPORT,CH01,183.26,229.77
FAB-W0992,BUY-1386,LC-4986,DOMESTIC,CH02,248.53,187.76
FAB-W0993,BUY-1387,LC-4987,EXPORT,CH03,244.94,101.28
FAB-W0994,BUY-1388,LC-4988,DOMESTIC,CH04,249.22,107.95
FAB-W0995,BUY-1389,LC-4989,EXPORT,CH01,190.37,242.85
FAB-W0996,BUY-1390,LC-4990,DOMESTIC,CH02,169.0,290.16
FAB-W0997,BUY-1391,LC-4991,EXPORT,CH03,180.85,
FAB-W0998,BUY-1392,LC-4992,DOMESTIC,CH04,176.88,102.55
FAB-W0999,BUY-1393,LC-4993,EXPORT,CH01,203.67,234.7
FAB-W1000,BUY-1394,LC-4994,DOMESTIC,CH02,199.08,169.08
FAB-W1001,BUY-1395,LC-4995,EXPORT,CH03,233.85,146.49
FAB-W1002,BUY-1396,LC-4996,DOMESTIC,CH04,189.52,277.17
FAB-W1003,BUY-1397,LC-4997,EXPORT,CH01,136.84,212.99
FAB-W1004,BUY-1398,LC-4998,DOMESTIC,CH02,166.17,140.09
FAB-W1005,BUY-1399,LC-4999,EXPORT,CH03,92.65,150.58
FAB-W1006,BUY-1400,LC-5000,DOMESTIC,CH04,226.04,209.66
FAB-W1007,BUY-1401,LC-5001,EXPORT,CH01,156.14,140.86
FAB-W1008,BUY-1402,LC-5002,DOMESTIC,CH02,255.7,
FAB-W1009,BUY-1403,LC-5003,EXPORT,CH03,140.4,267.57
FAB-W1010,BUY-1404,LC-5004,DOMESTIC,CH04,100.34,294.04
FAB-W1011,BUY-1405,LC-5005,EXPORT,CH01,167.48,238.0
FAB-W1012,BUY-1406,LC-5006,DOMESTIC,CH02,106.81,190.29
FAB-W1013,BUY-1407,LC-5007,EXPORT,CH03,234.45,151.41
FAB-W1014,BUY-1408,LC-5008,DOMESTIC,CH04,110.81,184.91
FAB-W1015,BUY-1409,LC-5009,EXPORT,CH01,234.75,163.98
FAB-W1016,BUY-1410,LC-5010,DOMESTIC,CH02,177.1,222.12
FAB-W1017,BUY-1411,LC-5011,EXPORT,CH03,176.5,144.04
FAB-W1018,BUY-1412,LC-5012,DOMESTIC,CH04,191.91,181.86
FAB-W1019,BUY-1413,LC-5013,EXPORT,CH01,114.65,
FAB-W1020,BUY-1414,LC-5014,DOMESTIC,CH02,95.84,224.98
FAB-W1021,BUY-1415,LC-5015,EXPORT,CH03,138.4,228.19
FAB-W1022,BUY-1416,LC-5016,DOMESTIC,CH04,178.7,252.28
FAB-W1023,BUY-1417,LC-5017,EXPORT,CH01,151.73,269.35
FAB-W1024,BUY-1418,LC-5018,DOMESTIC,CH02,130.38,280.55
FAB-W1025,BUY-1419,LC-5019,EXPORT,CH03,180.42,279.83
FAB-W1026,BUY-1420,LC-5020,DOMESTIC,CH04,130.23,180.27
FAB-W1027,BUY-1421,LC-5021,EXPORT,CH01,120.53,109.38
FAB-W1028,BUY-1422,LC-5022,DOMESTIC,CH02,129.89,128.1
FAB-W1029,BUY-1423,LC-5023,EXPORT,CH03,229.42,161.36
FAB-W1030,BUY-1424,LC-5024,DOMESTIC,CH04,173.53,
FAB-W1031,BUY-1425,LC-5025,EXPORT,CH01,100.04,232.4
FAB-W1032,BUY-1426,LC-5026,DOMESTIC,CH02,202.71,123.82
FAB-W1033,BUY-1427,LC-5027,EXPORT,CH03,193.95,171.55
FAB-W1034,BUY-1428,LC-5028,DOMESTIC,CH04,104.68,110.48
FAB-W1035,BUY-1429,LC-5029,EXPORT,CH01,140.57,173.43
FAB-W1036,BUY-1430,LC-5030,DOMESTIC,CH02,249.48,106.91
FAB-W1037,BUY-1431,LC-5031,EXPORT,CH03,91.37,170.14
FAB-W1038,BUY-1432,LC-5032,DOMESTIC,CH04,237.56,228.02
FAB-W1039,BUY-1433,LC-5033,EXPORT,CH01,252.58,281.74
FAB-W1040,BUY-1434,LC-5034,DOMESTIC,CH02,199.92,274.55
FAB-W1041,BUY-1435,LC-5035,EXPORT,CH03,235.1,
FAB-W1042,BUY-1436,LC-5036,DOMESTIC,CH04,123.39,236.4
FAB-W1043,BUY-1437,LC-5037,EXPORT,CH01,230.48,131.05
FAB-W1044,BUY-1438,LC-5038,DOMESTIC,CH02,131.16,245.24
FAB-W1045,BUY-1439,LC-5039,EXPORT,CH03,249.81,141.16
FAB-W1046,BUY-1440,LC-5040,DOMESTIC,CH04,174.44,271.16
FAB-W1047,BUY-1441,LC-5041,EXPORT,CH01,129.79,199.4
FAB-W1048,BUY-1442,LC-5042,DOMESTIC,CH02,232.9,181.89
FAB-W1049,BUY-1443,LC-5043,EXPORT,CH03,134.22,245.48
FAB-W1050,BUY-1444,LC-5044,DOMESTIC,CH04,136.82,246.05
FAB-W1051,BUY-1445,LC-5045,EXPORT,CH01,107.17,226.15
FAB-W1052,BUY-1446,LC-5046,DOMESTIC,CH02,149.99,
FAB-W1053,BUY-1447,LC-5047,EXPORT,CH03,226.93,222.0
FAB-W1054,BUY-1448,LC-5048,DOMESTIC,CH04,181.02,232.09
FAB-W1055,BUY-1449,LC-5049,EXPORT,CH01,233.58,133.18
FAB-W1056,BUY-1450,LC-5050,DOMESTIC,CH02,122.28,265.25
FAB-W1057,BUY-1451,LC-5051,EXPORT,CH03,206.41,295.85
FAB-W1058,BUY-1452,LC-5052,DOMESTIC,CH04,230.42,110.3
FAB-W1059,BUY-1453,LC-5053,EXPORT,CH01,211.21,220.12
FAB-W1060,BUY-1454,LC-5054,DOMESTIC,CH02,205.42,234.79
FAB-W1061,BUY-1455,LC-5055,EXPORT,CH03,158.46,278.65
FAB-W1062,BUY-1456,LC-5056,DOMESTIC,CH04,103.57,117.48
FAB-W1063,BUY-1457,LC-5057,EXPORT,CH01,243.86,
FAB-W1064,BUY-1458,LC-5058,DOMESTIC,CH02,236.0,245.38
FAB-W1065,BUY-1459,LC-5059,EXPORT,CH03,149.45,298.65
FAB-W1066,BUY-1460,LC-5060,DOMESTIC,CH04,258.86,261.22
FAB-W1067,BUY-1461,LC-5061,EXPORT,CH01,227.4,111.06
FAB-W1068,BUY-1462,LC-5062,DOMESTIC,CH02,168.03,182.55
FAB-W1069,BUY-1463,LC-5063,EXPORT,CH03,169.35,197.76
FAB-W1070,BUY-1464,LC-5064,DOMESTIC,CH04,250.27,133.74
FAB-W1071,BUY-1465,LC-5065,EXPORT,CH01,207.46,202.56
FAB-W1072,BUY-1466,LC-5066,DOMESTIC,CH02,132.48,126.41
FAB-W1073,BUY-1467,LC-5067,EXPORT,CH03,136.86,174.61
FAB-W1074,BUY-1468,LC-5068,DOMESTIC,CH04,113.38,
FAB-W1075,BUY-1469,LC-5069,EXPORT,CH01,114.81,246.66
FAB-W1076,BUY-1470,LC-5070,DOMESTIC,CH02,203.78,117.06
FAB-W1077,BUY-1471,LC-5071,EXPORT,CH03,171.17,199.87
FAB-W1078,BUY-1472,LC-5072,DOMESTIC,CH04,108.67,177.66
FAB-W1079,BUY-1473,LC-5073,EXPORT,CH01,225.91,245.76
FAB-W1080,BUY-1474,LC-5074,DOMESTIC,CH02,252.06,195.02
FAB-W1081,BUY-1475,LC-5075,EXPORT,CH03,151.72,186.36
FAB-W1082,BUY-1476,LC-5076,DOMESTIC,CH04,164.46,104.31
FAB-W1083,BUY-1477,LC-5077,EXPORT,CH01,162.1,113.51
FAB-W1084,BUY-1478,LC-5078,DOMESTIC,CH02,133.26,124.14
FAB-W1085,BUY-1479,LC-5079,EXPORT,CH03,127.16,
FAB-W1086,BUY-1480,LC-5080,DOMESTIC,CH04,143.22,235.67
FAB-W1087,BUY-1481,LC-5081,EXPORT,CH01,100.91,137.45
FAB-W1088,BUY-1482,LC-5082,DOMESTIC,CH02,244.17,175.45
FAB-W1089,BUY-1483,LC-5083,EXPORT,CH03,110.45,270.45
FAB-W1090,BUY-1484,LC-5084,DOMESTIC,CH04,238.85,296.22
FAB-W1091,BUY-1485,LC-5085,EXPORT,CH01,217.09,177.95
FAB-W1092,BUY-1486,LC-5086,DOMESTIC,CH02,138.13,167.48
FAB-W1093,BUY-1487,LC-5087,EXPORT,CH03,175.57,101.31
FAB-W1094,BUY-1488,LC-5088,DOMESTIC,CH04,206.09,150.94
FAB-W1095,BUY-1489,LC-5089,EXPORT,CH01,100.93,125.42
FAB-W1096,BUY-1490,LC-5090,DOMESTIC,CH02,135.98,
FAB-W1097,BUY-1491,LC-5091,EXPORT,CH03,151.09,175.06
FAB-W1098,BUY-1492,LC-5092,DOMESTIC,CH04,257.83,161.45
FAB-W1099,BUY-1493,LC-5093,EXPORT,CH01,159.28,149.49
FAB-W1100,BUY-1494,LC-5094,DOMESTIC,CH02,169.0,224.92
FAB-W1101,BUY-1495,LC-5095,EXPORT,CH03,127.03,202.32
FAB-W1102,BUY-1496,LC-5096,DOMESTIC,CH04,170.06,261.98
FAB-W1103,BUY-1497,LC-5097,EXPORT,CH01,229.74,260.79
FAB-W1104,BUY-1498,LC-5098,DOMESTIC,CH02,121.12,144.6
FAB-W1105,BUY-1499,LC-5099,EXPORT,CH03,217.99,267.95
FAB-W1106,BUY-1500,LC-5100,DOMESTIC,CH04,211.01,294.96
FAB-W1107,BUY-1501,LC-5101,EXPORT,CH01,164.71,
FAB-W1108,BUY-1502,LC-5102,DOMESTIC,CH02,94.17,210.25
FAB-W1109,BUY-1503,LC-5103,EXPORT,CH03,229.36,140.74
FAB-W1110,BUY-1504,LC-5104,DOMESTIC,CH04,140.69,129.31
FAB-W1111,BUY-1505,LC-5105,EXPORT,CH01,207.85,113.27
FAB-W1112,BUY-1506,LC-5106,DOMESTIC,CH02,100.2,138.43
FAB-W1113,BUY-1507,LC-5107,EXPORT,CH03,210.35,200.12
FAB-W1114,BUY-1508,LC-5108,DOMESTIC,CH04,235.15,235.67
FAB-W1115,BUY-1509,LC-5109,EXPORT,CH01,110.53,174.83
FAB-W1116,BUY-1510,LC-5110,DOMESTIC,CH02,219.2,170.02
FAB-W1117,BUY-1511,LC-5111,EXPORT,CH03,112.9,211.84
FAB-W1118,BUY-1512,LC-5112,DOMESTIC,CH04,195.21,
FAB-W1119,BUY-1513,LC-5113,EXPORT,CH01,236.37,275.02
FAB-W1120,BUY-1514,LC-5114,DOMESTIC,CH02,175.87,124.64
FAB-W1121,BUY-1515,LC-5115,EXPORT,CH03,92.23,120.43
FAB-W1122,BUY-1516,LC-5116,DOMESTIC,CH04,105.59,211.15
FAB-W1123,BUY-1517,LC-5117,EXPORT,CH01,252.75,161.74
FAB-W1124,BUY-1518,LC-5118,DOMESTIC,CH02,250.3,265.88
FAB-W1125,BUY-1519,LC-5119,EXPORT,CH03,107.61,299.74
FAB-W1126,BUY-1520,LC-5120,DOMESTIC,CH04,240.81,113.1
FAB-W1127,BUY-1521,LC-5121,EXPORT,CH01,112.19,124.52
FAB-W1128,BUY-1522,LC-5122,DOMESTIC,CH02,190.34,239.7
FAB-W1129,BUY-1523,LC-5123,EXPORT,CH03,90.77,
FAB-W1130,BUY-1524,LC-5124,DOMESTIC,CH04,207.26,109.71
FAB-W1131,BUY-1525,LC-5125,EXPORT,CH01,223.86,245.1
FAB-W1132,BUY-1526,LC-5126,DOMESTIC,CH02,222.18,177.98
FAB-W1133,BUY-1527,LC-5127,EXPORT,CH03,135.47,183.68
FAB-W1134,BUY-1528,LC-5128,DOMESTIC,CH04,209.75,193.93
FAB-W1135,BUY-1529,LC-5129,EXPORT,CH01,176.91,138.75
FAB-W1136,BUY-1530,LC-5130,DOMESTIC,CH02,187.13,138.88
FAB-W1137,BUY-1531,LC-5131,EXPORT,CH03,164.08,146.57
FAB-W1138,BUY-1532,LC-5132,DOMESTIC,CH04,190.98,143.03
FAB-W1139,BUY-1533,LC-5133,EXPORT,CH01,232.65,208.76
FAB-W1140,BUY-1534,LC-5134,DOMESTIC,CH02,152.29,
FAB-W1141,BUY-1535,LC-5135,EXPORT,CH03,165.09,215.24
FAB-W1142,BUY-1536,LC-5136,DOMESTIC,CH04,182.11,187.97
FAB-W1143,BUY-1537,LC-5137,EXPORT,CH01,257.71,197.52
FAB-W1144,BUY-1538,LC-5138,DOMESTIC,CH02,173.48,121.44
FAB-W1145,BUY-1539,LC-5139,EXPORT,CH03,146.84,158.36
FAB-W1146,BUY-1540,LC-5140,DOMESTIC,CH04,187.79,175.26
FAB-W1147,BUY-1541,LC-5141,EXPORT,CH01,130.07,130.21
FAB-W1148,BUY-1542,LC-5142,DOMESTIC,CH02,134.5,178.43
FAB-W1149,BUY-1543,LC-5143,EXPORT,CH03,155.69,121.37
FAB-W1150,BUY-1544,LC-5144,DOMESTIC,CH04,180.81,226.87
FAB-W1151,BUY-1545,LC-5145,EXPORT,CH01,145.3,
FAB-W1152,BUY-1546,LC-5146,DOMESTIC,CH02,180.6,222.6
FAB-W1153,BUY-1547,LC-5147,EXPORT,CH03,90.33,223.31
FAB-W1154,BUY-1548,LC-5148,DOMESTIC,CH04,209.57,229.06
FAB-W1155,BUY-1549,LC-5149,EXPORT,CH01,117.12,140.44
FAB-W1156,BUY-1550,LC-5150,DOMESTIC,CH02,123.37,219.82
FAB-W1157,BUY-1551,LC-5151,EXPORT,CH03,163.22,103.9
FAB-W1158,BUY-1552,LC-5152,DOMESTIC,CH04,138.08,127.0
FAB-W1159,BUY-1553,LC-5153,EXPORT,CH01,93.39,261.14
FAB-W1160,BUY-1554,LC-5154,DOMESTIC,CH02,149.04,114.06
FAB-W1161,BUY-1555,LC-5155,EXPORT,CH03,220.41,207.93
FAB-W1162,BUY-1556,LC-5156,DOMESTIC,CH04,98.62,
FAB-W1163,BUY-1557,LC-5157,EXPORT,CH01,201.98,264.01
FAB-W1164,BUY-1558,LC-5158,DOMESTIC,CH02,255.82,147.69
FAB-W1165,BUY-1559,LC-5159,EXPORT,CH03,124.97,225.06
FAB-W1166,BUY-1560,LC-5160,DOMESTIC,CH04,138.4,195.45
FAB-W1167,BUY-1561,LC-5161,EXPORT,CH01,148.19,132.48
FAB-W1168,BUY-1562,LC-5162,DOMESTIC,CH02,184.7,289.12
FAB-W1169,BUY-1563,LC-5163,EXPORT,CH03,237.16,223.14
FAB-W1170,BUY-1564,LC-5164,DOMESTIC,CH04,245.76,240.09
FAB-W1171,BUY-1565,LC-5165,EXPORT,CH01,157.75,195.12
FAB-W1172,BUY-1566,LC-5166,DOMESTIC,CH02,230.6,222.91
FAB-W1173,BUY-1567,LC-5167,EXPORT,CH03,122.29,
FAB-W1174,BUY-1568,LC-5168,DOMESTIC,CH04,218.38,213.79
FAB-W1175,BUY-1569,LC-5169,EXPORT,CH01,222.2,267.78
FAB-W1176,BUY-1570,LC-5170,DOMESTIC,CH02,107.38,207.89
FAB-W1177,BUY-1571,LC-5171,EXPORT,CH03,221.88,173.94
FAB-W1178,BUY-1572,LC-5172,DOMESTIC,CH04,237.06,150.08
FAB-W1179,BUY-1573,LC-5173,EXPORT,CH01,167.7,258.59
FAB-W1180,BUY-1574,LC-5174,DOMESTIC,CH02,139.15,116.59
FAB-W1181,BUY-1575,LC-5175,EXPORT,CH03,93.47,286.24
FAB-W1182,BUY-1576,LC-5176,DOMESTIC,CH04,205.87,170.93
FAB-W1183,BUY-1577,LC-5177,EXPORT,CH01,166.16,142.44
FAB-W1184,BUY-1578,LC-5178,DOMESTIC,CH02,157.06,
FAB-W1185,BUY-1579,LC-5179,EXPORT,CH03,254.7,251.4
FAB-W1186,BUY-1580,LC-5180,DOMESTIC,CH04,239.11,275.76
FAB-W1187,BUY-1581,LC-5181,EXPORT,CH01,164.01,192.26
FAB-W1188,BUY-1582,LC-5182,DOMESTIC,CH02,206.41,263.17
FAB-W1189,BUY-1583,LC-5183,EXPORT,CH03,170.54,118.62
FAB-W1190,BUY-1584,LC-5184,DOMESTIC,CH04,146.05,238.59
FAB-W1191,BUY-1585,LC-5185,EXPORT,CH01,138.76,130.38
FAB-W1192,BUY-1586,LC-5186,DOMESTIC,CH02,203.15,289.07
FAB-W1193,BUY-1587,LC-5187,EXPORT,CH03,196.8,107.91
FAB-W1194,BUY-1588,LC-5188,DOMESTIC,CH04,253.22,244.45
FAB-W1195,BUY-1589,LC-5189,EXPORT,CH01,152.52,
FAB-W1196,BUY-1590,LC-5190,DOMESTIC,CH02,170.86,275.46
FAB-W1197,BUY-1591,LC-5191,EXPORT,CH03,227.47,131.33
FAB-W1198,BUY-1592,LC-5192,DOMESTIC,CH04,240.73,276.01
FAB-W1199,BUY-1593,LC-5193,EXPORT,CH01,212.45,238.96
FAB-W1200,BUY-1594,LC-5194,DOMESTIC,CH02,160.55,209.77
FAB-W1201,BUY-1595,LC-5195,EXPORT,CH03,179.21,255.53
FAB-W1202,BUY-1596,LC-5196,DOMESTIC,CH04,98.87,215.25
FAB-W1203,BUY-1597,LC-5197,EXPORT,CH01,136.48,162.69
FAB-W1204,BUY-1598,LC-5198,DOMESTIC,CH02,211.48,289.32
FAB-W1205,BUY-1599,LC-5199,EXPORT,CH03,233.12,135.25
FAB-W1206,BUY-1600,LC-5200,DOMESTIC,CH04,107.4,
FAB-W1207,BUY-1601,LC-5201,EXPORT,CH01,169.72,182.62
FAB-W1208,BUY-1602,LC-5202,DOMESTIC,CH02,208.33,132.74
FAB-W1209,BUY-1603,LC-5203,EXPORT,CH03,223.47,153.77
FAB-W1210,BUY-1604,LC-5204,DOMESTIC,CH04,200.85,150.46
FAB-W1211,BUY-1605,LC-5205,EXPORT,CH01,103.1,113.87
FAB-W1212,BUY-1606,LC-5206,DOMESTIC,CH02,127.52,100.42
FAB-W1213,BUY-1607,LC-5207,EXPORT,CH03,194.66,129.94
FAB-W1214,BUY-1608,LC-5208,DOMESTIC,CH04,173.92,111.28
FAB-W1215,BUY-1609,LC-5209,EXPORT,CH01,165.58,279.05
FAB-W1216,BUY-1610,LC-5210,DOMESTIC,CH02,158.02,110.33
FAB-W1217,BUY-1611,LC-5211,EXPORT,CH03,254.21,
FAB-W1218,BUY-1612,LC-5212,DOMESTIC,CH04,199.75,253.63
FAB-W1219,BUY-1613,LC-5213,EXPORT,CH01,115.73,125.0
FAB-W1220,BUY-1614,LC-5214,DOMESTIC,CH02,252.76,155.71
FAB-W1221,BUY-1615,LC-5215,EXPORT,CH03,248.31,265.08
FAB-W1222,BUY-1616,LC-5216,DOMESTIC,CH04,188.85,252.64
FAB-W1223,BUY-1617,LC-5217,EXPORT,CH01,162.92,151.99
FAB-W1224,BUY-1618,LC-5218,DOMESTIC,CH02,92.3,112.96
FAB-W1225,BUY-1619,LC-5219,EXPORT,CH03,114.67,218.17
FAB-W1226,BUY-1620,LC-5220,DOMESTIC,CH04,242.02,171.32
FAB-W1227,BUY-1621,LC-5221,EXPORT,CH01,163.95,169.46
FAB-W1228,BUY-1622,LC-5222,DOMESTIC,CH02,227.27,
FAB-W1229,BUY-1623,LC-5223,EXPORT,CH03,146.53,226.48
FAB-W1230,BUY-1624,LC-5224,DOMESTIC,CH04,250.76,286.48
FAB-W1231,BUY-1625,LC-5225,EXPORT,CH01,159.32,232.92
FAB-W1232,BUY-1626,LC-5226,DOMESTIC,CH02,110.85,132.54
FAB-W1233,BUY-1627,LC-5227,EXPORT,CH03,234.96,101.55
FAB-W1234,BUY-1628,LC-5228,DOMESTIC,CH04,237.92,183.88
FAB-W1235,BUY-1629,LC-5229,EXPORT,CH01,144.51,163.31
FAB-W1236,BUY-1630,LC-5230,DOMESTIC,CH02,249.17,109.73
FAB-W1237,BUY-1631,LC-5231,EXPORT,CH03,202.9,104.08
FAB-W1238,BUY-1632,LC-5232,DOMESTIC,CH04,225.69,155.63
FAB-W1239,BUY-1633,LC-5233,EXPORT,CH01,196.62,
FAB-W1240,BUY-1634,LC-5234,DOMESTIC,CH02,191.25,206.16
FAB-W1241,BUY-1635,LC-5235,EXPORT,CH03,116.84,232.36
FAB-W1242,BUY-1636,LC-5236,DOMESTIC,CH04,235.86,195.08
FAB-W1243,BUY-1637,LC-5237,EXPORT,CH01,243.68,221.2
FAB-W1244,BUY-1638,LC-5238,DOMESTIC,CH02,126.48,170.4
FAB-W1245,BUY-1639,LC-5239,EXPORT,CH03,201.08,135.22
FAB-W1246,BUY-1640,LC-5240,DOMESTIC,CH04,118.43,211.71
FAB-W1247,BUY-1641,LC-5241,EXPORT,CH01,132.61,280.37
FAB-W1248,BUY-1642,LC-5242,DOMESTIC,CH02,112.01,237.66
FAB-W1249,BUY-1643,LC-5243,EXPORT,CH03,182.61,102.52
FAB-W1250,BUY-1644,LC-5244,DOMESTIC,CH04,216.46,
FAB-W1251,BUY-1645,LC-5245,EXPORT,CH01,100.63,179.31
FAB-W1252,BUY-1646,LC-5246,DOMESTIC,CH02,172.75,288.05
FAB-W1253,BUY-1647,LC-5247,EXPORT,CH03,207.19,290.68
FAB-W1254,BUY-1648,LC-5248,DOMESTIC,CH04,182.74,204.43
FAB-W1255,BUY-1649,LC-5249,EXPORT,CH01,189.94,148.55
FAB-W1256,BUY-1650,LC-5250,DOMESTIC,CH02,125.86,237.05
FAB-W1257,BUY-1651,LC-5251,EXPORT,CH03,233.37,245.64
FAB-W1258,BUY-1652,LC-5252,DOMESTIC,CH04,220.76,138.19
FAB-W1259,BUY-1653,LC-5253,EXPORT,CH01,196.67,288.26
FAB-W1260,BUY-1654,LC-5254,DOMESTIC,CH02,174.86,238.02
FAB-W1261,BUY-1655,LC-5255,EXPORT,CH03,112.72,
FAB-W1262,BUY-1656,LC-5256,DOMESTIC,CH04,184.98,111.08
FAB-W1263,BUY-1657,LC-5257,EXPORT,CH01,127.08,201.45
FAB-W1264,BUY-1658,LC-5258,DOMESTIC,CH02,218.21,273.72
FAB-W1265,BUY-1659,LC-5259,EXPORT,CH03,183.95,205.97
FAB-W1266,BUY-1660,LC-5260,DOMESTIC,CH04,223.12,150.33
FAB-W1267,BUY-1661,LC-5261,EXPORT,CH01,194.26,292.24
FAB-W1268,BUY-1662,LC-5262,DOMESTIC,CH02,105.75,139.7
FAB-W1269,BUY-1663,LC-5263,EXPORT,CH03,109.37,230.37
FAB-W1270,BUY-1664,LC-5264,DOMESTIC,CH04,127.26,146.63
FAB-W1271,BUY-1665,LC-5265,EXPORT,CH01,122.66,120.37
FAB-W1272,BUY-1666,LC-5266,DOMESTIC,CH02,245.81,
FAB-W1273,BUY-1667,LC-5267,EXPORT,CH03,98.82,182.86
FAB-W1274,BUY-1668,LC-5268,DOMESTIC,CH04,113.87,268.26
FAB-W1275,BUY-1669,LC-5269,EXPORT,CH01,141.8,105.17
FAB-W1276,BUY-1670,LC-5270,DOMESTIC,CH02,151.86,271.81
FAB-W1277,BUY-1671,LC-5271,EXPORT,CH03,213.8,252.08
FAB-W1278,BUY-1672,LC-5272,DOMESTIC,CH04,217.4,233.68
FAB-W1279,BUY-1673,LC-5273,EXPORT,CH01,250.45,210.59
FAB-W1280,BUY-1674,LC-5274,DOMESTIC,CH02,194.63,146.9
FAB-W1281,BUY-1675,LC-5275,EXPORT,CH03,254.37,142.01
FAB-W1282,BUY-1676,LC-5276,DOMESTIC,CH04,205.52,197.33
FAB-W1283,BUY-1677,LC-5277,EXPORT,CH01,203.65,
FAB-W1284,BUY-1678,LC-5278,DOMESTIC,CH02,129.06,249.08
FAB-W1285,BUY-1679,LC-5279,EXPORT,CH03,100.03,266.53
FAB-W1286,BUY-1680,LC-5280,DOMESTIC,CH04,183.41,222.51
FAB-W1287,BUY-1681,LC-5281,EXPORT,CH01,231.31,217.17
FAB-W1288,BUY-1682,LC-5282,DOMESTIC,CH02,180.26,238.15
FAB-W1289,BUY-1683,LC-5283,EXPORT,CH03,186.64,200.76
FAB-W1290,BUY-1684,LC-5284,DOMESTIC,CH04,138.13,203.49
FAB-W1291,BUY-1685,LC-5285,EXPORT,CH01,92.05,288.95
FAB-W1292,BUY-1686,LC-5286,DOMESTIC,CH02,146.83,170.0
FAB-W1293,BUY-1687,LC-5287,EXPORT,CH03,159.79,154.84
FAB-W1294,BUY-1688,LC-5288,DOMESTIC,CH04,141.17,
FAB-W1295,BUY-1689,LC-5289,EXPORT,CH01,233.76,275.72
FAB-W1296,BUY-1690,LC-5290,DOMESTIC,CH02,168.64,110.46
FAB-W1297,BUY-1691,LC-5291,EXPORT,CH03,160.56,178.3
FAB-W1298,BUY-1692,LC-5292,DOMESTIC,CH04,168.75,155.58
FAB-W1299,BUY-1693,LC-5293,EXPORT,CH01,179.07,111.98
FAB-W1300,BUY-1694,LC-5294,DOMESTIC,CH02,231.9,206.09
FAB-W1301,BUY-1695,LC-5295,EXPORT,CH03,196.44,293.7
FAB-W1302,BUY-1696,LC-5296,DOMESTIC,CH04,247.57,208.17
FAB-W1303,BUY-1697,LC-5297,EXPORT,CH01,255.16,121.75
FAB-W1304,BUY-1698,LC-5298,DOMESTIC,CH02,113.95,158.3
FAB-W1305,BUY-1699,LC-5299,EXPORT,CH03,197.0,
FAB-W1306,BUY-1700,LC-5300,DOMESTIC,CH04,165.3,142.9
FAB-W1307,BUY-1701,LC-5301,EXPORT,CH01,198.05,191.06
FAB-W1308,BUY-1702,LC-5302,DOMESTIC,CH02,221.26,214.46
FAB-W1309,BUY-1703,LC-5303,EXPORT,CH03,130.72,103.79
FAB-W1310,BUY-1704,LC-5304,DOMESTIC,CH04,133.21,189.68
FAB-W1311,BUY-1705,LC-5305,EXPORT,CH01,96.93,148.75
FAB-W1312,BUY-1706,LC-5306,DOMESTIC,CH02,91.5,298.03
FAB-W1313,BUY-1707,LC-5307,EXPORT,CH03,163.07,102.19
FAB-W1314,BUY-1708,LC-5308,DOMESTIC,CH04,135.96,121.69
FAB-W1315,BUY-1709,LC-5309,EXPORT,CH01,242.36,247.47
FAB-W1316,BUY-1710,LC-5310,DOMESTIC,CH02,191.12,
FAB-W1317,BUY-1711,LC-5311,EXPORT,CH03,169.55,257.18
FAB-W1318,BUY-1712,LC-5312,DOMESTIC,CH04,167.39,279.02
FAB-W1319,BUY-1713,LC-5313,EXPORT,CH01,204.65,143.3
FAB-W1320,BUY-1714,LC-5314,DOMESTIC,CH02,93.48,110.44
FAB-W1321,BUY-1715,LC-5315,EXPORT,CH03,119.46,248.71
FAB-W1322,BUY-1716,LC-5316,DOMESTIC,CH04,256.26,290.26
FAB-W1323,BUY-1717,LC-5317,EXPORT,CH01,118.24,273.07
FAB-W1324,BUY-1718,LC-5318,DOMESTIC,CH02,244.11,173.5
FAB-W1325,BUY-1719,LC-5319,EXPORT,CH03,178.46,114.37
FAB-W1326,BUY-1720,LC-5320,DOMESTIC,CH04,185.86,149.84
FAB-W1327,BUY-1721,LC-5321,EXPORT,CH01,111.82,
FAB-W1328,BUY-1722,LC-5322,DOMESTIC,CH02,102.6,144.09
FAB-W1329,BUY-1723,LC-5323,EXPORT,CH03,208.59,201.63
FAB-W1330,BUY-1724,LC-5324,DOMESTIC,CH04,194.76,282.27
FAB-W1331,BUY-1725,LC-5325,EXPORT,CH01,101.56,180.96
FAB-W1332,BUY-1726,LC-5326,DOMESTIC,CH02,237.08,276.13
FAB-W1333,BUY-1727,LC-5327,EXPORT,CH03,92.46,258.95
FAB-W1334,BUY-1728,LC-5328,DOMESTIC,CH04,103.57,250.72
FAB-W1335,BUY-1729,LC-5329,EXPORT,CH01,144.71,297.26
FAB-W1336,BUY-1730,LC-5330,DOMESTIC,CH02,117.11,150.55
FAB-W1337,BUY-1731,LC-5331,EXPORT,CH03,247.08,211.49
FAB-W1338,BUY-1732,LC-5332,DOMESTIC,CH04,216.14,
FAB-W1339,BUY-1733,LC-5333,EXPORT,CH01,252.47,227.38
FAB-W1340,BUY-1734,LC-5334,DOMESTIC,CH02,149.56,259.07
FAB-W1341,BUY-1735,LC-5335,EXPORT,CH03,213.42,213.31
FAB-W1342,BUY-1736,LC-5336,DOMESTIC,CH04,176.46,232.21
FAB-W1343,BUY-1737,LC-5337,EXPORT,CH01,196.4,294.35
FAB-W1344,BUY-1738,LC-5338,DOMESTIC,CH02,149.38,245.96
FAB-W1345,BUY-1739,LC-5339,EXPORT,CH03,142.55,172.73
FAB-W1346,BUY-1740,LC-5340,DOMESTIC,CH04,139.96,268.34
FAB-W1347,BUY-1741,LC-5341,EXPORT,CH01,186.91,279.47
FAB-W1348,BUY-1742,LC-5342,DOMESTIC,CH02,198.85,261.53
FAB-W1349,BUY-1743,LC-5343,EXPORT,CH03,126.07,
FAB-W1350,BUY-1744,LC-5344,DOMESTIC,CH04,206.82,113.2
FAB-W1351,BUY-1745,LC-5345,EXPORT,CH01,98.53,245.03
FAB-W1352,BUY-1746,LC-5346,DOMESTIC,CH02,189.12,257.97
FAB-W1353,BUY-1747,LC-5347,EXPORT,CH03,129.5,170.82
FAB-W1354,BUY-1748,LC-5348,DOMESTIC,CH04,150.8,273.78
FAB-W1355,BUY-1749,LC-5349,EXPORT,CH01,190.26,105.28
FAB-W1356,BUY-1750,LC-5350,DOMESTIC,CH02,169.79,233.49
FAB-W1357,BUY-1751,LC-5351,EXPORT,CH03,155.99,266.04
FAB-W1358,BUY-1752,LC-5352,DOMESTIC,CH04,235.03,267.82
FAB-W1359,BUY-1753,LC-5353,EXPORT,CH01,233.75,246.43
FAB-W1360,BUY-1754,LC-5354,DOMESTIC,CH02,194.52,
FAB-W1361,BUY-1755,LC-5355,EXPORT,CH03,112.41,245.48
FAB-W1362,BUY-1756,LC-5356,DOMESTIC,CH04,190.86,115.64
FAB-W1363,BUY-1757,LC-5357,EXPORT,CH01,238.1,268.5
FAB-W1364,BUY-1758,LC-5358,DOMESTIC,CH02,201.07,280.21
FAB-W1365,BUY-1759,LC-5359,EXPORT,CH03,171.75,163.47
FAB-W1366,BUY-1760,LC-5360,DOMESTIC,CH04,238.28,190.51
FAB-W1367,BUY-1761,LC-5361,EXPORT,CH01,171.9,271.78
FAB-W1368,BUY-1762,LC-5362,DOMESTIC,CH02,117.42,127.88
FAB-W1369,BUY-1763,LC-5363,EXPORT,CH03,160.31,280.33
FAB-W1370,BUY-1764,LC-5364,DOMESTIC,CH04,250.28,290.21
FAB-W1371,BUY-1765,LC-5365,EXPORT,CH01,108.98,
FAB-W1372,BUY-1766,LC-5366,DOMESTIC,CH02,259.9,122.04
FAB-W1373,BUY-1767,LC-5367,EXPORT,CH03,185.55,138.57
FAB-W1374,BUY-1768,LC-5368,DOMESTIC,CH04,257.3,266.85
FAB-W1375,BUY-1769,LC-5369,EXPORT,CH01,147.67,120.74
FAB-W1376,BUY-1770,LC-5370,DOMESTIC,CH02,173.67,118.95
FAB-W1377,BUY-1771,LC-5371,EXPORT,CH03,222.29,130.68
FAB-W1378,BUY-1772,LC-5372,DOMESTIC,CH04,199.45,164.14
FAB-W1379,BUY-1773,LC-5373,EXPORT,CH01,121.96,190.73
FAB-W1380,BUY-1774,LC-5374,DOMESTIC,CH02,199.36,142.32
FAB-W1381,BUY-1775,LC-5375,EXPORT,CH03,142.81,114.3
FAB-W1382,BUY-1776,LC-5376,DOMESTIC,CH04,109.8,
FAB-W1383,BUY-1777,LC-5377,EXPORT,CH01,209.77,140.02
FAB-W1384,BUY-1778,LC-5378,DOMESTIC,CH02,253.35,255.86
FAB-W1385,BUY-1779,LC-5379,EXPORT,CH03,147.48,223.66
FAB-W1386,BUY-1780,LC-5380,DOMESTIC,CH04,157.14,161.99
FAB-W1387,BUY-1781,LC-5381,EXPORT,CH01,134.51,104.62
FAB-W1388,BUY-1782,LC-5382,DOMESTIC,CH02,145.9,216.86
FAB-W1389,BUY-1783,LC-5383,EXPORT,CH03,172.9,209.72
FAB-W1390,BUY-1784,LC-5384,DOMESTIC,CH04,127.5,276.34
FAB-W1391,BUY-1785,LC-5385,EXPORT,CH01,119.14,197.05
FAB-W1392,BUY-1786,LC-5386,DOMESTIC,CH02,252.86,116.86
FAB-W1393,BUY-1787,LC-5387,EXPORT,CH03,92.21,
FAB-W1394,BUY-1788,LC-5388,DOMESTIC,CH04,169.27,186.97
FAB-W1395,BUY-1789,LC-5389,EXPORT,CH01,147.97,108.08
FAB-W1396,BUY-1790,LC-5390,DOMESTIC,CH02,152.81,265.5
FAB-W1397,BUY-1791,LC-5391,EXPORT,CH03,91.65,230.84
FAB-W1398,BUY-1792,LC-5392,DOMESTIC,CH04,237.28,105.1
FAB-W1399,BUY-1793,LC-5393,EXPORT,CH01,181.35,181.02
FAB-W1400,BUY-1794,LC-5394,DOMESTIC,CH02,148.99,132.54
FAB-W1401,BUY-1795,LC-5395,EXPORT,CH03,116.6,160.65
FAB-W1402,BUY-1796,LC-5396,DOMESTIC,CH04,231.7,228.36
FAB-W1403,BUY-1797,LC-5397,EXPORT,CH01,117.15,277.13
FAB-W1404,BUY-1798,LC-5398,DOMESTIC,CH02,169.04,
FAB-W1405,BUY-1799,LC-5399,EXPORT,CH03,230.24,152.32
FAB-W1406,BUY-1800,LC-5400,DOMESTIC,CH04,178.73,296.25
FAB-W1407,BUY-1801,LC-5401,EXPORT,CH01,140.34,296.34
FAB-W1408,BUY-1802,LC-5402,DOMESTIC,CH02,98.26,115.06
FAB-W1409,BUY-1803,LC-5403,EXPORT,CH03,158.59,127.56
FAB-W1410,BUY-1804,LC-5404,DOMESTIC,CH04,147.16,212.12
FAB-W1411,BUY-1805,LC-5405,EXPORT,CH01,130.3,244.44
FAB-W1412,BUY-1806,LC-5406,DOMESTIC,CH02,233.83,205.58
FAB-W1413,BUY-1807,LC-5407,EXPORT,CH03,242.13,237.86
FAB-W1414,BUY-1808,LC-5408,DOMESTIC,CH04,205.55,277.44
FAB-W1415,BUY-1809,LC-5409,EXPORT,CH01,144.92,
FAB-W1416,BUY-1810,LC-5410,DOMESTIC,CH02,101.03,213.9
FAB-W1417,BUY-1811,LC-5411,EXPORT,CH03,117.21,221.19
FAB-W1418,BUY-1812,LC-5412,DOMESTIC,CH04,137.04,175.0
FAB-W1419,BUY-1813,LC-5413,EXPORT,CH01,127.35,103.92
FAB-W1420,BUY-1814,LC-5414,DOMESTIC,CH02,190.05,247.75
FAB-W1421,BUY-1815,LC-5415,EXPORT,CH03,247.5,105.39
FAB-W1422,BUY-1816,LC-5416,DOMESTIC,CH04,173.19,230.58
FAB-W1423,BUY-1817,LC-5417,EXPORT,CH01,246.14,142.81
FAB-W1424,BUY-1818,LC-5418,DOMESTIC,CH02,151.02,122.81
FAB-W1425,BUY-1819,LC-5419,EXPORT,CH03,209.33,292.81
FAB-W1426,BUY-1820,LC-5420,DOMESTIC,CH04,169.93,
FAB-W1427,BUY-1821,LC-5421,EXPORT,CH01,178.57,184.68
FAB-W1428,BUY-1822,LC-5422,DOMESTIC,CH02,92.19,248.1
FAB-W1429,BUY-1823,LC-5423,EXPORT,CH03,119.24,215.76
FAB-W1430,BUY-1824,LC-5424,DOMESTIC,CH04,174.12,138.39
FAB-W1431,BUY-1825,LC-5425,EXPORT,CH01,184.57,134.86
FAB-W1432,BUY-1826,LC-5426,DOMESTIC,CH02,132.88,103.3
FAB-W1433,BUY-1827,LC-5427,EXPORT,CH03,135.08,180.42
FAB-W1434,BUY-1828,LC-5428,DOMESTIC,CH04,196.18,123.87
FAB-W1435,BUY-1829,LC-5429,EXPORT,CH01,149.87,119.06
FAB-W1436,BUY-1830,LC-5430,DOMESTIC,CH02,171.23,155.55
FAB-W1437,BUY-1831,LC-5431,EXPORT,CH03,233.89,
FAB-W1438,BUY-1832,LC-5432,DOMESTIC,CH04,95.5,228.93
FAB-W1439,BUY-1833,LC-5433,EXPORT,CH01,259.32,276.92
FAB-W1440,BUY-1834,LC-5434,DOMESTIC,CH02,226.86,268.91
FAB-W1441,BUY-1835,LC-5435,EXPORT,CH03,177.57,171.54
FAB-W1442,BUY-1836,LC-5436,DOMESTIC,CH04,122.52,185.68
FAB-W1443,BUY-1837,LC-5437,EXPORT,CH01,213.5,233.89
FAB-W1444,BUY-1838,LC-5438,DOMESTIC,CH02,193.54,183.46
FAB-W1445,BUY-1839,LC-5439,EXPORT,CH03,91.14,135.12
FAB-W1446,BUY-1840,LC-5440,DOMESTIC,CH04,93.21,213.24
FAB-W1447,BUY-1841,LC-5441,EXPORT,CH01,253.49,206.02
FAB-W1448,BUY-1842,LC-5442,DOMESTIC,CH02,249.45,
FAB-W1449,BUY-1843,LC-5443,EXPORT,CH03,209.35,192.12
FAB-W1450,BUY-1844,LC-5444,DOMESTIC,CH04,99.79,161.43
FAB-W1451,BUY-1845,LC-5445,EXPORT,CH01,159.01,292.37
FAB-W1452,BUY-1846,LC-5446,DOMESTIC,CH02,146.48,274.82
FAB-W1453,BUY-1847,LC-5447,EXPORT,CH03,139.1,107.54
FAB-W1454,BUY-1848,LC-5448,DOMESTIC,CH04,181.86,200.13
FAB-W1455,BUY-1849,LC-5449,EXPORT,CH01,240.24,139.43
FAB-W1456,BUY-1850,LC-5450,DOMESTIC,CH02,173.4,113.5
FAB-W1457,BUY-1851,LC-5451,EXPORT,CH03,225.78,140.99
FAB-W1458,BUY-1852,LC-5452,DOMESTIC,CH04,142.2,118.37
FAB-W1459,BUY-1853,LC-5453,EXPORT,CH01,223.95,
FAB-W1460,BUY-1854,LC-5454,DOMESTIC,CH02,178.4,159.69
FAB-W1461,BUY-1855,LC-5455,EXPORT,CH03,112.53,254.03
FAB-W1462,BUY-1856,LC-5456,DOMESTIC,CH04,92.91,242.27
FAB-W1463,BUY-1857,LC-5457,EXPORT,CH01,161.38,111.15
FAB-W1464,BUY-1858,LC-5458,DOMESTIC,CH02,222.86,199.87
FAB-W1465,BUY-1859,LC-5459,EXPORT,CH03,234.88,160.98
FAB-W1466,BUY-1860,LC-5460,DOMESTIC,CH04,113.6,119.94
FAB-W1467,BUY-1861,LC-5461,EXPORT,CH01,219.99,146.13
FAB-W1468,BUY-1862,LC-5462,DOMESTIC,CH02,255.77,278.73
FAB-W1469,BUY-1863,LC-5463,EXPORT,CH03,256.96,276.26
FAB-W1470,BUY-1864,LC-5464,DOMESTIC,CH04,172.65,
FAB-W1471,BUY-1865,LC-5465,EXPORT,CH01,234.49,128.53
FAB-W1472,BUY-1866,LC-5466,DOMESTIC,CH02,149.59,264.53
FAB-W1473,BUY-1867,LC-5467,EXPORT,CH03,176.19,168.59
FAB-W1474,BUY-1868,LC-5468,DOMESTIC,CH04,137.88,161.42
FAB-W1475,BUY-1869,LC-5469,EXPORT,CH01,125.65,134.2
FAB-W1476,BUY-1870,LC-5470,DOMESTIC,CH02,199.59,219.88
FAB-W1477,BUY-1871,LC-5471,EXPORT,CH03,252.86,261.52
FAB-W1478,BUY-1872,LC-5472,DOMESTIC,CH04,150.15,147.57
FAB-W1479,BUY-1873,LC-5473,EXPORT,CH01,233.18,145.83
FAB-W1480,BUY-1874,LC-5474,DOMESTIC,CH02,95.31,282.04
FAB-W1481,BUY-1875,LC-5475,EXPORT,CH03,208.1,
FAB-W1482,BUY-1876,LC-5476,DOMESTIC,CH04,132.92,137.77
FAB-W1483,BUY-1877,LC-5477,EXPORT,CH01,187.72,106.04
FAB-W1484,BUY-1878,LC-5478,DOMESTIC,CH02,242.6,228.0
FAB-W1485,BUY-1879,LC-5479,EXPORT,CH03,136.6,150.26
FAB-W1486,BUY-1880,LC-5480,DOMESTIC,CH04,111.68,197.0
FAB-W1487,BUY-1881,LC-5481,EXPORT,CH01,112.47,254.4
FAB-W1488,BUY-1882,LC-5482,DOMESTIC,CH02,121.58,250.73
FAB-W1489,BUY-1883,LC-5483,EXPORT,CH03,113.24,137.11
FAB-W1490,BUY-1884,LC-5484,DOMESTIC,CH04,221.3,146.99
FAB-W1491,BUY-1885,LC-5485,EXPORT,CH01,216.59,278.53
FAB-W1492,BUY-1886,LC-5486,DOMESTIC,CH02,91.4,
FAB-W1493,BUY-1887,LC-5487,EXPORT,CH03,129.05,226.93
FAB-W1494,BUY-1888,LC-5488,DOMESTIC,CH04,200.59,127.6
FAB-W1495,BUY-1889,LC-5489,EXPORT,CH01,175.26,206.74
FAB-W1496,BUY-1890,LC-5490,DOMESTIC,CH02,213.29,259.08
FAB-W1497,BUY-1891,LC-5491,EXPORT,CH03,205.28,299.09
FAB-W1498,BUY-1892,LC-5492,DOMESTIC,CH04,215.32,106.07
FAB-W1499,BUY-1893,LC-5493,EXPORT,CH01,197.96,127.79
FAB-W1500,BUY-1894,LC-5494,DOMESTIC,CH02,161.99,252.16
FAB-W1501,BUY-1895,LC-5495,EXPORT,CH03,95.18,267.34
FAB-W1502,BUY-1896,LC-5496,DOMESTIC,CH04,138.83,275.78
FAB-W1503,BUY-1897,LC-5497,EXPORT,CH01,227.61,
FAB-W1504,BUY-1898,LC-5498,DOMESTIC,CH02,155.59,216.67
FAB-W1505,BUY-1899,LC-5499,EXPORT,CH03,201.93,199.14
FAB-W1506,BUY-1900,LC-5500,DOMESTIC,CH04,206.79,192.4
FAB-W1507,BUY-1901,LC-5501,EXPORT,CH01,121.98,127.9
FAB-W1508,BUY-1902,LC-5502,DOMESTIC,CH02,183.39,138.34
FAB-W1509,BUY-1903,LC-5503,EXPORT,CH03,198.77,194.11
FAB-W1510,BUY-1904,LC-5504,DOMESTIC,CH04,247.11,246.23
FAB-W1511,BUY-1905,LC-5505,EXPORT,CH01,114.72,188.45
FAB-W1512,BUY-1906,LC-5506,DOMESTIC,CH02,146.89,297.83
FAB-W1513,BUY-1907,LC-5507,EXPORT,CH03,235.28,194.26
FAB-W1514,BUY-1908,LC-5508,DOMESTIC,CH04,235.93,
FAB-W1515,BUY-1909,LC-5509,EXPORT,CH01,177.52,232.96
FAB-W1516,BUY-1910,LC-5510,DOMESTIC,CH02,93.28,244.64
FAB-W1517,BUY-1911,LC-5511,EXPORT,CH03,209.71,144.69
FAB-W1518,BUY-1912,LC-5512,DOMESTIC,CH04,192.34,187.8
FAB-W1519,BUY-1913,LC-5513,EXPORT,CH01,216.03,291.02
FAB-W1520,BUY-1914,LC-5514,DOMESTIC,CH02,121.82,142.39
FAB-W1521,BUY-1915,LC-5515,EXPORT,CH03,244.43,251.68
FAB-W1522,BUY-1916,LC-5516,DOMESTIC,CH04,200.34,187.16
FAB-W1523,BUY-1917,LC-5517,EXPORT,CH01,240.09,216.26
FAB-W1524,BUY-1918,LC-5518,DOMESTIC,CH02,104.05,110.71
FAB-W1525,BUY-1919,LC-5519,EXPORT,CH03,239.49,
FAB-W1526,BUY-1920,LC-5520,DOMESTIC,CH04,107.67,194.91
FAB-W1527,BUY-1921,LC-5521,EXPORT,CH01,144.25,240.36
FAB-W1528,BUY-1922,LC-5522,DOMESTIC,CH02,211.36,254.42
FAB-W1529,BUY-1923,LC-5523,EXPORT,CH03,198.47,199.16
FAB-W1530,BUY-1924,LC-5524,DOMESTIC,CH04,91.66,104.83
FAB-W1531,BUY-1925,LC-5525,EXPORT,CH01,247.98,283.37
FAB-W1532,BUY-1926,LC-5526,DOMESTIC,CH02,119.46,140.1
FAB-W1533,BUY-1927,LC-5527,EXPORT,CH03,233.85,254.62
FAB-W1534,BUY-1928,LC-5528,DOMESTIC,CH04,185.45,157.28
FAB-W1535,BUY-1929,LC-5529,EXPORT,CH01,103.39,178.42
FAB-W1536,BUY-1930,LC-5530,DOMESTIC,CH02,192.67,
FAB-W1537,BUY-1931,LC-5531,EXPORT,CH03,173.43,230.39
FAB-W1538,BUY-1932,LC-5532,DOMESTIC,CH04,131.47,210.37
FAB-W1539,BUY-1933,LC-5533,EXPORT,CH01,129.59,244.21
FAB-W1540,BUY-1934,LC-5534,DOMESTIC,CH02,203.93,290.22
FAB-W1541,BUY-1935,LC-5535,EXPORT,CH03,202.25,293.61
FAB-W1542,BUY-1936,LC-5536,DOMESTIC,CH04,201.5,216.38
FAB-W1543,BUY-1937,LC-5537,EXPORT,CH01,226.91,186.36
FAB-W1544,BUY-1938,LC-5538,DOMESTIC,CH02,145.65,115.08
FAB-W1545,BUY-1939,LC-5539,EXPORT,CH03,179.71,219.45
FAB-W1546,BUY-1940,LC-5540,DOMESTIC,CH04,115.11,230.11
FAB-W1547,BUY-1941,LC-5541,EXPORT,CH01,102.25,
FAB-W1548,BUY-1942,LC-5542,DOMESTIC,CH02,95.11,107.8
FAB-W1549,BUY-1943,LC-5543,EXPORT,CH03,104.16,169.73
FAB-W1550,BUY-1944,LC-5544,DOMESTIC,CH04,149.93,102.26
FAB-W1551,BUY-1945,LC-5545,EXPORT,CH01,218.81,250.72
FAB-W1552,BUY-1946,LC-5546,DOMESTIC,CH02,138.7,197.21
FAB-W1553,BUY-1947,LC-5547,EXPORT,CH03,93.88,144.11
FAB-W1554,BUY-1948,LC-5548,DOMESTIC,CH04,184.4,239.05
FAB-W1555,BUY-1949,LC-5549,EXPORT,CH01,174.5,196.73
FAB-W1556,BUY-1950,LC-5550,DOMESTIC,CH02,135.51,158.18
FAB-W1557,BUY-1951,LC-5551,EXPORT,CH03,240.05,104.46
FAB-W1558,BUY-1952,LC-5552,DOMESTIC,CH04,232.07,
FAB-W1559,BUY-1953,LC-5553,EXPORT,CH01,170.61,136.52
FAB-W1560,BUY-1954,LC-5554,DOMESTIC,CH02,114.23,174.01
FAB-W1561,BUY-1955,LC-5555,EXPORT,CH03,129.9,196.7
FAB-W1562,BUY-1956,LC-5556,DOMESTIC,CH04,157.42,139.76
FAB-W1563,BUY-1957,LC-5557,EXPORT,CH01,207.78,251.93
FAB-W1564,BUY-1958,LC-5558,DOMESTIC,CH02,158.22,285.33
FAB-W1565,BUY-1959,LC-5559,EXPORT,CH03,225.57,110.03
FAB-W1566,BUY-1960,LC-5560,DOMESTIC,CH04,233.87,133.32
FAB-W1567,BUY-1961,LC-5561,EXPORT,CH01,245.53,263.67
FAB-W1568,BUY-1962,LC-5562,DOMESTIC,CH02,192.57,124.43
FAB-W1569,BUY-1963,LC-5563,EXPORT,CH03,180.63,
FAB-W1570,BUY-1964,LC-5564,DOMESTIC,CH04,152.13,200.15
FAB-W1571,BUY-1965,LC-5565,EXPORT,CH01,147.73,290.23
FAB-W1572,BUY-1966,LC-5566,DOMESTIC,CH02,200.62,288.04
FAB-W1573,BUY-1967,LC-5567,EXPORT,CH03,164.02,173.89
FAB-W1574,BUY-1968,LC-5568,DOMESTIC,CH04,192.26,285.62
FAB-W1575,BUY-1969,LC-5569,EXPORT,CH01,126.33,152.77
FAB-W1576,BUY-1970,LC-5570,DOMESTIC,CH02,205.53,198.4
FAB-W1577,BUY-1971,LC-5571,EXPORT,CH03,121.6,150.86
FAB-W1578,BUY-1972,LC-5572,DOMESTIC,CH04,213.86,217.1
FAB-W1579,BUY-1973,LC-5573,EXPORT,CH01,190.31,289.93
FAB-W1580,BUY-1974,LC-5574,DOMESTIC,CH02,124.15,
FAB-W1581,BUY-1975,LC-5575,EXPORT,CH03,133.17,177.23
FAB-W1582,BUY-1976,LC-5576,DOMESTIC,CH04,220.46,255.02
FAB-W1583,BUY-1977,LC-5577,EXPORT,CH01,159.57,275.32
FAB-W1584,BUY-1978,LC-5578,DOMESTIC,CH02,142.21,159.9
FAB-W1585,BUY-1979,LC-5579,EXPORT,CH03,125.75,150.23
FAB-W1586,BUY-1980,LC-5580,DOMESTIC,CH04,244.19,269.39
FAB-W1587,BUY-1981,LC-5581,EXPORT,CH01,259.36,167.46
FAB-W1588,BUY-1982,LC-5582,DOMESTIC,CH02,237.2,282.06
FAB-W1589,BUY-1983,LC-5583,EXPORT,CH03,193.88,102.18
FAB-W1590,BUY-1984,LC-5584,DOMESTIC,CH04,191.25,227.38
FAB-W1591,BUY-1985,LC-5585,EXPORT,CH01,173.36,
FAB-W1592,BUY-1986,LC-5586,DOMESTIC,CH02,238.93,210.25
FAB-W1593,BUY-1987,LC-5587,EXPORT,CH03,258.05,163.39
FAB-W1594,BUY-1988,LC-5588,DOMESTIC,CH04,218.38,180.83
FAB-W1595,BUY-1989,LC-5589,EXPORT,CH01,181.34,104.72
FAB-W1596,BUY-1990,LC-5590,DOMESTIC,CH02,173.54,161.92
FAB-W1597,BUY-1991,LC-5591,EXPORT,CH03,208.44,249.0
FAB-W1598,BUY-1992,LC-5592,DOMESTIC,CH04,168.07,124.87
FAB-W1599,BUY-1993,LC-5593,EXPORT,CH01,168.9,191.6
FAB-W1600,BUY-1994,LC-5594,DOMESTIC,CH02,93.78,299.19
FAB-W1601,BUY-1995,LC-5595,EXPORT,CH03,145.03,107.5
FAB-W1602,BUY-1996,LC-5596,DOMESTIC,CH04,162.66,
FAB-W1603,BUY-1997,LC-5597,EXPORT,CH01,170.97,126.7
FAB-W1604,BUY-1998,LC-5598,DOMESTIC,CH02,103.05,277.26
FAB-W1605,BUY-1999,LC-5599,EXPORT,CH03,205.75,258.0
FAB-W1606,BUY-2000,LC-5600,DOMESTIC,CH04,97.84,102.54
FAB-W1607,BUY-2001,LC-5601,EXPORT,CH01,165.82,171.66
FAB-W1608,BUY-2002,LC-5602,DOMESTIC,CH02,172.86,186.12
FAB-W1609,BUY-2003,LC-5603,EXPORT,CH03,157.1,191.03
FAB-W1610,BUY-2004,LC-5604,DOMESTIC,CH04,178.77,238.15
FAB-W1611,BUY-2005,LC-5605,EXPORT,CH01,140.9,253.19
FAB-W1612,BUY-2006,LC-5606,DOMESTIC,CH02,207.84,192.71
FAB-W1613,BUY-2007,LC-5607,EXPORT,CH03,235.71,
FAB-W1614,BUY-2008,LC-5608,DOMESTIC,CH04,231.89,176.03
FAB-W1615,BUY-2009,LC-5609,EXPORT,CH01,118.62,179.35
FAB-W1616,BUY-2010,LC-5610,DOMESTIC,CH02,208.62,176.96
FAB-W1617,BUY-2011,LC-5611,EXPORT,CH03,204.44,189.29
FAB-W1618,BUY-2012,LC-5612,DOMESTIC,CH04,243.24,185.5
FAB-W1619,BUY-2013,LC-5613,EXPORT,CH01,120.9,290.89
FAB-W1620,BUY-2014,LC-5614,DOMESTIC,CH02,232.7,291.75
FAB-W1621,BUY-2015,LC-5615,EXPORT,CH03,257.43,198.72
FAB-W1622,BUY-2016,LC-5616,DOMESTIC,CH04,221.53,196.38
FAB-W1623,BUY-2017,LC-5617,EXPORT,CH01,212.65,293.91
FAB-W1624,BUY-2018,LC-5618,DOMESTIC,CH02,132.94,
FAB-W1625,BUY-2019,LC-5619,EXPORT,CH03,132.94,169.72
FAB-W1626,BUY-2020,LC-5620,DOMESTIC,CH04,227.11,179.18
FAB-W1627,BUY-2021,LC-5621,EXPORT,CH01,250.37,228.52
FAB-W1628,BUY-2022,LC-5622,DOMESTIC,CH02,118.33,265.97
FAB-W1629,BUY-2023,LC-5623,EXPORT,CH03,217.39,220.75
FAB-W1630,BUY-2024,LC-5624,DOMESTIC,CH04,203.25,124.86
FAB-W1631,BUY-2025,LC-5625,EXPORT,CH01,148.98,174.62
FAB-W1632,BUY-2026,LC-5626,DOMESTIC,CH02,148.37,259.05
FAB-W1633,BUY-2027,LC-5627,EXPORT,CH03,253.4,223.28
FAB-W1634,BUY-2028,LC-5628,DOMESTIC,CH04,113.93,233.7
FAB-W1635,BUY-2029,LC-5629,EXPORT,CH01,111.16,
FAB-W1636,BUY-2030,LC-5630,DOMESTIC,CH02,122.23,128.76
FAB-W1637,BUY-2031,LC-5631,EXPORT,CH03,205.81,102.15
FAB-W1638,BUY-2032,LC-5632,DOMESTIC,CH04,210.21,186.69
FAB-W1639,BUY-2033,LC-5633,EXPORT,CH01,169.83,221.72
FAB-W1640,BUY-2034,LC-5634,DOMESTIC,CH02,243.21,211.23
FAB-W1641,BUY-2035,LC-5635,EXPORT,CH03,189.12,257.53
FAB-W1642,BUY-2036,LC-5636,DOMESTIC,CH04,99.14,225.06
FAB-W1643,BUY-2037,LC-5637,EXPORT,CH01,168.84,177.28
FAB-W1644,BUY-2038,LC-5638,DOMESTIC,CH02,202.46,131.37
FAB-W1645,BUY-2039,LC-5639,EXPORT,CH03,244.03,140.35
FAB-W1646,BUY-2040,LC-5640,DOMESTIC,CH04,204.93,
FAB-W1647,BUY-2041,LC-5641,EXPORT,CH01,108.39,282.76
FAB-W1648,BUY-2042,LC-5642,DOMESTIC,CH02,128.85,248.68
FAB-W1649,BUY-2043,LC-5643,EXPORT,CH03,95.79,237.85
FAB-W1650,BUY-2044,LC-5644,DOMESTIC,CH04,192.95,204.78
FAB-W1651,BUY-2045,LC-5645,EXPORT,CH01,233.93,116.28
FAB-W1652,BUY-2046,LC-5646,DOMESTIC,CH02,229.07,135.33
FAB-W1653,BUY-2047,LC-5647,EXPORT,CH03,233.24,113.38
FAB-W1654,BUY-2048,LC-5648,DOMESTIC,CH04,220.17,104.88
FAB-W1655,BUY-2049,LC-5649,EXPORT,CH01,173.93,197.29
FAB-W1656,BUY-2050,LC-5650,DOMESTIC,CH02,238.75,208.9
FAB-W1657,BUY-2051,LC-5651,EXPORT,CH03,119.73,
FAB-W1658,BUY-2052,LC-5652,DOMESTIC,CH04,130.03,286.4
FAB-W1659,BUY-2053,LC-5653,EXPORT,CH01,199.15,162.01
FAB-W1660,BUY-2054,LC-5654,DOMESTIC,CH02,255.93,183.13
FAB-W1661,BUY-2055,LC-5655,EXPORT,CH03,109.65,168.45
FAB-W1662,BUY-2056,LC-5656,DOMESTIC,CH04,214.82,216.82
FAB-W1663,BUY-2057,LC-5657,EXPORT,CH01,203.44,195.54
FAB-W1664,BUY-2058,LC-5658,DOMESTIC,CH02,122.45,274.78
FAB-W1665,BUY-2059,LC-5659,EXPORT,CH03,91.65,203.87
FAB-W1666,BUY-2060,LC-5660,DOMESTIC,CH04,102.75,112.43
FAB-W1667,BUY-2061,LC-5661,EXPORT,CH01,234.11,118.22
FAB-W1668,BUY-2062,LC-5662,DOMESTIC,CH02,134.97,
FAB-W1669,BUY-2063,LC-5663,EXPORT,CH03,203.36,195.71
FAB-W1670,BUY-2064,LC-5664,DOMESTIC,CH04,213.0,196.37
FAB-W1671,BUY-2065,LC-5665,EXPORT,CH01,154.29,257.56
FAB-W1672,BUY-2066,LC-5666,DOMESTIC,CH02,194.36,177.78
FAB-W1673,BUY-2067,LC-5667,EXPORT,CH03,259.61,157.93
FAB-W1674,BUY-2068,LC-5668,DOMESTIC,CH04,124.28,203.38
FAB-W1675,BUY-2069,LC-5669,EXPORT,CH01,167.48,140.81
FAB-W1676,BUY-2070,LC-5670,DOMESTIC,CH02,97.77,187.79
FAB-W1677,BUY-2071,LC-5671,EXPORT,CH03,196.97,160.33
FAB-W1678,BUY-2072,LC-5672,DOMESTIC,CH04,157.99,297.11
FAB-W1679,BUY-2073,LC-5673,EXPORT,CH01,104.66,
FAB-W1680,BUY-2074,LC-5674,DOMESTIC,CH02,169.84,191.57
FAB-W1681,BUY-2075,LC-5675,EXPORT,CH03,199.69,149.3
FAB-W1682,BUY-2076,LC-5676,DOMESTIC,CH04,188.24,152.75
FAB-W1683,BUY-2077,LC-5677,EXPORT,CH01,135.92,161.76
FAB-W1684,BUY-2078,LC-5678,DOMESTIC,CH02,118.0,258.16
FAB-W1685,BUY-2079,LC-5679,EXPORT,CH03,152.79,263.26
FAB-W1686,BUY-2080,LC-5680,DOMESTIC,CH04,186.7,210.44
FAB-W1687,BUY-2081,LC-5681,EXPORT,CH01,119.82,250.72
FAB-W1688,BUY-2082,LC-5682,DOMESTIC,CH02,99.71,221.87
FAB-W1689,BUY-2083,LC-5683,EXPORT,CH03,206.35,166.21
FAB-W1690,BUY-2084,LC-5684,DOMESTIC,CH04,243.37,
FAB-W1691,BUY-2085,LC-5685,EXPORT,CH01,102.21,100.19
FAB-W1692,BUY-2086,LC-5686,DOMESTIC,CH02,195.09,190.75
FAB-W1693,BUY-2087,LC-5687,EXPORT,CH03,231.27,168.13
FAB-W1694,BUY-2088,LC-5688,DOMESTIC,CH04,248.65,180.04
FAB-W1695,BUY-2089,LC-5689,EXPORT,CH01,237.93,111.26
FAB-W1696,BUY-2090,LC-5690,DOMESTIC,CH02,138.65,170.76
FAB-W1697,BUY-2091,LC-5691,EXPORT,CH03,183.1,108.67
FAB-W1698,BUY-2092,LC-5692,DOMESTIC,CH04,254.65,298.84
FAB-W1699,BUY-2093,LC-5693,EXPORT,CH01,223.87,203.76
FAB-W1700,BUY-2094,LC-5694,DOMESTIC,CH02,257.33,191.77
FAB-W1701,BUY-2095,LC-5695,EXPORT,CH03,122.57,
FAB-W1702,BUY-2096,LC-5696,DOMESTIC,CH04,106.96,298.84
FAB-W1703,BUY-2097,LC-5697,EXPORT,CH01,110.47,139.23
FAB-W1704,BUY-2098,LC-5698,DOMESTIC,CH02,161.2,107.04
FAB-W1705,BUY-2099,LC-5699,EXPORT,CH03,91.51,140.01
FAB-W1706,BUY-2100,LC-5700,DOMESTIC,CH04,107.56,138.78
FAB-W1707,BUY-2101,LC-5701,EXPORT,CH01,217.92,234.88
FAB-W1708,BUY-2102,LC-5702,DOMESTIC,CH02,113.46,257.38
FAB-W1709,BUY-2103,LC-5703,EXPORT,CH03,255.7,104.38
FAB-W1710,BUY-2104,LC-5704,DOMESTIC,CH04,227.11,165.37
FAB-W1711,BUY-2105,LC-5705,EXPORT,CH01,241.83,201.76
FAB-W1712,BUY-2106,LC-5706,DOMESTIC,CH02,159.33,
FAB-W1713,BUY-2107,LC-5707,EXPORT,CH03,223.68,290.51
FAB-W1714,BUY-2108,LC-5708,DOMESTIC,CH04,226.09,117.11
FAB-W1715,BUY-2109,LC-5709,EXPORT,CH01,253.03,128.06
FAB-W1716,BUY-2110,LC-5710,DOMESTIC,CH02,182.56,262.22
FAB-W1717,BUY-2111,LC-5711,EXPORT,CH03,227.7,152.31
FAB-W1718,BUY-2112,LC-5712,DOMESTIC,CH04,164.56,177.81
FAB-W1719,BUY-2113,LC-5713,EXPORT,CH01,94.93,171.94
FAB-W1720,BUY-2114,LC-5714,DOMESTIC,CH02,188.49,149.73
FAB-W1721,BUY-2115,LC-5715,EXPORT,CH03,202.64,112.61
FAB-W1722,BUY-2116,LC-5716,DOMESTIC,CH04,182.2,214.26
FAB-W1723,BUY-2117,LC-5717,EXPORT,CH01,171.75,
FAB-W1724,BUY-2118,LC-5718,DOMESTIC,CH02,209.73,277.65
FAB-W1725,BUY-2119,LC-5719,EXPORT,CH03,148.52,205.77
FAB-W1726,BUY-2120,LC-5720,DOMESTIC,CH04,129.43,165.44
FAB-W1727,BUY-2121,LC-5721,EXPORT,CH01,111.43,153.47
FAB-W1728,BUY-2122,LC-5722,DOMESTIC,CH02,193.41,116.55
FAB-W1729,BUY-2123,LC-5723,EXPORT,CH03,243.62,210.99
FAB-W1730,BUY-2124,LC-5724,DOMESTIC,CH04,129.91,208.78
FAB-W1731,BUY-2125,LC-5725,EXPORT,CH01,189.01,135.91
FAB-W1732,BUY-2126,LC-5726,DOMESTIC,CH02,178.12,223.75
FAB-W1733,BUY-2127,LC-5727,EXPORT,CH03,185.08,173.18
FAB-W1734,BUY-2128,LC-5728,DOMESTIC,CH04,177.13,
FAB-W1735,BUY-2129,LC-5729,EXPORT,CH01,212.85,213.77
FAB-W1736,BUY-2130,LC-5730,DOMESTIC,CH02,240.73,190.86
FAB-W1737,BUY-2131,LC-5731,EXPORT,CH03,124.4,237.63
FAB-W1738,BUY-2132,LC-5732,DOMESTIC,CH04,213.83,222.6
FAB-W1739,BUY-2133,LC-5733,EXPORT,CH01,155.11,204.13
FAB-W1740,BUY-2134,LC-5734,DOMESTIC,CH02,95.54,288.57
FAB-W1741,BUY-2135,LC-5735,EXPORT,CH03,144.8,237.61
FAB-W1742,BUY-2136,LC-5736,DOMESTIC,CH04,201.98,181.61
FAB-W1743,BUY-2137,LC-5737,EXPORT,CH01,149.31,123.69
FAB-W1744,BUY-2138,LC-5738,DOMESTIC,CH02,154.75,279.25
FAB-W1745,BUY-2139,LC-5739,EXPORT,CH03,257.64,
FAB-W1746,BUY-2140,LC-5740,DOMESTIC,CH04,198.8,160.82
FAB-W1747,BUY-2141,LC-5741,EXPORT,CH01,170.92,298.11
FAB-W1748,BUY-2142,LC-5742,DOMESTIC,CH02,154.36,153.79
FAB-W1749,BUY-2143,LC-5743,EXPORT,CH03,237.3,274.91
FAB-W1750,BUY-2144,LC-5744,DOMESTIC,CH04,94.05,110.29
FAB-W1751,BUY-2145,LC-5745,EXPORT,CH01,247.69,229.97
FAB-W1752,BUY-2146,LC-5746,DOMESTIC,CH02,175.96,260.02
FAB-W1753,BUY-2147,LC-5747,EXPORT,CH03,113.58,248.98
FAB-W1754,BUY-2148,LC-5748,DOMESTIC,CH04,153.78,160.88
FAB-W1755,BUY-2149,LC-5749,EXPORT,CH01,215.96,131.39
FAB-W1756,BUY-2150,LC-5750,DOMESTIC,CH02,227.89,
FAB-W1757,BUY-2151,LC-5751,EXPORT,CH03,98.58,206.89
FAB-W1758,BUY-2152,LC-5752,DOMESTIC,CH04,144.75,267.73
FAB-W1759,BUY-2153,LC-5753,EXPORT,CH01,144.93,195.3
FAB-W1760,BUY-2154,LC-5754,DOMESTIC,CH02,183.98,104.29
FAB-W1761,BUY-2155,LC-5755,EXPORT,CH03,180.59,169.28
FAB-W1762,BUY-2156,LC-5756,DOMESTIC,CH04,153.99,134.61
FAB-W1763,BUY-2157,LC-5757,EXPORT,CH01,255.65,148.86
FAB-W1764,BUY-2158,LC-5758,DOMESTIC,CH02,246.41,282.91
FAB-W1765,BUY-2159,LC-5759,EXPORT,CH03,120.64,179.29
FAB-W1766,BUY-2160,LC-5760,DOMESTIC,CH04,230.52,187.26
FAB-W1767,BUY-2161,LC-5761,EXPORT,CH01,208.06,
FAB-W1768,BUY-2162,LC-5762,DOMESTIC,CH02,96.12,129.05
FAB-W1769,BUY-2163,LC-5763,EXPORT,CH03,259.64,286.0
FAB-W1770,BUY-2164,LC-5764,DOMESTIC,CH04,103.69,234.03
FAB-W1771,BUY-2165,LC-5765,EXPORT,CH01,214.05,223.24
FAB-W1772,BUY-2166,LC-5766,DOMESTIC,CH02,238.17,294.35
FAB-W1773,BUY-2167,LC-5767,EXPORT,CH03,106.01,290.46
FAB-W1774,BUY-2168,LC-5768,DOMESTIC,CH04,181.58,289.11
FAB-W1775,BUY-2169,LC-5769,EXPORT,CH01,193.54,165.18
FAB-W1776,BUY-2170,LC-5770,DOMESTIC,CH02,164.33,112.02
FAB-W1777,BUY-2171,LC-5771,EXPORT,CH03,153.97,214.6
FAB-W1778,BUY-2172,LC-5772,DOMESTIC,CH04,130.38,
FAB-W1779,BUY-2173,LC-5773,EXPORT,CH01,120.72,127.7
FAB-W1780,BUY-2174,LC-5774,DOMESTIC,CH02,122.99,198.05
FAB-W1781,BUY-2175,LC-5775,EXPORT,CH03,246.84,179.96
FAB-W1782,BUY-2176,LC-5776,DOMESTIC,CH04,147.82,151.12
FAB-W1783,BUY-2177,LC-5777,EXPORT,CH01,251.85,109.54
FAB-W1784,BUY-2178,LC-5778,DOMESTIC,CH02,217.7,298.27
FAB-W1785,BUY-2179,LC-5779,EXPORT,CH03,171.02,123.86
FAB-W1786,BUY-2180,LC-5780,DOMESTIC,CH04,105.26,134.03
FAB-W1787,BUY-2181,LC-5781,EXPORT,CH01,233.6,128.34
FAB-W1788,BUY-2182,LC-5782,DOMESTIC,CH02,168.91,135.57
FAB-W1789,BUY-2183,LC-5783,EXPORT,CH03,157.04,
FAB-W1790,BUY-2184,LC-5784,DOMESTIC,CH04,252.27,197.7
FAB-W1791,BUY-2185,LC-5785,EXPORT,CH01,203.72,225.3
FAB-W1792,BUY-2186,LC-5786,DOMESTIC,CH02,195.12,270.29
FAB-W1793,BUY-2187,LC-5787,EXPORT,CH03,259.68,213.74
FAB-W1794,BUY-2188,LC-5788,DOMESTIC,CH04,202.24,148.51
FAB-W1795,BUY-2189,LC-5789,EXPORT,CH01,257.69,281.43
FAB-W1796,BUY-2190,LC-5790,DOMESTIC,CH02,92.68,242.38
FAB-W1797,BUY-2191,LC-5791,EXPORT,CH03,181.64,148.88
FAB-W1798,BUY-2192,LC-5792,DOMESTIC,CH04,139.41,217.09
FAB-W1799,BUY-2193,LC-5793,EXPORT,CH01,132.43,127.87
FAB-W1800,BUY-2194,LC-5794,DOMESTIC,CH02,222.75,
FAB-W1801,BUY-2195,LC-5795,EXPORT,CH03,238.51,127.82
FAB-W1802,BUY-2196,LC-5796,DOMESTIC,CH04,115.88,245.49
FAB-W1803,BUY-2197,LC-5797,EXPORT,CH01,258.36,248.49
FAB-W1804,BUY-2198,LC-5798,DOMESTIC,CH02,256.22,294.34
FAB-W1805,BUY-2199,LC-5799,EXPORT,CH03,229.31,218.19
FAB-W1806,BUY-2200,LC-5800,DOMESTIC,CH04,237.64,189.69
FAB-W1807,BUY-2201,LC-5801,EXPORT,CH01,112.37,177.04
FAB-W1808,BUY-2202,LC-5802,DOMESTIC,CH02,124.62,200.36
FAB-W1809,BUY-2203,LC-5803,EXPORT,CH03,196.75,116.83
FAB-W1810,BUY-2204,LC-5804,DOMESTIC,CH04,115.18,275.48
FAB-W1811,BUY-2205,LC-5805,EXPORT,CH01,94.59,
FAB-W1812,BUY-2206,LC-5806,DOMESTIC,CH02,121.49,144.5
FAB-W1813,BUY-2207,LC-5807,EXPORT,CH03,170.31,226.47
FAB-W1814,BUY-2208,LC-5808,DOMESTIC,CH04,230.66,235.73
FAB-W1815,BUY-2209,LC-5809,EXPORT,CH01,237.28,104.27
FAB-W1816,BUY-2210,LC-5810,DOMESTIC,CH02,226.89,296.87
FAB-W1817,BUY-2211,LC-5811,EXPORT,CH03,222.59,139.1
FAB-W1818,BUY-2212,LC-5812,DOMESTIC,CH04,138.59,191.65
FAB-W1819,BUY-2213,LC-5813,EXPORT,CH01,131.7,272.75
FAB-W1820,BUY-2214,LC-5814,DOMESTIC,CH02,156.23,132.0
FAB-W1821,BUY-2215,LC-5815,EXPORT,CH03,190.08,140.37
FAB-W1822,BUY-2216,LC-5816,DOMESTIC,CH04,105.46,
FAB-W1823,BUY-2217,LC-5817,EXPORT,CH01,190.48,168.66
FAB-W1824,BUY-2218,LC-5818,DOMESTIC,CH02,197.38,233.55
FAB-W1825,BUY-2219,LC-5819,EXPORT,CH03,242.84,285.98
FAB-W1826,BUY-2220,LC-5820,DOMESTIC,CH04,149.72,116.24
FAB-W1827,BUY-2221,LC-5821,EXPORT,CH01,222.99,275.72
FAB-W1828,BUY-2222,LC-5822,DOMESTIC,CH02,116.82,254.57
FAB-W1829,BUY-2223,LC-5823,EXPORT,CH03,205.81,212.17
FAB-W1830,BUY-2224,LC-5824,DOMESTIC,CH04,164.7,169.61
FAB-W1831,BUY-2225,LC-5825,EXPORT,CH01,253.36,254.63
FAB-W1832,BUY-2226,LC-5826,DOMESTIC,CH02,155.03,242.29
FAB-W1833,BUY-2227,LC-5827,EXPORT,CH03,128.19,
FAB-W1834,BUY-2228,LC-5828,DOMESTIC,CH04,112.61,236.39
FAB-W1835,BUY-2229,LC-5829,EXPORT,CH01,127.43,263.5
FAB-W1836,BUY-2230,LC-5830,DOMESTIC,CH02,209.69,292.23
FAB-W1837,BUY-2231,LC-5831,EXPORT,CH03,188.49,276.78
FAB-W1838,BUY-2232,LC-5832,DOMESTIC,CH04,107.78,161.81
FAB-W1839,BUY-2233,LC-5833,EXPORT,CH01,156.56,158.32
FAB-W1840,BUY-2234,LC-5834,DOMESTIC,CH02,128.66,102.0
FAB-W1841,BUY-2235,LC-5835,EXPORT,CH03,104.21,235.19
FAB-W1842,BUY-2236,LC-5836,DOMESTIC,CH04,128.56,215.62
FAB-W1843,BUY-2237,LC-5837,EXPORT,CH01,147.02,144.89
FAB-W1844,BUY-2238,LC-5838,DOMESTIC,CH02,255.42,
FAB-W1845,BUY-2239,LC-5839,EXPORT,CH03,122.14,126.72
FAB-W1846,BUY-2240,LC-5840,DOMESTIC,CH04,202.91,172.16
FAB-W1847,BUY-2241,LC-5841,EXPORT,CH01,230.01,102.61
FAB-W1848,BUY-2242,LC-5842,DOMESTIC,CH02,119.65,205.56
FAB-W1849,BUY-2243,LC-5843,EXPORT,CH03,175.9,230.43
FAB-W1850,BUY-2244,LC-5844,DOMESTIC,CH04,180.66,144.4
FAB-W1851,BUY-2245,LC-5845,EXPORT,CH01,155.87,166.7
FAB-W1852,BUY-2246,LC-5846,DOMESTIC,CH02,237.7,112.47
FAB-W1853,BUY-2247,LC-5847,EXPORT,CH03,238.52,235.09
FAB-W1854,BUY-2248,LC-5848,DOMESTIC,CH04,220.01,177.49
FAB-W1855,BUY-2249,LC-5849,EXPORT,CH01,247.91,
FAB-W1856,BUY-2250,LC-5850,DOMESTIC,CH02,249.85,215.07
FAB-W1857,BUY-2251,LC-5851,EXPORT,CH03,101.55,275.4
FAB-W1858,BUY-2252,LC-5852,DOMESTIC,CH04,124.49,181.67
FAB-W1859,BUY-2253,LC-5853,EXPORT,CH01,215.36,176.33
FAB-W1860,BUY-2254,LC-5854,DOMESTIC,CH02,225.87,176.79
FAB-W1861,BUY-2255,LC-5855,EXPORT,CH03,157.24,128.95
FAB-W1862,BUY-2256,LC-5856,DOMESTIC,CH04,204.35,198.59
FAB-W1863,BUY-2257,LC-5857,EXPORT,CH01,142.88,127.74
FAB-W1864,BUY-2258,LC-5858,DOMESTIC,CH02,160.14,135.97
FAB-W1865,BUY-2259,LC-5859,EXPORT,CH03,141.64,107.73
FAB-W1866,BUY-2260,LC-5860,DOMESTIC,CH04,163.8,
FAB-W1867,BUY-2261,LC-5861,EXPORT,CH01,182.9,243.38
FAB-W1868,BUY-2262,LC-5862,DOMESTIC,CH02,174.35,196.28
FAB-W1869,BUY-2263,LC-5863,EXPORT,CH03,238.97,284.28
FAB-W1870,BUY-2264,LC-5864,DOMESTIC,CH04,198.88,209.61
FAB-W1871,BUY-2265,LC-5865,EXPORT,CH01,156.21,219.04
FAB-W1872,BUY-2266,LC-5866,DOMESTIC,CH02,172.66,111.06
FAB-W1873,BUY-2267,LC-5867,EXPORT,CH03,165.59,265.03
FAB-W1874,BUY-2268,LC-5868,DOMESTIC,CH04,140.92,299.34
FAB-W1875,BUY-2269,LC-5869,EXPORT,CH01,107.38,280.46
FAB-W1876,BUY-2270,LC-5870,DOMESTIC,CH02,92.76,251.42
FAB-W1877,BUY-2271,LC-5871,EXPORT,CH03,194.3,
FAB-W1878,BUY-2272,LC-5872,DOMESTIC,CH04,240.08,121.73
FAB-W1879,BUY-2273,LC-5873,EXPORT,CH01,246.63,221.02
FAB-W1880,BUY-2274,LC-5874,DOMESTIC,CH02,112.91,275.48
FAB-W1881,BUY-2275,LC-5875,EXPORT,CH03,223.03,244.13
FAB-W1882,BUY-2276,LC-5876,DOMESTIC,CH04,188.0,254.48
FAB-W1883,BUY-2277,LC-5877,EXPORT,CH01,216.26,148.88
FAB-W1884,BUY-2278,LC-5878,DOMESTIC,CH02,211.5,126.76
FAB-W1885,BUY-2279,LC-5879,EXPORT,CH03,197.95,105.84
FAB-W1886,BUY-2280,LC-5880,DOMESTIC,CH04,159.83,200.51
FAB-W1887,BUY-2281,LC-5881,EXPORT,CH01,253.59,144.84
FAB-W1888,BUY-2282,LC-5882,DOMESTIC,CH02,150.93,
FAB-W1889,BUY-2283,LC-5883,EXPORT,CH03,230.55,179.2
FAB-W1890,BUY-2284,LC-5884,DOMESTIC,CH04,143.92,177.7
FAB-W1891,BUY-2285,LC-5885,EXPORT,CH01,239.8,224.26
FAB-W1892,BUY-2286,LC-5886,DOMESTIC,CH02,250.04,251.37
FAB-W1893,BUY-2287,LC-5887,EXPORT,CH03,209.55,286.26
FAB-W1894,BUY-2288,LC-5888,DOMESTIC,CH04,153.62,230.01
FAB-W1895,BUY-2289,LC-5889,EXPORT,CH01,247.82,259.78
FAB-W1896,BUY-2290,LC-5890,DOMESTIC,CH02,157.53,101.8
FAB-W1897,BUY-2291,LC-5891,EXPORT,CH03,92.81,153.75
FAB-W1898,BUY-2292,LC-5892,DOMESTIC,CH04,163.92,226.55
FAB-W1899,BUY-2293,LC-5893,EXPORT,CH01,93.44,
FAB-W1900,BUY-2294,LC-5894,DOMESTIC,CH02,214.66,121.8
FAB-W1901,BUY-2295,LC-5895,EXPORT,CH03,249.9,119.44
FAB-W1902,BUY-2296,LC-5896,DOMESTIC,CH04,185.87,224.43
FAB-W1903,BUY-2297,LC-5897,EXPORT,CH01,90.56,224.88
FAB-W1904,BUY-2298,LC-5898,DOMESTIC,CH02,225.42,249.2
FAB-W1905,BUY-2299,LC-5899,EXPORT,CH03,118.83,154.29
FAB-W1906,BUY-2300,LC-5900,DOMESTIC,CH04,161.14,189.94
FAB-W1907,BUY-2301,LC-5901,EXPORT,CH01,161.0,191.11
FAB-W1908,BUY-2302,LC-5902,DOMESTIC,CH02,226.06,269.57
FAB-W1909,BUY-2303,LC-5903,EXPORT,CH03,151.42,148.93
FAB-W1910,BUY-2304,LC-5904,DOMESTIC,CH04,219.66,
FAB-W1911,BUY-2305,LC-5905,EXPORT,CH01,214.2,274.81
FAB-W1912,BUY-2306,LC-5906,DOMESTIC,CH02,232.17,115.66
FAB-W1913,BUY-2307,LC-5907,EXPORT,CH03,233.24,246.23
FAB-W1914,BUY-2308,LC-5908,DOMESTIC,CH04,129.94,199.18
FAB-W1915,BUY-2309,LC-5909,EXPORT,CH01,121.46,258.99
FAB-W1916,BUY-2310,LC-5910,DOMESTIC,CH02,258.8,129.83
FAB-W1917,BUY-2311,LC-5911,EXPORT,CH03,145.31,217.64
FAB-W1918,BUY-2312,LC-5912,DOMESTIC,CH04,196.13,216.23
FAB-W1919,BUY-2313,LC-5913,EXPORT,CH01,143.7,278.11
FAB-W1920,BUY-2314,LC-5914,DOMESTIC,CH02,173.59,161.87
FAB-W1921,BUY-2315,LC-5915,EXPORT,CH03,258.56,
FAB-W1922,BUY-2316,LC-5916,DOMESTIC,CH04,105.23,206.54
FAB-W1923,BUY-2317,LC-5917,EXPORT,CH01,161.97,264.76
FAB-W1924,BUY-2318,LC-5918,DOMESTIC,CH02,154.37,282.46
FAB-W1925,BUY-2319,LC-5919,EXPORT,CH03,108.72,179.18
FAB-W1926,BUY-2320,LC-5920,DOMESTIC,CH04,224.87,136.95
FAB-W1927,BUY-2321,LC-5921,EXPORT,CH01,185.3,210.78
FAB-W1928,BUY-2322,LC-5922,DOMESTIC,CH02,190.16,151.61
FAB-W1929,BUY-2323,LC-5923,EXPORT,CH03,180.92,214.46
FAB-W1930,BUY-2324,LC-5924,DOMESTIC,CH04,184.87,291.45
FAB-W1931,BUY-2325,LC-5925,EXPORT,CH01,141.5,238.8
FAB-W1932,BUY-2326,LC-5926,DOMESTIC,CH02,245.29,
FAB-W1933,BUY-2327,LC-5927,EXPORT,CH03,111.49,253.02
FAB-W1934,BUY-2328,LC-5928,DOMESTIC,CH04,207.6,171.26
FAB-W1935,BUY-2329,LC-5929,EXPORT,CH01,178.25,127.51
FAB-W1936,BUY-2330,LC-5930,DOMESTIC,CH02,244.59,102.08
FAB-W1937,BUY-2331,LC-5931,EXPORT,CH03,206.54,132.13
FAB-W1938,BUY-2332,LC-5932,DOMESTIC,CH04,126.5,162.4
FAB-W1939,BUY-2333,LC-5933,EXPORT,CH01,258.73,274.5
FAB-W1940,BUY-2334,LC-5934,DOMESTIC,CH02,96.47,293.12
FAB-W1941,BUY-2335,LC-5935,EXPORT,CH03,149.39,107.93
FAB-W1942,BUY-2336,LC-5936,DOMESTIC,CH04,201.04,255.08
FAB-W1943,BUY-2337,LC-5937,EXPORT,CH01,187.77,
FAB-W1944,BUY-2338,LC-5938,DOMESTIC,CH02,207.52,203.33
FAB-W1945,BUY-2339,LC-5939,EXPORT,CH03,95.15,132.34
FAB-W1946,BUY-2340,LC-5940,DOMESTIC,CH04,160.46,239.0
FAB-W1947,BUY-2341,LC-5941,EXPORT,CH01,97.71,195.67
FAB-W1948,BUY-2342,LC-5942,DOMESTIC,CH02,119.45,163.19
FAB-W1949,BUY-2343,LC-5943,EXPORT,CH03,134.45,199.03
FAB-W1950,BUY-2344,LC-5944,DOMESTIC,CH04,90.08,217.14
FAB-W1951,BUY-2345,LC-5945,EXPORT,CH01,165.41,232.22
FAB-W1952,BUY-2346,LC-5946,DOMESTIC,CH02,217.25,230.05
FAB-W1953,BUY-2347,LC-5947,EXPORT,CH03,218.24,114.14
FAB-W1954,BUY-2348,LC-5948,DOMESTIC,CH04,101.45,
FAB-W1955,BUY-2349,LC-5949,EXPORT,CH01,110.02,130.27
FAB-W1956,BUY-2350,LC-5950,DOMESTIC,CH02,110.59,285.16
FAB-W1957,BUY-2351,LC-5951,EXPORT,CH03,180.76,244.5
FAB-W1958,BUY-2352,LC-5952,DOMESTIC,CH04,180.91,204.06
FAB-W1959,BUY-2353,LC-5953,EXPORT,CH01,212.05,117.28
FAB-W1960,BUY-2354,LC-5954,DOMESTIC,CH02,199.75,178.46
FAB-W1961,BUY-2355,LC-5955,EXPORT,CH03,249.33,222.28
FAB-W1962,BUY-2356,LC-5956,DOMESTIC,CH04,171.0,251.23
FAB-W1963,BUY-2357,LC-5957,EXPORT,CH01,113.79,275.9
FAB-W1964,BUY-2358,LC-5958,DOMESTIC,CH02,239.11,271.16
FAB-W1965,BUY-2359,LC-5959,EXPORT,CH03,246.39,
FAB-W1966,BUY-2360,LC-5960,DOMESTIC,CH04,180.13,262.0
FAB-W1967,BUY-2361,LC-5961,EXPORT,CH01,138.84,294.55
FAB-W1968,BUY-2362,LC-5962,DOMESTIC,CH02,157.96,118.23
FAB-W1969,BUY-2363,LC-5963,EXPORT,CH03,186.55,251.65
FAB-W1970,BUY-2364,LC-5964,DOMESTIC,CH04,143.88,218.78
FAB-W1971,BUY-2365,LC-5965,EXPORT,CH01,152.56,248.94
FAB-W1972,BUY-2366,LC-5966,DOMESTIC,CH02,228.83,236.09
FAB-W1973,BUY-2367,LC-5967,EXPORT,CH03,229.96,188.22
FAB-W1974,BUY-2368,LC-5968,DOMESTIC,CH04,91.78,223.23
FAB-W1975,BUY-2369,LC-5969,EXPORT,CH01,133.53,240.22
FAB-W1976,BUY-2370,LC-5970,DOMESTIC,CH02,200.51,
FAB-W1977,BUY-2371,LC-5971,EXPORT,CH03,102.09,286.47
FAB-W1978,BUY-2372,LC-5972,DOMESTIC,CH04,155.65,124.33
FAB-W1979,BUY-2373,LC-5973,EXPORT,CH01,146.93,114.39
FAB-W1980,BUY-2374,LC-5974,DOMESTIC,CH02,203.04,279.54
FAB-W1981,BUY-2375,LC-5975,EXPORT,CH03,237.81,276.25
FAB-W1982,BUY-2376,LC-5976,DOMESTIC,CH04,127.13,282.89
FAB-W1983,BUY-2377,LC-5977,EXPORT,CH01,128.97,118.94
FAB-W1984,BUY-2378,LC-5978,DOMESTIC,CH02,206.46,121.95
FAB-W1985,BUY-2379,LC-5979,EXPORT,CH03,154.09,194.65
FAB-W1986,BUY-2380,LC-5980,DOMESTIC,CH04,96.75,265.16
FAB-W1987,BUY-2381,LC-5981,EXPORT,CH01,107.67,
FAB-W1988,BUY-2382,LC-5982,DOMESTIC,CH02,151.12,267.02
FAB-W1989,BUY-2383,LC-5983,EXPORT,CH03,91.9,111.67
FAB-W1990,BUY-2384,LC-5984,DOMESTIC,CH04,172.72,186.37
FAB-W1991,BUY-2385,LC-5985,EXPORT,CH01,169.28,176.15
FAB-W1992,BUY-2386,LC-5986,DOMESTIC,CH02,205.99,170.33
FAB-W1993,BUY-2387,LC-5987,EXPORT,CH03,161.56,288.65
FAB-W1994,BUY-2388,LC-5988,DOMESTIC,CH04,259.29,277.21
FAB-W1995,BUY-2389,LC-5989,EXPORT,CH01,99.64,267.79
FAB-W1996,BUY-2390,LC-5990,DOMESTIC,CH02,138.95,299.6
FAB-W1997,BUY-2391,LC-5991,EXPORT,CH03,98.75,210.24
FAB-W1998,BUY-2392,LC-5992,DOMESTIC,CH04,246.57,
FAB-W1999,BUY-2393,LC-5993,EXPORT,CH01,255.04,157.58
FAB-W2000,BUY-2394,LC-5994,DOMESTIC,CH02,140.04,120.61
FAB-W2001,BUY-2395,LC-5995,EXPORT,CH03,226.39,200.52
FAB-W2002,BUY-2396,LC-5996,DOMESTIC,CH04,119.13,196.46
FAB-W2003,BUY-2397,LC-5997,EXPORT,CH01,256.66,224.41
FAB-W2004,BUY-2398,LC-5998,DOMESTIC,CH02,224.86,278.72
FAB-W2005,BUY-2399,LC-5999,EXPORT,CH03,195.58,115.08
FAB-W2006,BUY-2400,LC-6000,DOMESTIC,CH04,233.59,288.09
FAB-W2007,BUY-2401,LC-6001,EXPORT,CH01,163.53,252.53
FAB-W2008,BUY-2402,LC-6002,DOMESTIC,CH02,227.87,219.46
FAB-W2009,BUY-2403,LC-6003,EXPORT,CH03,117.59,
FAB-W2010,BUY-2404,LC-6004,DOMESTIC,CH04,135.87,249.41
FAB-W2011,BUY-2405,LC-6005,EXPORT,CH01,225.2,163.12
FAB-W2012,BUY-2406,LC-6006,DOMESTIC,CH02,192.18,199.06
FAB-W2013,BUY-2407,LC-6007,EXPORT,CH03,208.86,173.15
FAB-W2014,BUY-2408,LC-6008,DOMESTIC,CH04,108.45,292.94
FAB-W2015,BUY-2409,LC-6009,EXPORT,CH01,127.22,283.01
FAB-W2016,BUY-2410,LC-6010,DOMESTIC,CH02,149.79,215.72
FAB-W2017,BUY-2411,LC-6011,EXPORT,CH03,123.71,151.13
FAB-W2018,BUY-2412,LC-6012,DOMESTIC,CH04,223.87,137.41
FAB-W2019,BUY-2413,LC-6013,EXPORT,CH01,255.44,209.66
FAB-W2020,BUY-2414,LC-6014,DOMESTIC,CH02,105.03,
FAB-W2021,BUY-2415,LC-6015,EXPORT,CH03,173.08,179.46
FAB-W2022,BUY-2416,LC-6016,DOMESTIC,CH04,132.97,249.08
FAB-W2023,BUY-2417,LC-6017,EXPORT,CH01,220.23,186.48
FAB-W2024,BUY-2418,LC-6018,DOMESTIC,CH02,240.72,222.64
FAB-W2025,BUY-2419,LC-6019,EXPORT,CH03,217.85,250.08
FAB-W2026,BUY-2420,LC-6020,DOMESTIC,CH04,196.81,136.33
FAB-W2027,BUY-2421,LC-6021,EXPORT,CH01,199.93,191.24
FAB-W2028,BUY-2422,LC-6022,DOMESTIC,CH02,178.26,194.48
FAB-W2029,BUY-2423,LC-6023,EXPORT,CH03,146.06,232.51
FAB-W2030,BUY-2424,LC-6024,DOMESTIC,CH04,165.23,268.41
FAB-W2031,BUY-2425,LC-6025,EXPORT,CH01,102.37,
FAB-W2032,BUY-2426,LC-6026,DOMESTIC,CH02,105.81,249.17
FAB-W2033,BUY-2427,LC-6027,EXPORT,CH03,161.11,184.64
FAB-W2034,BUY-2428,LC-6028,DOMESTIC,CH04,201.41,291.05
FAB-W2035,BUY-2429,LC-6029,EXPORT,CH01,107.67,237.14
FAB-W2036,BUY-2430,LC-6030,DOMESTIC,CH02,228.82,186.66
FAB-W2037,BUY-2431,LC-6031,EXPORT,CH03,194.73,264.21
FAB-W2038,BUY-2432,LC-6032,DOMESTIC,CH04,190.32,287.01
FAB-W2039,BUY-2433,LC-6033,EXPORT,CH01,169.07,290.12
FAB-W2040,BUY-2434,LC-6034,DOMESTIC,CH02,223.97,127.03
FAB-W2041,BUY-2435,LC-6035,EXPORT,CH03,150.27,233.38
FAB-W2042,BUY-2436,LC-6036,DOMESTIC,CH04,156.27,
FAB-W2043,BUY-2437,LC-6037,EXPORT,CH01,189.84,206.85
FAB-W2044,BUY-2438,LC-6038,DOMESTIC,CH02,244.94,162.51
FAB-W2045,BUY-2439,LC-6039,EXPORT,CH03,107.8,157.04
FAB-W2046,BUY-2440,LC-6040,DOMESTIC,CH04,190.66,149.92
FAB-W2047,BUY-2441,LC-6041,EXPORT,CH01,124.39,144.5
FAB-W2048,BUY-2442,LC-6042,DOMESTIC,CH02,217.88,273.63
FAB-W2049,BUY-2443,LC-6043,EXPORT,CH03,194.89,263.33
FAB-W2050,BUY-2444,LC-6044,DOMESTIC,CH04,163.37,106.03
FAB-W2051,BUY-2445,LC-6045,EXPORT,CH01,101.4,288.35
FAB-W2052,BUY-2446,LC-6046,DOMESTIC,CH02,173.75,172.89
FAB-W2053,BUY-2447,LC-6047,EXPORT,CH03,206.47,
FAB-W2054,BUY-2448,LC-6048,DOMESTIC,CH04,188.23,237.33
FAB-W2055,BUY-2449,LC-6049,EXPORT,CH01,174.27,265.4
FAB-W2056,BUY-2450,LC-6050,DOMESTIC,CH02,187.82,285.41
FAB-W2057,BUY-2451,LC-6051,EXPORT,CH03,136.45,224.55
FAB-W2058,BUY-2452,LC-6052,DOMESTIC,CH04,259.43,223.42
FAB-W2059,BUY-2453,LC-6053,EXPORT,CH01,103.35,107.73
FAB-W2060,BUY-2454,LC-6054,DOMESTIC,CH02,194.27,271.51
FAB-W2061,BUY-2455,LC-6055,EXPORT,CH03,167.13,161.79
FAB-W2062,BUY-2456,LC-6056,DOMESTIC,CH04,246.1,156.3
FAB-W2063,BUY-2457,LC-6057,EXPORT,CH01,231.0,128.48
FAB-W2064,BUY-2458,LC-6058,DOMESTIC,CH02,154.67,
FAB-W2065,BUY-2459,LC-6059,EXPORT,CH03,229.82,165.12
FAB-W2066,BUY-2460,LC-6060,DOMESTIC,CH04,241.75,292.72
FAB-W2067,BUY-2461,LC-6061,EXPORT,CH01,112.99,219.59
FAB-W2068,BUY-2462,LC-6062,DOMESTIC,CH02,233.25,126.98
FAB-W2069,BUY-2463,LC-6063,EXPORT,CH03,168.63,217.4
FAB-W2070,BUY-2464,LC-6064,DOMESTIC,CH04,172.57,239.15
FAB-W2071,BUY-2465,LC-6065,EXPORT,CH01,100.03,257.1
FAB-W2072,BUY-2466,LC-6066,DOMESTIC,CH02,120.7,202.02
FAB-W2073,BUY-2467,LC-6067,EXPORT,CH03,137.43,263.03
FAB-W2074,BUY-2468,LC-6068,DOMESTIC,CH04,240.02,144.24
FAB-W2075,BUY-2469,LC-6069,EXPORT,CH01,201.76,
FAB-W2076,BUY-2470,LC-6070,DOMESTIC,CH02,105.68,180.41
FAB-W2077,BUY-2471,LC-6071,EXPORT,CH03,102.99,296.24
FAB-W2078,BUY-2472,LC-6072,DOMESTIC,CH04,133.81,212.98
FAB-W2079,BUY-2473,LC-6073,EXPORT,CH01,198.67,221.98
FAB-W2080,BUY-2474,LC-6074,DOMESTIC,CH02,148.69,132.58
FAB-W2081,BUY-2475,LC-6075,EXPORT,CH03,165.99,290.09
FAB-W2082,BUY-2476,LC-6076,DOMESTIC,CH04,225.19,203.45
FAB-W2083,BUY-2477,LC-6077,EXPORT,CH01,91.83,162.81
FAB-W2084,BUY-2478,LC-6078,DOMESTIC,CH02,134.89,198.28
FAB-W2085,BUY-2479,LC-6079,EXPORT,CH03,99.46,272.14
FAB-W2086,BUY-2480,LC-6080,DOMESTIC,CH04,247.48,
FAB-W2087,BUY-2481,LC-6081,EXPORT,CH01,233.16,211.75
FAB-W2088,BUY-2482,LC-6082,DOMESTIC,CH02,172.39,147.32
FAB-W2089,BUY-2483,LC-6083,EXPORT,CH03,212.16,225.04
FAB-W2090,BUY-2484,LC-6084,DOMESTIC,CH04,227.83,183.47
FAB-W2091,BUY-2485,LC-6085,EXPORT,CH01,111.97,263.28
FAB-W2092,BUY-2486,LC-6086,DOMESTIC,CH02,215.18,229.5
FAB-W2093,BUY-2487,LC-6087,EXPORT,CH03,129.53,178.2
FAB-W2094,BUY-2488,LC-6088,DOMESTIC,CH04,134.03,254.31
FAB-W2095,BUY-2489,LC-6089,EXPORT,CH01,166.92,129.33
FAB-W2096,BUY-2490,LC-6090,DOMESTIC,CH02,182.42,132.2
FAB-W2097,BUY-2491,LC-6091,EXPORT,CH03,104.48,
FAB-W2098,BUY-2492,LC-6092,DOMESTIC,CH04,202.24,249.31
FAB-W2099,BUY-2493,LC-6093,EXPORT,CH01,184.82,135.25
FAB-W2100,BUY-2494,LC-6094,DOMESTIC,CH02,218.63,255.56
FAB-W2101,BUY-2495,LC-6095,EXPORT,CH03,131.6,103.93
FAB-W2102,BUY-2496,LC-6096,DOMESTIC,CH04,186.61,250.74
FAB-W2103,BUY-2497,LC-6097,EXPORT,CH01,167.47,134.48
FAB-W2104,BUY-2498,LC-6098,DOMESTIC,CH02,252.4,159.96
FAB-W2105,BUY-2499,LC-6099,EXPORT,CH03,164.8,253.98
FAB-W2106,BUY-2500,LC-6100,DOMESTIC,CH04,132.9,286.5
FAB-W2107,BUY-2501,LC-6101,EXPORT,CH01,257.02,244.52
FAB-W2108,BUY-2502,LC-6102,DOMESTIC,CH02,233.59,
FAB-W2109,BUY-2503,LC-6103,EXPORT,CH03,253.38,278.27
FAB-W2110,BUY-2504,LC-6104,DOMESTIC,CH04,160.63,201.54
FAB-W2111,BUY-2505,LC-6105,EXPORT,CH01,248.36,155.78
FAB-W2112,BUY-2506,LC-6106,DOMESTIC,CH02,117.77,203.78
FAB-W2113,BUY-2507,LC-6107,EXPORT,CH03,112.95,192.34
FAB-W2114,BUY-2508,LC-6108,DOMESTIC,CH04,127.05,251.26
FAB-W2115,BUY-2509,LC-6109,EXPORT,CH01,218.48,159.21
FAB-W2116,BUY-2510,LC-6110,DOMESTIC,CH02,239.01,261.64
FAB-W2117,BUY-2511,LC-6111,EXPORT,CH03,118.61,196.28
FAB-W2118,BUY-2512,LC-6112,DOMESTIC,CH04,192.76,228.23
FAB-W2119,BUY-2513,LC-6113,EXPORT,CH01,135.03,
FAB-W2120,BUY-2514,LC-6114,DOMESTIC,CH02,171.29,236.17
FAB-W2121,BUY-2515,LC-6115,EXPORT,CH03,169.97,154.0
FAB-W2122,BUY-2516,LC-6116,DOMESTIC,CH04,168.41,200.23
FAB-W2123,BUY-2517,LC-6117,EXPORT,CH01,103.75,105.0
FAB-W2124,BUY-2518,LC-6118,DOMESTIC,CH02,154.99,266.53
FAB-W2125,BUY-2519,LC-6119,EXPORT,CH03,213.1,209.2
FAB-W2126,BUY-2520,LC-6120,DOMESTIC,CH04,230.74,285.89
FAB-W2127,BUY-2521,LC-6121,EXPORT,CH01,198.51,142.88
FAB-W2128,BUY-2522,LC-6122,DOMESTIC,CH02,162.7,159.55
FAB-W2129,BUY-2523,LC-6123,EXPORT,CH03,98.07,222.18
FAB-W2130,BUY-2524,LC-6124,DOMESTIC,CH04,197.66,
FAB-W2131,BUY-2525,LC-6125,EXPORT,CH01,183.48,211.05
FAB-W2132,BUY-2526,LC-6126,DOMESTIC,CH02,244.32,167.68
FAB-W2133,BUY-2527,LC-6127,EXPORT,CH03,209.3,107.18
FAB-W2134,BUY-2528,LC-6128,DOMESTIC,CH04,199.67,225.01
FAB-W2135,BUY-2529,LC-6129,EXPORT,CH01,126.77,207.52
FAB-W2136,BUY-2530,LC-6130,DOMESTIC,CH02,140.36,175.21
FAB-W2137,BUY-2531,LC-6131,EXPORT,CH03,182.31,234.81
FAB-W2138,BUY-2532,LC-6132,DOMESTIC,CH04,129.98,127.71
FAB-W2139,BUY-2533,LC-6133,EXPORT,CH01,258.87,113.05
FAB-W2140,BUY-2534,LC-6134,DOMESTIC,CH02,244.48,117.42
FAB-W2141,BUY-2535,LC-6135,EXPORT,CH03,258.56,
FAB-W2142,BUY-2536,LC-6136,DOMESTIC,CH04,96.02,137.36
FAB-W2143,BUY-2537,LC-6137,EXPORT,CH01,249.1,266.82
FAB-W2144,BUY-2538,LC-6138,DOMESTIC,CH02,110.35,153.58
FAB-W2145,BUY-2539,LC-6139,EXPORT,CH03,126.48,151.37
FAB-W2146,BUY-2540,LC-6140,DOMESTIC,CH04,208.71,191.49
FAB-W2147,BUY-2541,LC-6141,EXPORT,CH01,257.71,226.4
FAB-W2148,BUY-2542,LC-6142,DOMESTIC,CH02,224.72,149.57
FAB-W2149,BUY-2543,LC-6143,EXPORT,CH03,155.28,255.74
FAB-W2150,BUY-2544,LC-6144,DOMESTIC,CH04,129.36,202.82
FAB-W2151,BUY-2545,LC-6145,EXPORT,CH01,234.51,168.23
FAB-W2152,BUY-2546,LC-6146,DOMESTIC,CH02,188.8,
FAB-W2153,BUY-2547,LC-6147,EXPORT,CH03,204.35,182.03
FAB-W2154,BUY-2548,LC-6148,DOMESTIC,CH04,197.71,204.99
FAB-W2155,BUY-2549,LC-6149,EXPORT,CH01,125.61,235.15
FAB-W2156,BUY-2550,LC-6150,DOMESTIC,CH02,241.61,250.12
FAB-W2157,BUY-2551,LC-6151,EXPORT,CH03,207.35,120.92
FAB-W2158,BUY-2552,LC-6152,DOMESTIC,CH04,209.77,119.82
FAB-W2159,BUY-2553,LC-6153,EXPORT,CH01,159.26,242.78
FAB-W2160,BUY-2554,LC-6154,DOMESTIC,CH02,222.07,179.49
FAB-W2161,BUY-2555,LC-6155,EXPORT,CH03,137.79,163.08
FAB-W2162,BUY-2556,LC-6156,DOMESTIC,CH04,178.57,271.71
FAB-W2163,BUY-2557,LC-6157,EXPORT,CH01,132.39,
FAB-W2164,BUY-2558,LC-6158,DOMESTIC,CH02,131.4,175.56
FAB-W2165,BUY-2559,LC-6159,EXPORT,CH03,131.86,203.13
FAB-W2166,BUY-2560,LC-6160,DOMESTIC,CH04,242.91,253.01
FAB-W2167,BUY-2561,LC-6161,EXPORT,CH01,243.89,133.09
FAB-W2168,BUY-2562,LC-6162,DOMESTIC,CH02,165.91,298.8
FAB-W2169,BUY-2563,LC-6163,EXPORT,CH03,248.46,276.91
FAB-W2170,BUY-2564,LC-6164,DOMESTIC,CH04,188.68,194.43
FAB-W2171,BUY-2565,LC-6165,EXPORT,CH01,167.53,147.24
FAB-W2172,BUY-2566,LC-6166,DOMESTIC,CH02,180.52,162.45
FAB-W2173,BUY-2567,LC-6167,EXPORT,CH03,120.65,257.05
FAB-W2174,BUY-2568,LC-6168,DOMESTIC,CH04,143.24,
FAB-W2175,BUY-2569,LC-6169,EXPORT,CH01,100.27,266.16
FAB-W2176,BUY-2570,LC-6170,DOMESTIC,CH02,96.63,127.99
FAB-W2177,BUY-2571,LC-6171,EXPORT,CH03,163.52,117.86
FAB-W2178,BUY-2572,LC-6172,DOMESTIC,CH04,99.09,232.83
FAB-W2179,BUY-2573,LC-6173,EXPORT,CH01,237.85,256.86
FAB-W2180,BUY-2574,LC-6174,DOMESTIC,CH02,155.82,148.89
FAB-W2181,BUY-2575,LC-6175,EXPORT,CH03,216.45,117.56
FAB-W2182,BUY-2576,LC-6176,DOMESTIC,CH04,249.03,262.75
FAB-W2183,BUY-2577,LC-6177,EXPORT,CH01,153.86,126.13
FAB-W2184,BUY-2578,LC-6178,DOMESTIC,CH02,133.51,217.28
FAB-W2185,BUY-2579,LC-6179,EXPORT,CH03,235.95,
FAB-W2186,BUY-2580,LC-6180,DOMESTIC,CH04,105.46,135.14
FAB-W2187,BUY-2581,LC-6181,EXPORT,CH01,120.93,299.54
FAB-W2188,BUY-2582,LC-6182,DOMESTIC,CH02,197.96,235.35
FAB-W2189,BUY-2583,LC-6183,EXPORT,CH03,122.18,232.72
FAB-W2190,BUY-2584,LC-6184,DOMESTIC,CH04,134.23,124.13
FAB-W2191,BUY-2585,LC-6185,EXPORT,CH01,198.9,215.38
FAB-W2192,BUY-2586,LC-6186,DOMESTIC,CH02,133.51,214.82
FAB-W2193,BUY-2587,LC-6187,EXPORT,CH03,115.34,183.06
FAB-W2194,BUY-2588,LC-6188,DOMESTIC,CH04,214.26,163.8
FAB-W2195,BUY-2589,LC-6189,EXPORT,CH01,107.62,206.31
FAB-W2196,BUY-2590,LC-6190,DOMESTIC,CH02,208.92,
FAB-W2197,BUY-2591,LC-6191,EXPORT,CH03,252.69,111.11
FAB-W2198,BUY-2592,LC-6192,DOMESTIC,CH04,120.1,136.23
FAB-W2199,BUY-2593,LC-6193,EXPORT,CH01,126.13,164.82
FAB-W2200,BUY-2594,LC-6194,DOMESTIC,CH02,222.65,133.28
FAB-W2201,BUY-2595,LC-6195,EXPORT,CH03,203.42,248.42
FAB-W2202,BUY-2596,LC-6196,DOMESTIC,CH04,182.81,213.88
FAB-W2203,BUY-2597,LC-6197,EXPORT,CH01,159.83,131.23
FAB-W2204,BUY-2598,LC-6198,DOMESTIC,CH02,247.15,130.87
FAB-W2205,BUY-2599,LC-6199,EXPORT,CH03,251.97,209.87
FAB-W2206,BUY-2600,LC-6200,DOMESTIC,CH04,228.16,159.51
FAB-W2207,BUY-2601,LC-6201,EXPORT,CH01,129.34,
FAB-W2208,BUY-2602,LC-6202,DOMESTIC,CH02,214.83,218.94
FAB-W2209,BUY-2603,LC-6203,EXPORT,CH03,223.27,102.4
FAB-W2210,BUY-2604,LC-6204,DOMESTIC,CH04,195.47,110.79
FAB-W2211,BUY-2605,LC-6205,EXPORT,CH01,144.29,129.16
FAB-W2212,BUY-2606,LC-6206,DOMESTIC,CH02,239.79,203.94
FAB-W2213,BUY-2607,LC-6207,EXPORT,CH03,107.58,239.53
FAB-W2214,BUY-2608,LC-6208,DOMESTIC,CH04,183.95,270.2
FAB-W2215,BUY-2609,LC-6209,EXPORT,CH01,161.14,136.47
FAB-W2216,BUY-2610,LC-6210,DOMESTIC,CH02,132.6,169.21
FAB-W2217,BUY-2611,LC-6211,EXPORT,CH03,216.34,247.58
FAB-W2218,BUY-2612,LC-6212,DOMESTIC,CH04,128.46,
FAB-W2219,BUY-2613,LC-6213,EXPORT,CH01,90.13,165.44
FAB-W2220,BUY-2614,LC-6214,DOMESTIC,CH02,176.12,250.52
FAB-W2221,BUY-2615,LC-6215,EXPORT,CH03,134.34,101.67
FAB-W2222,BUY-2616,LC-6216,DOMESTIC,CH04,192.23,294.12
FAB-W2223,BUY-2617,LC-6217,EXPORT,CH01,151.97,131.53
FAB-W2224,BUY-2618,LC-6218,DOMESTIC,CH02,166.54,194.49
FAB-W2225,BUY-2619,LC-6219,EXPORT,CH03,197.58,213.22
FAB-W2226,BUY-2620,LC-6220,DOMESTIC,CH04,112.12,129.8
FAB-W2227,BUY-2621,LC-6221,EXPORT,CH01,121.58,244.5
FAB-W2228,BUY-2622,LC-6222,DOMESTIC,CH02,138.14,257.68
FAB-W2229,BUY-2623,LC-6223,EXPORT,CH03,171.71,
FAB-W2230,BUY-2624,LC-6224,DOMESTIC,CH04,181.69,154.43
FAB-W2231,BUY-2625,LC-6225,EXPORT,CH01,102.62,188.02
FAB-W2232,BUY-2626,LC-6226,DOMESTIC,CH02,113.86,159.53
FAB-W2233,BUY-2627,LC-6227,EXPORT,CH03,94.31,188.8
FAB-W2234,BUY-2628,LC-6228,DOMESTIC,CH04,213.43,226.05
FAB-W2235,BUY-2629,LC-6229,EXPORT,CH01,209.81,189.23
FAB-W2236,BUY-2630,LC-6230,DOMESTIC,CH02,201.14,226.11
FAB-W2237,BUY-2631,LC-6231,EXPORT,CH03,249.86,119.91
FAB-W2238,BUY-2632,LC-6232,DOMESTIC,CH04,178.25,287.22
FAB-W2239,BUY-2633,LC-6233,EXPORT,CH01,140.99,259.85
FAB-W2240,BUY-2634,LC-6234,DOMESTIC,CH02,238.33,
FAB-W2241,BUY-2635,LC-6235,EXPORT,CH03,162.51,177.13
FAB-W2242,BUY-2636,LC-6236,DOMESTIC,CH04,191.7,249.16
FAB-W2243,BUY-2637,LC-6237,EXPORT,CH01,122.48,214.37
FAB-W2244,BUY-2638,LC-6238,DOMESTIC,CH02,93.99,292.15
FAB-W2245,BUY-2639,LC-6239,EXPORT,CH03,114.78,280.54
FAB-W2246,BUY-2640,LC-6240,DOMESTIC,CH04,244.93,110.69
FAB-W2247,BUY-2641,LC-6241,EXPORT,CH01,258.59,234.22
FAB-W2248,BUY-2642,LC-6242,DOMESTIC,CH02,155.04,240.13
FAB-W2249,BUY-2643,LC-6243,EXPORT,CH03,239.34,253.37
FAB-W2250,BUY-2644,LC-6244,DOMESTIC,CH04,149.01,134.83
FAB-W2251,BUY-2645,LC-6245,EXPORT,CH01,206.66,
FAB-W2252,BUY-2646,LC-6246,DOMESTIC,CH02,219.46,125.0
FAB-W2253,BUY-2647,LC-6247,EXPORT,CH03,100.07,294.23
FAB-W2254,BUY-2648,LC-6248,DOMESTIC,CH04,258.02,203.15
FAB-W2255,BUY-2649,LC-6249,EXPORT,CH01,230.12,261.22
FAB-W2256,BUY-2650,LC-6250,DOMESTIC,CH02,232.84,226.35
FAB-W2257,BUY-2651,LC-6251,EXPORT,CH03,130.68,120.65
FAB-W2258,BUY-2652,LC-6252,DOMESTIC,CH04,243.41,243.38
FAB-W2259,BUY-2653,LC-6253,EXPORT,CH01,143.89,204.61
FAB-W2260,BUY-2654,LC-6254,DOMESTIC,CH02,154.57,218.35
FAB-W2261,BUY-2655,LC-6255,EXPORT,CH03,216.55,275.06
FAB-W2262,BUY-2656,LC-6256,DOMESTIC,CH04,94.45,
FAB-W2263,BUY-2657,LC-6257,EXPORT,CH01,167.32,111.0
FAB-W2264,BUY-2658,LC-6258,DOMESTIC,CH02,207.6,215.59
FAB-W2265,BUY-2659,LC-6259,EXPORT,CH03,147.14,273.99
FAB-W2266,BUY-2660,LC-6260,DOMESTIC,CH04,114.64,262.63
FAB-W2267,BUY-2661,LC-6261,EXPORT,CH01,167.47,101.79
FAB-W2268,BUY-2662,LC-6262,DOMESTIC,CH02,159.61,188.78
FAB-W2269,BUY-2663,LC-6263,EXPORT,CH03,141.73,200.18
FAB-W2270,BUY-2664,LC-6264,DOMESTIC,CH04,176.97,295.92
FAB-W2271,BUY-2665,LC-6265,EXPORT,CH01,91.92,225.27
FAB-W2272,BUY-2666,LC-6266,DOMESTIC,CH02,157.8,237.94
FAB-W2273,BUY-2667,LC-6267,EXPORT,CH03,258.25,
FAB-W2274,BUY-2668,LC-6268,DOMESTIC,CH04,226.91,186.16
FAB-W2275,BUY-2669,LC-6269,EXPORT,CH01,252.29,154.32
FAB-W2276,BUY-2670,LC-6270,DOMESTIC,CH02,237.91,283.63
FAB-W2277,BUY-2671,LC-6271,EXPORT,CH03,239.49,298.47
FAB-W2278,BUY-2672,LC-6272,DOMESTIC,CH04,247.63,187.41
FAB-W2279,BUY-2673,LC-6273,EXPORT,CH01,183.01,217.27
FAB-W2280,BUY-2674,LC-6274,DOMESTIC,CH02,255.68,163.34
FAB-W2281,BUY-2675,LC-6275,EXPORT,CH03,242.4,278.83
FAB-W2282,BUY-2676,LC-6276,DOMESTIC,CH04,212.83,172.77
FAB-W2283,BUY-2677,LC-6277,EXPORT,CH01,117.56,128.94
FAB-W2284,BUY-2678,LC-6278,DOMESTIC,CH02,173.72,
FAB-W2285,BUY-2679,LC-6279,EXPORT,CH03,183.87,231.44
FAB-W2286,BUY-2680,LC-6280,DOMESTIC,CH04,175.71,280.53
FAB-W2287,BUY-2681,LC-6281,EXPORT,CH01,204.59,244.75
FAB-W2288,BUY-2682,LC-6282,DOMESTIC,CH02,235.41,176.01
FAB-W2289,BUY-2683,LC-6283,EXPORT,CH03,227.24,234.9
FAB-W2290,BUY-2684,LC-6284,DOMESTIC,CH04,176.59,131.56
FAB-W2291,BUY-2685,LC-6285,EXPORT,CH01,228.29,197.66
FAB-W2292,BUY-2686,LC-6286,DOMESTIC,CH02,223.15,218.85
FAB-W2293,BUY-2687,LC-6287,EXPORT,CH03,159.22,211.44
FAB-W2294,BUY-2688,LC-6288,DOMESTIC,CH04,168.58,196.78
FAB-W2295,BUY-2689,LC-6289,EXPORT,CH01,239.37,
FAB-W2296,BUY-2690,LC-6290,DOMESTIC,CH02,159.2,253.09
FAB-W2297,BUY-2691,LC-6291,EXPORT,CH03,102.35,124.74
FAB-W2298,BUY-2692,LC-6292,DOMESTIC,CH04,246.38,110.39
FAB-W2299,BUY-2693,LC-6293,EXPORT,CH01,240.27,234.64
FAB-W2300,BUY-2694,LC-6294,DOMESTIC,CH02,188.37,130.27
FAB-W2301,BUY-2695,LC-6295,EXPORT,CH03,202.35,144.44
FAB-W2302,BUY-2696,LC-6296,DOMESTIC,CH04,242.2,253.94
FAB-W2303,BUY-2697,LC-6297,EXPORT,CH01,115.01,105.9
FAB-W2304,BUY-2698,LC-6298,DOMESTIC,CH02,215.32,133.46
FAB-W2305,BUY-2699,LC-6299,EXPORT,CH03,166.15,261.22
FAB-W2306,BUY-2700,LC-6300,DOMESTIC,CH04,90.78,
FAB-W2307,BUY-2701,LC-6301,EXPORT,CH01,250.15,114.62
FAB-W2308,BUY-2702,LC-6302,DOMESTIC,CH02,219.61,197.16
FAB-W2309,BUY-2703,LC-6303,EXPORT,CH03,217.08,108.47
FAB-W2310,BUY-2704,LC-6304,DOMESTIC,CH04,186.01,198.01
FAB-W2311,BUY-2705,LC-6305,EXPORT,CH01,131.56,245.26
FAB-W2312,BUY-2706,LC-6306,DOMESTIC,CH02,161.73,196.56
FAB-W2313,BUY-2707,LC-6307,EXPORT,CH03,101.48,186.22
FAB-W2314,BUY-2708,LC-6308,DOMESTIC,CH04,125.67,263.39
FAB-W2315,BUY-2709,LC-6309,EXPORT,CH01,258.36,298.54
FAB-W2316,BUY-2710,LC-6310,DOMESTIC,CH02,131.2,224.81
FAB-W2317,BUY-2711,LC-6311,EXPORT,CH03,212.64,
FAB-W2318,BUY-2712,LC-6312,DOMESTIC,CH04,119.42,160.34
FAB-W2319,BUY-2713,LC-6313,EXPORT,CH01,252.39,117.16
FAB-W2320,BUY-2714,LC-6314,DOMESTIC,CH02,129.39,208.9
FAB-W2321,BUY-2715,LC-6315,EXPORT,CH03,194.89,188.48
FAB-W2322,BUY-2716,LC-6316,DOMESTIC,CH04,144.27,100.17
FAB-W2323,BUY-2717,LC-6317,EXPORT,CH01,241.25,102.78
FAB-W2324,BUY-2718,LC-6318,DOMESTIC,CH02,247.11,138.4
FAB-W2325,BUY-2719,LC-6319,EXPORT,CH03,230.41,252.32
FAB-W2326,BUY-2720,LC-6320,DOMESTIC,CH04,238.58,107.4
FAB-W2327,BUY-2721,LC-6321,EXPORT,CH01,107.49,185.88
FAB-W2328,BUY-2722,LC-6322,DOMESTIC,CH02,232.04,
FAB-W2329,BUY-2723,LC-6323,EXPORT,CH03,173.27,122.37
FAB-W2330,BUY-2724,LC-6324,DOMESTIC,CH04,102.88,291.48
FAB-W2331,BUY-2725,LC-6325,EXPORT,CH01,181.77,212.19
FAB-W2332,BUY-2726,LC-6326,DOMESTIC,CH02,184.59,241.76
FAB-W2333,BUY-2727,LC-6327,EXPORT,CH03,239.16,110.49
FAB-W2334,BUY-2728,LC-6328,DOMESTIC,CH04,117.06,266.56
FAB-W2335,BUY-2729,LC-6329,EXPORT,CH01,140.43,201.15
FAB-W2336,BUY-2730,LC-6330,DOMESTIC,CH02,100.94,175.32
FAB-W2337,BUY-2731,LC-6331,EXPORT,CH03,141.97,139.05
FAB-W2338,BUY-2732,LC-6332,DOMESTIC,CH04,135.51,173.83
FAB-W2339,BUY-2733,LC-6333,EXPORT,CH01,199.63,
FAB-W2340,BUY-2734,LC-6334,DOMESTIC,CH02,164.17,299.7
FAB-W2341,BUY-2735,LC-6335,EXPORT,CH03,213.3,213.94
FAB-W2342,BUY-2736,LC-6336,DOMESTIC,CH04,141.56,207.23
FAB-W2343,BUY-2737,LC-6337,EXPORT,CH01,187.08,126.05
FAB-W2344,BUY-2738,LC-6338,DOMESTIC,CH02,146.36,201.39
FAB-W2345,BUY-2739,LC-6339,EXPORT,CH03,233.86,241.78
FAB-W2346,BUY-2740,LC-6340,DOMESTIC,CH04,245.68,197.74
FAB-W2347,BUY-2741,LC-6341,EXPORT,CH01,152.71,160.67
FAB-W2348,BUY-2742,LC-6342,DOMESTIC,CH02,231.01,220.72
FAB-W2349,BUY-2743,LC-6343,EXPORT,CH03,234.43,192.86
FAB-W2350,BUY-2744,LC-6344,DOMESTIC,CH04,240.31,
FAB-W2351,BUY-2745,LC-6345,EXPORT,CH01,98.87,292.89
FAB-W2352,BUY-2746,LC-6346,DOMESTIC,CH02,115.64,230.62
FAB-W2353,BUY-2747,LC-6347,EXPORT,CH03,168.76,222.45
FAB-W2354,BUY-2748,LC-6348,DOMESTIC,CH04,172.3,223.19
FAB-W2355,BUY-2749,LC-6349,EXPORT,CH01,155.09,149.21
FAB-W2356,BUY-2750,LC-6350,DOMESTIC,CH02,110.38,285.79
FAB-W2357,BUY-2751,LC-6351,EXPORT,CH03,207.14,220.13
FAB-W2358,BUY-2752,LC-6352,DOMESTIC,CH04,144.26,273.46
FAB-W2359,BUY-2753,LC-6353,EXPORT,CH01,95.22,210.45
FAB-W2360,BUY-2754,LC-6354,DOMESTIC,CH02,244.61,183.26
FAB-W2361,BUY-2755,LC-6355,EXPORT,CH03,98.99,
FAB-W2362,BUY-2756,LC-6356,DOMESTIC,CH04,227.09,121.96
FAB-W2363,BUY-2757,LC-6357,EXPORT,CH01,98.42,260.45
FAB-W2364,BUY-2758,LC-6358,DOMESTIC,CH02,259.45,179.09
FAB-W2365,BUY-2759,LC-6359,EXPORT,CH03,126.88,132.61
FAB-W2366,BUY-2760,LC-6360,DOMESTIC,CH04,115.95,293.61
FAB-W2367,BUY-2761,LC-6361,EXPORT,CH01,162.76,276.95
FAB-W2368,BUY-2762,LC-6362,DOMESTIC,CH02,146.02,260.6
FAB-W2369,BUY-2763,LC-6363,EXPORT,CH03,210.63,151.78
FAB-W2370,BUY-2764,LC-6364,DOMESTIC,CH04,148.36,132.45
FAB-W2371,BUY-2765,LC-6365,EXPORT,CH01,197.62,229.06
FAB-W2372,BUY-2766,LC-6366,DOMESTIC,CH02,112.7,
FAB-W2373,BUY-2767,LC-6367,EXPORT,CH03,136.26,273.16
FAB-W2374,BUY-2768,LC-6368,DOMESTIC,CH04,148.79,140.56
FAB-W2375,BUY-2769,LC-6369,EXPORT,CH01,195.38,225.58
FAB-W2376,BUY-2770,LC-6370,DOMESTIC,CH02,166.11,229.54
FAB-W2377,BUY-2771,LC-6371,EXPORT,CH03,207.04,126.59
FAB-W2378,BUY-2772,LC-6372,DOMESTIC,CH04,95.73,156.47
FAB-W2379,BUY-2773,LC-6373,EXPORT,CH01,255.38,129.63
FAB-W2380,BUY-2774,LC-6374,DOMESTIC,CH02,242.41,133.58
FAB-W2381,BUY-2775,LC-6375,EXPORT,CH03,254.05,222.07
FAB-W2382,BUY-2776,LC-6376,DOMESTIC,CH04,231.14,136.0
FAB-W2383,BUY-2777,LC-6377,EXPORT,CH01,205.13,
FAB-W2384,BUY-2778,LC-6378,DOMESTIC,CH02,214.33,234.9
FAB-W2385,BUY-2779,LC-6379,EXPORT,CH03,154.79,182.09
FAB-W2386,BUY-2780,LC-6380,DOMESTIC,CH04,203.35,101.66
FAB-W2387,BUY-2781,LC-6381,EXPORT,CH01,160.97,124.14
FAB-W2388,BUY-2782,LC-6382,DOMESTIC,CH02,247.14,180.4
FAB-W2389,BUY-2783,LC-6383,EXPORT,CH03,147.25,286.94
FAB-W2390,BUY-2784,LC-6384,DOMESTIC,CH04,157.79,118.93
FAB-W2391,BUY-2785,LC-6385,EXPORT,CH01,148.87,282.79
FAB-W2392,BUY-2786,LC-6386,DOMESTIC,CH02,130.43,172.84
FAB-W2393,BUY-2787,LC-6387,EXPORT,CH03,183.92,260.3
FAB-W2394,BUY-2788,LC-6388,DOMESTIC,CH04,182.45,
FAB-W2395,BUY-2789,LC-6389,EXPORT,CH01,99.5,291.61
FAB-W2396,BUY-2790,LC-6390,DOMESTIC,CH02,204.51,110.25
FAB-W2397,BUY-2791,LC-6391,EXPORT,CH03,157.98,105.95
FAB-W2398,BUY-2792,LC-6392,DOMESTIC,CH04,161.98,236.79
FAB-W2399,BUY-2793,LC-6393,EXPORT,CH01,219.49,196.01
FAB-W2400,BUY-2794,LC-6394,DOMESTIC,CH02,225.54,227.91
FAB-W2401,BUY-2795,LC-6395,EXPORT,CH03,121.93,187.26
FAB-W2402,BUY-2796,LC-6396,DOMESTIC,CH04,96.83,258.92
FAB-W2403,BUY-2797,LC-6397,EXPORT,CH01,214.68,271.34
FAB-W2404,BUY-2798,LC-6398,DOMESTIC,CH02,181.79,283.42
FAB-W2405,BUY-2799,LC-6399,EXPORT,CH03,243.74,
FAB-W2406,BUY-2800,LC-6400,DOMESTIC,CH04,162.26,149.13
FAB-W2407,BUY-2801,LC-6401,EXPORT,CH01,193.51,279.08
FAB-W2408,BUY-2802,LC-6402,DOMESTIC,CH02,173.99,127.59
FAB-W2409,BUY-2803,LC-6403,EXPORT,CH03,250.89,148.76
FAB-W2410,BUY-2804,LC-6404,DOMESTIC,CH04,189.46,290.11
FAB-W2411,BUY-2805,LC-6405,EXPORT,CH01,92.28,235.86
FAB-W2412,BUY-2806,LC-6406,DOMESTIC,CH02,213.31,199.9
FAB-W2413,BUY-2807,LC-6407,EXPORT,CH03,179.64,133.78
FAB-W2414,BUY-2808,LC-6408,DOMESTIC,CH04,238.87,215.29
FAB-W2415,BUY-2809,LC-6409,EXPORT,CH01,227.85,139.59
FAB-W2416,BUY-2810,LC-6410,DOMESTIC,CH02,91.13,
FAB-W2417,BUY-2811,LC-6411,EXPORT,CH03,202.24,222.72
FAB-W2418,BUY-2812,LC-6412,DOMESTIC,CH04,108.72,166.09
FAB-W2419,BUY-2813,LC-6413,EXPORT,CH01,161.23,108.4
FAB-W2420,BUY-2814,LC-6414,DOMESTIC,CH02,135.87,196.29
FAB-W2421,BUY-2815,LC-6415,EXPORT,CH03,107.3,139.82
FAB-W2422,BUY-2816,LC-6416,DOMESTIC,CH04,170.2,233.19
FAB-W2423,BUY-2817,LC-6417,EXPORT,CH01,93.47,141.55
FAB-W2424,BUY-2818,LC-6418,DOMESTIC,CH02,176.46,275.28
FAB-W2425,BUY-2819,LC-6419,EXPORT,CH03,172.42,111.73
FAB-W2426,BUY-2820,LC-6420,DOMESTIC,CH04,121.65,110.52
FAB-W2427,BUY-2821,LC-6421,EXPORT,CH01,213.6,
FAB-W2428,BUY-2822,LC-6422,DOMESTIC,CH02,249.56,288.21
FAB-W2429,BUY-2823,LC-6423,EXPORT,CH03,152.02,230.53
FAB-W2430,BUY-2824,LC-6424,DOMESTIC,CH04,108.46,208.71
FAB-W2431,BUY-2825,LC-6425,EXPORT,CH01,250.26,215.78
FAB-W2432,BUY-2826,LC-6426,DOMESTIC,CH02,244.28,111.39
FAB-W2433,BUY-2827,LC-6427,EXPORT,CH03,145.22,137.45
FAB-W2434,BUY-2828,LC-6428,DOMESTIC,CH04,192.97,152.7
FAB-W2435,BUY-2829,LC-6429,EXPORT,CH01,128.23,171.06
FAB-W2436,BUY-2830,LC-6430,DOMESTIC,CH02,202.85,275.95
FAB-W2437,BUY-2831,LC-6431,EXPORT,CH03,124.34,139.37
FAB-W2438,BUY-2832,LC-6432,DOMESTIC,CH04,193.56,
FAB-W2439,BUY-2833,LC-6433,EXPORT,CH01,206.67,142.14
FAB-W2440,BUY-2834,LC-6434,DOMESTIC,CH02,199.64,116.75
FAB-W2441,BUY-2835,LC-6435,EXPORT,CH03,119.42,160.47
FAB-W2442,BUY-2836,LC-6436,DOMESTIC,CH04,225.21,128.21
FAB-W2443,BUY-2837,LC-6437,EXPORT,CH01,177.61,227.24
FAB-W2444,BUY-2838,LC-6438,DOMESTIC,CH02,124.48,238.48
FAB-W2445,BUY-2839,LC-6439,EXPORT,CH03,127.07,225.8
FAB-W2446,BUY-2840,LC-6440,DOMESTIC,CH04,130.61,127.93
FAB-W2447,BUY-2841,LC-6441,EXPORT,CH01,173.53,184.51
FAB-W2448,BUY-2842,LC-6442,DOMESTIC,CH02,188.54,278.17
FAB-W2449,BUY-2843,LC-6443,EXPORT,CH03,229.77,
FAB-W2450,BUY-2844,LC-6444,DOMESTIC,CH04,204.54,196.71
FAB-W2451,BUY-2845,LC-6445,EXPORT,CH01,201.35,159.62
FAB-W2452,BUY-2846,LC-6446,DOMESTIC,CH02,243.06,273.74
FAB-W2453,BUY-2847,LC-6447,EXPORT,CH03,92.03,226.58
FAB-W2454,BUY-2848,LC-6448,DOMESTIC,CH04,177.3,124.2
FAB-W2455,BUY-2849,LC-6449,EXPORT,CH01,95.21,248.41
FAB-W2456,BUY-2850,LC-6450,DOMESTIC,CH02,244.6,244.23
FAB-W2457,BUY-2851,LC-6451,EXPORT,CH03,92.27,245.62
FAB-W2458,BUY-2852,LC-6452,DOMESTIC,CH04,184.93,183.84
FAB-W2459,BUY-2853,LC-6453,EXPORT,CH01,154.75,205.53
FAB-W2460,BUY-2854,LC-6454,DOMESTIC,CH02,147.72,
FAB-W2461,BUY-2855,LC-6455,EXPORT,CH03,257.82,139.61
FAB-W2462,BUY-2856,LC-6456,DOMESTIC,CH04,198.45,138.24
FAB-W2463,BUY-2857,LC-6457,EXPORT,CH01,131.21,235.64
FAB-W2464,BUY-2858,LC-6458,DOMESTIC,CH02,168.2,159.43
FAB-W2465,BUY-2859,LC-6459,EXPORT,CH03,167.45,256.21
FAB-W2466,BUY-2860,LC-6460,DOMESTIC,CH04,205.41,201.49
FAB-W2467,BUY-2861,LC-6461,EXPORT,CH01,251.34,109.18
FAB-W2468,BUY-2862,LC-6462,DOMESTIC,CH02,123.62,296.67
FAB-W2469,BUY-2863,LC-6463,EXPORT,CH03,237.48,140.92
FAB-W2470,BUY-2864,LC-6464,DOMESTIC,CH04,126.14,241.1
FAB-W2471,BUY-2865,LC-6465,EXPORT,CH01,145.45,
FAB-W2472,BUY-2866,LC-6466,DOMESTIC,CH02,161.67,162.57
FAB-W2473,BUY-2867,LC-6467,EXPORT,CH03,127.52,291.43
FAB-W2474,BUY-2868,LC-6468,DOMESTIC,CH04,247.99,119.5
FAB-W2475,BUY-2869,LC-6469,EXPORT,CH01,250.17,259.33
FAB-W2476,BUY-2870,LC-6470,DOMESTIC,CH02,157.17,259.91
FAB-W2477,BUY-2871,LC-6471,EXPORT,CH03,213.61,254.45
FAB-W2478,BUY-2872,LC-6472,DOMESTIC,CH04,184.58,279.68
FAB-W2479,BUY-2873,LC-6473,EXPORT,CH01,138.9,273.46
FAB-W2480,BUY-2874,LC-6474,DOMESTIC,CH02,205.67,190.2
FAB-W2481,BUY-2875,LC-6475,EXPORT,CH03,252.35,182.5
FAB-W2482,BUY-2876,LC-6476,DOMESTIC,CH04,237.89,
FAB-W2483,BUY-2877,LC-6477,EXPORT,CH01,149.7,268.83
FAB-W2484,BUY-2878,LC-6478,DOMESTIC,CH02,92.18,153.48
FAB-W2485,BUY-2879,LC-6479,EXPORT,CH03,200.53,261.39
FAB-W2486,BUY-2880,LC-6480,DOMESTIC,CH04,223.34,100.75
FAB-W2487,BUY-2881,LC-6481,EXPORT,CH01,164.88,147.26
FAB-W2488,BUY-2882,LC-6482,DOMESTIC,CH02,247.21,180.29
FAB-W2489,BUY-2883,LC-6483,EXPORT,CH03,194.88,126.12
FAB-W2490,BUY-2884,LC-6484,DOMESTIC,CH04,238.82,126.99
FAB-W2491,BUY-2885,LC-6485,EXPORT,CH01,177.99,105.21
FAB-W2492,BUY-2886,LC-6486,DOMESTIC,CH02,121.35,160.49
FAB-W2493,BUY-2887,LC-6487,EXPORT,CH03,92.4,
FAB-W2494,BUY-2888,LC-6488,DOMESTIC,CH04,189.87,197.85
FAB-W2495,BUY-2889,LC-6489,EXPORT,CH01,103.82,279.08
FAB-W2496,BUY-2890,LC-6490,DOMESTIC,CH02,90.63,137.28
FAB-W2497,BUY-2891,LC-6491,EXPORT,CH03,130.3,226.08
FAB-W2498,BUY-2892,LC-6492,DOMESTIC,CH04,209.48,296.77
FAB-W2499,BUY-2893,LC-6493,EXPORT,CH01,187.71,258.11
FAB-W2500,BUY-2894,LC-6494,DOMESTIC,CH02,160.19,183.6
FAB-W2501,BUY-2895,LC-6495,EXPORT,CH03,235.15,211.52
FAB-W2502,BUY-2896,LC-6496,DOMESTIC,CH04,246.23,226.33
FAB-W2503,BUY-2897,LC-6497,EXPORT,CH01,136.69,248.06
FAB-W2504,BUY-2898,LC-6498,DOMESTIC,CH02,193.08,
FAB-W2505,BUY-2899,LC-6499,EXPORT,CH03,204.63,204.79
FAB-W2506,BUY-2900,LC-6500,DOMESTIC,CH04,105.54,266.33
FAB-W2507,BUY-2901,LC-6501,EXPORT,CH01,100.89,275.26
FAB-W2508,BUY-2902,LC-6502,DOMESTIC,CH02,96.41,132.19
FAB-W2509,BUY-2903,LC-6503,EXPORT,CH03,190.84,256.95
FAB-W2510,BUY-2904,LC-6504,DOMESTIC,CH04,139.61,134.74
FAB-W2511,BUY-2905,LC-6505,EXPORT,CH01,118.34,142.4
FAB-W2512,BUY-2906,LC-6506,DOMESTIC,CH02,139.71,140.78
FAB-W2513,BUY-2907,LC-6507,EXPORT,CH03,111.73,254.12
FAB-W2514,BUY-2908,LC-6508,DOMESTIC,CH04,239.32,146.06
FAB-W2515,BUY-2909,LC-6509,EXPORT,CH01,96.34,
FAB-W2516,BUY-2910,LC-6510,DOMESTIC,CH02,100.42,110.06
FAB-W2517,BUY-2911,LC-6511,EXPORT,CH03,214.44,133.12
FAB-W2518,BUY-2912,LC-6512,DOMESTIC,CH04,146.24,100.29
FAB-W2519,BUY-2913,LC-6513,EXPORT,CH01,94.91,125.81
FAB-W2520,BUY-2914,LC-6514,DOMESTIC,CH02,123.79,100.35
FAB-W2521,BUY-2915,LC-6515,EXPORT,CH03,147.48,200.73
FAB-W2522,BUY-2916,LC-6516,DOMESTIC,CH04,199.2,105.28
FAB-W2523,BUY-2917,LC-6517,EXPORT,CH01,94.07,190.6
FAB-W2524,BUY-2918,LC-6518,DOMESTIC,CH02,116.04,103.97
FAB-W2525,BUY-2919,LC-6519,EXPORT,CH03,208.14,165.12
FAB-W2526,BUY-2920,LC-6520,DOMESTIC,CH04,156.78,
FAB-W2527,BUY-2921,LC-6521,EXPORT,CH01,126.02,202.29
FAB-W2528,BUY-2922,LC-6522,DOMESTIC,CH02,163.49,187.03
FAB-W2529,BUY-2923,LC-6523,EXPORT,CH03,117.56,263.2
FAB-W2530,BUY-2924,LC-6524,DOMESTIC,CH04,223.97,153.14
FAB-W2531,BUY-2925,LC-6525,EXPORT,CH01,179.55,156.3
FAB-W2532,BUY-2926,LC-6526,DOMESTIC,CH02,129.27,270.28
FAB-W2533,BUY-2927,LC-6527,EXPORT,CH03,91.19,145.59
FAB-W2534,BUY-2928,LC-6528,DOMESTIC,CH04,149.87,183.95
FAB-W2535,BUY-2929,LC-6529,EXPORT,CH01,250.45,182.73
FAB-W2536,BUY-2930,LC-6530,DOMESTIC,CH02,92.43,247.14
FAB-W2537,BUY-2931,LC-6531,EXPORT,CH03,258.01,
FAB-W2538,BUY-2932,LC-6532,DOMESTIC,CH04,173.33,252.89
FAB-W2539,BUY-2933,LC-6533,EXPORT,CH01,248.15,226.92
FAB-W2540,BUY-2934,LC-6534,DOMESTIC,CH02,145.3,191.58
FAB-W2541,BUY-2935,LC-6535,EXPORT,CH03,131.51,187.98
FAB-W2542,BUY-2936,LC-6536,DOMESTIC,CH04,155.58,295.0
FAB-W2543,BUY-2937,LC-6537,EXPORT,CH01,133.99,209.67
FAB-W2544,BUY-2938,LC-6538,DOMESTIC,CH02,129.36,215.63
FAB-W2545,BUY-2939,LC-6539,EXPORT,CH03,136.63,274.6
FAB-W2546,BUY-2940,LC-6540,DOMESTIC,CH04,129.27,199.79
FAB-W2547,BUY-2941,LC-6541,EXPORT,CH01,221.86,223.19
FAB-W2548,BUY-2942,LC-6542,DOMESTIC,CH02,142.71,
FAB-W2549,BUY-2943,LC-6543,EXPORT,CH03,225.19,149.64
FAB-W2550,BUY-2944,LC-6544,DOMESTIC,CH04,232.12,105.8
FAB-W2551,BUY-2945,LC-6545,EXPORT,CH01,129.88,205.62
FAB-W2552,BUY-2946,LC-6546,DOMESTIC,CH02,170.18,212.2
FAB-W2553,BUY-2947,LC-6547,EXPORT,CH03,117.5,222.46
FAB-W2554,BUY-2948,LC-6548,DOMESTIC,CH04,130.96,256.19
FAB-W2555,BUY-2949,LC-6549,EXPORT,CH01,212.5,192.39
FAB-W2556,BUY-2950,LC-6550,DOMESTIC,CH02,177.45,217.24
FAB-W2557,BUY-2951,LC-6551,EXPORT,CH03,240.91,250.58
FAB-W2558,BUY-2952,LC-6552,DOMESTIC,CH04,181.07,156.39
FAB-W2559,BUY-2953,LC-6553,EXPORT,CH01,224.66,
FAB-W2560,BUY-2954,LC-6554,DOMESTIC,CH02,208.66,206.61
FAB-W2561,BUY-2955,LC-6555,EXPORT,CH03,222.03,276.56
FAB-W2562,BUY-2956,LC-6556,DOMESTIC,CH04,152.36,234.62
FAB-W2563,BUY-2957,LC-6557,EXPORT,CH01,175.29,136.61
FAB-W2564,BUY-2958,LC-6558,DOMESTIC,CH02,182.66,167.13
FAB-W2565,BUY-2959,LC-6559,EXPORT,CH03,101.73,251.87
FAB-W2566,BUY-2960,LC-6560,DOMESTIC,CH04,98.3,157.37
FAB-W2567,BUY-2961,LC-6561,EXPORT,CH01,105.41,153.39
FAB-W2568,BUY-2962,LC-6562,DOMESTIC,CH02,184.22,269.73
FAB-W2569,BUY-2963,LC-6563,EXPORT,CH03,151.14,118.59
FAB-W2570,BUY-2964,LC-6564,DOMESTIC,CH04,243.75,
FAB-W2571,BUY-2965,LC-6565,EXPORT,CH01,149.83,271.28
FAB-W2572,BUY-2966,LC-6566,DOMESTIC,CH02,134.48,283.63
FAB-W2573,BUY-2967,LC-6567,EXPORT,CH03,230.66,137.66
FAB-W2574,BUY-2968,LC-6568,DOMESTIC,CH04,232.07,286.27
FAB-W2575,BUY-2969,LC-6569,EXPORT,CH01,178.01,102.98
FAB-W2576,BUY-2970,LC-6570,DOMESTIC,CH02,194.3,245.53
FAB-W2577,BUY-2971,LC-6571,EXPORT,CH03,213.47,209.61
FAB-W2578,BUY-2972,LC-6572,DOMESTIC,CH04,237.46,209.5
FAB-W2579,BUY-2973,LC-6573,EXPORT,CH01,137.51,257.95
FAB-W2580,BUY-2974,LC-6574,DOMESTIC,CH02,203.47,172.55
FAB-W2581,BUY-2975,LC-6575,EXPORT,CH03,135.06,
FAB-W2582,BUY-2976,LC-6576,DOMESTIC,CH04,112.98,260.14
FAB-W2583,BUY-2977,LC-6577,EXPORT,CH01,160.01,208.13
FAB-W2584,BUY-2978,LC-6578,DOMESTIC,CH02,97.68,185.11
FAB-W2585,BUY-2979,LC-6579,EXPORT,CH03,101.8,168.5
FAB-W2586,BUY-2980,LC-6580,DOMESTIC,CH04,156.23,236.95
FAB-W2587,BUY-2981,LC-6581,EXPORT,CH01,255.1,272.11
FAB-W2588,BUY-2982,LC-6582,DOMESTIC,CH02,114.28,237.01
FAB-W2589,BUY-2983,LC-6583,EXPORT,CH03,163.56,136.73
FAB-W2590,BUY-2984,LC-6584,DOMESTIC,CH04,162.9,172.76
FAB-W2591,BUY-2985,LC-6585,EXPORT,CH01,110.68,233.1
FAB-W2592,BUY-2986,LC-6586,DOMESTIC,CH02,201.66,
FAB-W2593,BUY-2987,LC-6587,EXPORT,CH03,111.81,262.22
FAB-W2594,BUY-2988,LC-6588,DOMESTIC,CH04,128.93,231.85
FAB-W2595,BUY-2989,LC-6589,EXPORT,CH01,234.64,295.18
FAB-W2596,BUY-2990,LC-6590,DOMESTIC,CH02,112.46,156.11
FAB-W2597,BUY-2991,LC-6591,EXPORT,CH03,207.07,159.31
FAB-W2598,BUY-2992,LC-6592,DOMESTIC,CH04,247.79,236.42
FAB-W2599,BUY-2993,LC-6593,EXPORT,CH01,169.42,277.75
FAB-W2600,BUY-2994,LC-6594,DOMESTIC,CH02,188.44,153.08
FAB-W2601,BUY-2995,LC-6595,EXPORT,CH03,238.99,155.64
FAB-W2602,BUY-2996,LC-6596,DOMESTIC,CH04,106.77,144.74
FAB-W2603,BUY-2997,LC-6597,EXPORT,CH01,128.51,
FAB-W2604,BUY-2998,LC-6598,DOMESTIC,CH02,99.53,241.27
FAB-W2605,BUY-2999,LC-6599,EXPORT,CH03,138.78,158.13
FAB-W2606,BUY-3000,LC-6600,DOMESTIC,CH04,214.75,100.54
FAB-W2607,BUY-3001,LC-6601,EXPORT,CH01,212.99,197.86
FAB-W2608,BUY-3002,LC-6602,DOMESTIC,CH02,90.81,248.08
FAB-W2609,BUY-3003,LC-6603,EXPORT,CH03,206.21,177.12
FAB-W2610,BUY-3004,LC-6604,DOMESTIC,CH04,116.09,201.45
FAB-W2611,BUY-3005,LC-6605,EXPORT,CH01,245.86,110.92
FAB-W2612,BUY-3006,LC-6606,DOMESTIC,CH02,213.38,282.46
FAB-W2613,BUY-3007,LC-6607,EXPORT,CH03,218.66,121.52
FAB-W2614,BUY-3008,LC-6608,DOMESTIC,CH04,162.92,
FAB-W2615,BUY-3009,LC-6609,EXPORT,CH01,140.37,110.6
FAB-W2616,BUY-3010,LC-6610,DOMESTIC,CH02,219.87,255.3
FAB-W2617,BUY-3011,LC-6611,EXPORT,CH03,114.64,171.37
FAB-W2618,BUY-3012,LC-6612,DOMESTIC,CH04,218.21,179.38
FAB-W2619,BUY-3013,LC-6613,EXPORT,CH01,195.63,225.42
FAB-W2620,BUY-3014,LC-6614,DOMESTIC,CH02,176.68,103.21
FAB-W2621,BUY-3015,LC-6615,EXPORT,CH03,221.5,207.1
FAB-W2622,BUY-3016,LC-6616,DOMESTIC,CH04,233.45,119.74
FAB-W2623,BUY-3017,LC-6617,EXPORT,CH01,179.27,208.21
FAB-W2624,BUY-3018,LC-6618,DOMESTIC,CH02,192.7,177.48
FAB-W2625,BUY-3019,LC-6619,EXPORT,CH03,249.59,
FAB-W2626,BUY-3020,LC-6620,DOMESTIC,CH04,145.92,114.74
FAB-W2627,BUY-3021,LC-6621,EXPORT,CH01,101.58,155.46
FAB-W2628,BUY-3022,LC-6622,DOMESTIC,CH02,211.8,292.78
FAB-W2629,BUY-3023,LC-6623,EXPORT,CH03,191.75,298.25
FAB-W2630,BUY-3024,LC-6624,DOMESTIC,CH04,100.05,253.18
FAB-W2631,BUY-3025,LC-6625,EXPORT,CH01,104.0,257.31
FAB-W2632,BUY-3026,LC-6626,DOMESTIC,CH02,120.8,246.18
FAB-W2633,BUY-3027,LC-6627,EXPORT,CH03,170.58,131.7
FAB-W2634,BUY-3028,LC-6628,DOMESTIC,CH04,221.47,162.57
FAB-W2635,BUY-3029,LC-6629,EXPORT,CH01,114.52,115.49
FAB-W2636,BUY-3030,LC-6630,DOMESTIC,CH02,160.01,
FAB-W2637,BUY-3031,LC-6631,EXPORT,CH03,165.37,270.01
FAB-W2638,BUY-3032,LC-6632,DOMESTIC,CH04,126.02,278.6
FAB-W2639,BUY-3033,LC-6633,EXPORT,CH01,188.69,196.6
FAB-W2640,BUY-3034,LC-6634,DOMESTIC,CH02,163.1,190.82
FAB-W2641,BUY-3035,LC-6635,EXPORT,CH03,210.39,216.96
FAB-W2642,BUY-3036,LC-6636,DOMESTIC,CH04,206.43,211.32
FAB-W2643,BUY-3037,LC-6637,EXPORT,CH01,128.11,211.4
FAB-W2644,BUY-3038,LC-6638,DOMESTIC,CH02,230.03,232.03
FAB-W2645,BUY-3039,LC-6639,EXPORT,CH03,149.43,217.95
FAB-W2646,BUY-3040,LC-6640,DOMESTIC,CH04,165.59,121.97
FAB-W2647,BUY-3041,LC-6641,EXPORT,CH01,228.44,
FAB-W2648,BUY-3042,LC-6642,DOMESTIC,CH02,103.7,204.34
FAB-W2649,BUY-3043,LC-6643,EXPORT,CH03,243.96,239.06
FAB-W2650,BUY-3044,LC-6644,DOMESTIC,CH04,137.98,203.74
FAB-W2651,BUY-3045,LC-6645,EXPORT,CH01,109.34,246.37
FAB-W2652,BUY-3046,LC-6646,DOMESTIC,CH02,93.07,186.69
FAB-W2653,BUY-3047,LC-6647,EXPORT,CH03,127.0,225.91
FAB-W2654,BUY-3048,LC-6648,DOMESTIC,CH04,232.55,152.34
FAB-W2655,BUY-3049,LC-6649,EXPORT,CH01,165.62,241.71
FAB-W2656,BUY-3050,LC-6650,DOMESTIC,CH02,220.48,188.57
FAB-W2657,BUY-3051,LC-6651,EXPORT,CH03,125.99,266.86
FAB-W2658,BUY-3052,LC-6652,DOMESTIC,CH04,216.94,
FAB-W2659,BUY-3053,LC-6653,EXPORT,CH01,108.61,183.39
FAB-W2660,BUY-3054,LC-6654,DOMESTIC,CH02,147.25,231.5
FAB-W2661,BUY-3055,LC-6655,EXPORT,CH03,194.63,179.79
FAB-W2662,BUY-3056,LC-6656,DOMESTIC,CH04,98.06,238.4
FAB-W2663,BUY-3057,LC-6657,EXPORT,CH01,112.68,239.78
FAB-W2664,BUY-3058,LC-6658,DOMESTIC,CH02,197.09,135.22
FAB-W2665,BUY-3059,LC-6659,EXPORT,CH03,204.3,130.93
FAB-W2666,BUY-3060,LC-6660,DOMESTIC,CH04,230.61,105.78
FAB-W2667,BUY-3061,LC-6661,EXPORT,CH01,142.27,299.0
FAB-W2668,BUY-3062,LC-6662,DOMESTIC,CH02,257.95,164.38
FAB-W2669,BUY-3063,LC-6663,EXPORT,CH03,194.92,
FAB-W2670,BUY-3064,LC-6664,DOMESTIC,CH04,120.87,268.89
FAB-W2671,BUY-3065,LC-6665,EXPORT,CH01,105.15,149.19
FAB-W2672,BUY-3066,LC-6666,DOMESTIC,CH02,222.73,155.94
FAB-W2673,BUY-3067,LC-6667,EXPORT,CH03,191.99,246.58
FAB-W2674,BUY-3068,LC-6668,DOMESTIC,CH04,213.34,148.03
FAB-W2675,BUY-3069,LC-6669,EXPORT,CH01,229.19,157.11
FAB-W2676,BUY-3070,LC-6670,DOMESTIC,CH02,206.13,153.91
FAB-W2677,BUY-3071,LC-6671,EXPORT,CH03,103.91,170.3
FAB-W2678,BUY-3072,LC-6672,DOMESTIC,CH04,115.19,270.03
FAB-W2679,BUY-3073,LC-6673,EXPORT,CH01,133.39,255.36
FAB-W2680,BUY-3074,LC-6674,DOMESTIC,CH02,215.11,
FAB-W2681,BUY-3075,LC-6675,EXPORT,CH03,206.48,123.44
FAB-W2682,BUY-3076,LC-6676,DOMESTIC,CH04,127.25,143.56
FAB-W2683,BUY-3077,LC-6677,EXPORT,CH01,248.7,169.06
FAB-W2684,BUY-3078,LC-6678,DOMESTIC,CH02,99.62,285.12
FAB-W2685,BUY-3079,LC-6679,EXPORT,CH03,154.98,234.51
FAB-W2686,BUY-3080,LC-6680,DOMESTIC,CH04,242.98,217.61
FAB-W2687,BUY-3081,LC-6681,EXPORT,CH01,256.24,169.73
FAB-W2688,BUY-3082,LC-6682,DOMESTIC,CH02,100.19,150.24
FAB-W2689,BUY-3083,LC-6683,EXPORT,CH03,221.9,171.96
FAB-W2690,BUY-3084,LC-6684,DOMESTIC,CH04,141.58,299.96
FAB-W2691,BUY-3085,LC-6685,EXPORT,CH01,222.77,
FAB-W2692,BUY-3086,LC-6686,DOMESTIC,CH02,201.78,127.39
FAB-W2693,BUY-3087,LC-6687,EXPORT,CH03,258.36,137.55
FAB-W2694,BUY-3088,LC-6688,DOMESTIC,CH04,188.58,130.47
FAB-W2695,BUY-3089,LC-6689,EXPORT,CH01,131.98,266.33
FAB-W2696,BUY-3090,LC-6690,DOMESTIC,CH02,255.28,295.42
FAB-W2697,BUY-3091,LC-6691,EXPORT,CH03,165.23,183.86
FAB-W2698,BUY-3092,LC-6692,DOMESTIC,CH04,165.83,229.4
FAB-W2699,BUY-3093,LC-6693,EXPORT,CH01,200.33,155.01
FAB-W2700,BUY-3094,LC-6694,DOMESTIC,CH02,231.49,179.22
FAB-W2701,BUY-3095,LC-6695,EXPORT,CH03,114.28,179.13
FAB-W2702,BUY-3096,LC-6696,DOMESTIC,CH04,194.24,
FAB-W2703,BUY-3097,LC-6697,EXPORT,CH01,173.76,267.25
FAB-W2704,BUY-3098,LC-6698,DOMESTIC,CH02,97.91,256.16
FAB-W2705,BUY-3099,LC-6699,EXPORT,CH03,112.39,134.64
FAB-W2706,BUY-3100,LC-6700,DOMESTIC,CH04,128.54,113.91
FAB-W2707,BUY-3101,LC-6701,EXPORT,CH01,168.12,230.83
FAB-W2708,BUY-3102,LC-6702,DOMESTIC,CH02,189.83,242.85
FAB-W2709,BUY-3103,LC-6703,EXPORT,CH03,220.99,252.58
FAB-W2710,BUY-3104,LC-6704,DOMESTIC,CH04,217.08,291.69
FAB-W2711,BUY-3105,LC-6705,EXPORT,CH01,107.89,111.88
FAB-W2712,BUY-3106,LC-6706,DOMESTIC,CH02,152.07,157.57
FAB-W2713,BUY-3107,LC-6707,EXPORT,CH03,236.15,
FAB-W2714,BUY-3108,LC-6708,DOMESTIC,CH04,156.88,224.25
FAB-W2715,BUY-3109,LC-6709,EXPORT,CH01,106.08,250.55
FAB-W2716,BUY-3110,LC-6710,DOMESTIC,CH02,234.55,196.28
FAB-W2717,BUY-3111,LC-6711,EXPORT,CH03,232.88,212.61
FAB-W2718,BUY-3112,LC-6712,DOMESTIC,CH04,181.46,281.37
FAB-W2719,BUY-3113,LC-6713,EXPORT,CH01,116.59,255.03
FAB-W2720,BUY-3114,LC-6714,DOMESTIC,CH02,199.31,215.0
FAB-W2721,BUY-3115,LC-6715,EXPORT,CH03,123.37,118.18
FAB-W2722,BUY-3116,LC-6716,DOMESTIC,CH04,118.91,118.5
FAB-W2723,BUY-3117,LC-6717,EXPORT,CH01,224.94,263.1
FAB-W2724,BUY-3118,LC-6718,DOMESTIC,CH02,195.08,
FAB-W2725,BUY-3119,LC-6719,EXPORT,CH03,173.27,194.44
FAB-W2726,BUY-3120,LC-6720,DOMESTIC,CH04,178.9,183.3
FAB-W2727,BUY-3121,LC-6721,EXPORT,CH01,121.12,278.73
FAB-W2728,BUY-3122,LC-6722,DOMESTIC,CH02,255.25,239.02
FAB-W2729,BUY-3123,LC-6723,EXPORT,CH03,105.38,181.51
FAB-W2730,BUY-3124,LC-6724,DOMESTIC,CH04,161.87,208.58
FAB-W2731,BUY-3125,LC-6725,EXPORT,CH01,157.76,297.54
FAB-W2732,BUY-3126,LC-6726,DOMESTIC,CH02,155.6,232.89
FAB-W2733,BUY-3127,LC-6727,EXPORT,CH03,200.03,156.88
FAB-W2734,BUY-3128,LC-6728,DOMESTIC,CH04,145.08,214.97
FAB-W2735,BUY-3129,LC-6729,EXPORT,CH01,90.89,
FAB-W2736,BUY-3130,LC-6730,DOMESTIC,CH02,217.08,286.12
FAB-W2737,BUY-3131,LC-6731,EXPORT,CH03,117.2,170.05
FAB-W2738,BUY-3132,LC-6732,DOMESTIC,CH04,155.65,263.67
FAB-W2739,BUY-3133,LC-6733,EXPORT,CH01,197.39,244.35
FAB-W2740,BUY-3134,LC-6734,DOMESTIC,CH02,229.42,220.94
FAB-W2741,BUY-3135,LC-6735,EXPORT,CH03,184.98,260.68
FAB-W2742,BUY-3136,LC-6736,DOMESTIC,CH04,179.86,291.76
FAB-W2743,BUY-3137,LC-6737,EXPORT,CH01,169.92,115.27
FAB-W2744,BUY-3138,LC-6738,DOMESTIC,CH02,220.03,263.06
FAB-W2745,BUY-3139,LC-6739,EXPORT,CH03,124.29,241.53
FAB-W2746,BUY-3140,LC-6740,DOMESTIC,CH04,129.68,
FAB-W2747,BUY-3141,LC-6741,EXPORT,CH01,220.95,138.22
FAB-W2748,BUY-3142,LC-6742,DOMESTIC,CH02,109.93,148.73
FAB-W2749,BUY-3143,LC-6743,EXPORT,CH03,109.99,238.95
FAB-W2750,BUY-3144,LC-6744,DOMESTIC,CH04,206.76,197.81
FAB-W2751,BUY-3145,LC-6745,EXPORT,CH01,98.84,244.15
FAB-W2752,BUY-3146,LC-6746,DOMESTIC,CH02,138.61,161.91
FAB-W2753,BUY-3147,LC-6747,EXPORT,CH03,240.24,205.7
FAB-W2754,BUY-3148,LC-6748,DOMESTIC,CH04,247.64,279.4
FAB-W2755,BUY-3149,LC-6749,EXPORT,CH01,187.1,231.13
FAB-W2756,BUY-3150,LC-6750,DOMESTIC,CH02,232.54,155.82
FAB-W2757,BUY-3151,LC-6751,EXPORT,CH03,188.36,
FAB-W2758,BUY-3152,LC-6752,DOMESTIC,CH04,193.2,117.89
FAB-W2759,BUY-3153,LC-6753,EXPORT,CH01,130.64,246.28
FAB-W2760,BUY-3154,LC-6754,DOMESTIC,CH02,128.37,194.94
FAB-W2761,BUY-3155,LC-6755,EXPORT,CH03,193.58,180.93
FAB-W2762,BUY-3156,LC-6756,DOMESTIC,CH04,255.38,166.98
FAB-W2763,BUY-3157,LC-6757,EXPORT,CH01,90.25,223.22
FAB-W2764,BUY-3158,LC-6758,DOMESTIC,CH02,157.79,110.47
FAB-W2765,BUY-3159,LC-6759,EXPORT,CH03,162.88,156.52
FAB-W2766,BUY-3160,LC-6760,DOMESTIC,CH04,91.03,141.95
FAB-W2767,BUY-3161,LC-6761,EXPORT,CH01,95.06,250.83
FAB-W2768,BUY-3162,LC-6762,DOMESTIC,CH02,171.8,
FAB-W2769,BUY-3163,LC-6763,EXPORT,CH03,162.37,243.1
FAB-W2770,BUY-3164,LC-6764,DOMESTIC,CH04,104.75,292.45
FAB-W2771,BUY-3165,LC-6765,EXPORT,CH01,155.15,248.19
FAB-W2772,BUY-3166,LC-6766,DOMESTIC,CH02,156.61,108.72
FAB-W2773,BUY-3167,LC-6767,EXPORT,CH03,138.32,211.59
FAB-W2774,BUY-3168,LC-6768,DOMESTIC,CH04,126.53,297.75
FAB-W2775,BUY-3169,LC-6769,EXPORT,CH01,137.73,263.35
FAB-W2776,BUY-3170,LC-6770,DOMESTIC,CH02,175.61,232.21
FAB-W2777,BUY-3171,LC-6771,EXPORT,CH03,108.17,161.44
FAB-W2778,BUY-3172,LC-6772,DOMESTIC,CH04,140.47,292.26
FAB-W2779,BUY-3173,LC-6773,EXPORT,CH01,131.4,
FAB-W2780,BUY-3174,LC-6774,DOMESTIC,CH02,219.54,286.12
FAB-W2781,BUY-3175,LC-6775,EXPORT,CH03,232.6,163.2
FAB-W2782,BUY-3176,LC-6776,DOMESTIC,CH04,200.3,243.75
FAB-W2783,BUY-3177,LC-6777,EXPORT,CH01,221.88,170.28
FAB-W2784,BUY-3178,LC-6778,DOMESTIC,CH02,114.59,145.61
FAB-W2785,BUY-3179,LC-6779,EXPORT,CH03,124.96,207.07
FAB-W2786,BUY-3180,LC-6780,DOMESTIC,CH04,100.04,269.69
FAB-W2787,BUY-3181,LC-6781,EXPORT,CH01,219.92,199.06
FAB-W2788,BUY-3182,LC-6782,DOMESTIC,CH02,195.01,202.49
FAB-W2789,BUY-3183,LC-6783,EXPORT,CH03,97.62,270.24
FAB-W2790,BUY-3184,LC-6784,DOMESTIC,CH04,125.5,
FAB-W2791,BUY-3185,LC-6785,EXPORT,CH01,207.91,282.68
FAB-W2792,BUY-3186,LC-6786,DOMESTIC,CH02,91.75,143.15
FAB-W2793,BUY-3187,LC-6787,EXPORT,CH03,90.45,288.64
FAB-W2794,BUY-3188,LC-6788,DOMESTIC,CH04,197.49,262.96
FAB-W2795,BUY-3189,LC-6789,EXPORT,CH01,149.82,192.31
FAB-W2796,BUY-3190,LC-6790,DOMESTIC,CH02,158.49,151.05
FAB-W2797,BUY-3191,LC-6791,EXPORT,CH03,204.09,202.93
FAB-W2798,BUY-3192,LC-6792,DOMESTIC,CH04,176.03,122.56
FAB-W2799,BUY-3193,LC-6793,EXPORT,CH01,202.21,219.23
FAB-W2800,BUY-3194,LC-6794,DOMESTIC,CH02,171.81,256.91
FAB-W2801,BUY-3195,LC-6795,EXPORT,CH03,259.03,
FAB-W2802,BUY-3196,LC-6796,DOMESTIC,CH04,128.31,129.25
FAB-W2803,BUY-3197,LC-6797,EXPORT,CH01,108.15,220.04
FAB-W2804,BUY-3198,LC-6798,DOMESTIC,CH02,99.07,224.24
FAB-W2805,BUY-3199,LC-6799,EXPORT,CH03,109.82,220.58
FAB-W2806,BUY-3200,LC-6800,DOMESTIC,CH04,179.36,127.58
FAB-W2807,BUY-3201,LC-6801,EXPORT,CH01,206.66,210.95
FAB-W2808,BUY-3202,LC-6802,DOMESTIC,CH02,239.66,214.79
FAB-W2809,BUY-3203,LC-6803,EXPORT,CH03,243.62,295.41
FAB-W2810,BUY-3204,LC-6804,DOMESTIC,CH04,232.8,155.89
FAB-W2811,BUY-3205,LC-6805,EXPORT,CH01,195.75,222.78
FAB-W2812,BUY-3206,LC-6806,DOMESTIC,CH02,232.31,
FAB-W2813,BUY-3207,LC-6807,EXPORT,CH03,127.36,176.99
FAB-W2814,BUY-3208,LC-6808,DOMESTIC,CH04,255.21,280.82
FAB-W2815,BUY-3209,LC-6809,EXPORT,CH01,192.34,225.76
FAB-W2816,BUY-3210,LC-6810,DOMESTIC,CH02,161.65,122.6
FAB-W2817,BUY-3211,LC-6811,EXPORT,CH03,194.24,107.1
FAB-W2818,BUY-3212,LC-6812,DOMESTIC,CH04,242.33,203.97
FAB-W2819,BUY-3213,LC-6813,EXPORT,CH01,116.39,254.71
FAB-W2820,BUY-3214,LC-6814,DOMESTIC,CH02,115.1,269.47
FAB-W2821,BUY-3215,LC-6815,EXPORT,CH03,183.96,241.43
FAB-W2822,BUY-3216,LC-6816,DOMESTIC,CH04,121.06,174.8
FAB-W2823,BUY-3217,LC-6817,EXPORT,CH01,167.92,
FAB-W2824,BUY-3218,LC-6818,DOMESTIC,CH02,145.4,199.36
FAB-W2825,BUY-3219,LC-6819,EXPORT,CH03,113.1,238.4
FAB-W2826,BUY-3220,LC-6820,DOMESTIC,CH04,146.64,126.41
FAB-W2827,BUY-3221,LC-6821,EXPORT,CH01,198.43,105.63
FAB-W2828,BUY-3222,LC-6822,DOMESTIC,CH02,100.99,208.72
FAB-W2829,BUY-3223,LC-6823,EXPORT,CH03,245.39,267.66
FAB-W2830,BUY-3224,LC-6824,DOMESTIC,CH04,165.53,109.26
FAB-W2831,BUY-3225,LC-6825,EXPORT,CH01,194.85,171.99
FAB-W2832,BUY-3226,LC-6826,DOMESTIC,CH02,221.02,258.22
FAB-W2833,BUY-3227,LC-6827,EXPORT,CH03,174.37,197.38
FAB-W2834,BUY-3228,LC-6828,DOMESTIC,CH04,213.7,
FAB-W2835,BUY-3229,LC-6829,EXPORT,CH01,240.95,209.35
FAB-W2836,BUY-3230,LC-6830,DOMESTIC,CH02,222.86,194.31
FAB-W2837,BUY-3231,LC-6831,EXPORT,CH03,122.25,101.99
FAB-W2838,BUY-3232,LC-6832,DOMESTIC,CH04,196.5,263.44
FAB-W2839,BUY-3233,LC-6833,EXPORT,CH01,175.45,220.59
FAB-W2840,BUY-3234,LC-6834,DOMESTIC,CH02,112.28,283.24
FAB-W2841,BUY-3235,LC-6835,EXPORT,CH03,156.61,185.03
FAB-W2842,BUY-3236,LC-6836,DOMESTIC,CH04,112.11,166.92
FAB-W2843,BUY-3237,LC-6837,EXPORT,CH01,176.38,208.17
FAB-W2844,BUY-3238,LC-6838,DOMESTIC,CH02,153.91,187.87
FAB-W2845,BUY-3239,LC-6839,EXPORT,CH03,175.23,
FAB-W2846,BUY-3240,LC-6840,DOMESTIC,CH04,221.38,252.32
FAB-W2847,BUY-3241,LC-6841,EXPORT,CH01,255.59,180.14
FAB-W2848,BUY-3242,LC-6842,DOMESTIC,CH02,235.34,227.79
FAB-W2849,BUY-3243,LC-6843,EXPORT,CH03,163.36,113.12
FAB-W2850,BUY-3244,LC-6844,DOMESTIC,CH04,209.16,249.43
FAB-W2851,BUY-3245,LC-6845,EXPORT,CH01,246.05,101.64
FAB-W2852,BUY-3246,LC-6846,DOMESTIC,CH02,127.01,115.37
FAB-W2853,BUY-3247,LC-6847,EXPORT,CH03,212.41,159.76
FAB-W2854,BUY-3248,LC-6848,DOMESTIC,CH04,99.52,141.0
FAB-W2855,BUY-3249,LC-6849,EXPORT,CH01,184.92,100.49
FAB-W2856,BUY-3250,LC-6850,DOMESTIC,CH02,150.1,
FAB-W2857,BUY-3251,LC-6851,EXPORT,CH03,124.77,170.63
FAB-W2858,BUY-3252,LC-6852,DOMESTIC,CH04,245.92,102.08
FAB-W2859,BUY-3253,LC-6853,EXPORT,CH01,151.27,206.57
FAB-W2860,BUY-3254,LC-6854,DOMESTIC,CH02,153.05,138.05
FAB-W2861,BUY-3255,LC-6855,EXPORT,CH03,206.88,164.16
FAB-W2862,BUY-3256,LC-6856,DOMESTIC,CH04,241.62,158.67
FAB-W2863,BUY-3257,LC-6857,EXPORT,CH01,121.27,165.67
FAB-W2864,BUY-3258,LC-6858,DOMESTIC,CH02,101.69,283.1
FAB-W2865,BUY-3259,LC-6859,EXPORT,CH03,245.13,299.58
FAB-W2866,BUY-3260,LC-6860,DOMESTIC,CH04,165.05,204.13
FAB-W2867,BUY-3261,LC-6861,EXPORT,CH01,127.15,
FAB-W2868,BUY-3262,LC-6862,DOMESTIC,CH02,253.01,259.84
FAB-W2869,BUY-3263,LC-6863,EXPORT,CH03,156.3,119.61
FAB-W2870,BUY-3264,LC-6864,DOMESTIC,CH04,178.69,295.11
FAB-W2871,BUY-3265,LC-6865,EXPORT,CH01,121.78,171.79
FAB-W2872,BUY-3266,LC-6866,DOMESTIC,CH02,205.48,202.3
FAB-W2873,BUY-3267,LC-6867,EXPORT,CH03,109.99,240.08
FAB-W2874,BUY-3268,LC-6868,DOMESTIC,CH04,191.39,239.25
FAB-W2875,BUY-3269,LC-6869,EXPORT,CH01,218.25,228.94
FAB-W2876,BUY-3270,LC-6870,DOMESTIC,CH02,152.24,152.21
FAB-W2877,BUY-3271,LC-6871,EXPORT,CH03,213.44,252.09
FAB-W2878,BUY-3272,LC-6872,DOMESTIC,CH04,190.85,
FAB-W2879,BUY-3273,LC-6873,EXPORT,CH01,218.64,185.51
FAB-W2880,BUY-3274,LC-6874,DOMESTIC,CH02,134.24,243.19
FAB-W2881,BUY-3275,LC-6875,EXPORT,CH03,145.77,286.59
FAB-W2882,BUY-3276,LC-6876,DOMESTIC,CH04,93.63,248.21
FAB-W2883,BUY-3277,LC-6877,EXPORT,CH01,205.72,242.12
FAB-W2884,BUY-3278,LC-6878,DOMESTIC,CH02,101.72,286.12
FAB-W2885,BUY-3279,LC-6879,EXPORT,CH03,246.6,259.01
FAB-W2886,BUY-3280,LC-6880,DOMESTIC,CH04,213.56,212.02
FAB-W2887,BUY-3281,LC-6881,EXPORT,CH01,176.64,241.37
FAB-W2888,BUY-3282,LC-6882,DOMESTIC,CH02,176.52,158.19
FAB-W2889,BUY-3283,LC-6883,EXPORT,CH03,211.58,
FAB-W2890,BUY-3284,LC-6884,DOMESTIC,CH04,137.5,296.63
FAB-W2891,BUY-3285,LC-6885,EXPORT,CH01,241.26,172.41
FAB-W2892,BUY-3286,LC-6886,DOMESTIC,CH02,211.0,265.36
FAB-W2893,BUY-3287,LC-6887,EXPORT,CH03,143.04,136.6
FAB-W2894,BUY-3288,LC-6888,DOMESTIC,CH04,190.45,226.07
FAB-W2895,BUY-3289,LC-6889,EXPORT,CH01,116.81,131.2
FAB-W2896,BUY-3290,LC-6890,DOMESTIC,CH02,158.5,216.54
FAB-W2897,BUY-3291,LC-6891,EXPORT,CH03,114.2,252.8
FAB-W2898,BUY-3292,LC-6892,DOMESTIC,CH04,127.76,247.64
FAB-W2899,BUY-3293,LC-6893,EXPORT,CH01,242.42,226.0
FAB-W2900,BUY-3294,LC-6894,DOMESTIC,CH02,117.28,
FAB-W2901,BUY-3295,LC-6895,EXPORT,CH03,255.59,187.05
FAB-W2902,BUY-3296,LC-6896,DOMESTIC,CH04,181.56,210.51
FAB-W2903,BUY-3297,LC-6897,EXPORT,CH01,148.87,119.73
FAB-W2904,BUY-3298,LC-6898,DOMESTIC,CH02,97.3,240.69
FAB-W2905,BUY-3299,LC-6899,EXPORT,CH03,128.09,219.31
FAB-W2906,BUY-3300,LC-6900,DOMESTIC,CH04,102.99,136.67
FAB-W2907,BUY-3301,LC-6901,EXPORT,CH01,229.03,170.44
FAB-W2908,BUY-3302,LC-6902,DOMESTIC,CH02,242.47,104.55
FAB-W2909,BUY-3303,LC-6903,EXPORT,CH03,219.84,157.41
FAB-W2910,BUY-3304,LC-6904,DOMESTIC,CH04,235.4,258.99
FAB-W2911,BUY-3305,LC-6905,EXPORT,CH01,176.66,
FAB-W2912,BUY-3306,LC-6906,DOMESTIC,CH02,115.25,251.11
FAB-W2913,BUY-3307,LC-6907,EXPORT,CH03,225.18,103.66
FAB-W2914,BUY-3308,LC-6908,DOMESTIC,CH04,239.69,222.89
FAB-W2915,BUY-3309,LC-6909,EXPORT,CH01,175.73,211.6
FAB-W2916,BUY-3310,LC-6910,DOMESTIC,CH02,239.62,265.34
FAB-W2917,BUY-3311,LC-6911,EXPORT,CH03,243.17,141.79
FAB-W2918,BUY-3312,LC-6912,DOMESTIC,CH04,233.88,221.11
FAB-W2919,BUY-3313,LC-6913,EXPORT,CH01,135.49,227.95
FAB-W2920,BUY-3314,LC-6914,DOMESTIC,CH02,157.77,208.71
FAB-W2921,BUY-3315,LC-6915,EXPORT,CH03,150.34,127.1
FAB-W2922,BUY-3316,LC-6916,DOMESTIC,CH04,202.89,
FAB-W2923,BUY-3317,LC-6917,EXPORT,CH01,116.77,266.43
FAB-W2924,BUY-3318,LC-6918,DOMESTIC,CH02,224.71,217.38
FAB-W2925,BUY-3319,LC-6919,EXPORT,CH03,108.61,251.81
FAB-W2926,BUY-3320,LC-6920,DOMESTIC,CH04,253.39,266.08
FAB-W2927,BUY-3321,LC-6921,EXPORT,CH01,233.24,163.38
FAB-W2928,BUY-3322,LC-6922,DOMESTIC,CH02,224.23,263.69
FAB-W2929,BUY-3323,LC-6923,EXPORT,CH03,251.01,260.56
FAB-W2930,BUY-3324,LC-6924,DOMESTIC,CH04,159.23,268.09
FAB-W2931,BUY-3325,LC-6925,EXPORT,CH01,169.04,132.33
FAB-W2932,BUY-3326,LC-6926,DOMESTIC,CH02,92.47,112.31
FAB-W2933,BUY-3327,LC-6927,EXPORT,CH03,164.01,
FAB-W2934,BUY-3328,LC-6928,DOMESTIC,CH04,172.61,211.45
FAB-W2935,BUY-3329,LC-6929,EXPORT,CH01,223.38,219.99
FAB-W2936,BUY-3330,LC-6930,DOMESTIC,CH02,124.59,138.76
FAB-W2937,BUY-3331,LC-6931,EXPORT,CH03,127.42,263.51
FAB-W2938,BUY-3332,LC-6932,DOMESTIC,CH04,106.35,278.87
FAB-W2939,BUY-3333,LC-6933,EXPORT,CH01,121.15,283.44
FAB-W2940,BUY-3334,LC-6934,DOMESTIC,CH02,256.07,193.63
FAB-W2941,BUY-3335,LC-6935,EXPORT,CH03,211.99,258.5
FAB-W2942,BUY-3336,LC-6936,DOMESTIC,CH04,105.81,206.31
FAB-W2943,BUY-3337,LC-6937,EXPORT,CH01,136.75,198.9
FAB-W2944,BUY-3338,LC-6938,DOMESTIC,CH02,188.57,
FAB-W2945,BUY-3339,LC-6939,EXPORT,CH03,92.87,130.03
FAB-W2946,BUY-3340,LC-6940,DOMESTIC,CH04,107.14,269.87
FAB-W2947,BUY-3341,LC-6941,EXPORT,CH01,139.2,213.84
FAB-W2948,BUY-3342,LC-6942,DOMESTIC,CH02,100.38,292.58
FAB-W2949,BUY-3343,LC-6943,EXPORT,CH03,148.15,164.3
FAB-W2950,BUY-3344,LC-6944,DOMESTIC,CH04,177.7,202.1
FAB-W2951,BUY-3345,LC-6945,EXPORT,CH01,145.09,192.7
FAB-W2952,BUY-3346,LC-6946,DOMESTIC,CH02,255.96,297.01
FAB-W2953,BUY-3347,LC-6947,EXPORT,CH03,93.78,131.31
FAB-W2954,BUY-3348,LC-6948,DOMESTIC,CH04,227.72,291.31
FAB-W2955,BUY-3349,LC-6949,EXPORT,CH01,166.96,
FAB-W2956,BUY-3350,LC-6950,DOMESTIC,CH02,230.82,286.19
FAB-W2957,BUY-3351,LC-6951,EXPORT,CH03,148.85,108.43
FAB-W2958,BUY-3352,LC-6952,DOMESTIC,CH04,222.89,228.02
FAB-W2959,BUY-3353,LC-6953,EXPORT,CH01,124.17,236.19
FAB-W2960,BUY-3354,LC-6954,DOMESTIC,CH02,222.22,100.03
FAB-W2961,BUY-3355,LC-6955,EXPORT,CH03,255.34,183.51
FAB-W2962,BUY-3356,LC-6956,DOMESTIC,CH04,255.3,267.43
FAB-W2963,BUY-3357,LC-6957,EXPORT,CH01,206.44,208.62
FAB-W2964,BUY-3358,LC-6958,DOMESTIC,CH02,151.39,112.16
FAB-W2965,BUY-3359,LC-6959,EXPORT,CH03,210.76,286.96
FAB-W2966,BUY-3360,LC-6960,DOMESTIC,CH04,196.14,
FAB-W2967,BUY-3361,LC-6961,EXPORT,CH01,212.47,139.6
FAB-W2968,BUY-3362,LC-6962,DOMESTIC,CH02,101.74,207.23
FAB-W2969,BUY-3363,LC-6963,EXPORT,CH03,150.02,284.17
FAB-W2970,BUY-3364,LC-6964,DOMESTIC,CH04,102.06,126.12
FAB-W2971,BUY-3365,LC-6965,EXPORT,CH01,240.17,299.37
FAB-W2972,BUY-3366,LC-6966,DOMESTIC,CH02,216.75,262.67
FAB-W2973,BUY-3367,LC-6967,EXPORT,CH03,139.11,164.52
FAB-W2974,BUY-3368,LC-6968,DOMESTIC,CH04,181.4,121.09
FAB-W2975,BUY-3369,LC-6969,EXPORT,CH01,227.45,233.49
FAB-W2976,BUY-3370,LC-6970,DOMESTIC,CH02,119.48,261.94
FAB-W2977,BUY-3371,LC-6971,EXPORT,CH03,238.58,
FAB-W2978,BUY-3372,LC-6972,DOMESTIC,CH04,93.76,260.39
FAB-W2979,BUY-3373,LC-6973,EXPORT,CH01,248.81,113.41
FAB-W2980,BUY-3374,LC-6974,DOMESTIC,CH02,119.0,163.3
FAB-W2981,BUY-3375,LC-6975,EXPORT,CH03,95.05,219.94
FAB-W2982,BUY-3376,LC-6976,DOMESTIC,CH04,103.44,196.47
FAB-W2983,BUY-3377,LC-6977,EXPORT,CH01,247.18,242.44
FAB-W2984,BUY-3378,LC-6978,DOMESTIC,CH02,185.9,104.17
FAB-W2985,BUY-3379,LC-6979,EXPORT,CH03,253.89,193.22
FAB-W2986,BUY-3380,LC-6980,DOMESTIC,CH04,209.17,102.29
FAB-W2987,BUY-3381,LC-6981,EXPORT,CH01,258.75,136.69
FAB-W2988,BUY-3382,LC-6982,DOMESTIC,CH02,144.82,
FAB-W2989,BUY-3383,LC-6983,EXPORT,CH03,232.6,108.84
FAB-W2990,BUY-3384,LC-6984,DOMESTIC,CH04,249.32,262.8
FAB-W2991,BUY-3385,LC-6985,EXPORT,CH01,146.62,115.54
FAB-W2992,BUY-3386,LC-6986,DOMESTIC,CH02,206.56,260.62
FAB-W2993,BUY-3387,LC-6987,EXPORT,CH03,199.65,107.45
FAB-W2994,BUY-3388,LC-6988,DOMESTIC,CH04,192.02,135.57
FAB-W2995,BUY-3389,LC-6989,EXPORT,CH01,234.01,257.13
FAB-W2996,BUY-3390,LC-6990,DOMESTIC,CH02,127.58,276.18
FAB-W2997,BUY-3391,LC-6991,EXPORT,CH03,209.11,228.25
FAB-W2998,BUY-3392,LC-6992,DOMESTIC,CH04,172.42,192.81
FAB-W2999,BUY-3393,LC-6993,EXPORT,CH01,213.51,
FAB-W3000,BUY-3394,LC-6994,DOMESTIC,CH02,197.09,183.89
FAB-W3001,BUY-3395,LC-6995,EXPORT,CH03,98.7,171.76
FAB-W3002,BUY-3396,LC-6996,DOMESTIC,CH04,194.84,279.17
FAB-W3003,BUY-3397,LC-6997,EXPORT,CH01,111.76,141.14
FAB-W3004,BUY-3398,LC-6998,DOMESTIC,CH02,233.91,258.84
FAB-W3005,BUY-3399,LC-6999,EXPORT,CH03,236.91,149.27
FAB-W3006,BUY-3400,LC-7000,DOMESTIC,CH04,102.0,119.09
FAB-W3007,BUY-3401,LC-7001,EXPORT,CH01,214.36,165.06
FAB-W3008,BUY-3402,LC-7002,DOMESTIC,CH02,175.6,131.76
FAB-W3009,BUY-3403,LC-7003,EXPORT,CH03,245.64,117.11
FAB-W3010,BUY-3404,LC-7004,DOMESTIC,CH04,210.07,
FAB-W3011,BUY-3405,LC-7005,EXPORT,CH01,181.1,258.12
FAB-W3012,BUY-3406,LC-7006,DOMESTIC,CH02,108.69,290.61
FAB-W3013,BUY-3407,LC-7007,EXPORT,CH03,206.19,236.9
FAB-W3014,BUY-3408,LC-7008,DOMESTIC,CH04,135.67,114.1
FAB-W3015,BUY-3409,LC-7009,EXPORT,CH01,193.41,182.28
FAB-W3016,BUY-3410,LC-7010,DOMESTIC,CH02,126.58,102.9
FAB-W3017,BUY-3411,LC-7011,EXPORT,CH03,134.47,265.08
FAB-W3018,BUY-3412,LC-7012,DOMESTIC,CH04,203.76,221.13
FAB-W3019,BUY-3413,LC-7013,EXPORT,CH01,178.55,144.95
FAB-W3020,BUY-3414,LC-7014,DOMESTIC,CH02,144.02,108.88
FAB-W3021,BUY-3415,LC-7015,EXPORT,CH03,238.44,
FAB-W3022,BUY-3416,LC-7016,DOMESTIC,CH04,255.72,225.09
FAB-W3023,BUY-3417,LC-7017,EXPORT,CH01,198.14,148.41
FAB-W3024,BUY-3418,LC-7018,DOMESTIC,CH02,131.45,221.14
FAB-W3025,BUY-3419,LC-7019,EXPORT,CH03,239.23,271.41
FAB-W3026,BUY-3420,LC-7020,DOMESTIC,CH04,107.21,248.08
FAB-W3027,BUY-3421,LC-7021,EXPORT,CH01,149.91,163.0
FAB-W3028,BUY-3422,LC-7022,DOMESTIC,CH02,137.78,208.0
FAB-W3029,BUY-3423,LC-7023,EXPORT,CH03,159.74,110.96
FAB-W3030,BUY-3424,LC-7024,DOMESTIC,CH04,204.16,259.76
FAB-W3031,BUY-3425,LC-7025,EXPORT,CH01,215.37,198.93
FAB-W3032,BUY-3426,LC-7026,DOMESTIC,CH02,146.84,
FAB-W3033,BUY-3427,LC-7027,EXPORT,CH03,249.4,263.8
FAB-W3034,BUY-3428,LC-7028,DOMESTIC,CH04,100.11,131.4
FAB-W3035,BUY-3429,LC-7029,EXPORT,CH01,100.33,272.14
FAB-W3036,BUY-3430,LC-7030,DOMESTIC,CH02,191.16,138.02
FAB-W3037,BUY-3431,LC-7031,EXPORT,CH03,259.14,242.45
FAB-W3038,BUY-3432,LC-7032,DOMESTIC,CH04,224.01,104.3
FAB-W3039,BUY-3433,LC-7033,EXPORT,CH01,98.53,183.5
FAB-W3040,BUY-3434,LC-7034,DOMESTIC,CH02,182.98,259.61
FAB-W3041,BUY-3435,LC-7035,EXPORT,CH03,92.27,142.93
FAB-W3042,BUY-3436,LC-7036,DOMESTIC,CH04,227.69,202.04
FAB-W3043,BUY-3437,LC-7037,EXPORT,CH01,147.25,
FAB-W3044,BUY-3438,LC-7038,DOMESTIC,CH02,117.49,122.29
FAB-W3045,BUY-3439,LC-7039,EXPORT,CH03,132.55,193.68
FAB-W3046,BUY-3440,LC-7040,DOMESTIC,CH04,143.86,263.77
FAB-W3047,BUY-3441,LC-7041,EXPORT,CH01,247.99,273.16
FAB-W3048,BUY-3442,LC-7042,DOMESTIC,CH02,232.82,281.42
FAB-W3049,BUY-3443,LC-7043,EXPORT,CH03,114.62,175.31
FAB-W3050,BUY-3444,LC-7044,DOMESTIC,CH04,255.99,141.96
FAB-W3051,BUY-3445,LC-7045,EXPORT,CH01,116.43,123.78
FAB-W3052,BUY-3446,LC-7046,DOMESTIC,CH02,160.19,101.49
FAB-W3053,BUY-3447,LC-7047,EXPORT,CH03,144.32,251.33
FAB-W3054,BUY-3448,LC-7048,DOMESTIC,CH04,204.23,
FAB-W3055,BUY-3449,LC-7049,EXPORT,CH01,153.25,271.23
FAB-W3056,BUY-3450,LC-7050,DOMESTIC,CH02,101.19,109.38
FAB-W3057,BUY-3451,LC-7051,EXPORT,CH03,185.85,225.9
FAB-W3058,BUY-3452,LC-7052,DOMESTIC,CH04,195.55,264.18
FAB-W3059,BUY-3453,LC-7053,EXPORT,CH01,193.52,136.01
FAB-W3060,BUY-3454,LC-7054,DOMESTIC,CH02,224.07,298.8
FAB-W3061,BUY-3455,LC-7055,EXPORT,CH03,139.43,222.56
FAB-W3062,BUY-3456,LC-7056,DOMESTIC,CH04,219.82,103.31
FAB-W3063,BUY-3457,LC-7057,EXPORT,CH01,93.47,158.32
FAB-W3064,BUY-3458,LC-7058,DOMESTIC,CH02,154.24,114.45
FAB-W3065,BUY-3459,LC-7059,EXPORT,CH03,151.08,
FAB-W3066,BUY-3460,LC-7060,DOMESTIC,CH04,113.24,279.35
FAB-W3067,BUY-3461,LC-7061,EXPORT,CH01,116.05,270.55
FAB-W3068,BUY-3462,LC-7062,DOMESTIC,CH02,157.9,284.72
FAB-W3069,BUY-3463,LC-7063,EXPORT,CH03,189.31,171.35
FAB-W3070,BUY-3464,LC-7064,DOMESTIC,CH04,172.45,263.52
FAB-W3071,BUY-3465,LC-7065,EXPORT,CH01,223.49,160.9
FAB-W3072,BUY-3466,LC-7066,DOMESTIC,CH02,202.69,245.91
FAB-W3073,BUY-3467,LC-7067,EXPORT,CH03,132.65,152.84
FAB-W3074,BUY-3468,LC-7068,DOMESTIC,CH04,187.66,186.95
FAB-W3075,BUY-3469,LC-7069,EXPORT,CH01,141.18,272.79
FAB-W3076,BUY-3470,LC-7070,DOMESTIC,CH02,179.44,
FAB-W3077,BUY-3471,LC-7071,EXPORT,CH03,231.33,221.79
FAB-W3078,BUY-3472,LC-7072,DOMESTIC,CH04,141.12,231.08
FAB-W3079,BUY-3473,LC-7073,EXPORT,CH01,175.3,177.42
FAB-W3080,BUY-3474,LC-7074,DOMESTIC,CH02,162.68,114.76
FAB-W3081,BUY-3475,LC-7075,EXPORT,CH03,238.39,121.6
FAB-W3082,BUY-3476,LC-7076,DOMESTIC,CH04,179.77,270.46
FAB-W3083,BUY-3477,LC-7077,EXPORT,CH01,238.38,268.94
FAB-W3084,BUY-3478,LC-7078,DOMESTIC,CH02,164.51,222.57
FAB-W3085,BUY-3479,LC-7079,EXPORT,CH03,219.47,221.44
FAB-W3086,BUY-3480,LC-7080,DOMESTIC,CH04,92.16,183.11
FAB-W3087,BUY-3481,LC-7081,EXPORT,CH01,183.57,
FAB-W3088,BUY-3482,LC-7082,DOMESTIC,CH02,115.99,106.46
FAB-W3089,BUY-3483,LC-7083,EXPORT,CH03,122.24,174.71
FAB-W3090,BUY-3484,LC-7084,DOMESTIC,CH04,163.43,192.93
FAB-W3091,BUY-3485,LC-7085,EXPORT,CH01,236.26,163.4
FAB-W3092,BUY-3486,LC-7086,DOMESTIC,CH02,109.58,275.95
FAB-W3093,BUY-3487,LC-7087,EXPORT,CH03,123.22,223.88
FAB-W3094,BUY-3488,LC-7088,DOMESTIC,CH04,247.12,225.17
FAB-W3095,BUY-3489,LC-7089,EXPORT,CH01,214.82,160.24
FAB-W3096,BUY-3490,LC-7090,DOMESTIC,CH02,222.74,280.62
FAB-W3097,BUY-3491,LC-7091,EXPORT,CH03,94.9,186.89
FAB-W3098,BUY-3492,LC-7092,DOMESTIC,CH04,144.94,
FAB-W3099,BUY-3493,LC-7093,EXPORT,CH01,167.6,299.2
FAB-W3100,BUY-3494,LC-7094,DOMESTIC,CH02,177.06,119.49
FAB-W3101,BUY-3495,LC-7095,EXPORT,CH03,143.83,174.28
FAB-W3102,BUY-3496,LC-7096,DOMESTIC,CH04,131.0,207.07
FAB-W3103,BUY-3497,LC-7097,EXPORT,CH01,169.27,288.83
FAB-W3104,BUY-3498,LC-7098,DOMESTIC,CH02,250.22,236.16
FAB-W3105,BUY-3499,LC-7099,EXPORT,CH03,203.37,272.49
FAB-W3106,BUY-3500,LC-7100,DOMESTIC,CH04,112.67,285.55
FAB-W3107,BUY-3501,LC-7101,EXPORT,CH01,175.02,199.44
FAB-W3108,BUY-3502,LC-7102,DOMESTIC,CH02,140.28,131.73
FAB-W3109,BUY-3503,LC-7103,EXPORT,CH03,117.45,
FAB-W3110,BUY-3504,LC-7104,DOMESTIC,CH04,222.77,297.89
FAB-W3111,BUY-3505,LC-7105,EXPORT,CH01,222.67,248.67
FAB-W3112,BUY-3506,LC-7106,DOMESTIC,CH02,225.68,102.43
FAB-W3113,BUY-3507,LC-7107,EXPORT,CH03,108.05,164.41
FAB-W3114,BUY-3508,LC-7108,DOMESTIC,CH04,248.47,135.38
FAB-W3115,BUY-3509,LC-7109,EXPORT,CH01,112.28,224.67
FAB-W3116,BUY-3510,LC-7110,DOMESTIC,CH02,218.96,126.75
FAB-W3117,BUY-3511,LC-7111,EXPORT,CH03,243.89,152.82
FAB-W3118,BUY-3512,LC-7112,DOMESTIC,CH04,107.1,217.66
FAB-W3119,BUY-3513,LC-7113,EXPORT,CH01,212.15,165.61
FAB-W3120,BUY-3514,LC-7114,DOMESTIC,CH02,176.88,
FAB-W3121,BUY-3515,LC-7115,EXPORT,CH03,122.67,275.47
FAB-W3122,BUY-3516,LC-7116,DOMESTIC,CH04,102.03,202.12
FAB-W3123,BUY-3517,LC-7117,EXPORT,CH01,159.78,102.32
FAB-W3124,BUY-3518,LC-7118,DOMESTIC,CH02,94.33,243.14
FAB-W3125,BUY-3519,LC-7119,EXPORT,CH03,108.72,153.87
FAB-W3126,BUY-3520,LC-7120,DOMESTIC,CH04,98.64,141.66
FAB-W3127,BUY-3521,LC-7121,EXPORT,CH01,246.96,296.05
FAB-W3128,BUY-3522,LC-7122,DOMESTIC,CH02,132.01,139.03
FAB-W3129,BUY-3523,LC-7123,EXPORT,CH03,154.83,107.13
FAB-W3130,BUY-3524,LC-7124,DOMESTIC,CH04,226.49,239.53
FAB-W3131,BUY-3525,LC-7125,EXPORT,CH01,115.2,
FAB-W3132,BUY-3526,LC-7126,DOMESTIC,CH02,219.25,235.94
FAB-W3133,BUY-3527,LC-7127,EXPORT,CH03,124.25,114.22
FAB-W3134,BUY-3528,LC-7128,DOMESTIC,CH04,232.38,252.39
FAB-W3135,BUY-3529,LC-7129,EXPORT,CH01,160.18,272.42
FAB-W3136,BUY-3530,LC-7130,DOMESTIC,CH02,160.13,135.02
FAB-W3137,BUY-3531,LC-7131,EXPORT,CH03,130.46,269.46
FAB-W3138,BUY-3532,LC-7132,DOMESTIC,CH04,151.01,126.52
FAB-W3139,BUY-3533,LC-7133,EXPORT,CH01,129.83,105.23
FAB-W3140,BUY-3534,LC-7134,DOMESTIC,CH02,106.41,175.32
FAB-W3141,BUY-3535,LC-7135,EXPORT,CH03,103.19,111.33
FAB-W3142,BUY-3536,LC-7136,DOMESTIC,CH04,95.85,
FAB-W3143,BUY-3537,LC-7137,EXPORT,CH01,224.33,143.04
FAB-W3144,BUY-3538,LC-7138,DOMESTIC,CH02,164.43,216.14
FAB-W3145,BUY-3539,LC-7139,EXPORT,CH03,219.3,131.53
FAB-W3146,BUY-3540,LC-7140,DOMESTIC,CH04,125.9,285.07
FAB-W3147,BUY-3541,LC-7141,EXPORT,CH01,91.3,170.87
FAB-W3148,BUY-3542,LC-7142,DOMESTIC,CH02,218.53,171.55
FAB-W3149,BUY-3543,LC-7143,EXPORT,CH03,102.37,267.75
FAB-W3150,BUY-3544,LC-7144,DOMESTIC,CH04,202.57,224.37
FAB-W3151,BUY-3545,LC-7145,EXPORT,CH01,128.24,287.45
FAB-W3152,BUY-3546,LC-7146,DOMESTIC,CH02,121.86,264.41
FAB-W3153,BUY-3547,LC-7147,EXPORT,CH03,102.28,
FAB-W3154,BUY-3548,LC-7148,DOMESTIC,CH04,227.58,278.53
FAB-W3155,BUY-3549,LC-7149,EXPORT,CH01,117.7,275.19
FAB-W3156,BUY-3550,LC-7150,DOMESTIC,CH02,91.16,293.91
FAB-W3157,BUY-3551,LC-7151,EXPORT,CH03,227.47,212.72
FAB-W3158,BUY-3552,LC-7152,DOMESTIC,CH04,104.36,193.97
FAB-W3159,BUY-3553,LC-7153,EXPORT,CH01,94.89,215.08
FAB-W3160,BUY-3554,LC-7154,DOMESTIC,CH02,206.94,137.38
FAB-W3161,BUY-3555,LC-7155,EXPORT,CH03,172.87,229.27
FAB-W3162,BUY-3556,LC-7156,DOMESTIC,CH04,223.99,191.31
FAB-W3163,BUY-3557,LC-7157,EXPORT,CH01,147.13,199.27
FAB-W3164,BUY-3558,LC-7158,DOMESTIC,CH02,146.02,
FAB-W3165,BUY-3559,LC-7159,EXPORT,CH03,197.72,187.52
FAB-W3166,BUY-3560,LC-7160,DOMESTIC,CH04,157.45,124.58
FAB-W3167,BUY-3561,LC-7161,EXPORT,CH01,103.63,190.1
FAB-W3168,BUY-3562,LC-7162,DOMESTIC,CH02,211.45,248.26
FAB-W3169,BUY-3563,LC-7163,EXPORT,CH03,258.9,151.64
FAB-W3170,BUY-3564,LC-7164,DOMESTIC,CH04,108.42,267.63
FAB-W3171,BUY-3565,LC-7165,EXPORT,CH01,151.19,157.19
FAB-W3172,BUY-3566,LC-7166,DOMESTIC,CH02,251.08,268.86
FAB-W3173,BUY-3567,LC-7167,EXPORT,CH03,239.77,278.47
FAB-W3174,BUY-3568,LC-7168,DOMESTIC,CH04,147.1,293.7
FAB-W3175,BUY-3569,LC-7169,EXPORT,CH01,192.0,
FAB-W3176,BUY-3570,LC-7170,DOMESTIC,CH02,121.23,287.95
FAB-W3177,BUY-3571,LC-7171,EXPORT,CH03,102.7,129.09
FAB-W3178,BUY-3572,LC-7172,DOMESTIC,CH04,181.58,289.63
FAB-W3179,BUY-3573,LC-7173,EXPORT,CH01,175.98,102.83
FAB-W3180,BUY-3574,LC-7174,DOMESTIC,CH02,106.12,136.19
FAB-W3181,BUY-3575,LC-7175,EXPORT,CH03,206.7,170.35
FAB-W3182,BUY-3576,LC-7176,DOMESTIC,CH04,136.37,154.94
FAB-W3183,BUY-3577,LC-7177,EXPORT,CH01,166.06,137.84
FAB-W3184,BUY-3578,LC-7178,DOMESTIC,CH02,118.22,152.72
FAB-W3185,BUY-3579,LC-7179,EXPORT,CH03,226.39,121.62
FAB-W3186,BUY-3580,LC-7180,DOMESTIC,CH04,212.37,
FAB-W3187,BUY-3581,LC-7181,EXPORT,CH01,141.78,225.44
FAB-W3188,BUY-3582,LC-7182,DOMESTIC,CH02,187.06,139.53
FAB-W3189,BUY-3583,LC-7183,EXPORT,CH03,97.06,186.28
FAB-W3190,BUY-3584,LC-7184,DOMESTIC,CH04,213.22,128.62
FAB-W3191,BUY-3585,LC-7185,EXPORT,CH01,142.88,294.43
FAB-W3192,BUY-3586,LC-7186,DOMESTIC,CH02,134.59,186.36
FAB-W3193,BUY-3587,LC-7187,EXPORT,CH03,144.56,258.86
FAB-W3194,BUY-3588,LC-7188,DOMESTIC,CH04,101.43,135.56
FAB-W3195,BUY-3589,LC-7189,EXPORT,CH01,99.55,205.63
FAB-W3196,BUY-3590,LC-7190,DOMESTIC,CH02,120.0,163.82
FAB-W3197,BUY-3591,LC-7191,EXPORT,CH03,116.03,
FAB-W3198,BUY-3592,LC-7192,DOMESTIC,CH04,189.76,190.18
FAB-W3199,BUY-3593,LC-7193,EXPORT,CH01,187.4,126.28
FAB-W3200,BUY-3594,LC-7194,DOMESTIC,CH02,221.04,139.02
FAB-W3201,BUY-3595,LC-7195,EXPORT,CH03,95.53,230.93
FAB-W3202,BUY-3596,LC-7196,DOMESTIC,CH04,248.05,219.81
FAB-W3203,BUY-3597,LC-7197,EXPORT,CH01,110.61,143.66
FAB-W3204,BUY-3598,LC-7198,DOMESTIC,CH02,206.08,272.83
FAB-W3205,BUY-3599,LC-7199,EXPORT,CH03,246.17,116.62
FAB-W3206,BUY-3600,LC-7200,DOMESTIC,CH04,227.33,267.73
FAB-W3207,BUY-3601,LC-7201,EXPORT,CH01,116.54,243.97
FAB-W3208,BUY-3602,LC-7202,DOMESTIC,CH02,258.29,
FAB-W3209,BUY-3603,LC-7203,EXPORT,CH03,106.8,210.6
FAB-W3210,BUY-3604,LC-7204,DOMESTIC,CH04,222.39,169.43
FAB-W3211,BUY-3605,LC-7205,EXPORT,CH01,104.34,281.99
FAB-W3212,BUY-3606,LC-7206,DOMESTIC,CH02,182.02,274.04
FAB-W3213,BUY-3607,LC-7207,EXPORT,CH03,207.81,285.95
FAB-W3214,BUY-3608,LC-7208,DOMESTIC,CH04,116.75,124.02
FAB-W3215,BUY-3609,LC-7209,EXPORT,CH01,145.82,143.17
FAB-W3216,BUY-3610,LC-7210,DOMESTIC,CH02,104.88,239.7
FAB-W3217,BUY-3611,LC-7211,EXPORT,CH03,126.89,224.62
FAB-W3218,BUY-3612,LC-7212,DOMESTIC,CH04,149.61,105.25
FAB-W3219,BUY-3613,LC-7213,EXPORT,CH01,139.53,
FAB-W3220,BUY-3614,LC-7214,DOMESTIC,CH02,240.99,224.6
FAB-W3221,BUY-3615,LC-7215,EXPORT,CH03,235.21,245.86
FAB-W3222,BUY-3616,LC-7216,DOMESTIC,CH04,236.58,118.69
FAB-W3223,BUY-3617,LC-7217,EXPORT,CH01,230.54,173.89
FAB-W3224,BUY-3618,LC-7218,DOMESTIC,CH02,128.91,180.38
FAB-W3225,BUY-3619,LC-7219,EXPORT,CH03,198.54,187.94
FAB-W3226,BUY-3620,LC-7220,DOMESTIC,CH04,200.97,204.11
FAB-W3227,BUY-3621,LC-7221,EXPORT,CH01,252.49,121.22
FAB-W3228,BUY-3622,LC-7222,DOMESTIC,CH02,168.98,123.19
FAB-W3229,BUY-3623,LC-7223,EXPORT,CH03,213.22,274.9
FAB-W3230,BUY-3624,LC-7224,DOMESTIC,CH04,143.43,
FAB-W3231,BUY-3625,LC-7225,EXPORT,CH01,190.72,186.42
FAB-W3232,BUY-3626,LC-7226,DOMESTIC,CH02,117.59,284.9
FAB-W3233,BUY-3627,LC-7227,EXPORT,CH03,133.04,272.27
FAB-W3234,BUY-3628,LC-7228,DOMESTIC,CH04,156.34,163.44
FAB-W3235,BUY-3629,LC-7229,EXPORT,CH01,190.43,180.56
FAB-W3236,BUY-3630,LC-7230,DOMESTIC,CH02,172.87,285.76
FAB-W3237,BUY-3631,LC-7231,EXPORT,CH03,220.58,237.24
FAB-W3238,BUY-3632,LC-7232,DOMESTIC,CH04,228.29,179.76
FAB-W3239,BUY-3633,LC-7233,EXPORT,CH01,192.04,190.1
FAB-W3240,BUY-3634,LC-7234,DOMESTIC,CH02,210.97,132.15
FAB-W3241,BUY-3635,LC-7235,EXPORT,CH03,194.05,
FAB-W3242,BUY-3636,LC-7236,DOMESTIC,CH04,230.99,110.62
FAB-W3243,BUY-3637,LC-7237,EXPORT,CH01,195.39,123.92
FAB-W3244,BUY-3638,LC-7238,DOMESTIC,CH02,110.65,127.6
FAB-W3245,BUY-3639,LC-7239,EXPORT,CH03,103.94,280.04
FAB-W3246,BUY-3640,LC-7240,DOMESTIC,CH04,250.75,197.98
FAB-W3247,BUY-3641,LC-7241,EXPORT,CH01,141.0,157.94
FAB-W3248,BUY-3642,LC-7242,DOMESTIC,CH02,242.18,208.83
FAB-W3249,BUY-3643,LC-7243,EXPORT,CH03,201.87,260.27
FAB-W3250,BUY-3644,LC-7244,DOMESTIC,CH04,129.13,159.85
FAB-W3251,BUY-3645,LC-7245,EXPORT,CH01,98.38,127.14
FAB-W3252,BUY-3646,LC-7246,DOMESTIC,CH02,213.34,
FAB-W3253,BUY-3647,LC-7247,EXPORT,CH03,168.7,100.75
FAB-W3254,BUY-3648,LC-7248,DOMESTIC,CH04,97.9,283.39
FAB-W3255,BUY-3649,LC-7249,EXPORT,CH01,186.07,196.61
FAB-W3256,BUY-3650,LC-7250,DOMESTIC,CH02,251.35,225.69
FAB-W3257,BUY-3651,LC-7251,EXPORT,CH03,160.76,145.5
FAB-W3258,BUY-3652,LC-7252,DOMESTIC,CH04,111.19,125.94
FAB-W3259,BUY-3653,LC-7253,EXPORT,CH01,143.64,289.06
FAB-W3260,BUY-3654,LC-7254,DOMESTIC,CH02,246.21,266.12
FAB-W3261,BUY-3655,LC-7255,EXPORT,CH03,166.75,122.37
FAB-W3262,BUY-3656,LC-7256,DOMESTIC,CH04,157.25,283.38
FAB-W3263,BUY-3657,LC-7257,EXPORT,CH01,163.83,
FAB-W3264,BUY-3658,LC-7258,DOMESTIC,CH02,237.68,289.7
FAB-W3265,BUY-3659,LC-7259,EXPORT,CH03,101.27,180.48
FAB-W3266,BUY-3660,LC-7260,DOMESTIC,CH04,258.49,110.16
FAB-W3267,BUY-3661,LC-7261,EXPORT,CH01,135.3,167.66
FAB-W3268,BUY-3662,LC-7262,DOMESTIC,CH02,183.4,235.96
FAB-W3269,BUY-3663,LC-7263,EXPORT,CH03,217.0,204.71
FAB-W3270,BUY-3664,LC-7264,DOMESTIC,CH04,201.06,257.26
FAB-W3271,BUY-3665,LC-7265,EXPORT,CH01,226.2,153.16
FAB-W3272,BUY-3666,LC-7266,DOMESTIC,CH02,113.15,168.25
FAB-W3273,BUY-3667,LC-7267,EXPORT,CH03,243.24,246.64
FAB-W3274,BUY-3668,LC-7268,DOMESTIC,CH04,216.94,
FAB-W3275,BUY-3669,LC-7269,EXPORT,CH01,176.89,158.28
FAB-W3276,BUY-3670,LC-7270,DOMESTIC,CH02,150.19,200.41
FAB-W3277,BUY-3671,LC-7271,EXPORT,CH03,185.03,297.88
FAB-W3278,BUY-3672,LC-7272,DOMESTIC,CH04,139.8,121.31
FAB-W3279,BUY-3673,LC-7273,EXPORT,CH01,160.87,276.9
FAB-W3280,BUY-3674,LC-7274,DOMESTIC,CH02,173.89,183.11
FAB-W3281,BUY-3675,LC-7275,EXPORT,CH03,251.15,188.92
FAB-W3282,BUY-3676,LC-7276,DOMESTIC,CH04,255.24,289.66
FAB-W3283,BUY-3677,LC-7277,EXPORT,CH01,148.32,134.39
FAB-W3284,BUY-3678,LC-7278,DOMESTIC,CH02,232.45,118.37
FAB-W3285,BUY-3679,LC-7279,EXPORT,CH03,169.25,
FAB-W3286,BUY-3680,LC-7280,DOMESTIC,CH04,181.64,142.56
FAB-W3287,BUY-3681,LC-7281,EXPORT,CH01,121.03,115.73
FAB-W3288,BUY-3682,LC-7282,DOMESTIC,CH02,154.58,207.78
FAB-W3289,BUY-3683,LC-7283,EXPORT,CH03,108.58,182.47
FAB-W3290,BUY-3684,LC-7284,DOMESTIC,CH04,152.94,269.49
FAB-W3291,BUY-3685,LC-7285,EXPORT,CH01,156.45,159.64
FAB-W3292,BUY-3686,LC-7286,DOMESTIC,CH02,253.9,205.46
FAB-W3293,BUY-3687,LC-7287,EXPORT,CH03,147.95,249.33
FAB-W3294,BUY-3688,LC-7288,DOMESTIC,CH04,190.27,283.73
FAB-W3295,BUY-3689,LC-7289,EXPORT,CH01,100.78,157.79
FAB-W3296,BUY-3690,LC-7290,DOMESTIC,CH02,200.97,
FAB-W3297,BUY-3691,LC-7291,EXPORT,CH03,154.02,297.14
FAB-W3298,BUY-3692,LC-7292,DOMESTIC,CH04,217.32,210.92
FAB-W3299,BUY-3693,LC-7293,EXPORT,CH01,163.83,239.75
FAB-W3300,BUY-3694,LC-7294,DOMESTIC,CH02,141.46,263.36
FAB-W3301,BUY-3695,LC-7295,EXPORT,CH03,121.07,171.91
FAB-W3302,BUY-3696,LC-7296,DOMESTIC,CH04,121.42,274.96
FAB-W3303,BUY-3697,LC-7297,EXPORT,CH01,198.57,102.31
FAB-W3304,BUY-3698,LC-7298,DOMESTIC,CH02,92.8,127.14
FAB-W3305,BUY-3699,LC-7299,EXPORT,CH03,103.96,141.94
FAB-W3306,BUY-3700,LC-7300,DOMESTIC,CH04,120.94,284.16
FAB-W3307,BUY-3701,LC-7301,EXPORT,CH01,235.04,
FAB-W3308,BUY-3702,LC-7302,DOMESTIC,CH02,145.67,288.92
FAB-W3309,BUY-3703,LC-7303,EXPORT,CH03,158.51,201.35
FAB-W3310,BUY-3704,LC-7304,DOMESTIC,CH04,106.75,225.42
FAB-W3311,BUY-3705,LC-7305,EXPORT,CH01,91.77,209.72
FAB-W3312,BUY-3706,LC-7306,DOMESTIC,CH02,254.1,245.46
FAB-W3313,BUY-3707,LC-7307,EXPORT,CH03,169.43,130.99
FAB-W3314,BUY-3708,LC-7308,DOMESTIC,CH04,109.32,226.42
FAB-W3315,BUY-3709,LC-7309,EXPORT,CH01,142.97,123.36
FAB-W3316,BUY-3710,LC-7310,DOMESTIC,CH02,118.97,253.58
FAB-W3317,BUY-3711,LC-7311,EXPORT,CH03,153.83,125.11
FAB-W3318,BUY-3712,LC-7312,DOMESTIC,CH04,153.61,
FAB-W3319,BUY-3713,LC-7313,EXPORT,CH01,197.21,148.22
FAB-W3320,BUY-3714,LC-7314,DOMESTIC,CH02,210.55,295.32
FAB-W3321,BUY-3715,LC-7315,EXPORT,CH03,94.17,119.03
FAB-W3322,BUY-3716,LC-7316,DOMESTIC,CH04,237.1,235.16
FAB-W3323,BUY-3717,LC-7317,EXPORT,CH01,224.1,186.95
FAB-W3324,BUY-3718,LC-7318,DOMESTIC,CH02,193.66,286.85
FAB-W3325,BUY-3719,LC-7319,EXPORT,CH03,194.31,233.55
FAB-W3326,BUY-3720,LC-7320,DOMESTIC,CH04,169.83,156.73
FAB-W3327,BUY-3721,LC-7321,EXPORT,CH01,227.73,207.92
FAB-W3328,BUY-3722,LC-7322,DOMESTIC,CH02,118.69,243.67
FAB-W3329,BUY-3723,LC-7323,EXPORT,CH03,129.27,
FAB-W3330,BUY-3724,LC-7324,DOMESTIC,CH04,232.79,132.0
FAB-W3331,BUY-3725,LC-7325,EXPORT,CH01,144.24,203.32
FAB-W3332,BUY-3726,LC-7326,DOMESTIC,CH02,133.15,174.73
FAB-W3333,BUY-3727,LC-7327,EXPORT,CH03,163.64,260.35
FAB-W3334,BUY-3728,LC-7328,DOMESTIC,CH04,126.47,233.2
FAB-W3335,BUY-3729,LC-7329,EXPORT,CH01,177.73,178.26
FAB-W3336,BUY-3730,LC-7330,DOMESTIC,CH02,166.57,216.64
FAB-W3337,BUY-3731,LC-7331,EXPORT,CH03,102.03,249.52
FAB-W3338,BUY-3732,LC-7332,DOMESTIC,CH04,193.84,269.98
FAB-W3339,BUY-3733,LC-7333,EXPORT,CH01,143.86,164.66
FAB-W3340,BUY-3734,LC-7334,DOMESTIC,CH02,107.33,
FAB-W3341,BUY-3735,LC-7335,EXPORT,CH03,224.6,185.69
FAB-W3342,BUY-3736,LC-7336,DOMESTIC,CH04,208.67,258.83
FAB-W3343,BUY-3737,LC-7337,EXPORT,CH01,142.84,229.21
FAB-W3344,BUY-3738,LC-7338,DOMESTIC,CH02,244.92,123.29
FAB-W3345,BUY-3739,LC-7339,EXPORT,CH03,197.73,158.06
FAB-W3346,BUY-3740,LC-7340,DOMESTIC,CH04,135.69,127.42
FAB-W3347,BUY-3741,LC-7341,EXPORT,CH01,253.4,151.96
FAB-W3348,BUY-3742,LC-7342,DOMESTIC,CH02,153.63,289.42
FAB-W3349,BUY-3743,LC-7343,EXPORT,CH03,188.8,140.04
FAB-W3350,BUY-3744,LC-7344,DOMESTIC,CH04,224.66,167.76
FAB-W3351,BUY-3745,LC-7345,EXPORT,CH01,105.71,
FAB-W3352,BUY-3746,LC-7346,DOMESTIC,CH02,247.35,209.4
FAB-W3353,BUY-3747,LC-7347,EXPORT,CH03,211.18,138.45
FAB-W3354,BUY-3748,LC-7348,DOMESTIC,CH04,230.08,274.85
FAB-W3355,BUY-3749,LC-7349,EXPORT,CH01,190.35,258.87
FAB-W3356,BUY-3750,LC-7350,DOMESTIC,CH02,93.74,247.07
FAB-W3357,BUY-3751,LC-7351,EXPORT,CH03,135.92,190.44
FAB-W3358,BUY-3752,LC-7352,DOMESTIC,CH04,255.34,193.77
FAB-W3359,BUY-3753,LC-7353,EXPORT,CH01,249.58,130.82
FAB-W3360,BUY-3754,LC-7354,DOMESTIC,CH02,94.13,274.45
FAB-W3361,BUY-3755,LC-7355,EXPORT,CH03,174.58,191.41
FAB-W3362,BUY-3756,LC-7356,DOMESTIC,CH04,254.63,
FAB-W3363,BUY-3757,LC-7357,EXPORT,CH01,140.49,298.2
FAB-W3364,BUY-3758,LC-7358,DOMESTIC,CH02,251.21,236.73
FAB-W3365,BUY-3759,LC-7359,EXPORT,CH03,224.98,284.6
FAB-W3366,BUY-3760,LC-7360,DOMESTIC,CH04,98.93,199.45
FAB-W3367,BUY-3761,LC-7361,EXPORT,CH01,182.11,290.9
FAB-W3368,BUY-3762,LC-7362,DOMESTIC,CH02,130.11,121.98
FAB-W3369,BUY-3763,LC-7363,EXPORT,CH03,256.12,205.0
FAB-W3370,BUY-3764,LC-7364,DOMESTIC,CH04,166.5,168.71
FAB-W3371,BUY-3765,LC-7365,EXPORT,CH01,136.0,172.7
FAB-W3372,BUY-3766,LC-7366,DOMESTIC,CH02,245.0,178.11
FAB-W3373,BUY-3767,LC-7367,EXPORT,CH03,242.87,
FAB-W3374,BUY-3768,LC-7368,DOMESTIC,CH04,200.27,238.54
FAB-W3375,BUY-3769,LC-7369,EXPORT,CH01,254.53,122.18
FAB-W3376,BUY-3770,LC-7370,DOMESTIC,CH02,177.94,205.05
FAB-W3377,BUY-3771,LC-7371,EXPORT,CH03,221.51,266.35
FAB-W3378,BUY-3772,LC-7372,DOMESTIC,CH04,192.73,150.4
FAB-W3379,BUY-3773,LC-7373,EXPORT,CH01,185.54,229.81
FAB-W3380,BUY-3774,LC-7374,DOMESTIC,CH02,112.71,246.38
FAB-W3381,BUY-3775,LC-7375,EXPORT,CH03,245.63,230.12
FAB-W3382,BUY-3776,LC-7376,DOMESTIC,CH04,109.13,261.26
FAB-W3383,BUY-3777,LC-7377,EXPORT,CH01,152.0,277.37
FAB-W3384,BUY-3778,LC-7378,DOMESTIC,CH02,223.72,
FAB-W3385,BUY-3779,LC-7379,EXPORT,CH03,131.83,149.46
FAB-W3386,BUY-3780,LC-7380,DOMESTIC,CH04,108.24,283.83
FAB-W3387,BUY-3781,LC-7381,EXPORT,CH01,170.41,213.86
FAB-W3388,BUY-3782,LC-7382,DOMESTIC,CH02,180.98,129.5
FAB-W3389,BUY-3783,LC-7383,EXPORT,CH03,256.02,281.55
FAB-W3390,BUY-3784,LC-7384,DOMESTIC,CH04,244.28,120.25
FAB-W3391,BUY-3785,LC-7385,EXPORT,CH01,169.42,277.41
FAB-W3392,BUY-3786,LC-7386,DOMESTIC,CH02,195.68,110.37
FAB-W3393,BUY-3787,LC-7387,EXPORT,CH03,225.78,287.44
FAB-W3394,BUY-3788,LC-7388,DOMESTIC,CH04,244.34,193.49
FAB-W3395,BUY-3789,LC-7389,EXPORT,CH01,206.53,
FAB-W3396,BUY-3790,LC-7390,DOMESTIC,CH02,191.9,147.24
FAB-W3397,BUY-3791,LC-7391,EXPORT,CH03,128.64,253.39
FAB-W3398,BUY-3792,LC-7392,DOMESTIC,CH04,193.76,261.27
FAB-W3399,BUY-3793,LC-7393,EXPORT,CH01,207.52,246.92
FAB-W3400,BUY-3794,LC-7394,DOMESTIC,CH02,246.28,278.5
FAB-W3401,BUY-3795,LC-7395,EXPORT,CH03,198.88,280.49
FAB-W3402,BUY-3796,LC-7396,DOMESTIC,CH04,126.82,150.16
FAB-W3403,BUY-3797,LC-7397,EXPORT,CH01,121.25,176.21
FAB-W3404,BUY-3798,LC-7398,DOMESTIC,CH02,208.85,111.12
FAB-W3405,BUY-3799,LC-7399,EXPORT,CH03,143.05,168.12
FAB-W3406,BUY-3800,LC-7400,DOMESTIC,CH04,102.69,
FAB-W3407,BUY-3801,LC-7401,EXPORT,CH01,96.85,216.54
FAB-W3408,BUY-3802,LC-7402,DOMESTIC,CH02,157.24,124.86
FAB-W3409,BUY-3803,LC-7403,EXPORT,CH03,253.92,207.41
FAB-W3410,BUY-3804,LC-7404,DOMESTIC,CH04,232.36,154.95
FAB-W3411,BUY-3805,LC-7405,EXPORT,CH01,140.17,198.86
FAB-W3412,BUY-3806,LC-7406,DOMESTIC,CH02,227.76,201.46
FAB-W3413,BUY-3807,LC-7407,EXPORT,CH03,201.74,262.15
FAB-W3414,BUY-3808,LC-7408,DOMESTIC,CH04,94.59,149.38
FAB-W3415,BUY-3809,LC-7409,EXPORT,CH01,243.49,184.06
FAB-W3416,BUY-3810,LC-7410,DOMESTIC,CH02,92.62,197.56
FAB-W3417,BUY-3811,LC-7411,EXPORT,CH03,168.23,
FAB-W3418,BUY-3812,LC-7412,DOMESTIC,CH04,133.22,226.88
FAB-W3419,BUY-3813,LC-7413,EXPORT,CH01,246.15,257.77
FAB-W3420,BUY-3814,LC-7414,DOMESTIC,CH02,164.3,170.1
FAB-W3421,BUY-3815,LC-7415,EXPORT,CH03,154.94,151.66
FAB-W3422,BUY-3816,LC-7416,DOMESTIC,CH04,218.58,238.18
FAB-W3423,BUY-3817,LC-7417,EXPORT,CH01,143.22,167.96
FAB-W3424,BUY-3818,LC-7418,DOMESTIC,CH02,188.02,149.37
FAB-W3425,BUY-3819,LC-7419,EXPORT,CH03,180.51,200.77
FAB-W3426,BUY-3820,LC-7420,DOMESTIC,CH04,186.53,161.66
FAB-W3427,BUY-3821,LC-7421,EXPORT,CH01,182.91,101.0
FAB-W3428,BUY-3822,LC-7422,DOMESTIC,CH02,120.11,
FAB-W3429,BUY-3823,LC-7423,EXPORT,CH03,92.51,222.49
FAB-W3430,BUY-3824,LC-7424,DOMESTIC,CH04,161.73,178.03
FAB-W3431,BUY-3825,LC-7425,EXPORT,CH01,124.23,241.61
FAB-W3432,BUY-3826,LC-7426,DOMESTIC,CH02,174.61,233.04
FAB-W3433,BUY-3827,LC-7427,EXPORT,CH03,206.94,223.26
FAB-W3434,BUY-3828,LC-7428,DOMESTIC,CH04,186.14,126.62
FAB-W3435,BUY-3829,LC-7429,EXPORT,CH01,204.07,194.72
FAB-W3436,BUY-3830,LC-7430,DOMESTIC,CH02,111.7,143.23
FAB-W3437,BUY-3831,LC-7431,EXPORT,CH03,141.09,231.8
FAB-W3438,BUY-3832,LC-7432,DOMESTIC,CH04,242.0,130.57
FAB-W3439,BUY-3833,LC-7433,EXPORT,CH01,207.51,
FAB-W3440,BUY-3834,LC-7434,DOMESTIC,CH02,138.88,284.21
FAB-W3441,BUY-3835,LC-7435,EXPORT,CH03,198.26,194.12
FAB-W3442,BUY-3836,LC-7436,DOMESTIC,CH04,131.0,168.13
FAB-W3443,BUY-3837,LC-7437,EXPORT,CH01,156.72,222.65
FAB-W3444,BUY-3838,LC-7438,DOMESTIC,CH02,160.86,174.89
FAB-W3445,BUY-3839,LC-7439,EXPORT,CH03,150.57,287.94
FAB-W3446,BUY-3840,LC-7440,DOMESTIC,CH04,101.02,228.57
FAB-W3447,BUY-3841,LC-7441,EXPORT,CH01,107.63,224.32
FAB-W3448,BUY-3842,LC-7442,DOMESTIC,CH02,154.56,256.43
FAB-W3449,BUY-3843,LC-7443,EXPORT,CH03,129.21,125.51
FAB-W3450,BUY-3844,LC-7444,DOMESTIC,CH04,156.53,
FAB-W3451,BUY-3845,LC-7445,EXPORT,CH01,248.94,117.64
FAB-W3452,BUY-3846,LC-7446,DOMESTIC,CH02,253.07,224.52
FAB-W3453,BUY-3847,LC-7447,EXPORT,CH03,137.78,120.82
FAB-W3454,BUY-3848,LC-7448,DOMESTIC,CH04,110.48,130.33
FAB-W3455,BUY-3849,LC-7449,EXPORT,CH01,222.54,167.63
FAB-W3456,BUY-3850,LC-7450,DOMESTIC,CH02,119.66,165.0
FAB-W3457,BUY-3851,LC-7451,EXPORT,CH03,141.84,123.65
FAB-W3458,BUY-3852,LC-7452,DOMESTIC,CH04,149.38,141.76
FAB-W3459,BUY-3853,LC-7453,EXPORT,CH01,142.3,226.78
FAB-W3460,BUY-3854,LC-7454,DOMESTIC,CH02,198.28,271.13
FAB-W3461,BUY-3855,LC-7455,EXPORT,CH03,192.91,
FAB-W3462,BUY-3856,LC-7456,DOMESTIC,CH04,108.32,204.87
FAB-W3463,BUY-3857,LC-7457,EXPORT,CH01,179.51,170.19
FAB-W3464,BUY-3858,LC-7458,DOMESTIC,CH02,119.23,254.79
FAB-W3465,BUY-3859,LC-7459,EXPORT,CH03,90.39,225.4
FAB-W3466,BUY-3860,LC-7460,DOMESTIC,CH04,211.38,222.05
FAB-W3467,BUY-3861,LC-7461,EXPORT,CH01,196.3,178.96
FAB-W3468,BUY-3862,LC-7462,DOMESTIC,CH02,99.37,197.11
FAB-W3469,BUY-3863,LC-7463,EXPORT,CH03,187.36,151.6
FAB-W3470,BUY-3864,LC-7464,DOMESTIC,CH04,220.48,142.92
FAB-W3471,BUY-3865,LC-7465,EXPORT,CH01,220.65,101.31
FAB-W3472,BUY-3866,LC-7466,DOMESTIC,CH02,106.66,
FAB-W3473,BUY-3867,LC-7467,EXPORT,CH03,172.81,136.17
FAB-W3474,BUY-3868,LC-7468,DOMESTIC,CH04,124.83,202.18
FAB-W3475,BUY-3869,LC-7469,EXPORT,CH01,95.39,170.29
FAB-W3476,BUY-3870,LC-7470,DOMESTIC,CH02,109.23,159.99
FAB-W3477,BUY-3871,LC-7471,EXPORT,CH03,221.74,167.9
FAB-W3478,BUY-3872,LC-7472,DOMESTIC,CH04,166.63,183.76
FAB-W3479,BUY-3873,LC-7473,EXPORT,CH01,254.89,122.49
FAB-W3480,BUY-3874,LC-7474,DOMESTIC,CH02,131.41,112.12
FAB-W3481,BUY-3875,LC-7475,EXPORT,CH03,117.75,100.6
FAB-W3482,BUY-3876,LC-7476,DOMESTIC,CH04,172.75,235.79
FAB-W3483,BUY-3877,LC-7477,EXPORT,CH01,185.06,
FAB-W3484,BUY-3878,LC-7478,DOMESTIC,CH02,144.26,237.59
FAB-W3485,BUY-3879,LC-7479,EXPORT,CH03,196.81,164.43
FAB-W3486,BUY-3880,LC-7480,DOMESTIC,CH04,208.37,141.81
FAB-W3487,BUY-3881,LC-7481,EXPORT,CH01,100.97,151.98
FAB-W3488,BUY-3882,LC-7482,DOMESTIC,CH02,159.38,150.04
FAB-W3489,BUY-3883,LC-7483,EXPORT,CH03,208.97,272.37
FAB-W3490,BUY-3884,LC-7484,DOMESTIC,CH04,139.06,296.88
FAB-W3491,BUY-3885,LC-7485,EXPORT,CH01,131.49,209.75
FAB-W3492,BUY-3886,LC-7486,DOMESTIC,CH02,237.57,114.01
FAB-W3493,BUY-3887,LC-7487,EXPORT,CH03,189.25,205.75
FAB-W3494,BUY-3888,LC-7488,DOMESTIC,CH04,212.03,
FAB-W3495,BUY-3889,LC-7489,EXPORT,CH01,232.83,183.87
FAB-W3496,BUY-3890,LC-7490,DOMESTIC,CH02,98.55,288.78
FAB-W3497,BUY-3891,LC-7491,EXPORT,CH03,208.64,296.36
FAB-W3498,BUY-3892,LC-7492,DOMESTIC,CH04,134.94,174.22
FAB-W3499,BUY-3893,LC-7493,EXPORT,CH01,227.25,286.44
FAB-W3500,BUY-3894,LC-7494,DOMESTIC,CH02,241.07,107.28
FAB-W3501,BUY-3895,LC-7495,EXPORT,CH03,149.4,137.23
FAB-W3502,BUY-3896,LC-7496,DOMESTIC,CH04,186.11,141.21
FAB-W3503,BUY-3897,LC-7497,EXPORT,CH01,166.87,213.05
FAB-W3504,BUY-3898,LC-7498,DOMESTIC,CH02,176.32,145.35
FAB-W3505,BUY-3899,LC-7499,EXPORT,CH03,229.26,
FAB-W3506,BUY-3900,LC-7500,DOMESTIC,CH04,159.52,123.74
FAB-W3507,BUY-3901,LC-7501,EXPORT,CH01,257.84,219.56
FAB-W3508,BUY-3902,LC-7502,DOMESTIC,CH02,188.59,295.12
FAB-W3509,BUY-3903,LC-7503,EXPORT,CH03,214.91,239.38
FAB-W3510,BUY-3904,LC-7504,DOMESTIC,CH04,101.13,193.56
FAB-W3511,BUY-3905,LC-7505,EXPORT,CH01,146.65,211.15
FAB-W3512,BUY-3906,LC-7506,DOMESTIC,CH02,105.89,158.95
FAB-W3513,BUY-3907,LC-7507,EXPORT,CH03,111.98,243.16
FAB-W3514,BUY-3908,LC-7508,DOMESTIC,CH04,127.33,262.76
FAB-W3515,BUY-3909,LC-7509,EXPORT,CH01,244.22,233.21
FAB-W3516,BUY-3910,LC-7510,DOMESTIC,CH02,143.58,
FAB-W3517,BUY-3911,LC-7511,EXPORT,CH03,98.31,143.43
FAB-W3518,BUY-3912,LC-7512,DOMESTIC,CH04,197.75,133.6
FAB-W3519,BUY-3913,LC-7513,EXPORT,CH01,240.05,285.45
FAB-W3520,BUY-3914,LC-7514,DOMESTIC,CH02,231.92,256.69
FAB-W3521,BUY-3915,LC-7515,EXPORT,CH03,142.13,179.28
FAB-W3522,BUY-3916,LC-7516,DOMESTIC,CH04,245.72,288.83
FAB-W3523,BUY-3917,LC-7517,EXPORT,CH01,171.6,213.54
FAB-W3524,BUY-3918,LC-7518,DOMESTIC,CH02,251.99,117.12
FAB-W3525,BUY-3919,LC-7519,EXPORT,CH03,149.52,247.34
FAB-W3526,BUY-3920,LC-7520,DOMESTIC,CH04,129.09,110.85
FAB-W3527,BUY-3921,LC-7521,EXPORT,CH01,209.47,
FAB-W3528,BUY-3922,LC-7522,DOMESTIC,CH02,210.78,247.29
FAB-W3529,BUY-3923,LC-7523,EXPORT,CH03,166.8,269.36
FAB-W3530,BUY-3924,LC-7524,DOMESTIC,CH04,167.72,266.93
FAB-W3531,BUY-3925,LC-7525,EXPORT,CH01,257.17,281.71
FAB-W3532,BUY-3926,LC-7526,DOMESTIC,CH02,185.0,201.24
FAB-W3533,BUY-3927,LC-7527,EXPORT,CH03,239.37,120.02
FAB-W3534,BUY-3928,LC-7528,DOMESTIC,CH04,177.04,183.6
FAB-W3535,BUY-3929,LC-7529,EXPORT,CH01,241.95,223.45
FAB-W3536,BUY-3930,LC-7530,DOMESTIC,CH02,223.04,223.17
FAB-W3537,BUY-3931,LC-7531,EXPORT,CH03,241.99,187.07
FAB-W3538,BUY-3932,LC-7532,DOMESTIC,CH04,127.43,
FAB-W3539,BUY-3933,LC-7533,EXPORT,CH01,141.16,249.81
FAB-W3540,BUY-3934,LC-7534,DOMESTIC,CH02,191.12,232.69
FAB-W3541,BUY-3935,LC-7535,EXPORT,CH03,227.72,137.04
FAB-W3542,BUY-3936,LC-7536,DOMESTIC,CH04,112.3,141.19
FAB-W3543,BUY-3937,LC-7537,EXPORT,CH01,143.79,124.27
FAB-W3544,BUY-3938,LC-7538,DOMESTIC,CH02,141.4,292.33
FAB-W3545,BUY-3939,LC-7539,EXPORT,CH03,106.36,266.2
FAB-W3546,BUY-3940,LC-7540,DOMESTIC,CH04,134.09,183.48
FAB-W3547,BUY-3941,LC-7541,EXPORT,CH01,197.5,148.48
FAB-W3548,BUY-3942,LC-7542,DOMESTIC,CH02,180.76,286.74
FAB-W3549,BUY-3943,LC-7543,EXPORT,CH03,253.24,
FAB-W3550,BUY-3944,LC-7544,DOMESTIC,CH04,213.51,145.43
FAB-W3551,BUY-3945,LC-7545,EXPORT,CH01,102.48,204.72
FAB-W3552,BUY-3946,LC-7546,DOMESTIC,CH02,123.81,290.36
FAB-W3553,BUY-3947,LC-7547,EXPORT,CH03,257.89,214.96
FAB-W3554,BUY-3948,LC-7548,DOMESTIC,CH04,126.58,164.71
FAB-W3555,BUY-3949,LC-7549,EXPORT,CH01,204.52,253.43
FAB-W3556,BUY-3950,LC-7550,DOMESTIC,CH02,216.53,221.45
FAB-W3557,BUY-3951,LC-7551,EXPORT,CH03,172.9,260.78
FAB-W3558,BUY-3952,LC-7552,DOMESTIC,CH04,97.55,155.76
FAB-W3559,BUY-3953,LC-7553,EXPORT,CH01,169.02,137.29
FAB-W3560,BUY-3954,LC-7554,DOMESTIC,CH02,246.08,
FAB-W3561,BUY-3955,LC-7555,EXPORT,CH03,246.11,267.54
FAB-W3562,BUY-3956,LC-7556,DOMESTIC,CH04,241.43,296.39
FAB-W3563,BUY-3957,LC-7557,EXPORT,CH01,238.61,150.0
FAB-W3564,BUY-3958,LC-7558,DOMESTIC,CH02,91.15,257.13
FAB-W3565,BUY-3959,LC-7559,EXPORT,CH03,228.91,182.35
FAB-W3566,BUY-3960,LC-7560,DOMESTIC,CH04,232.64,247.8
FAB-W3567,BUY-3961,LC-7561,EXPORT,CH01,94.32,297.06
FAB-W3568,BUY-3962,LC-7562,DOMESTIC,CH02,208.83,250.72
FAB-W3569,BUY-3963,LC-7563,EXPORT,CH03,201.77,125.88
FAB-W3570,BUY-3964,LC-7564,DOMESTIC,CH04,108.79,281.81
FAB-W3571,BUY-3965,LC-7565,EXPORT,CH01,93.45,
FAB-W3572,BUY-3966,LC-7566,DOMESTIC,CH02,194.23,155.31
FAB-W3573,BUY-3967,LC-7567,EXPORT,CH03,233.27,200.76
FAB-W3574,BUY-3968,LC-7568,DOMESTIC,CH04,103.59,160.81
FAB-W3575,BUY-3969,LC-7569,EXPORT,CH01,177.14,113.99
FAB-W3576,BUY-3970,LC-7570,DOMESTIC,CH02,243.53,262.01
FAB-W3577,BUY-3971,LC-7571,EXPORT,CH03,118.83,175.15
FAB-W3578,BUY-3972,LC-7572,DOMESTIC,CH04,228.14,150.75
FAB-W3579,BUY-3973,LC-7573,EXPORT,CH01,138.85,205.63
FAB-W3580,BUY-3974,LC-7574,DOMESTIC,CH02,217.62,113.83
FAB-W3581,BUY-3975,LC-7575,EXPORT,CH03,243.7,256.01
FAB-W3582,BUY-3976,LC-7576,DOMESTIC,CH04,214.36,
FAB-W3583,BUY-3977,LC-7577,EXPORT,CH01,256.09,115.81
FAB-W3584,BUY-3978,LC-7578,DOMESTIC,CH02,229.71,103.66
FAB-W3585,BUY-3979,LC-7579,EXPORT,CH03,194.13,288.6
FAB-W3586,BUY-3980,LC-7580,DOMESTIC,CH04,216.13,281.92
FAB-W3587,BUY-3981,LC-7581,EXPORT,CH01,155.59,265.27
FAB-W3588,BUY-3982,LC-7582,DOMESTIC,CH02,102.58,145.73
FAB-W3589,BUY-3983,LC-7583,EXPORT,CH03,127.76,167.64
FAB-W3590,BUY-3984,LC-7584,DOMESTIC,CH04,231.67,220.22
FAB-W3591,BUY-3985,LC-7585,EXPORT,CH01,233.39,151.84
FAB-W3592,BUY-3986,LC-7586,DOMESTIC,CH02,129.5,126.84
FAB-W3593,BUY-3987,LC-7587,EXPORT,CH03,215.0,
FAB-W3594,BUY-3988,LC-7588,DOMESTIC,CH04,199.85,255.79
FAB-W3595,BUY-3989,LC-7589,EXPORT,CH01,125.33,240.82
FAB-W3596,BUY-3990,LC-7590,DOMESTIC,CH02,234.48,148.44
FAB-W3597,BUY-3991,LC-7591,EXPORT,CH03,241.5,195.66
FAB-W3598,BUY-3992,LC-7592,DOMESTIC,CH04,253.58,254.53
FAB-W3599,BUY-3993,LC-7593,EXPORT,CH01,162.96,246.07
FAB-W3600,BUY-3994,LC-7594,DOMESTIC,CH02,232.3,120.83
FAB-W3601,BUY-3995,LC-7595,EXPORT,CH03,191.02,249.04
FAB-W3602,BUY-3996,LC-7596,DOMESTIC,CH04,187.2,184.12
FAB-W3603,BUY-3997,LC-7597,EXPORT,CH01,241.63,133.28
FAB-W3604,BUY-3998,LC-7598,DOMESTIC,CH02,204.58,
FAB-W3605,BUY-3999,LC-7599,EXPORT,CH03,244.37,188.44
FAB-W3606,BUY-4000,LC-7600,DOMESTIC,CH04,216.94,139.84
FAB-W3607,BUY-4001,LC-7601,EXPORT,CH01,182.51,240.3
FAB-W3608,BUY-4002,LC-7602,DOMESTIC,CH02,204.82,275.51
FAB-W3609,BUY-4003,LC-7603,EXPORT,CH03,129.74,157.36
FAB-W3610,BUY-4004,LC-7604,DOMESTIC,CH04,217.66,108.08
FAB-W3611,BUY-4005,LC-7605,EXPORT,CH01,240.45,133.03
FAB-W3612,BUY-4006,LC-7606,DOMESTIC,CH02,252.43,264.65
FAB-W3613,BUY-4007,LC-7607,EXPORT,CH03,202.49,101.84
FAB-W3614,BUY-4008,LC-7608,DOMESTIC,CH04,210.6,280.42
FAB-W3615,BUY-4009,LC-7609,EXPORT,CH01,216.31,
FAB-W3616,BUY-4010,LC-7610,DOMESTIC,CH02,196.89,234.17
FAB-W3617,BUY-4011,LC-7611,EXPORT,CH03,203.78,190.67
FAB-W3618,BUY-4012,LC-7612,DOMESTIC,CH04,152.19,112.92
FAB-W3619,BUY-4013,LC-7613,EXPORT,CH01,114.82,248.7
FAB-W3620,BUY-4014,LC-7614,DOMESTIC,CH02,245.56,162.68
FAB-W3621,BUY-4015,LC-7615,EXPORT,CH03,127.33,215.62
FAB-W3622,BUY-4016,LC-7616,DOMESTIC,CH04,257.66,140.64
FAB-W3623,BUY-4017,LC-7617,EXPORT,CH01,155.18,247.17
FAB-W3624,BUY-4018,LC-7618,DOMESTIC,CH02,164.02,151.7
FAB-W3625,BUY-4019,LC-7619,EXPORT,CH03,134.27,139.23
FAB-W3626,BUY-4020,LC-7620,DOMESTIC,CH04,95.3,
FAB-W3627,BUY-4021,LC-7621,EXPORT,CH01,215.2,173.62
FAB-W3628,BUY-4022,LC-7622,DOMESTIC,CH02,90.2,285.58
FAB-W3629,BUY-4023,LC-7623,EXPORT,CH03,121.01,289.83
FAB-W3630,BUY-4024,LC-7624,DOMESTIC,CH04,130.46,216.86
FAB-W3631,BUY-4025,LC-7625,EXPORT,CH01,113.48,234.66
FAB-W3632,BUY-4026,LC-7626,DOMESTIC,CH02,128.06,161.87
FAB-W3633,BUY-4027,LC-7627,EXPORT,CH03,155.65,292.73
FAB-W3634,BUY-4028,LC-7628,DOMESTIC,CH04,152.82,184.93
FAB-W3635,BUY-4029,LC-7629,EXPORT,CH01,93.97,258.73
FAB-W3636,BUY-4030,LC-7630,DOMESTIC,CH02,237.11,108.89
FAB-W3637,BUY-4031,LC-7631,EXPORT,CH03,162.49,
FAB-W3638,BUY-4032,LC-7632,DOMESTIC,CH04,143.18,110.61
FAB-W3639,BUY-4033,LC-7633,EXPORT,CH01,217.4,254.66
FAB-W3640,BUY-4034,LC-7634,DOMESTIC,CH02,136.03,284.68
FAB-W3641,BUY-4035,LC-7635,EXPORT,CH03,253.67,267.66
FAB-W3642,BUY-4036,LC-7636,DOMESTIC,CH04,141.24,181.61
FAB-W3643,BUY-4037,LC-7637,EXPORT,CH01,152.7,166.29
FAB-W3644,BUY-4038,LC-7638,DOMESTIC,CH02,105.98,232.62
FAB-W3645,BUY-4039,LC-7639,EXPORT,CH03,115.88,146.37
FAB-W3646,BUY-4040,LC-7640,DOMESTIC,CH04,98.55,297.01
FAB-W3647,BUY-4041,LC-7641,EXPORT,CH01,179.38,140.53
FAB-W3648,BUY-4042,LC-7642,DOMESTIC,CH02,224.4,
FAB-W3649,BUY-4043,LC-7643,EXPORT,CH03,188.28,231.62
FAB-W3650,BUY-4044,LC-7644,DOMESTIC,CH04,245.02,153.37
FAB-W3651,BUY-4045,LC-7645,EXPORT,CH01,140.44,165.59
FAB-W3652,BUY-4046,LC-7646,DOMESTIC,CH02,259.21,108.26
FAB-W3653,BUY-4047,LC-7647,EXPORT,CH03,142.72,229.0
FAB-W3654,BUY-4048,LC-7648,DOMESTIC,CH04,119.14,223.59
FAB-W3655,BUY-4049,LC-7649,EXPORT,CH01,177.56,274.38
FAB-W3656,BUY-4050,LC-7650,DOMESTIC,CH02,93.44,242.37
FAB-W3657,BUY-4051,LC-7651,EXPORT,CH03,254.56,236.86
FAB-W3658,BUY-4052,LC-7652,DOMESTIC,CH04,135.56,298.28
FAB-W3659,BUY-4053,LC-7653,EXPORT,CH01,91.73,
FAB-W3660,BUY-4054,LC-7654,DOMESTIC,CH02,90.62,298.42
FAB-W3661,BUY-4055,LC-7655,EXPORT,CH03,163.68,298.35
FAB-W3662,BUY-4056,LC-7656,DOMESTIC,CH04,188.1,196.73
FAB-W3663,BUY-4057,LC-7657,EXPORT,CH01,191.52,144.84
FAB-W3664,BUY-4058,LC-7658,DOMESTIC,CH02,252.98,186.45
FAB-W3665,BUY-4059,LC-7659,EXPORT,CH03,133.76,282.12
FAB-W3666,BUY-4060,LC-7660,DOMESTIC,CH04,154.03,160.29
FAB-W3667,BUY-4061,LC-7661,EXPORT,CH01,255.61,130.58
FAB-W3668,BUY-4062,LC-7662,DOMESTIC,CH02,250.4,264.68
FAB-W3669,BUY-4063,LC-7663,EXPORT,CH03,189.0,266.07
FAB-W3670,BUY-4064,LC-7664,DOMESTIC,CH04,178.98,
FAB-W3671,BUY-4065,LC-7665,EXPORT,CH01,225.3,239.02
FAB-W3672,BUY-4066,LC-7666,DOMESTIC,CH02,163.52,197.33
FAB-W3673,BUY-4067,LC-7667,EXPORT,CH03,227.67,292.02
FAB-W3674,BUY-4068,LC-7668,DOMESTIC,CH04,188.73,268.17
FAB-W3675,BUY-4069,LC-7669,EXPORT,CH01,175.0,287.4
FAB-W3676,BUY-4070,LC-7670,DOMESTIC,CH02,195.35,293.52
FAB-W3677,BUY-4071,LC-7671,EXPORT,CH03,121.91,172.17
FAB-W3678,BUY-4072,LC-7672,DOMESTIC,CH04,111.29,261.01
FAB-W3679,BUY-4073,LC-7673,EXPORT,CH01,203.21,244.95
FAB-W3680,BUY-4074,LC-7674,DOMESTIC,CH02,143.7,254.7
FAB-W3681,BUY-4075,LC-7675,EXPORT,CH03,204.25,
FAB-W3682,BUY-4076,LC-7676,DOMESTIC,CH04,95.67,237.64
FAB-W3683,BUY-4077,LC-7677,EXPORT,CH01,167.81,157.15
FAB-W3684,BUY-4078,LC-7678,DOMESTIC,CH02,101.69,191.45
FAB-W3685,BUY-4079,LC-7679,EXPORT,CH03,180.11,299.03
FAB-W3686,BUY-4080,LC-7680,DOMESTIC,CH04,96.06,249.47
FAB-W3687,BUY-4081,LC-7681,EXPORT,CH01,142.15,191.89
FAB-W3688,BUY-4082,LC-7682,DOMESTIC,CH02,100.79,152.22
FAB-W3689,BUY-4083,LC-7683,EXPORT,CH03,153.11,147.02
FAB-W3690,BUY-4084,LC-7684,DOMESTIC,CH04,205.35,239.45
FAB-W3691,BUY-4085,LC-7685,EXPORT,CH01,135.6,263.88
FAB-W3692,BUY-4086,LC-7686,DOMESTIC,CH02,209.68,
FAB-W3693,BUY-4087,LC-7687,EXPORT,CH03,114.94,100.82
FAB-W3694,BUY-4088,LC-7688,DOMESTIC,CH04,206.17,133.62
FAB-W3695,BUY-4089,LC-7689,EXPORT,CH01,255.85,198.84
FAB-W3696,BUY-4090,LC-7690,DOMESTIC,CH02,199.38,110.3
FAB-W3697,BUY-4091,LC-7691,EXPORT,CH03,251.04,254.87
FAB-W3698,BUY-4092,LC-7692,DOMESTIC,CH04,235.78,242.89
FAB-W3699,BUY-4093,LC-7693,EXPORT,CH01,171.37,244.82
FAB-W3700,BUY-4094,LC-7694,DOMESTIC,CH02,219.27,259.45
FAB-W3701,BUY-4095,LC-7695,EXPORT,CH03,202.71,264.37
FAB-W3702,BUY-4096,LC-7696,DOMESTIC,CH04,153.42,111.61
FAB-W3703,BUY-4097,LC-7697,EXPORT,CH01,209.79,
FAB-W3704,BUY-4098,LC-7698,DOMESTIC,CH02,223.75,244.04
FAB-W3705,BUY-4099,LC-7699,EXPORT,CH03,151.33,145.88
FAB-W3706,BUY-4100,LC-7700,DOMESTIC,CH04,120.22,129.1
FAB-W3707,BUY-4101,LC-7701,EXPORT,CH01,131.22,126.99
FAB-W3708,BUY-4102,LC-7702,DOMESTIC,CH02,240.33,118.02
FAB-W3709,BUY-4103,LC-7703,EXPORT,CH03,243.31,157.23
FAB-W3710,BUY-4104,LC-7704,DOMESTIC,CH04,156.86,291.79
FAB-W3711,BUY-4105,LC-7705,EXPORT,CH01,210.58,204.12
FAB-W3712,BUY-4106,LC-7706,DOMESTIC,CH02,252.37,133.42
FAB-W3713,BUY-4107,LC-7707,EXPORT,CH03,245.34,222.8
FAB-W3714,BUY-4108,LC-7708,DOMESTIC,CH04,230.3,
FAB-W3715,BUY-4109,LC-7709,EXPORT,CH01,103.6,154.51
FAB-W3716,BUY-4110,LC-7710,DOMESTIC,CH02,125.41,210.47
FAB-W3717,BUY-4111,LC-7711,EXPORT,CH03,201.2,229.65
FAB-W3718,BUY-4112,LC-7712,DOMESTIC,CH04,231.1,243.82
FAB-W3719,BUY-4113,LC-7713,EXPORT,CH01,103.37,203.37
FAB-W3720,BUY-4114,LC-7714,DOMESTIC,CH02,220.9,181.1
FAB-W3721,BUY-4115,LC-7715,EXPORT,CH03,209.55,128.73
FAB-W3722,BUY-4116,LC-7716,DOMESTIC,CH04,176.87,195.91
FAB-W3723,BUY-4117,LC-7717,EXPORT,CH01,93.93,241.44
FAB-W3724,BUY-4118,LC-7718,DOMESTIC,CH02,211.67,232.23
FAB-W3725,BUY-4119,LC-7719,EXPORT,CH03,190.61,
FAB-W3726,BUY-4120,LC-7720,DOMESTIC,CH04,139.46,158.25
FAB-W3727,BUY-4121,LC-7721,EXPORT,CH01,208.54,115.9
FAB-W3728,BUY-4122,LC-7722,DOMESTIC,CH02,156.97,146.74
FAB-W3729,BUY-4123,LC-7723,EXPORT,CH03,199.63,245.23
FAB-W3730,BUY-4124,LC-7724,DOMESTIC,CH04,98.25,130.78
FAB-W3731,BUY-4125,LC-7725,EXPORT,CH01,131.27,188.49
FAB-W3732,BUY-4126,LC-7726,DOMESTIC,CH02,109.13,142.48
FAB-W3733,BUY-4127,LC-7727,EXPORT,CH03,116.57,152.45
FAB-W3734,BUY-4128,LC-7728,DOMESTIC,CH04,244.65,260.46
FAB-W3735,BUY-4129,LC-7729,EXPORT,CH01,255.78,187.4
FAB-W3736,BUY-4130,LC-7730,DOMESTIC,CH02,139.13,
FAB-W3737,BUY-4131,LC-7731,EXPORT,CH03,236.78,195.57
FAB-W3738,BUY-4132,LC-7732,DOMESTIC,CH04,135.58,152.06
FAB-W3739,BUY-4133,LC-7733,EXPORT,CH01,181.49,122.07
FAB-W3740,BUY-4134,LC-7734,DOMESTIC,CH02,219.44,172.08
FAB-W3741,BUY-4135,LC-7735,EXPORT,CH03,197.54,230.33
FAB-W3742,BUY-4136,LC-7736,DOMESTIC,CH04,231.61,252.65
FAB-W3743,BUY-4137,LC-7737,EXPORT,CH01,252.74,174.24
FAB-W3744,BUY-4138,LC-7738,DOMESTIC,CH02,104.11,280.59
FAB-W3745,BUY-4139,LC-7739,EXPORT,CH03,114.18,202.32
FAB-W3746,BUY-4140,LC-7740,DOMESTIC,CH04,250.75,284.85
FAB-W3747,BUY-4141,LC-7741,EXPORT,CH01,193.39,
FAB-W3748,BUY-4142,LC-7742,DOMESTIC,CH02,113.6,215.03
FAB-W3749,BUY-4143,LC-7743,EXPORT,CH03,109.89,116.89
FAB-W3750,BUY-4144,LC-7744,DOMESTIC,CH04,159.4,293.38
FAB-W3751,BUY-4145,LC-7745,EXPORT,CH01,176.98,117.68
FAB-W3752,BUY-4146,LC-7746,DOMESTIC,CH02,201.21,105.42
FAB-W3753,BUY-4147,LC-7747,EXPORT,CH03,149.51,283.96
FAB-W3754,BUY-4148,LC-7748,DOMESTIC,CH04,197.22,144.6
FAB-W3755,BUY-4149,LC-7749,EXPORT,CH01,100.47,128.7
FAB-W3756,BUY-4150,LC-7750,DOMESTIC,CH02,150.98,174.01
FAB-W3757,BUY-4151,LC-7751,EXPORT,CH03,146.1,220.73
FAB-W3758,BUY-4152,LC-7752,DOMESTIC,CH04,151.31,
FAB-W3759,BUY-4153,LC-7753,EXPORT,CH01,191.57,136.21
FAB-W3760,BUY-4154,LC-7754,DOMESTIC,CH02,220.78,296.53
FAB-W3761,BUY-4155,LC-7755,EXPORT,CH03,217.6,164.9
FAB-W3762,BUY-4156,LC-7756,DOMESTIC,CH04,160.37,100.62
FAB-W3763,BUY-4157,LC-7757,EXPORT,CH01,161.0,250.5
FAB-W3764,BUY-4158,LC-7758,DOMESTIC,CH02,139.95,128.0
FAB-W3765,BUY-4159,LC-7759,EXPORT,CH03,193.06,270.47
FAB-W3766,BUY-4160,LC-7760,DOMESTIC,CH04,234.14,213.57
FAB-W3767,BUY-4161,LC-7761,EXPORT,CH01,227.52,223.63
FAB-W3768,BUY-4162,LC-7762,DOMESTIC,CH02,160.48,260.46
FAB-W3769,BUY-4163,LC-7763,EXPORT,CH03,165.78,
FAB-W3770,BUY-4164,LC-7764,DOMESTIC,CH04,242.0,281.59
FAB-W3771,BUY-4165,LC-7765,EXPORT,CH01,97.26,241.23
FAB-W3772,BUY-4166,LC-7766,DOMESTIC,CH02,93.75,119.94
FAB-W3773,BUY-4167,LC-7767,EXPORT,CH03,218.5,240.65
FAB-W3774,BUY-4168,LC-7768,DOMESTIC,CH04,197.29,100.87
FAB-W3775,BUY-4169,LC-7769,EXPORT,CH01,113.08,142.22
FAB-W3776,BUY-4170,LC-7770,DOMESTIC,CH02,203.23,149.95
FAB-W3777,BUY-4171,LC-7771,EXPORT,CH03,210.64,144.76
FAB-W3778,BUY-4172,LC-7772,DOMESTIC,CH04,206.96,244.15
FAB-W3779,BUY-4173,LC-7773,EXPORT,CH01,134.11,141.55
FAB-W3780,BUY-4174,LC-7774,DOMESTIC,CH02,163.05,
FAB-W3781,BUY-4175,LC-7775,EXPORT,CH03,233.9,179.82
FAB-W3782,BUY-4176,LC-7776,DOMESTIC,CH04,224.42,178.04
FAB-W3783,BUY-4177,LC-7777,EXPORT,CH01,209.81,276.45
FAB-W3784,BUY-4178,LC-7778,DOMESTIC,CH02,235.18,116.16
FAB-W3785,BUY-4179,LC-7779,EXPORT,CH03,157.23,293.05
FAB-W3786,BUY-4180,LC-7780,DOMESTIC,CH04,118.1,162.85
FAB-W3787,BUY-4181,LC-7781,EXPORT,CH01,244.36,283.94
FAB-W3788,BUY-4182,LC-7782,DOMESTIC,CH02,118.51,291.97
FAB-W3789,BUY-4183,LC-7783,EXPORT,CH03,245.08,227.26
FAB-W3790,BUY-4184,LC-7784,DOMESTIC,CH04,114.33,238.02
FAB-W3791,BUY-4185,LC-7785,EXPORT,CH01,181.37,
FAB-W3792,BUY-4186,LC-7786,DOMESTIC,CH02,134.65,214.43
FAB-W3793,BUY-4187,LC-7787,EXPORT,CH03,212.99,240.1
FAB-W3794,BUY-4188,LC-7788,DOMESTIC,CH04,98.4,280.57
FAB-W3795,BUY-4189,LC-7789,EXPORT,CH01,154.58,110.84
FAB-W3796,BUY-4190,LC-7790,DOMESTIC,CH02,167.97,138.05
FAB-W3797,BUY-4191,LC-7791,EXPORT,CH03,237.26,100.81
FAB-W3798,BUY-4192,LC-7792,DOMESTIC,CH04,251.81,170.64
FAB-W3799,BUY-4193,LC-7793,EXPORT,CH01,95.24,191.95
FAB-W3800,BUY-4194,LC-7794,DOMESTIC,CH02,196.7,111.95
FAB-W3801,BUY-4195,LC-7795,EXPORT,CH03,254.14,265.56
FAB-W3802,BUY-4196,LC-7796,DOMESTIC,CH04,160.08,
FAB-W3803,BUY-4197,LC-7797,EXPORT,CH01,230.58,174.07
FAB-W3804,BUY-4198,LC-7798,DOMESTIC,CH02,207.52,168.28
FAB-W3805,BUY-4199,LC-7799,EXPORT,CH03,209.96,206.55
FAB-W3806,BUY-4200,LC-7800,DOMESTIC,CH04,214.27,112.61
FAB-W3807,BUY-4201,LC-7801,EXPORT,CH01,152.09,287.7
FAB-W3808,BUY-4202,LC-7802,DOMESTIC,CH02,196.31,130.98
FAB-W3809,BUY-4203,LC-7803,EXPORT,CH03,211.48,134.13
FAB-W3810,BUY-4204,LC-7804,DOMESTIC,CH04,128.83,174.42
FAB-W3811,BUY-4205,LC-7805,EXPORT,CH01,136.27,230.1
FAB-W3812,BUY-4206,LC-7806,DOMESTIC,CH02,198.71,166.3
FAB-W3813,BUY-4207,LC-7807,EXPORT,CH03,209.75,
FAB-W3814,BUY-4208,LC-7808,DOMESTIC,CH04,144.27,293.18
FAB-W3815,BUY-4209,LC-7809,EXPORT,CH01,211.82,236.52
FAB-W3816,BUY-4210,LC-7810,DOMESTIC,CH02,253.45,110.57
FAB-W3817,BUY-4211,LC-7811,EXPORT,CH03,228.09,152.61
FAB-W3818,BUY-4212,LC-7812,DOMESTIC,CH04,179.63,181.8
FAB-W3819,BUY-4213,LC-7813,EXPORT,CH01,251.74,162.74
FAB-W3820,BUY-4214,LC-7814,DOMESTIC,CH02,201.86,258.82
FAB-W3821,BUY-4215,LC-7815,EXPORT,CH03,188.93,281.02
FAB-W3822,BUY-4216,LC-7816,DOMESTIC,CH04,204.96,153.61
FAB-W3823,BUY-4217,LC-7817,EXPORT,CH01,210.49,230.44
FAB-W3824,BUY-4218,LC-7818,DOMESTIC,CH02,206.97,
FAB-W3825,BUY-4219,LC-7819,EXPORT,CH03,192.87,134.08
FAB-W3826,BUY-4220,LC-7820,DOMESTIC,CH04,178.96,217.85
FAB-W3827,BUY-4221,LC-7821,EXPORT,CH01,124.2,205.63
FAB-W3828,BUY-4222,LC-7822,DOMESTIC,CH02,200.52,215.48
FAB-W3829,BUY-4223,LC-7823,EXPORT,CH03,176.52,120.66
FAB-W3830,BUY-4224,LC-7824,DOMESTIC,CH04,210.77,175.44
FAB-W3831,BUY-4225,LC-7825,EXPORT,CH01,212.72,138.53
FAB-W3832,BUY-4226,LC-7826,DOMESTIC,CH02,99.21,164.04
FAB-W3833,BUY-4227,LC-7827,EXPORT,CH03,165.83,155.93
FAB-W3834,BUY-4228,LC-7828,DOMESTIC,CH04,243.67,133.75
FAB-W3835,BUY-4229,LC-7829,EXPORT,CH01,138.93,
FAB-W3836,BUY-4230,LC-7830,DOMESTIC,CH02,136.24,128.39
FAB-W3837,BUY-4231,LC-7831,EXPORT,CH03,185.6,268.07
FAB-W3838,BUY-4232,LC-7832,DOMESTIC,CH04,105.36,202.9
FAB-W3839,BUY-4233,LC-7833,EXPORT,CH01,122.59,167.46
FAB-W3840,BUY-4234,LC-7834,DOMESTIC,CH02,104.0,131.65
FAB-W3841,BUY-4235,LC-7835,EXPORT,CH03,157.2,295.86
FAB-W3842,BUY-4236,LC-7836,DOMESTIC,CH04,254.32,113.12
FAB-W3843,BUY-4237,LC-7837,EXPORT,CH01,200.21,136.39
FAB-W3844,BUY-4238,LC-7838,DOMESTIC,CH02,164.62,221.13
FAB-W3845,BUY-4239,LC-7839,EXPORT,CH03,236.63,122.49
FAB-W3846,BUY-4240,LC-7840,DOMESTIC,CH04,163.74,
FAB-W3847,BUY-4241,LC-7841,EXPORT,CH01,207.42,211.38
FAB-W3848,BUY-4242,LC-7842,DOMESTIC,CH02,162.77,133.68
FAB-W3849,BUY-4243,LC-7843,EXPORT,CH03,111.95,180.46
FAB-W3850,BUY-4244,LC-7844,DOMESTIC,CH04,102.6,171.13
FAB-W3851,BUY-4245,LC-7845,EXPORT,CH01,98.16,242.38
FAB-W3852,BUY-4246,LC-7846,DOMESTIC,CH02,136.76,111.92
FAB-W3853,BUY-4247,LC-7847,EXPORT,CH03,256.52,101.98
FAB-W3854,BUY-4248,LC-7848,DOMESTIC,CH04,205.28,162.42
FAB-W3855,BUY-4249,LC-7849,EXPORT,CH01,242.8,277.52
FAB-W3856,BUY-4250,LC-7850,DOMESTIC,CH02,161.01,232.97
FAB-W3857,BUY-4251,LC-7851,EXPORT,CH03,194.88,
FAB-W3858,BUY-4252,LC-7852,DOMESTIC,CH04,109.41,283.46
FAB-W3859,BUY-4253,LC-7853,EXPORT,CH01,171.15,268.56
FAB-W3860,BUY-4254,LC-7854,DOMESTIC,CH02,126.82,175.74
FAB-W3861,BUY-4255,LC-7855,EXPORT,CH03,93.75,193.14
FAB-W3862,BUY-4256,LC-7856,DOMESTIC,CH04,95.21,264.83
FAB-W3863,BUY-4257,LC-7857,EXPORT,CH01,115.74,232.06
FAB-W3864,BUY-4258,LC-7858,DOMESTIC,CH02,250.68,184.76
FAB-W3865,BUY-4259,LC-7859,EXPORT,CH03,158.73,159.42
FAB-W3866,BUY-4260,LC-7860,DOMESTIC,CH04,216.32,183.72
FAB-W3867,BUY-4261,LC-7861,EXPORT,CH01,151.85,218.71
FAB-W3868,BUY-4262,LC-7862,DOMESTIC,CH02,135.57,
FAB-W3869,BUY-4263,LC-7863,EXPORT,CH03,92.33,239.29
FAB-W3870,BUY-4264,LC-7864,DOMESTIC,CH04,225.26,125.89
FAB-W3871,BUY-4265,LC-7865,EXPORT,CH01,192.75,123.57
FAB-W3872,BUY-4266,LC-7866,DOMESTIC,CH02,131.48,164.67
FAB-W3873,BUY-4267,LC-7867,EXPORT,CH03,228.14,124.34
FAB-W3874,BUY-4268,LC-7868,DOMESTIC,CH04,170.08,285.27
FAB-W3875,BUY-4269,LC-7869,EXPORT,CH01,199.86,229.55
FAB-W3876,BUY-4270,LC-7870,DOMESTIC,CH02,217.93,224.18
FAB-W3877,BUY-4271,LC-7871,EXPORT,CH03,229.16,281.06
FAB-W3878,BUY-4272,LC-7872,DOMESTIC,CH04,101.1,181.33
FAB-W3879,BUY-4273,LC-7873,EXPORT,CH01,113.59,
FAB-W3880,BUY-4274,LC-7874,DOMESTIC,CH02,153.71,224.18
FAB-W3881,BUY-4275,LC-7875,EXPORT,CH03,127.74,272.49
FAB-W3882,BUY-4276,LC-7876,DOMESTIC,CH04,136.71,241.28
FAB-W3883,BUY-4277,LC-7877,EXPORT,CH01,240.66,276.89
FAB-W3884,BUY-4278,LC-7878,DOMESTIC,CH02,232.69,158.94
FAB-W3885,BUY-4279,LC-7879,EXPORT,CH03,92.79,229.72
FAB-W3886,BUY-4280,LC-7880,DOMESTIC,CH04,140.08,139.8
FAB-W3887,BUY-4281,LC-7881,EXPORT,CH01,131.31,277.62
FAB-W3888,BUY-4282,LC-7882,DOMESTIC,CH02,159.2,276.05
FAB-W3889,BUY-4283,LC-7883,EXPORT,CH03,234.07,129.1
FAB-W3890,BUY-4284,LC-7884,DOMESTIC,CH04,199.91,
FAB-W3891,BUY-4285,LC-7885,EXPORT,CH01,112.58,199.94
FAB-W3892,BUY-4286,LC-7886,DOMESTIC,CH02,142.4,277.85
FAB-W3893,BUY-4287,LC-7887,EXPORT,CH03,113.84,122.46
FAB-W3894,BUY-4288,LC-7888,DOMESTIC,CH04,123.43,127.2
FAB-W3895,BUY-4289,LC-7889,EXPORT,CH01,171.35,271.39
FAB-W3896,BUY-4290,LC-7890,DOMESTIC,CH02,236.44,217.26
FAB-W3897,BUY-4291,LC-7891,EXPORT,CH03,120.65,124.63
FAB-W3898,BUY-4292,LC-7892,DOMESTIC,CH04,107.59,298.68
FAB-W3899,BUY-4293,LC-7893,EXPORT,CH01,159.83,165.37
FAB-W3900,BUY-4294,LC-7894,DOMESTIC,CH02,218.11,177.7
FAB-W3901,BUY-4295,LC-7895,EXPORT,CH03,249.63,
FAB-W3902,BUY-4296,LC-7896,DOMESTIC,CH04,244.02,202.39
FAB-W3903,BUY-4297,LC-7897,EXPORT,CH01,224.28,248.06
FAB-W3904,BUY-4298,LC-7898,DOMESTIC,CH02,113.6,216.37
FAB-W3905,BUY-4299,LC-7899,EXPORT,CH03,162.13,240.49
FAB-W3906,BUY-4300,LC-7900,DOMESTIC,CH04,235.32,203.37
FAB-W3907,BUY-4301,LC-7901,EXPORT,CH01,95.13,201.7
FAB-W3908,BUY-4302,LC-7902,DOMESTIC,CH02,131.6,269.83
FAB-W3909,BUY-4303,LC-7903,EXPORT,CH03,194.36,178.13
FAB-W3910,BUY-4304,LC-7904,DOMESTIC,CH04,94.92,231.74
FAB-W3911,BUY-4305,LC-7905,EXPORT,CH01,249.53,140.02
FAB-W3912,BUY-4306,LC-7906,DOMESTIC,CH02,143.72,
FAB-W3913,BUY-4307,LC-7907,EXPORT,CH03,174.65,146.52
FAB-W3914,BUY-4308,LC-7908,DOMESTIC,CH04,217.41,209.51
FAB-W3915,BUY-4309,LC-7909,EXPORT,CH01,181.18,277.67
FAB-W3916,BUY-4310,LC-7910,DOMESTIC,CH02,130.11,193.58
FAB-W3917,BUY-4311,LC-7911,EXPORT,CH03,151.5,143.61
FAB-W3918,BUY-4312,LC-7912,DOMESTIC,CH04,191.16,238.81
FAB-W3919,BUY-4313,LC-7913,EXPORT,CH01,198.32,214.01
FAB-W3920,BUY-4314,LC-7914,DOMESTIC,CH02,250.35,163.02
FAB-W3921,BUY-4315,LC-7915,EXPORT,CH03,245.61,280.79
FAB-W3922,BUY-4316,LC-7916,DOMESTIC,CH04,131.48,281.91
FAB-W3923,BUY-4317,LC-7917,EXPORT,CH01,122.85,
FAB-W3924,BUY-4318,LC-7918,DOMESTIC,CH02,118.83,153.16
FAB-W3925,BUY-4319,LC-7919,EXPORT,CH03,196.64,149.55
FAB-W3926,BUY-4320,LC-7920,DOMESTIC,CH04,258.37,270.27
FAB-W3927,BUY-4321,LC-7921,EXPORT,CH01,145.66,103.82
FAB-W3928,BUY-4322,LC-7922,DOMESTIC,CH02,187.9,205.24
FAB-W3929,BUY-4323,LC-7923,EXPORT,CH03,139.34,160.8
FAB-W3930,BUY-4324,LC-7924,DOMESTIC,CH04,127.07,203.51
FAB-W3931,BUY-4325,LC-7925,EXPORT,CH01,93.41,164.79
FAB-W3932,BUY-4326,LC-7926,DOMESTIC,CH02,135.18,249.56
FAB-W3933,BUY-4327,LC-7927,EXPORT,CH03,202.87,135.21
FAB-W3934,BUY-4328,LC-7928,DOMESTIC,CH04,255.76,
FAB-W3935,BUY-4329,LC-7929,EXPORT,CH01,90.81,257.08
FAB-W3936,BUY-4330,LC-7930,DOMESTIC,CH02,154.2,250.77
FAB-W3937,BUY-4331,LC-7931,EXPORT,CH03,183.82,297.98
FAB-W3938,BUY-4332,LC-7932,DOMESTIC,CH04,254.59,262.11
FAB-W3939,BUY-4333,LC-7933,EXPORT,CH01,224.63,237.93
FAB-W3940,BUY-4334,LC-7934,DOMESTIC,CH02,154.06,219.51
FAB-W3941,BUY-4335,LC-7935,EXPORT,CH03,157.7,289.35
FAB-W3942,BUY-4336,LC-7936,DOMESTIC,CH04,150.64,163.2
FAB-W3943,BUY-4337,LC-7937,EXPORT,CH01,115.06,253.33
FAB-W3944,BUY-4338,LC-7938,DOMESTIC,CH02,98.98,119.06
FAB-W3945,BUY-4339,LC-7939,EXPORT,CH03,179.67,
FAB-W3946,BUY-4340,LC-7940,DOMESTIC,CH04,124.64,111.2
FAB-W3947,BUY-4341,LC-7941,EXPORT,CH01,257.92,292.88
FAB-W3948,BUY-4342,LC-7942,DOMESTIC,CH02,225.86,274.05
FAB-W3949,BUY-4343,LC-7943,EXPORT,CH03,213.18,102.4
FAB-W3950,BUY-4344,LC-7944,DOMESTIC,CH04,208.79,285.14
FAB-W3951,BUY-4345,LC-7945,EXPORT,CH01,144.48,161.56
FAB-W3952,BUY-4346,LC-7946,DOMESTIC,CH02,159.62,167.36
FAB-W3953,BUY-4347,LC-7947,EXPORT,CH03,146.83,225.0
FAB-W3954,BUY-4348,LC-7948,DOMESTIC,CH04,232.28,135.18
FAB-W3955,BUY-4349,LC-7949,EXPORT,CH01,127.51,293.25
FAB-W3956,BUY-4350,LC-7950,DOMESTIC,CH02,161.07,
FAB-W3957,BUY-4351,LC-7951,EXPORT,CH03,255.35,163.01
FAB-W3958,BUY-4352,LC-7952,DOMESTIC,CH04,193.33,124.99
FAB-W3959,BUY-4353,LC-7953,EXPORT,CH01,198.45,211.0
FAB-W3960,BUY-4354,LC-7954,DOMESTIC,CH02,116.42,170.99
FAB-W3961,BUY-4355,LC-7955,EXPORT,CH03,177.5,153.45
FAB-W3962,BUY-4356,LC-7956,DOMESTIC,CH04,95.73,227.18
FAB-W3963,BUY-4357,LC-7957,EXPORT,CH01,255.71,234.26
FAB-W3964,BUY-4358,LC-7958,DOMESTIC,CH02,188.11,168.86
FAB-W3965,BUY-4359,LC-7959,EXPORT,CH03,202.89,245.45
FAB-W3966,BUY-4360,LC-7960,DOMESTIC,CH04,214.65,233.69
FAB-W3967,BUY-4361,LC-7961,EXPORT,CH01,107.3,
FAB-W3968,BUY-4362,LC-7962,DOMESTIC,CH02,141.86,163.45
FAB-W3969,BUY-4363,LC-7963,EXPORT,CH03,206.96,295.24
FAB-W3970,BUY-4364,LC-7964,DOMESTIC,CH04,200.3,205.56
FAB-W3971,BUY-4365,LC-7965,EXPORT,CH01,95.83,246.83
FAB-W3972,BUY-4366,LC-7966,DOMESTIC,CH02,209.05,281.83
FAB-W3973,BUY-4367,LC-7967,EXPORT,CH03,150.61,215.79
FAB-W3974,BUY-4368,LC-7968,DOMESTIC,CH04,222.95,179.77
FAB-W3975,BUY-4369,LC-7969,EXPORT,CH01,139.59,154.55
FAB-W3976,BUY-4370,LC-7970,DOMESTIC,CH02,144.13,174.39
FAB-W3977,BUY-4371,LC-7971,EXPORT,CH03,183.79,158.07
FAB-W3978,BUY-4372,LC-7972,DOMESTIC,CH04,161.0,
FAB-W3979,BUY-4373,LC-7973,EXPORT,CH01,113.14,243.79
FAB-W3980,BUY-4374,LC-7974,DOMESTIC,CH02,143.76,206.89
FAB-W3981,BUY-4375,LC-7975,EXPORT,CH03,133.06,217.84
FAB-W3982,BUY-4376,LC-7976,DOMESTIC,CH04,112.61,109.59
FAB-W3983,BUY-4377,LC-7977,EXPORT,CH01,97.39,237.42
FAB-W3984,BUY-4378,LC-7978,DOMESTIC,CH02,155.19,104.48
FAB-W3985,BUY-4379,LC-7979,EXPORT,CH03,113.79,203.68
FAB-W3986,BUY-4380,LC-7980,DOMESTIC,CH04,204.67,187.27
FAB-W3987,BUY-4381,LC-7981,EXPORT,CH01,167.91,198.83
FAB-W3988,BUY-4382,LC-7982,DOMESTIC,CH02,215.98,216.82
FAB-W3989,BUY-4383,LC-7983,EXPORT,CH03,98.1,
FAB-W3990,BUY-4384,LC-7984,DOMESTIC,CH04,188.44,193.19
FAB-W3991,BUY-4385,LC-7985,EXPORT,CH01,132.1,189.28
FAB-W3992,BUY-4386,LC-7986,DOMESTIC,CH02,149.02,172.26
FAB-W3993,BUY-4387,LC-7987,EXPORT,CH03,222.36,224.56
FAB-W3994,BUY-4388,LC-7988,DOMESTIC,CH04,140.52,146.45
FAB-W3995,BUY-4389,LC-7989,EXPORT,CH01,205.61,219.29
FAB-W3996,BUY-4390,LC-7990,DOMESTIC,CH02,234.76,295.98
FAB-W3997,BUY-4391,LC-7991,EXPORT,CH03,165.58,118.43
FAB-W3998,BUY-4392,LC-7992,DOMESTIC,CH04,158.05,261.75
FAB-W3999,BUY-4393,LC-7993,EXPORT,CH01,124.48,135.79
FAB-W4000,BUY-4394,LC-7994,DOMESTIC,CH02,257.02,
FAB-W4001,BUY-4395,LC-7995,EXPORT,CH03,229.58,294.45
FAB-W4002,BUY-4396,LC-7996,DOMESTIC,CH04,185.0,133.38
FAB-W4003,BUY-4397,LC-7997,EXPORT,CH01,240.41,230.07
FAB-W4004,BUY-4398,LC-7998,DOMESTIC,CH02,181.18,227.52
FAB-W4005,BUY-4399,LC-7999,EXPORT,CH03,124.16,231.72
FAB-W4006,BUY-4400,LC-8000,DOMESTIC,CH04,199.05,264.53
FAB-W4007,BUY-4401,LC-8001,EXPORT,CH01,147.8,254.32
FAB-W4008,BUY-4402,LC-8002,DOMESTIC,CH02,257.59,190.81
FAB-W4009,BUY-4403,LC-8003,EXPORT,CH03,112.29,170.87
FAB-W4010,BUY-4404,LC-8004,DOMESTIC,CH04,106.79,115.56
FAB-W4011,BUY-4405,LC-8005,EXPORT,CH01,237.42,
FAB-W4012,BUY-4406,LC-8006,DOMESTIC,CH02,145.61,248.17
FAB-W4013,BUY-4407,LC-8007,EXPORT,CH03,114.26,104.65
FAB-W4014,BUY-4408,LC-8008,DOMESTIC,CH04,102.31,141.11
FAB-W4015,BUY-4409,LC-8009,EXPORT,CH01,179.14,282.43
FAB-W4016,BUY-4410,LC-8010,DOMESTIC,CH02,170.92,193.18
FAB-W4017,BUY-4411,LC-8011,EXPORT,CH03,203.84,167.21
FAB-W4018,BUY-4412,LC-8012,DOMESTIC,CH04,198.21,110.36
FAB-W4019,BUY-4413,LC-8013,EXPORT,CH01,189.51,281.78
FAB-W4020,BUY-4414,LC-8014,DOMESTIC,CH02,131.84,142.43
FAB-W4021,BUY-4415,LC-8015,EXPORT,CH03,104.41,136.94
FAB-W4022,BUY-4416,LC-8016,DOMESTIC,CH04,127.11,
FAB-W4023,BUY-4417,LC-8017,EXPORT,CH01,159.36,264.58
FAB-W4024,BUY-4418,LC-8018,DOMESTIC,CH02,207.83,229.36
FAB-W4025,BUY-4419,LC-8019,EXPORT,CH03,182.34,109.8
FAB-W4026,BUY-4420,LC-8020,DOMESTIC,CH04,187.47,191.25
FAB-W4027,BUY-4421,LC-8021,EXPORT,CH01,116.47,273.02
FAB-W4028,BUY-4422,LC-8022,DOMESTIC,CH02,157.53,251.88
FAB-W4029,BUY-4423,LC-8023,EXPORT,CH03,135.18,161.52
FAB-W4030,BUY-4424,LC-8024,DOMESTIC,CH04,210.99,174.11
FAB-W4031,BUY-4425,LC-8025,EXPORT,CH01,92.74,195.15
FAB-W4032,BUY-4426,LC-8026,DOMESTIC,CH02,92.11,279.65
FAB-W4033,BUY-4427,LC-8027,EXPORT,CH03,215.15,
FAB-W4034,BUY-4428,LC-8028,DOMESTIC,CH04,90.01,172.88
FAB-W4035,BUY-4429,LC-8029,EXPORT,CH01,216.85,155.52
FAB-W4036,BUY-4430,LC-8030,DOMESTIC,CH02,171.67,271.26
FAB-W4037,BUY-4431,LC-8031,EXPORT,CH03,203.58,283.03
FAB-W4038,BUY-4432,LC-8032,DOMESTIC,CH04,112.54,195.92
FAB-W4039,BUY-4433,LC-8033,EXPORT,CH01,216.57,211.18
FAB-W4040,BUY-4434,LC-8034,DOMESTIC,CH02,210.29,172.33
FAB-W4041,BUY-4435,LC-8035,EXPORT,CH03,158.07,273.81
FAB-W4042,BUY-4436,LC-8036,DOMESTIC,CH04,150.82,150.64
FAB-W4043,BUY-4437,LC-8037,EXPORT,CH01,196.02,169.51
FAB-W4044,BUY-4438,LC-8038,DOMESTIC,CH02,218.74,
FAB-W4045,BUY-4439,LC-8039,EXPORT,CH03,195.13,215.94
FAB-W4046,BUY-4440,LC-8040,DOMESTIC,CH04,190.5,223.98
FAB-W4047,BUY-4441,LC-8041,EXPORT,CH01,138.26,116.32
FAB-W4048,BUY-4442,LC-8042,DOMESTIC,CH02,207.21,260.31
FAB-W4049,BUY-4443,LC-8043,EXPORT,CH03,239.43,119.24
FAB-W4050,BUY-4444,LC-8044,DOMESTIC,CH04,179.45,197.59
FAB-W4051,BUY-4445,LC-8045,EXPORT,CH01,207.1,205.1
FAB-W4052,BUY-4446,LC-8046,DOMESTIC,CH02,195.32,123.8
FAB-W4053,BUY-4447,LC-8047,EXPORT,CH03,248.05,167.24
FAB-W4054,BUY-4448,LC-8048,DOMESTIC,CH04,107.53,230.74
FAB-W4055,BUY-4449,LC-8049,EXPORT,CH01,92.41,
FAB-W4056,BUY-4450,LC-8050,DOMESTIC,CH02,184.61,150.94
FAB-W4057,BUY-4451,LC-8051,EXPORT,CH03,251.23,172.74
FAB-W4058,BUY-4452,LC-8052,DOMESTIC,CH04,181.07,272.63
FAB-W4059,BUY-4453,LC-8053,EXPORT,CH01,212.43,252.2
FAB-W4060,BUY-4454,LC-8054,DOMESTIC,CH02,90.32,183.36
FAB-W4061,BUY-4455,LC-8055,EXPORT,CH03,232.72,106.68
FAB-W4062,BUY-4456,LC-8056,DOMESTIC,CH04,247.13,189.31
FAB-W4063,BUY-4457,LC-8057,EXPORT,CH01,163.38,149.27
FAB-W4064,BUY-4458,LC-8058,DOMESTIC,CH02,212.11,153.07
FAB-W4065,BUY-4459,LC-8059,EXPORT,CH03,252.21,144.42
FAB-W4066,BUY-4460,LC-8060,DOMESTIC,CH04,95.36,
FAB-W4067,BUY-4461,LC-8061,EXPORT,CH01,227.53,191.62
FAB-W4068,BUY-4462,LC-8062,DOMESTIC,CH02,122.18,117.53
FAB-W4069,BUY-4463,LC-8063,EXPORT,CH03,116.35,155.25
FAB-W4070,BUY-4464,LC-8064,DOMESTIC,CH04,202.85,248.08
FAB-W4071,BUY-4465,LC-8065,EXPORT,CH01,258.12,207.48
FAB-W4072,BUY-4466,LC-8066,DOMESTIC,CH02,131.78,291.39
FAB-W4073,BUY-4467,LC-8067,EXPORT,CH03,193.55,159.19
FAB-W4074,BUY-4468,LC-8068,DOMESTIC,CH04,224.25,205.13
FAB-W4075,BUY-4469,LC-8069,EXPORT,CH01,110.36,209.73
FAB-W4076,BUY-4470,LC-8070,DOMESTIC,CH02,99.33,296.23
FAB-W4077,BUY-4471,LC-8071,EXPORT,CH03,238.63,
FAB-W4078,BUY-4472,LC-8072,DOMESTIC,CH04,149.8,137.78
FAB-W4079,BUY-4473,LC-8073,EXPORT,CH01,255.4,121.36
FAB-W4080,BUY-4474,LC-8074,DOMESTIC,CH02,255.05,245.02
FAB-W4081,BUY-4475,LC-8075,EXPORT,CH03,93.03,285.69
FAB-W4082,BUY-4476,LC-8076,DOMESTIC,CH04,254.85,184.72
FAB-W4083,BUY-4477,LC-8077,EXPORT,CH01,238.53,187.88
FAB-W4084,BUY-4478,LC-8078,DOMESTIC,CH02,148.23,250.47
FAB-W4085,BUY-4479,LC-8079,EXPORT,CH03,155.61,264.67
FAB-W4086,BUY-4480,LC-8080,DOMESTIC,CH04,186.87,231.98
FAB-W4087,BUY-4481,LC-8081,EXPORT,CH01,133.79,251.3
FAB-W4088,BUY-4482,LC-8082,DOMESTIC,CH02,155.12,
FAB-W4089,BUY-4483,LC-8083,EXPORT,CH03,236.85,158.88
FAB-W4090,BUY-4484,LC-8084,DOMESTIC,CH04,180.9,200.41
FAB-W4091,BUY-4485,LC-8085,EXPORT,CH01,240.87,285.4
FAB-W4092,BUY-4486,LC-8086,DOMESTIC,CH02,232.69,250.1
FAB-W4093,BUY-4487,LC-8087,EXPORT,CH03,114.34,295.14
FAB-W4094,BUY-4488,LC-8088,DOMESTIC,CH04,222.29,185.9
FAB-W4095,BUY-4489,LC-8089,EXPORT,CH01,225.18,129.86
FAB-W4096,BUY-4490,LC-8090,DOMESTIC,CH02,93.7,137.88
FAB-W4097,BUY-4491,LC-8091,EXPORT,CH03,181.51,269.23
FAB-W4098,BUY-4492,LC-8092,DOMESTIC,CH04,100.57,101.65
FAB-W4099,BUY-4493,LC-8093,EXPORT,CH01,252.15,
FAB-W4100,BUY-4494,LC-8094,DOMESTIC,CH02,107.41,193.21
FAB-W4101,BUY-4495,LC-8095,EXPORT,CH03,109.65,265.65
FAB-W4102,BUY-4496,LC-8096,DOMESTIC,CH04,224.14,220.48
FAB-W4103,BUY-4497,LC-8097,EXPORT,CH01,211.52,182.02
FAB-W4104,BUY-4498,LC-8098,DOMESTIC,CH02,115.74,219.5
FAB-W4105,BUY-4499,LC-8099,EXPORT,CH03,219.37,276.18
FAB-W4106,BUY-4500,LC-8100,DOMESTIC,CH04,252.72,121.26
FAB-W4107,BUY-4501,LC-8101,EXPORT,CH01,152.4,107.45
FAB-W4108,BUY-4502,LC-8102,DOMESTIC,CH02,101.9,250.89
FAB-W4109,BUY-4503,LC-8103,EXPORT,CH03,125.26,294.4
FAB-W4110,BUY-4504,LC-8104,DOMESTIC,CH04,232.62,
FAB-W4111,BUY-4505,LC-8105,EXPORT,CH01,203.89,113.35
FAB-W4112,BUY-4506,LC-8106,DOMESTIC,CH02,164.14,172.17
FAB-W4113,BUY-4507,LC-8107,EXPORT,CH03,259.64,179.94
FAB-W4114,BUY-4508,LC-8108,DOMESTIC,CH04,181.1,207.36
FAB-W4115,BUY-4509,LC-8109,EXPORT,CH01,213.27,210.87
FAB-W4116,BUY-4510,LC-8110,DOMESTIC,CH02,220.91,277.35
FAB-W4117,BUY-4511,LC-8111,EXPORT,CH03,221.01,245.44
FAB-W4118,BUY-4512,LC-8112,DOMESTIC,CH04,159.54,100.38
FAB-W4119,BUY-4513,LC-8113,EXPORT,CH01,254.91,265.17
FAB-W4120,BUY-4514,LC-8114,DOMESTIC,CH02,210.19,284.13
FAB-W4121,BUY-4515,LC-8115,EXPORT,CH03,222.54,
FAB-W4122,BUY-4516,LC-8116,DOMESTIC,CH04,239.13,286.89
FAB-W4123,BUY-4517,LC-8117,EXPORT,CH01,126.03,103.4
FAB-W4124,BUY-4518,LC-8118,DOMESTIC,CH02,205.48,121.72
FAB-W4125,BUY-4519,LC-8119,EXPORT,CH03,191.45,178.41
FAB-W4126,BUY-4520,LC-8120,DOMESTIC,CH04,110.52,265.43
FAB-W4127,BUY-4521,LC-8121,EXPORT,CH01,124.07,258.58
FAB-W4128,BUY-4522,LC-8122,DOMESTIC,CH02,141.57,283.53
FAB-W4129,BUY-4523,LC-8123,EXPORT,CH03,171.71,260.05
FAB-W4130,BUY-4524,LC-8124,DOMESTIC,CH04,121.5,172.49
FAB-W4131,BUY-4525,LC-8125,EXPORT,CH01,139.77,210.7
FAB-W4132,BUY-4526,LC-8126,DOMESTIC,CH02,246.53,
FAB-W4133,BUY-4527,LC-8127,EXPORT,CH03,145.79,124.85
FAB-W4134,BUY-4528,LC-8128,DOMESTIC,CH04,120.85,217.04
FAB-W4135,BUY-4529,LC-8129,EXPORT,CH01,258.84,222.31
FAB-W4136,BUY-4530,LC-8130,DOMESTIC,CH02,91.68,121.82
FAB-W4137,BUY-4531,LC-8131,EXPORT,CH03,119.01,149.07
FAB-W4138,BUY-4532,LC-8132,DOMESTIC,CH04,253.21,236.1
FAB-W4139,BUY-4533,LC-8133,EXPORT,CH01,92.21,284.53
FAB-W4140,BUY-4534,LC-8134,DOMESTIC,CH02,107.37,216.51
FAB-W4141,BUY-4535,LC-8135,EXPORT,CH03,166.2,146.6
FAB-W4142,BUY-4536,LC-8136,DOMESTIC,CH04,251.43,212.19
FAB-W4143,BUY-4537,LC-8137,EXPORT,CH01,184.66,
FAB-W4144,BUY-4538,LC-8138,DOMESTIC,CH02,141.89,272.38
FAB-W4145,BUY-4539,LC-8139,EXPORT,CH03,192.13,184.69
FAB-W4146,BUY-4540,LC-8140,DOMESTIC,CH04,90.15,231.28
FAB-W4147,BUY-4541,LC-8141,EXPORT,CH01,232.09,269.51
FAB-W4148,BUY-4542,LC-8142,DOMESTIC,CH02,243.78,287.33
FAB-W4149,BUY-4543,LC-8143,EXPORT,CH03,168.49,262.24
FAB-W4150,BUY-4544,LC-8144,DOMESTIC,CH04,191.14,109.54
FAB-W4151,BUY-4545,LC-8145,EXPORT,CH01,134.17,111.0
FAB-W4152,BUY-4546,LC-8146,DOMESTIC,CH02,153.32,289.19
FAB-W4153,BUY-4547,LC-8147,EXPORT,CH03,220.02,200.78
FAB-W4154,BUY-4548,LC-8148,DOMESTIC,CH04,118.8,
FAB-W4155,BUY-4549,LC-8149,EXPORT,CH01,97.37,150.04
FAB-W4156,BUY-4550,LC-8150,DOMESTIC,CH02,244.15,234.04
FAB-W4157,BUY-4551,LC-8151,EXPORT,CH03,190.21,225.59
FAB-W4158,BUY-4552,LC-8152,DOMESTIC,CH04,229.78,222.67
FAB-W4159,BUY-4553,LC-8153,EXPORT,CH01,219.19,251.91
FAB-W4160,BUY-4554,LC-8154,DOMESTIC,CH02,139.39,129.77
FAB-W4161,BUY-4555,LC-8155,EXPORT,CH03,173.36,218.7
FAB-W4162,BUY-4556,LC-8156,DOMESTIC,CH04,213.8,144.24
FAB-W4163,BUY-4557,LC-8157,EXPORT,CH01,142.58,228.74
FAB-W4164,BUY-4558,LC-8158,DOMESTIC,CH02,107.73,164.25
FAB-W4165,BUY-4559,LC-8159,EXPORT,CH03,176.39,
FAB-W4166,BUY-4560,LC-8160,DOMESTIC,CH04,247.82,139.38
FAB-W4167,BUY-4561,LC-8161,EXPORT,CH01,118.65,143.22
FAB-W4168,BUY-4562,LC-8162,DOMESTIC,CH02,240.32,113.71
FAB-W4169,BUY-4563,LC-8163,EXPORT,CH03,190.92,209.82
FAB-W4170,BUY-4564,LC-8164,DOMESTIC,CH04,155.27,294.66
FAB-W4171,BUY-4565,LC-8165,EXPORT,CH01,177.36,132.51
FAB-W4172,BUY-4566,LC-8166,DOMESTIC,CH02,157.54,293.08
FAB-W4173,BUY-4567,LC-8167,EXPORT,CH03,131.97,184.01
FAB-W4174,BUY-4568,LC-8168,DOMESTIC,CH04,100.86,274.72
FAB-W4175,BUY-4569,LC-8169,EXPORT,CH01,122.64,119.63
FAB-W4176,BUY-4570,LC-8170,DOMESTIC,CH02,173.41,
FAB-W4177,BUY-4571,LC-8171,EXPORT,CH03,145.69,127.57
FAB-W4178,BUY-4572,LC-8172,DOMESTIC,CH04,166.09,208.62
FAB-W4179,BUY-4573,LC-8173,EXPORT,CH01,132.02,167.84
FAB-W4180,BUY-4574,LC-8174,DOMESTIC,CH02,254.75,292.52
FAB-W4181,BUY-4575,LC-8175,EXPORT,CH03,247.36,286.92
FAB-W4182,BUY-4576,LC-8176,DOMESTIC,CH04,198.94,226.84
FAB-W4183,BUY-4577,LC-8177,EXPORT,CH01,139.73,161.58
FAB-W4184,BUY-4578,LC-8178,DOMESTIC,CH02,224.28,219.94
FAB-W4185,BUY-4579,LC-8179,EXPORT,CH03,140.81,205.1
FAB-W4186,BUY-4580,LC-8180,DOMESTIC,CH04,147.11,139.86
FAB-W4187,BUY-4581,LC-8181,EXPORT,CH01,138.4,
FAB-W4188,BUY-4582,LC-8182,DOMESTIC,CH02,106.79,284.99
FAB-W4189,BUY-4583,LC-8183,EXPORT,CH03,184.04,205.41
FAB-W4190,BUY-4584,LC-8184,DOMESTIC,CH04,108.09,265.69
FAB-W4191,BUY-4585,LC-8185,EXPORT,CH01,167.8,111.59
FAB-W4192,BUY-4586,LC-8186,DOMESTIC,CH02,182.66,186.4
FAB-W4193,BUY-4587,LC-8187,EXPORT,CH03,191.0,173.36
FAB-W4194,BUY-4588,LC-8188,DOMESTIC,CH04,96.74,172.45
FAB-W4195,BUY-4589,LC-8189,EXPORT,CH01,94.56,129.11
FAB-W4196,BUY-4590,LC-8190,DOMESTIC,CH02,152.88,244.78
FAB-W4197,BUY-4591,LC-8191,EXPORT,CH03,222.7,159.75
FAB-W4198,BUY-4592,LC-8192,DOMESTIC,CH04,95.73,
FAB-W4199,BUY-4593,LC-8193,EXPORT,CH01,167.09,268.03
FAB-W4200,BUY-4594,LC-8194,DOMESTIC,CH02,235.56,116.27
FAB-W4201,BUY-4595,LC-8195,EXPORT,CH03,258.53,163.55
FAB-W4202,BUY-4596,LC-8196,DOMESTIC,CH04,131.65,248.65
FAB-W4203,BUY-4597,LC-8197,EXPORT,CH01,228.64,138.25
FAB-W4204,BUY-4598,LC-8198,DOMESTIC,CH02,107.05,146.77
FAB-W4205,BUY-4599,LC-8199,EXPORT,CH03,134.36,282.42
FAB-W4206,BUY-4600,LC-8200,DOMESTIC,CH04,190.49,198.2
FAB-W4207,BUY-4601,LC-8201,EXPORT,CH01,188.84,129.87
FAB-W4208,BUY-4602,LC-8202,DOMESTIC,CH02,116.09,120.39
FAB-W4209,BUY-4603,LC-8203,EXPORT,CH03,212.17,
FAB-W4210,BUY-4604,LC-8204,DOMESTIC,CH04,182.96,108.5
FAB-W4211,BUY-4605,LC-8205,EXPORT,CH01,165.83,273.55
FAB-W4212,BUY-4606,LC-8206,DOMESTIC,CH02,241.29,201.44
FAB-W4213,BUY-4607,LC-8207,EXPORT,CH03,222.01,164.7
FAB-W4214,BUY-4608,LC-8208,DOMESTIC,CH04,226.31,225.59
FAB-W4215,BUY-4609,LC-8209,EXPORT,CH01,104.56,223.36
FAB-W4216,BUY-4610,LC-8210,DOMESTIC,CH02,177.42,235.06
FAB-W4217,BUY-4611,LC-8211,EXPORT,CH03,115.32,256.17
FAB-W4218,BUY-4612,LC-8212,DOMESTIC,CH04,168.55,299.42
FAB-W4219,BUY-4613,LC-8213,EXPORT,CH01,259.77,268.67
FAB-W4220,BUY-4614,LC-8214,DOMESTIC,CH02,225.64,
FAB-W4221,BUY-4615,LC-8215,EXPORT,CH03,249.34,145.45
FAB-W4222,BUY-4616,LC-8216,DOMESTIC,CH04,180.31,147.17
FAB-W4223,BUY-4617,LC-8217,EXPORT,CH01,173.47,266.3
FAB-W4224,BUY-4618,LC-8218,DOMESTIC,CH02,163.18,181.9
FAB-W4225,BUY-4619,LC-8219,EXPORT,CH03,161.74,116.78
FAB-W4226,BUY-4620,LC-8220,DOMESTIC,CH04,157.36,166.38
FAB-W4227,BUY-4621,LC-8221,EXPORT,CH01,200.07,113.34
FAB-W4228,BUY-4622,LC-8222,DOMESTIC,CH02,159.96,167.5
FAB-W4229,BUY-4623,LC-8223,EXPORT,CH03,130.31,296.27
FAB-W4230,BUY-4624,LC-8224,DOMESTIC,CH04,240.25,275.18
FAB-W4231,BUY-4625,LC-8225,EXPORT,CH01,218.61,
FAB-W4232,BUY-4626,LC-8226,DOMESTIC,CH02,92.23,231.15
FAB-W4233,BUY-4627,LC-8227,EXPORT,CH03,180.82,181.2
FAB-W4234,BUY-4628,LC-8228,DOMESTIC,CH04,251.85,119.3
FAB-W4235,BUY-4629,LC-8229,EXPORT,CH01,253.28,151.01
FAB-W4236,BUY-4630,LC-8230,DOMESTIC,CH02,206.48,186.16
FAB-W4237,BUY-4631,LC-8231,EXPORT,CH03,93.45,160.24
FAB-W4238,BUY-4632,LC-8232,DOMESTIC,CH04,201.6,104.11
FAB-W4239,BUY-4633,LC-8233,EXPORT,CH01,176.01,179.09
FAB-W4240,BUY-4634,LC-8234,DOMESTIC,CH02,122.49,288.67
FAB-W4241,BUY-4635,LC-8235,EXPORT,CH03,204.29,258.13
FAB-W4242,BUY-4636,LC-8236,DOMESTIC,CH04,153.77,
FAB-W4243,BUY-4637,LC-8237,EXPORT,CH01,113.08,294.09
FAB-W4244,BUY-4638,LC-8238,DOMESTIC,CH02,97.35,189.54
FAB-W4245,BUY-4639,LC-8239,EXPORT,CH03,167.73,133.57
FAB-W4246,BUY-4640,LC-8240,DOMESTIC,CH04,185.8,267.55
FAB-W4247,BUY-4641,LC-8241,EXPORT,CH01,215.36,288.48
FAB-W4248,BUY-4642,LC-8242,DOMESTIC,CH02,182.37,143.33
FAB-W4249,BUY-4643,LC-8243,EXPORT,CH03,206.87,214.09
FAB-W4250,BUY-4644,LC-8244,DOMESTIC,CH04,92.3,178.56
FAB-W4251,BUY-4645,LC-8245,EXPORT,CH01,223.15,213.06
FAB-W4252,BUY-4646,LC-8246,DOMESTIC,CH02,100.42,113.21
FAB-W4253,BUY-4647,LC-8247,EXPORT,CH03,189.79,
FAB-W4254,BUY-4648,LC-8248,DOMESTIC,CH04,151.46,165.42
FAB-W4255,BUY-4649,LC-8249,EXPORT,CH01,107.57,115.5
FAB-W4256,BUY-4650,LC-8250,DOMESTIC,CH02,140.26,238.42
FAB-W4257,BUY-4651,LC-8251,EXPORT,CH03,238.47,157.09
FAB-W4258,BUY-4652,LC-8252,DOMESTIC,CH04,181.23,191.25
FAB-W4259,BUY-4653,LC-8253,EXPORT,CH01,234.01,180.92
FAB-W4260,BUY-4654,LC-8254,DOMESTIC,CH02,124.24,238.91
FAB-W4261,BUY-4655,LC-8255,EXPORT,CH03,214.18,253.14
FAB-W4262,BUY-4656,LC-8256,DOMESTIC,CH04,111.24,176.84
FAB-W4263,BUY-4657,LC-8257,EXPORT,CH01,90.41,269.53
FAB-W4264,BUY-4658,LC-8258,DOMESTIC,CH02,164.81,
FAB-W4265,BUY-4659,LC-8259,EXPORT,CH03,105.59,126.56
FAB-W4266,BUY-4660,LC-8260,DOMESTIC,CH04,160.47,168.77
FAB-W4267,BUY-4661,LC-8261,EXPORT,CH01,96.24,223.98
FAB-W4268,BUY-4662,LC-8262,DOMESTIC,CH02,245.69,231.58
FAB-W4269,BUY-4663,LC-8263,EXPORT,CH03,158.13,274.03
FAB-W4270,BUY-4664,LC-8264,DOMESTIC,CH04,90.85,217.97
FAB-W4271,BUY-4665,LC-8265,EXPORT,CH01,124.32,211.9
FAB-W4272,BUY-4666,LC-8266,DOMESTIC,CH02,99.83,148.48
FAB-W4273,BUY-4667,LC-8267,EXPORT,CH03,143.06,168.04
FAB-W4274,BUY-4668,LC-8268,DOMESTIC,CH04,220.67,137.79
FAB-W4275,BUY-4669,LC-8269,EXPORT,CH01,197.97,
FAB-W4276,BUY-4670,LC-8270,DOMESTIC,CH02,142.69,125.95
FAB-W4277,BUY-4671,LC-8271,EXPORT,CH03,105.81,172.4
FAB-W4278,BUY-4672,LC-8272,DOMESTIC,CH04,189.03,119.32
FAB-W4279,BUY-4673,LC-8273,EXPORT,CH01,151.39,247.89
FAB-W4280,BUY-4674,LC-8274,DOMESTIC,CH02,171.08,297.07
FAB-W4281,BUY-4675,LC-8275,EXPORT,CH03,185.98,117.98
FAB-W4282,BUY-4676,LC-8276,DOMESTIC,CH04,123.72,266.75
FAB-W4283,BUY-4677,LC-8277,EXPORT,CH01,165.44,295.73
FAB-W4284,BUY-4678,LC-8278,DOMESTIC,CH02,201.12,168.32
FAB-W4285,BUY-4679,LC-8279,EXPORT,CH03,230.67,273.65
FAB-W4286,BUY-4680,LC-8280,DOMESTIC,CH04,193.17,
FAB-W4287,BUY-4681,LC-8281,EXPORT,CH01,257.29,111.9
FAB-W4288,BUY-4682,LC-8282,DOMESTIC,CH02,241.06,223.62
FAB-W4289,BUY-4683,LC-8283,EXPORT,CH03,154.97,209.06
FAB-W4290,BUY-4684,LC-8284,DOMESTIC,CH04,134.38,114.89
FAB-W4291,BUY-4685,LC-8285,EXPORT,CH01,227.9,227.3
FAB-W4292,BUY-4686,LC-8286,DOMESTIC,CH02,251.76,222.63
FAB-W4293,BUY-4687,LC-8287,EXPORT,CH03,107.66,113.55
FAB-W4294,BUY-4688,LC-8288,DOMESTIC,CH04,205.71,248.68
FAB-W4295,BUY-4689,LC-8289,EXPORT,CH01,228.26,165.55
FAB-W4296,BUY-4690,LC-8290,DOMESTIC,CH02,181.59,259.8
FAB-W4297,BUY-4691,LC-8291,EXPORT,CH03,137.37,
FAB-W4298,BUY-4692,LC-8292,DOMESTIC,CH04,121.27,272.34
FAB-W4299,BUY-4693,LC-8293,EXPORT,CH01,109.94,132.02
FAB-W4300,BUY-4694,LC-8294,DOMESTIC,CH02,207.72,272.31
FAB-W4301,BUY-4695,LC-8295,EXPORT,CH03,214.35,207.57
FAB-W4302,BUY-4696,LC-8296,DOMESTIC,CH04,217.12,133.67
FAB-W4303,BUY-4697,LC-8297,EXPORT,CH01,106.07,169.95
FAB-W4304,BUY-4698,LC-8298,DOMESTIC,CH02,239.66,193.64
FAB-W4305,BUY-4699,LC-8299,EXPORT,CH03,199.67,164.02
FAB-W4306,BUY-4700,LC-8300,DOMESTIC,CH04,252.44,282.65
FAB-W4307,BUY-4701,LC-8301,EXPORT,CH01,125.58,118.68
FAB-W4308,BUY-4702,LC-8302,DOMESTIC,CH02,144.52,
FAB-W4309,BUY-4703,LC-8303,EXPORT,CH03,209.4,230.83
FAB-W4310,BUY-4704,LC-8304,DOMESTIC,CH04,240.9,138.46
FAB-W4311,BUY-4705,LC-8305,EXPORT,CH01,245.0,155.23
FAB-W4312,BUY-4706,LC-8306,DOMESTIC,CH02,210.39,247.94
FAB-W4313,BUY-4707,LC-8307,EXPORT,CH03,121.19,111.92
FAB-W4314,BUY-4708,LC-8308,DOMESTIC,CH04,169.31,294.37
FAB-W4315,BUY-4709,LC-8309,EXPORT,CH01,198.94,263.41
FAB-W4316,BUY-4710,LC-8310,DOMESTIC,CH02,146.16,278.38
FAB-W4317,BUY-4711,LC-8311,EXPORT,CH03,232.56,216.74
FAB-W4318,BUY-4712,LC-8312,DOMESTIC,CH04,207.79,219.4
FAB-W4319,BUY-4713,LC-8313,EXPORT,CH01,135.89,
FAB-W4320,BUY-4714,LC-8314,DOMESTIC,CH02,215.09,248.84
FAB-W4321,BUY-4715,LC-8315,EXPORT,CH03,206.95,116.52
FAB-W4322,BUY-4716,LC-8316,DOMESTIC,CH04,196.76,192.26
FAB-W4323,BUY-4717,LC-8317,EXPORT,CH01,131.49,253.08
FAB-W4324,BUY-4718,LC-8318,DOMESTIC,CH02,126.36,216.97
FAB-W4325,BUY-4719,LC-8319,EXPORT,CH03,153.27,247.56
FAB-W4326,BUY-4720,LC-8320,DOMESTIC,CH04,97.44,143.4
FAB-W4327,BUY-4721,LC-8321,EXPORT,CH01,153.58,163.47
FAB-W4328,BUY-4722,LC-8322,DOMESTIC,CH02,258.2,157.73
FAB-W4329,BUY-4723,LC-8323,EXPORT,CH03,126.11,184.85
FAB-W4330,BUY-4724,LC-8324,DOMESTIC,CH04,241.13,
FAB-W4331,BUY-4725,LC-8325,EXPORT,CH01,190.71,114.28
FAB-W4332,BUY-4726,LC-8326,DOMESTIC,CH02,138.92,234.26
FAB-W4333,BUY-4727,LC-8327,EXPORT,CH03,241.22,160.33
FAB-W4334,BUY-4728,LC-8328,DOMESTIC,CH04,106.24,155.38
FAB-W4335,BUY-4729,LC-8329,EXPORT,CH01,144.25,139.08
FAB-W4336,BUY-4730,LC-8330,DOMESTIC,CH02,173.08,252.56
FAB-W4337,BUY-4731,LC-8331,EXPORT,CH03,110.47,196.89
FAB-W4338,BUY-4732,LC-8332,DOMESTIC,CH04,106.54,165.22
FAB-W4339,BUY-4733,LC-8333,EXPORT,CH01,128.59,274.11
FAB-W4340,BUY-4734,LC-8334,DOMESTIC,CH02,90.9,137.8
FAB-W4341,BUY-4735,LC-8335,EXPORT,CH03,96.02,
FAB-W4342,BUY-4736,LC-8336,DOMESTIC,CH04,161.09,299.6
FAB-W4343,BUY-4737,LC-8337,EXPORT,CH01,119.72,229.09
FAB-W4344,BUY-4738,LC-8338,DOMESTIC,CH02,189.83,214.66
FAB-W4345,BUY-4739,LC-8339,EXPORT,CH03,154.08,129.76
FAB-W4346,BUY-4740,LC-8340,DOMESTIC,CH04,244.63,145.58
FAB-W4347,BUY-4741,LC-8341,EXPORT,CH01,249.87,122.03
FAB-W4348,BUY-4742,LC-8342,DOMESTIC,CH02,220.65,173.16
FAB-W4349,BUY-4743,LC-8343,EXPORT,CH03,190.92,188.57
FAB-W4350,BUY-4744,LC-8344,DOMESTIC,CH04,250.2,285.15
FAB-W4351,BUY-4745,LC-8345,EXPORT,CH01,124.26,206.11
FAB-W4352,BUY-4746,LC-8346,DOMESTIC,CH02,175.3,
FAB-W4353,BUY-4747,LC-8347,EXPORT,CH03,96.29,282.83
FAB-W4354,BUY-4748,LC-8348,DOMESTIC,CH04,210.07,228.19
FAB-W4355,BUY-4749,LC-8349,EXPORT,CH01,247.41,192.16
FAB-W4356,BUY-4750,LC-8350,DOMESTIC,CH02,149.19,139.41
FAB-W4357,BUY-4751,LC-8351,EXPORT,CH03,223.01,256.19
FAB-W4358,BUY-4752,LC-8352,DOMESTIC,CH04,232.0,238.45
FAB-W4359,BUY-4753,LC-8353,EXPORT,CH01,143.19,275.92
FAB-W4360,BUY-4754,LC-8354,DOMESTIC,CH02,107.91,145.52
FAB-W4361,BUY-4755,LC-8355,EXPORT,CH03,186.75,265.09
FAB-W4362,BUY-4756,LC-8356,DOMESTIC,CH04,223.89,250.73
FAB-W4363,BUY-4757,LC-8357,EXPORT,CH01,209.89,
FAB-W4364,BUY-4758,LC-8358,DOMESTIC,CH02,227.15,222.9
FAB-W4365,BUY-4759,LC-8359,EXPORT,CH03,137.63,225.99
FAB-W4366,BUY-4760,LC-8360,DOMESTIC,CH04,150.29,201.32
FAB-W4367,BUY-4761,LC-8361,EXPORT,CH01,245.05,130.22
FAB-W4368,BUY-4762,LC-8362,DOMESTIC,CH02,104.23,133.37
FAB-W4369,BUY-4763,LC-8363,EXPORT,CH03,104.25,297.81
FAB-W4370,BUY-4764,LC-8364,DOMESTIC,CH04,102.93,108.74
FAB-W4371,BUY-4765,LC-8365,EXPORT,CH01,181.88,263.52
FAB-W4372,BUY-4766,LC-8366,DOMESTIC,CH02,209.13,208.44
FAB-W4373,BUY-4767,LC-8367,EXPORT,CH03,148.4,109.86
FAB-W4374,BUY-4768,LC-8368,DOMESTIC,CH04,159.22,
FAB-W4375,BUY-4769,LC-8369,EXPORT,CH01,153.35,257.56
FAB-W4376,BUY-4770,LC-8370,DOMESTIC,CH02,233.3,168.39
FAB-W4377,BUY-4771,LC-8371,EXPORT,CH03,231.54,242.17
FAB-W4378,BUY-4772,LC-8372,DOMESTIC,CH04,237.41,104.88
FAB-W4379,BUY-4773,LC-8373,EXPORT,CH01,213.06,160.26
FAB-W4380,BUY-4774,LC-8374,DOMESTIC,CH02,149.54,278.15
FAB-W4381,BUY-4775,LC-8375,EXPORT,CH03,240.9,262.33
FAB-W4382,BUY-4776,LC-8376,DOMESTIC,CH04,156.7,180.49
FAB-W4383,BUY-4777,LC-8377,EXPORT,CH01,190.75,261.44
FAB-W4384,BUY-4778,LC-8378,DOMESTIC,CH02,172.2,161.39
FAB-W4385,BUY-4779,LC-8379,EXPORT,CH03,173.66,
FAB-W4386,BUY-4780,LC-8380,DOMESTIC,CH04,92.78,196.18
FAB-W4387,BUY-4781,LC-8381,EXPORT,CH01,192.02,245.34
FAB-W4388,BUY-4782,LC-8382,DOMESTIC,CH02,119.41,159.33
FAB-W4389,BUY-4783,LC-8383,EXPORT,CH03,248.57,152.8
FAB-W4390,BUY-4784,LC-8384,DOMESTIC,CH04,193.03,209.19
FAB-W4391,BUY-4785,LC-8385,EXPORT,CH01,165.28,278.07
FAB-W4392,BUY-4786,LC-8386,DOMESTIC,CH02,186.74,175.67
FAB-W4393,BUY-4787,LC-8387,EXPORT,CH03,98.05,179.01
FAB-W4394,BUY-4788,LC-8388,DOMESTIC,CH04,139.12,238.6
FAB-W4395,BUY-4789,LC-8389,EXPORT,CH01,145.4,211.6
FAB-W4396,BUY-4790,LC-8390,DOMESTIC,CH02,94.5,
FAB-W4397,BUY-4791,LC-8391,EXPORT,CH03,241.71,169.66
FAB-W4398,BUY-4792,LC-8392,DOMESTIC,CH04,247.43,169.61
FAB-W4399,BUY-4793,LC-8393,EXPORT,CH01,218.72,183.5
FAB-W4400,BUY-4794,LC-8394,DOMESTIC,CH02,218.69,167.22
FAB-W4401,BUY-4795,LC-8395,EXPORT,CH03,108.73,294.56
FAB-W4402,BUY-4796,LC-8396,DOMESTIC,CH04,250.16,242.04
FAB-W4403,BUY-4797,LC-8397,EXPORT,CH01,163.69,205.15
FAB-W4404,BUY-4798,LC-8398,DOMESTIC,CH02,197.24,144.51
FAB-W4405,BUY-4799,LC-8399,EXPORT,CH03,137.04,162.78
FAB-W4406,BUY-4800,LC-8400,DOMESTIC,CH04,169.11,276.61
FAB-W4407,BUY-4801,LC-8401,EXPORT,CH01,241.45,
FAB-W4408,BUY-4802,LC-8402,DOMESTIC,CH02,199.58,202.61
FAB-W4409,BUY-4803,LC-8403,EXPORT,CH03,245.72,236.32
FAB-W4410,BUY-4804,LC-8404,DOMESTIC,CH04,100.74,288.15
FAB-W4411,BUY-4805,LC-8405,EXPORT,CH01,230.78,148.76
FAB-W4412,BUY-4806,LC-8406,DOMESTIC,CH02,113.11,160.09
FAB-W4413,BUY-4807,LC-8407,EXPORT,CH03,212.39,296.04
FAB-W4414,BUY-4808,LC-8408,DOMESTIC,CH04,144.17,291.95
FAB-W4415,BUY-4809,LC-8409,EXPORT,CH01,248.0,295.9
FAB-W4416,BUY-4810,LC-8410,DOMESTIC,CH02,105.27,123.03
FAB-W4417,BUY-4811,LC-8411,EXPORT,CH03,243.48,151.97
FAB-W4418,BUY-4812,LC-8412,DOMESTIC,CH04,177.08,
FAB-W4419,BUY-4813,LC-8413,EXPORT,CH01,200.6,120.01
FAB-W4420,BUY-4814,LC-8414,DOMESTIC,CH02,114.24,249.03
FAB-W4421,BUY-4815,LC-8415,EXPORT,CH03,196.16,173.61
FAB-W4422,BUY-4816,LC-8416,DOMESTIC,CH04,245.18,104.94
FAB-W4423,BUY-4817,LC-8417,EXPORT,CH01,162.69,182.72
FAB-W4424,BUY-4818,LC-8418,DOMESTIC,CH02,146.69,215.12
FAB-W4425,BUY-4819,LC-8419,EXPORT,CH03,187.09,247.56
FAB-W4426,BUY-4820,LC-8420,DOMESTIC,CH04,114.87,299.81
FAB-W4427,BUY-4821,LC-8421,EXPORT,CH01,100.94,192.39
FAB-W4428,BUY-4822,LC-8422,DOMESTIC,CH02,136.3,174.95
FAB-W4429,BUY-4823,LC-8423,EXPORT,CH03,157.01,
FAB-W4430,BUY-4824,LC-8424,DOMESTIC,CH04,255.24,206.17
FAB-W4431,BUY-4825,LC-8425,EXPORT,CH01,153.24,219.82
FAB-W4432,BUY-4826,LC-8426,DOMESTIC,CH02,116.76,205.18
FAB-W4433,BUY-4827,LC-8427,EXPORT,CH03,198.42,118.36
FAB-W4434,BUY-4828,LC-8428,DOMESTIC,CH04,208.82,187.8
FAB-W4435,BUY-4829,LC-8429,EXPORT,CH01,211.51,258.59
FAB-W4436,BUY-4830,LC-8430,DOMESTIC,CH02,105.92,201.29
FAB-W4437,BUY-4831,LC-8431,EXPORT,CH03,260.0,274.4
FAB-W4438,BUY-4832,LC-8432,DOMESTIC,CH04,109.8,126.04
FAB-W4439,BUY-4833,LC-8433,EXPORT,CH01,96.7,199.88
FAB-W4440,BUY-4834,LC-8434,DOMESTIC,CH02,142.95,
FAB-W4441,BUY-4835,LC-8435,EXPORT,CH03,119.79,206.53
FAB-W4442,BUY-4836,LC-8436,DOMESTIC,CH04,188.95,267.55
FAB-W4443,BUY-4837,LC-8437,EXPORT,CH01,146.58,244.87
FAB-W4444,BUY-4838,LC-8438,DOMESTIC,CH02,97.18,233.56
FAB-W4445,BUY-4839,LC-8439,EXPORT,CH03,259.89,149.83
FAB-W4446,BUY-4840,LC-8440,DOMESTIC,CH04,193.75,206.4
FAB-W4447,BUY-4841,LC-8441,EXPORT,CH01,167.65,280.54
FAB-W4448,BUY-4842,LC-8442,DOMESTIC,CH02,184.52,163.37
FAB-W4449,BUY-4843,LC-8443,EXPORT,CH03,136.08,128.16
FAB-W4450,BUY-4844,LC-8444,DOMESTIC,CH04,93.2,284.58
FAB-W4451,BUY-4845,LC-8445,EXPORT,CH01,154.11,
FAB-W4452,BUY-4846,LC-8446,DOMESTIC,CH02,111.44,110.61
FAB-W4453,BUY-4847,LC-8447,EXPORT,CH03,174.72,267.06
FAB-W4454,BUY-4848,LC-8448,DOMESTIC,CH04,255.52,109.66
FAB-W4455,BUY-4849,LC-8449,EXPORT,CH01,150.1,181.36
FAB-W4456,BUY-4850,LC-8450,DOMESTIC,CH02,129.49,265.84
FAB-W4457,BUY-4851,LC-8451,EXPORT,CH03,251.83,117.97
FAB-W4458,BUY-4852,LC-8452,DOMESTIC,CH04,207.4,226.15
FAB-W4459,BUY-4853,LC-8453,EXPORT,CH01,259.54,110.62
FAB-W4460,BUY-4854,LC-8454,DOMESTIC,CH02,193.36,129.78
FAB-W4461,BUY-4855,LC-8455,EXPORT,CH03,165.08,134.39
FAB-W4462,BUY-4856,LC-8456,DOMESTIC,CH04,175.07,
FAB-W4463,BUY-4857,LC-8457,EXPORT,CH01,153.35,254.94
FAB-W4464,BUY-4858,LC-8458,DOMESTIC,CH02,218.32,217.92
FAB-W4465,BUY-4859,LC-8459,EXPORT,CH03,170.86,211.19
FAB-W4466,BUY-4860,LC-8460,DOMESTIC,CH04,133.26,271.26
FAB-W4467,BUY-4861,LC-8461,EXPORT,CH01,178.79,132.97
FAB-W4468,BUY-4862,LC-8462,DOMESTIC,CH02,229.71,204.8
FAB-W4469,BUY-4863,LC-8463,EXPORT,CH03,104.67,220.31
FAB-W4470,BUY-4864,LC-8464,DOMESTIC,CH04,111.32,129.46
FAB-W4471,BUY-4865,LC-8465,EXPORT,CH01,222.9,265.9
FAB-W4472,BUY-4866,LC-8466,DOMESTIC,CH02,154.16,195.63
FAB-W4473,BUY-4867,LC-8467,EXPORT,CH03,176.57,
FAB-W4474,BUY-4868,LC-8468,DOMESTIC,CH04,220.55,223.79
FAB-W4475,BUY-4869,LC-8469,EXPORT,CH01,192.24,187.26
FAB-W4476,BUY-4870,LC-8470,DOMESTIC,CH02,114.96,135.63
FAB-W4477,BUY-4871,LC-8471,EXPORT,CH03,236.63,120.91
FAB-W4478,BUY-4872,LC-8472,DOMESTIC,CH04,259.38,246.76
FAB-W4479,BUY-4873,LC-8473,EXPORT,CH01,246.98,224.84
FAB-W4480,BUY-4874,LC-8474,DOMESTIC,CH02,175.23,263.65
FAB-W4481,BUY-4875,LC-8475,EXPORT,CH03,176.1,108.65
FAB-W4482,BUY-4876,LC-8476,DOMESTIC,CH04,118.65,207.8
FAB-W4483,BUY-4877,LC-8477,EXPORT,CH01,176.89,219.19
FAB-W4484,BUY-4878,LC-8478,DOMESTIC,CH02,145.62,
FAB-W4485,BUY-4879,LC-8479,EXPORT,CH03,186.95,179.08
FAB-W4486,BUY-4880,LC-8480,DOMESTIC,CH04,164.79,130.9
FAB-W4487,BUY-4881,LC-8481,EXPORT,CH01,140.4,280.33
FAB-W4488,BUY-4882,LC-8482,DOMESTIC,CH02,150.78,285.65
FAB-W4489,BUY-4883,LC-8483,EXPORT,CH03,196.26,194.54
FAB-W4490,BUY-4884,LC-8484,DOMESTIC,CH04,170.78,134.06
FAB-W4491,BUY-4885,LC-8485,EXPORT,CH01,186.81,192.55
FAB-W4492,BUY-4886,LC-8486,DOMESTIC,CH02,119.87,206.87
FAB-W4493,BUY-4887,LC-8487,EXPORT,CH03,186.25,171.93
FAB-W4494,BUY-4888,LC-8488,DOMESTIC,CH04,162.77,253.03
FAB-W4495,BUY-4889,LC-8489,EXPORT,CH01,146.49,
FAB-W4496,BUY-4890,LC-8490,DOMESTIC,CH02,147.13,113.21
FAB-W4497,BUY-4891,LC-8491,EXPORT,CH03,163.25,172.2
FAB-W4498,BUY-4892,LC-8492,DOMESTIC,CH04,189.91,145.88
FAB-W4499,BUY-4893,LC-8493,EXPORT,CH01,135.66,297.77
FAB-W4500,BUY-4894,LC-8494,DOMESTIC,CH02,191.1,218.88
FAB-W4501,BUY-4895,LC-8495,EXPORT,CH03,148.72,131.66
FAB-W4502,BUY-4896,LC-8496,DOMESTIC,CH04,182.07,274.8
FAB-W4503,BUY-4897,LC-8497,EXPORT,CH01,130.29,274.44
FAB-W4504,BUY-4898,LC-8498,DOMESTIC,CH02,259.34,299.72
FAB-W4505,BUY-4899,LC-8499,EXPORT,CH03,132.27,165.42
FAB-W4506,BUY-4900,LC-8500,DOMESTIC,CH04,176.94,
FAB-W4507,BUY-4901,LC-8501,EXPORT,CH01,247.52,253.21
FAB-W4508,BUY-4902,LC-8502,DOMESTIC,CH02,152.66,208.78
FAB-W4509,BUY-4903,LC-8503,EXPORT,CH03,228.17,233.73
FAB-W4510,BUY-4904,LC-8504,DOMESTIC,CH04,185.5,185.04
FAB-W4511,BUY-4905,LC-8505,EXPORT,CH01,108.51,120.74
FAB-W4512,BUY-4906,LC-8506,DOMESTIC,CH02,138.39,172.74
FAB-W4513,BUY-4907,LC-8507,EXPORT,CH03,104.01,271.66
FAB-W4514,BUY-4908,LC-8508,DOMESTIC,CH04,162.45,193.26
FAB-W4515,BUY-4909,LC-8509,EXPORT,CH01,145.78,182.27
FAB-W4516,BUY-4910,LC-8510,DOMESTIC,CH02,203.59,276.37
FAB-W4517,BUY-4911,LC-8511,EXPORT,CH03,107.2,
FAB-W4518,BUY-4912,LC-8512,DOMESTIC,CH04,240.4,190.42
FAB-W4519,BUY-4913,LC-8513,EXPORT,CH01,151.96,246.54
FAB-W4520,BUY-4914,LC-8514,DOMESTIC,CH02,141.04,263.16
FAB-W4521,BUY-4915,LC-8515,EXPORT,CH03,97.76,191.38
FAB-W4522,BUY-4916,LC-8516,DOMESTIC,CH04,149.61,175.27
FAB-W4523,BUY-4917,LC-8517,EXPORT,CH01,252.7,149.31
FAB-W4524,BUY-4918,LC-8518,DOMESTIC,CH02,259.51,276.45
FAB-W4525,BUY-4919,LC-8519,EXPORT,CH03,185.82,154.71
FAB-W4526,BUY-4920,LC-8520,DOMESTIC,CH04,169.98,233.1
FAB-W4527,BUY-4921,LC-8521,EXPORT,CH01,188.72,263.88
FAB-W4528,BUY-4922,LC-8522,DOMESTIC,CH02,97.24,
FAB-W4529,BUY-4923,LC-8523,EXPORT,CH03,98.26,161.17
FAB-W4530,BUY-4924,LC-8524,DOMESTIC,CH04,100.9,269.05
FAB-W4531,BUY-4925,LC-8525,EXPORT,CH01,197.49,101.94
FAB-W4532,BUY-4926,LC-8526,DOMESTIC,CH02,218.6,107.26
FAB-W4533,BUY-4927,LC-8527,EXPORT,CH03,91.34,199.73
FAB-W4534,BUY-4928,LC-8528,DOMESTIC,CH04,222.4,242.23
FAB-W4535,BUY-4929,LC-8529,EXPORT,CH01,178.29,147.69
FAB-W4536,BUY-4930,LC-8530,DOMESTIC,CH02,154.0,267.99
FAB-W4537,BUY-4931,LC-8531,EXPORT,CH03,179.46,116.51
FAB-W4538,BUY-4932,LC-8532,DOMESTIC,CH04,212.45,163.98
FAB-W4539,BUY-4933,LC-8533,EXPORT,CH01,176.82,
FAB-W4540,BUY-4934,LC-8534,DOMESTIC,CH02,170.51,297.32
FAB-W4541,BUY-4935,LC-8535,EXPORT,CH03,122.81,264.33
FAB-W4542,BUY-4936,LC-8536,DOMESTIC,CH04,243.01,151.36
FAB-W4543,BUY-4937,LC-8537,EXPORT,CH01,156.9,285.02
FAB-W4544,BUY-4938,LC-8538,DOMESTIC,CH02,132.17,242.07
FAB-W4545,BUY-4939,LC-8539,EXPORT,CH03,102.15,295.99
FAB-W4546,BUY-4940,LC-8540,DOMESTIC,CH04,170.71,188.49
FAB-W4547,BUY-4941,LC-8541,EXPORT,CH01,170.01,145.79
FAB-W4548,BUY-4942,LC-8542,DOMESTIC,CH02,201.96,264.11
FAB-W4549,BUY-4943,LC-8543,EXPORT,CH03,220.14,117.49
FAB-W4550,BUY-4944,LC-8544,DOMESTIC,CH04,101.26,
FAB-W4551,BUY-4945,LC-8545,EXPORT,CH01,176.08,282.17
FAB-W4552,BUY-4946,LC-8546,DOMESTIC,CH02,197.36,186.29
FAB-W4553,BUY-4947,LC-8547,EXPORT,CH03,97.36,177.69
FAB-W4554,BUY-4948,LC-8548,DOMESTIC,CH04,118.41,242.34
FAB-W4555,BUY-4949,LC-8549,EXPORT,CH01,103.74,223.83
FAB-W4556,BUY-4950,LC-8550,DOMESTIC,CH02,242.62,154.67
FAB-W4557,BUY-4951,LC-8551,EXPORT,CH03,249.21,179.86
FAB-W4558,BUY-4952,LC-8552,DOMESTIC,CH04,93.44,288.92
FAB-W4559,BUY-4953,LC-8553,EXPORT,CH01,239.27,259.48
FAB-W4560,BUY-4954,LC-8554,DOMESTIC,CH02,243.04,100.03
FAB-W4561,BUY-4955,LC-8555,EXPORT,CH03,95.61,
FAB-W4562,BUY-4956,LC-8556,DOMESTIC,CH04,100.41,107.52
FAB-W4563,BUY-4957,LC-8557,EXPORT,CH01,91.58,107.28
FAB-W4564,BUY-4958,LC-8558,DOMESTIC,CH02,179.82,130.41
FAB-W4565,BUY-4959,LC-8559,EXPORT,CH03,249.75,237.81
FAB-W4566,BUY-4960,LC-8560,DOMESTIC,CH04,121.46,290.73
FAB-W4567,BUY-4961,LC-8561,EXPORT,CH01,110.67,220.66
FAB-W4568,BUY-4962,LC-8562,DOMESTIC,CH02,224.53,266.56
FAB-W4569,BUY-4963,LC-8563,EXPORT,CH03,184.87,276.58
FAB-W4570,BUY-4964,LC-8564,DOMESTIC,CH04,217.49,221.32
FAB-W4571,BUY-4965,LC-8565,EXPORT,CH01,189.02,259.39
FAB-W4572,BUY-4966,LC-8566,DOMESTIC,CH02,117.75,
FAB-W4573,BUY-4967,LC-8567,EXPORT,CH03,115.44,181.76
FAB-W4574,BUY-4968,LC-8568,DOMESTIC,CH04,198.44,182.74
FAB-W4575,BUY-4969,LC-8569,EXPORT,CH01,209.69,169.84
FAB-W4576,BUY-4970,LC-8570,DOMESTIC,CH02,142.48,107.15
FAB-W4577,BUY-4971,LC-8571,EXPORT,CH03,196.3,254.86
FAB-W4578,BUY-4972,LC-8572,DOMESTIC,CH04,209.58,218.37
FAB-W4579,BUY-4973,LC-8573,EXPORT,CH01,139.9,129.46
FAB-W4580,BUY-4974,LC-8574,DOMESTIC,CH02,149.7,219.56
FAB-W4581,BUY-4975,LC-8575,EXPORT,CH03,111.38,133.3
FAB-W4582,BUY-4976,LC-8576,DOMESTIC,CH04,253.0,224.97
FAB-W4583,BUY-4977,LC-8577,EXPORT,CH01,232.3,
FAB-W4584,BUY-4978,LC-8578,DOMESTIC,CH02,223.15,105.19
FAB-W4585,BUY-4979,LC-8579,EXPORT,CH03,229.52,280.3
FAB-W4586,BUY-4980,LC-8580,DOMESTIC,CH04,251.8,274.44
FAB-W4587,BUY-4981,LC-8581,EXPORT,CH01,148.42,143.24
FAB-W4588,BUY-4982,LC-8582,DOMESTIC,CH02,152.1,285.73
FAB-W4589,BUY-4983,LC-8583,EXPORT,CH03,247.02,201.93
FAB-W4590,BUY-4984,LC-8584,DOMESTIC,CH04,236.03,140.44
FAB-W4591,BUY-4985,LC-8585,EXPORT,CH01,230.43,108.01
FAB-W4592,BUY-4986,LC-8586,DOMESTIC,CH02,223.27,190.82
FAB-W4593,BUY-4987,LC-8587,EXPORT,CH03,228.1,161.21
FAB-W4594,BUY-4988,LC-8588,DOMESTIC,CH04,104.49,
FAB-W4595,BUY-4989,LC-8589,EXPORT,CH01,161.72,276.95
FAB-W4596,BUY-4990,LC-8590,DOMESTIC,CH02,115.86,157.27
FAB-W4597,BUY-4991,LC-8591,EXPORT,CH03,145.35,212.75
FAB-W4598,BUY-4992,LC-8592,DOMESTIC,CH04,142.0,231.04
FAB-W4599,BUY-4993,LC-8593,EXPORT,CH01,229.49,225.27
FAB-W4600,BUY-4994,LC-8594,DOMESTIC,CH02,242.5,195.97
FAB-W4601,BUY-4995,LC-8595,EXPORT,CH03,103.47,228.11
FAB-W4602,BUY-4996,LC-8596,DOMESTIC,CH04,199.96,238.47
FAB-W4603,BUY-4997,LC-8597,EXPORT,CH01,161.62,245.74
FAB-W4604,BUY-4998,LC-8598,DOMESTIC,CH02,173.95,164.39
FAB-W4605,BUY-4999,LC-8599,EXPORT,CH03,184.04,
FAB-W4606,BUY-5000,LC-8600,DOMESTIC,CH04,119.02,268.68
FAB-W4607,BUY-5001,LC-8601,EXPORT,CH01,157.92,269.26
FAB-W4608,BUY-5002,LC-8602,DOMESTIC,CH02,100.88,253.52
FAB-W4609,BUY-5003,LC-8603,EXPORT,CH03,203.73,288.23
FAB-W4610,BUY-5004,LC-8604,DOMESTIC,CH04,145.83,105.91
FAB-W4611,BUY-5005,LC-8605,EXPORT,CH01,104.62,159.08
FAB-W4612,BUY-5006,LC-8606,DOMESTIC,CH02,238.69,102.77
FAB-W4613,BUY-5007,LC-8607,EXPORT,CH03,137.93,103.27
FAB-W4614,BUY-5008,LC-8608,DOMESTIC,CH04,105.96,295.69
FAB-W4615,BUY-5009,LC-8609,EXPORT,CH01,198.95,191.57
FAB-W4616,BUY-5010,LC-8610,DOMESTIC,CH02,189.6,
FAB-W4617,BUY-5011,LC-8611,EXPORT,CH03,105.41,227.35
FAB-W4618,BUY-5012,LC-8612,DOMESTIC,CH04,179.63,184.17
FAB-W4619,BUY-5013,LC-8613,EXPORT,CH01,103.21,123.93
FAB-W4620,BUY-5014,LC-8614,DOMESTIC,CH02,238.12,203.17
FAB-W4621,BUY-5015,LC-8615,EXPORT,CH03,193.83,165.87
FAB-W4622,BUY-5016,LC-8616,DOMESTIC,CH04,96.09,183.99
FAB-W4623,BUY-5017,LC-8617,EXPORT,CH01,106.54,117.28
FAB-W4624,BUY-5018,LC-8618,DOMESTIC,CH02,193.65,248.94
FAB-W4625,BUY-5019,LC-8619,EXPORT,CH03,212.99,264.51
FAB-W4626,BUY-5020,LC-8620,DOMESTIC,CH04,140.51,133.88
FAB-W4627,BUY-5021,LC-8621,EXPORT,CH01,207.87,
FAB-W4628,BUY-5022,LC-8622,DOMESTIC,CH02,145.23,127.44
FAB-W4629,BUY-5023,LC-8623,EXPORT,CH03,151.4,189.96
FAB-W4630,BUY-5024,LC-8624,DOMESTIC,CH04,194.23,131.06
FAB-W4631,BUY-5025,LC-8625,EXPORT,CH01,231.5,177.62
FAB-W4632,BUY-5026,LC-8626,DOMESTIC,CH02,196.02,217.09
FAB-W4633,BUY-5027,LC-8627,EXPORT,CH03,243.12,230.27
FAB-W4634,BUY-5028,LC-8628,DOMESTIC,CH04,137.65,154.96
FAB-W4635,BUY-5029,LC-8629,EXPORT,CH01,183.37,102.41
FAB-W4636,BUY-5030,LC-8630,DOMESTIC,CH02,189.53,163.4
FAB-W4637,BUY-5031,LC-8631,EXPORT,CH03,193.09,230.91
FAB-W4638,BUY-5032,LC-8632,DOMESTIC,CH04,178.13,
FAB-W4639,BUY-5033,LC-8633,EXPORT,CH01,229.01,228.95
FAB-W4640,BUY-5034,LC-8634,DOMESTIC,CH02,225.51,271.48
FAB-W4641,BUY-5035,LC-8635,EXPORT,CH03,188.45,297.34
FAB-W4642,BUY-5036,LC-8636,DOMESTIC,CH04,207.13,185.21
FAB-W4643,BUY-5037,LC-8637,EXPORT,CH01,258.3,200.93
FAB-W4644,BUY-5038,LC-8638,DOMESTIC,CH02,193.42,239.02
FAB-W4645,BUY-5039,LC-8639,EXPORT,CH03,259.71,127.34
FAB-W4646,BUY-5040,LC-8640,DOMESTIC,CH04,229.76,122.69
FAB-W4647,BUY-5041,LC-8641,EXPORT,CH01,182.1,200.17
FAB-W4648,BUY-5042,LC-8642,DOMESTIC,CH02,122.88,290.9
FAB-W4649,BUY-5043,LC-8643,EXPORT,CH03,190.29,
FAB-W4650,BUY-5044,LC-8644,DOMESTIC,CH04,131.46,263.4
FAB-W4651,BUY-5045,LC-8645,EXPORT,CH01,257.32,297.95
FAB-W4652,BUY-5046,LC-8646,DOMESTIC,CH02,120.32,177.72
FAB-W4653,BUY-5047,LC-8647,EXPORT,CH03,191.55,247.54
FAB-W4654,BUY-5048,LC-8648,DOMESTIC,CH04,138.93,143.82
FAB-W4655,BUY-5049,LC-8649,EXPORT,CH01,140.08,218.65
FAB-W4656,BUY-5050,LC-8650,DOMESTIC,CH02,199.93,102.43
FAB-W4657,BUY-5051,LC-8651,EXPORT,CH03,147.65,163.81
FAB-W4658,BUY-5052,LC-8652,DOMESTIC,CH04,151.44,206.67
FAB-W4659,BUY-5053,LC-8653,EXPORT,CH01,236.55,131.16
FAB-W4660,BUY-5054,LC-8654,DOMESTIC,CH02,200.06,
FAB-W4661,BUY-5055,LC-8655,EXPORT,CH03,136.16,213.07
FAB-W4662,BUY-5056,LC-8656,DOMESTIC,CH04,165.8,254.95
FAB-W4663,BUY-5057,LC-8657,EXPORT,CH01,256.35,213.26
FAB-W4664,BUY-5058,LC-8658,DOMESTIC,CH02,243.53,197.05
FAB-W4665,BUY-5059,LC-8659,EXPORT,CH03,235.68,280.35
FAB-W4666,BUY-5060,LC-8660,DOMESTIC,CH04,257.92,128.84
FAB-W4667,BUY-5061,LC-8661,EXPORT,CH01,174.51,129.98
FAB-W4668,BUY-5062,LC-8662,DOMESTIC,CH02,117.04,170.55
FAB-W4669,BUY-5063,LC-8663,EXPORT,CH03,258.81,285.97
FAB-W4670,BUY-5064,LC-8664,DOMESTIC,CH04,153.98,275.72
FAB-W4671,BUY-5065,LC-8665,EXPORT,CH01,169.18,
FAB-W4672,BUY-5066,LC-8666,DOMESTIC,CH02,184.24,113.7
FAB-W4673,BUY-5067,LC-8667,EXPORT,CH03,232.37,124.38
FAB-W4674,BUY-5068,LC-8668,DOMESTIC,CH04,129.28,161.36
FAB-W4675,BUY-5069,LC-8669,EXPORT,CH01,189.01,131.59
FAB-W4676,BUY-5070,LC-8670,DOMESTIC,CH02,231.2,143.81
FAB-W4677,BUY-5071,LC-8671,EXPORT,CH03,256.21,200.12
FAB-W4678,BUY-5072,LC-8672,DOMESTIC,CH04,216.25,143.36
FAB-W4679,BUY-5073,LC-8673,EXPORT,CH01,150.87,197.09
FAB-W4680,BUY-5074,LC-8674,DOMESTIC,CH02,128.11,257.4
FAB-W4681,BUY-5075,LC-8675,EXPORT,CH03,201.15,130.0
FAB-W4682,BUY-5076,LC-8676,DOMESTIC,CH04,146.29,
FAB-W4683,BUY-5077,LC-8677,EXPORT,CH01,210.25,157.5
FAB-W4684,BUY-5078,LC-8678,DOMESTIC,CH02,199.84,217.52
FAB-W4685,BUY-5079,LC-8679,EXPORT,CH03,102.57,264.16
FAB-W4686,BUY-5080,LC-8680,DOMESTIC,CH04,133.86,174.48
FAB-W4687,BUY-5081,LC-8681,EXPORT,CH01,151.38,243.86
FAB-W4688,BUY-5082,LC-8682,DOMESTIC,CH02,127.98,206.35
FAB-W4689,BUY-5083,LC-8683,EXPORT,CH03,159.47,209.14
FAB-W4690,BUY-5084,LC-8684,DOMESTIC,CH04,95.06,109.68
FAB-W4691,BUY-5085,LC-8685,EXPORT,CH01,167.94,162.61
FAB-W4692,BUY-5086,LC-8686,DOMESTIC,CH02,110.96,135.6
FAB-W4693,BUY-5087,LC-8687,EXPORT,CH03,168.64,
FAB-W4694,BUY-5088,LC-8688,DOMESTIC,CH04,102.64,205.44
FAB-W4695,BUY-5089,LC-8689,EXPORT,CH01,164.73,116.97
FAB-W4696,BUY-5090,LC-8690,DOMESTIC,CH02,246.94,230.73
FAB-W4697,BUY-5091,LC-8691,EXPORT,CH03,94.11,139.68
FAB-W4698,BUY-5092,LC-8692,DOMESTIC,CH04,242.94,149.08
FAB-W4699,BUY-5093,LC-8693,EXPORT,CH01,202.15,271.51
FAB-W4700,BUY-5094,LC-8694,DOMESTIC,CH02,170.72,294.22
FAB-W4701,BUY-5095,LC-8695,EXPORT,CH03,168.85,134.56
FAB-W4702,BUY-5096,LC-8696,DOMESTIC,CH04,156.75,125.77
FAB-W4703,BUY-5097,LC-8697,EXPORT,CH01,196.15,259.56
FAB-W4704,BUY-5098,LC-8698,DOMESTIC,CH02,183.61,
FAB-W4705,BUY-5099,LC-8699,EXPORT,CH03,239.25,239.46
FAB-W4706,BUY-5100,LC-8700,DOMESTIC,CH04,258.28,279.16
FAB-W4707,BUY-5101,LC-8701,EXPORT,CH01,162.11,251.54
FAB-W4708,BUY-5102,LC-8702,DOMESTIC,CH02,96.36,234.62
FAB-W4709,BUY-5103,LC-8703,EXPORT,CH03,242.35,221.54
FAB-W4710,BUY-5104,LC-8704,DOMESTIC,CH04,141.47,228.79
FAB-W4711,BUY-5105,LC-8705,EXPORT,CH01,152.72,171.76
FAB-W4712,BUY-5106,LC-8706,DOMESTIC,CH02,182.54,261.23
FAB-W4713,BUY-5107,LC-8707,EXPORT,CH03,102.02,250.45
FAB-W4714,BUY-5108,LC-8708,DOMESTIC,CH04,196.94,193.12
FAB-W4715,BUY-5109,LC-8709,EXPORT,CH01,253.98,
FAB-W4716,BUY-5110,LC-8710,DOMESTIC,CH02,118.47,271.21
FAB-W4717,BUY-5111,LC-8711,EXPORT,CH03,95.28,211.12
FAB-W4718,BUY-5112,LC-8712,DOMESTIC,CH04,109.84,202.82
FAB-W4719,BUY-5113,LC-8713,EXPORT,CH01,174.1,299.8
FAB-W4720,BUY-5114,LC-8714,DOMESTIC,CH02,109.26,234.9
FAB-W4721,BUY-5115,LC-8715,EXPORT,CH03,206.5,149.06
FAB-W4722,BUY-5116,LC-8716,DOMESTIC,CH04,90.35,221.41
FAB-W4723,BUY-5117,LC-8717,EXPORT,CH01,161.8,207.77
FAB-W4724,BUY-5118,LC-8718,DOMESTIC,CH02,175.91,253.34
FAB-W4725,BUY-5119,LC-8719,EXPORT,CH03,222.75,209.1
FAB-W4726,BUY-5120,LC-8720,DOMESTIC,CH04,189.6,
FAB-W4727,BUY-5121,LC-8721,EXPORT,CH01,193.67,117.4
FAB-W4728,BUY-5122,LC-8722,DOMESTIC,CH02,122.89,285.83
FAB-W4729,BUY-5123,LC-8723,EXPORT,CH03,112.09,181.58
FAB-W4730,BUY-5124,LC-8724,DOMESTIC,CH04,119.87,295.97
FAB-W4731,BUY-5125,LC-8725,EXPORT,CH01,184.12,192.72
FAB-W4732,BUY-5126,LC-8726,DOMESTIC,CH02,117.25,191.29
FAB-W4733,BUY-5127,LC-8727,EXPORT,CH03,126.87,267.46
FAB-W4734,BUY-5128,LC-8728,DOMESTIC,CH04,205.38,176.92
FAB-W4735,BUY-5129,LC-8729,EXPORT,CH01,125.94,259.05
FAB-W4736,BUY-5130,LC-8730,DOMESTIC,CH02,111.67,293.49
FAB-W4737,BUY-5131,LC-8731,EXPORT,CH03,216.39,
FAB-W4738,BUY-5132,LC-8732,DOMESTIC,CH04,255.38,291.13
FAB-W4739,BUY-5133,LC-8733,EXPORT,CH01,131.77,295.54
FAB-W4740,BUY-5134,LC-8734,DOMESTIC,CH02,139.24,274.09
FAB-W4741,BUY-5135,LC-8735,EXPORT,CH03,98.88,262.47
FAB-W4742,BUY-5136,LC-8736,DOMESTIC,CH04,92.86,157.23
FAB-W4743,BUY-5137,LC-8737,EXPORT,CH01,228.63,266.25
FAB-W4744,BUY-5138,LC-8738,DOMESTIC,CH02,150.01,211.85
FAB-W4745,BUY-5139,LC-8739,EXPORT,CH03,125.84,270.7
FAB-W4746,BUY-5140,LC-8740,DOMESTIC,CH04,209.04,169.58
FAB-W4747,BUY-5141,LC-8741,EXPORT,CH01,123.32,266.74
FAB-W4748,BUY-5142,LC-8742,DOMESTIC,CH02,227.83,
FAB-W4749,BUY-5143,LC-8743,EXPORT,CH03,153.42,221.62
FAB-W4750,BUY-5144,LC-8744,DOMESTIC,CH04,240.28,230.42
FAB-W4751,BUY-5145,LC-8745,EXPORT,CH01,244.83,213.66
FAB-W4752,BUY-5146,LC-8746,DOMESTIC,CH02,148.31,283.12
FAB-W4753,BUY-5147,LC-8747,EXPORT,CH03,212.88,229.28
FAB-W4754,BUY-5148,LC-8748,DOMESTIC,CH04,162.4,194.34
FAB-W4755,BUY-5149,LC-8749,EXPORT,CH01,104.22,269.66
FAB-W4756,BUY-5150,LC-8750,DOMESTIC,CH02,104.77,285.48
FAB-W4757,BUY-5151,LC-8751,EXPORT,CH03,200.65,277.03
FAB-W4758,BUY-5152,LC-8752,DOMESTIC,CH04,120.22,237.45
FAB-W4759,BUY-5153,LC-8753,EXPORT,CH01,166.76,
FAB-W4760,BUY-5154,LC-8754,DOMESTIC,CH02,99.36,113.56
FAB-W4761,BUY-5155,LC-8755,EXPORT,CH03,127.01,250.07
FAB-W4762,BUY-5156,LC-8756,DOMESTIC,CH04,104.95,220.55
FAB-W4763,BUY-5157,LC-8757,EXPORT,CH01,186.57,134.04
FAB-W4764,BUY-5158,LC-8758,DOMESTIC,CH02,116.35,143.27
FAB-W4765,BUY-5159,LC-8759,EXPORT,CH03,205.78,242.86
FAB-W4766,BUY-5160,LC-8760,DOMESTIC,CH04,231.27,156.03
FAB-W4767,BUY-5161,LC-8761,EXPORT,CH01,254.87,228.88
FAB-W4768,BUY-5162,LC-8762,DOMESTIC,CH02,145.81,285.97
FAB-W4769,BUY-5163,LC-8763,EXPORT,CH03,251.79,129.29
FAB-W4770,BUY-5164,LC-8764,DOMESTIC,CH04,161.48,
FAB-W4771,BUY-5165,LC-8765,EXPORT,CH01,206.77,100.53
FAB-W4772,BUY-5166,LC-8766,DOMESTIC,CH02,236.17,190.16
FAB-W4773,BUY-5167,LC-8767,EXPORT,CH03,180.82,185.86
FAB-W4774,BUY-5168,LC-8768,DOMESTIC,CH04,250.71,285.77
FAB-W4775,BUY-5169,LC-8769,EXPORT,CH01,158.57,157.72
FAB-W4776,BUY-5170,LC-8770,DOMESTIC,CH02,203.8,252.37
FAB-W4777,BUY-5171,LC-8771,EXPORT,CH03,245.21,107.52
FAB-W4778,BUY-5172,LC-8772,DOMESTIC,CH04,173.16,146.25
FAB-W4779,BUY-5173,LC-8773,EXPORT,CH01,199.77,234.95
FAB-W4780,BUY-5174,LC-8774,DOMESTIC,CH02,194.0,244.02
FAB-W4781,BUY-5175,LC-8775,EXPORT,CH03,244.42,
FAB-W4782,BUY-5176,LC-8776,DOMESTIC,CH04,104.96,209.44
FAB-W4783,BUY-5177,LC-8777,EXPORT,CH01,189.19,163.26
FAB-W4784,BUY-5178,LC-8778,DOMESTIC,CH02,105.08,247.93
FAB-W4785,BUY-5179,LC-8779,EXPORT,CH03,214.93,294.27
FAB-W4786,BUY-5180,LC-8780,DOMESTIC,CH04,90.47,153.77
FAB-W4787,BUY-5181,LC-8781,EXPORT,CH01,123.92,115.04
FAB-W4788,BUY-5182,LC-8782,DOMESTIC,CH02,107.18,132.95
FAB-W4789,BUY-5183,LC-8783,EXPORT,CH03,245.18,170.69
FAB-W4790,BUY-5184,LC-8784,DOMESTIC,CH04,166.51,293.23
FAB-W4791,BUY-5185,LC-8785,EXPORT,CH01,254.88,278.24
FAB-W4792,BUY-5186,LC-8786,DOMESTIC,CH02,137.74,
FAB-W4793,BUY-5187,LC-8787,EXPORT,CH03,158.29,198.84
FAB-W4794,BUY-5188,LC-8788,DOMESTIC,CH04,155.68,165.09
FAB-W4795,BUY-5189,LC-8789,EXPORT,CH01,94.1,190.28
FAB-W4796,BUY-5190,LC-8790,DOMESTIC,CH02,201.67,213.76
FAB-W4797,BUY-5191,LC-8791,EXPORT,CH03,129.47,125.59
FAB-W4798,BUY-5192,LC-8792,DOMESTIC,CH04,137.06,128.16
FAB-W4799,BUY-5193,LC-8793,EXPORT,CH01,144.21,101.76
FAB-W4800,BUY-5194,LC-8794,DOMESTIC,CH02,181.07,248.4
FAB-W4801,BUY-5195,LC-8795,EXPORT,CH03,259.81,115.87
FAB-W4802,BUY-5196,LC-8796,DOMESTIC,CH04,142.08,214.22
FAB-W4803,BUY-5197,LC-8797,EXPORT,CH01,135.1,
FAB-W4804,BUY-5198,LC-8798,DOMESTIC,CH02,207.49,267.25
FAB-W4805,BUY-5199,LC-8799,EXPORT,CH03,236.35,279.29
FAB-W4806,BUY-5200,LC-8800,DOMESTIC,CH04,206.73,184.62
FAB-W4807,BUY-5201,LC-8801,EXPORT,CH01,252.64,174.19
FAB-W4808,BUY-5202,LC-8802,DOMESTIC,CH02,133.5,134.19
FAB-W4809,BUY-5203,LC-8803,EXPORT,CH03,141.05,130.54
FAB-W4810,BUY-5204,LC-8804,DOMESTIC,CH04,115.62,200.22
FAB-W4811,BUY-5205,LC-8805,EXPORT,CH01,93.95,145.64
FAB-W4812,BUY-5206,LC-8806,DOMESTIC,CH02,116.02,100.57
FAB-W4813,BUY-5207,LC-8807,EXPORT,CH03,186.83,229.45
FAB-W4814,BUY-5208,LC-8808,DOMESTIC,CH04,209.26,
FAB-W4815,BUY-5209,LC-8809,EXPORT,CH01,252.61,157.88
FAB-W4816,BUY-5210,LC-8810,DOMESTIC,CH02,185.35,262.85
FAB-W4817,BUY-5211,LC-8811,EXPORT,CH03,167.53,184.82
FAB-W4818,BUY-5212,LC-8812,DOMESTIC,CH04,230.04,227.28
FAB-W4819,BUY-5213,LC-8813,EXPORT,CH01,166.44,264.07
FAB-W4820,BUY-5214,LC-8814,DOMESTIC,CH02,247.81,251.72
FAB-W4821,BUY-5215,LC-8815,EXPORT,CH03,117.72,119.96
FAB-W4822,BUY-5216,LC-8816,DOMESTIC,CH04,183.61,190.85
FAB-W4823,BUY-5217,LC-8817,EXPORT,CH01,236.96,117.03
FAB-W4824,BUY-5218,LC-8818,DOMESTIC,CH02,206.34,219.82
FAB-W4825,BUY-5219,LC-8819,EXPORT,CH03,232.16,
FAB-W4826,BUY-5220,LC-8820,DOMESTIC,CH04,255.39,298.36
FAB-W4827,BUY-5221,LC-8821,EXPORT,CH01,117.8,203.64
FAB-W4828,BUY-5222,LC-8822,DOMESTIC,CH02,250.67,184.92
FAB-W4829,BUY-5223,LC-8823,EXPORT,CH03,257.44,265.17
FAB-W4830,BUY-5224,LC-8824,DOMESTIC,CH04,238.77,229.93
FAB-W4831,BUY-5225,LC-8825,EXPORT,CH01,131.43,298.39
FAB-W4832,BUY-5226,LC-8826,DOMESTIC,CH02,202.02,115.33
FAB-W4833,BUY-5227,LC-8827,EXPORT,CH03,231.43,215.8
FAB-W4834,BUY-5228,LC-8828,DOMESTIC,CH04,183.44,263.87
FAB-W4835,BUY-5229,LC-8829,EXPORT,CH01,244.31,223.82
FAB-W4836,BUY-5230,LC-8830,DOMESTIC,CH02,108.16,
FAB-W4837,BUY-5231,LC-8831,EXPORT,CH03,165.33,116.1
FAB-W4838,BUY-5232,LC-8832,DOMESTIC,CH04,178.48,211.38
FAB-W4839,BUY-5233,LC-8833,EXPORT,CH01,117.98,147.08
FAB-W4840,BUY-5234,LC-8834,DOMESTIC,CH02,210.28,171.46
FAB-W4841,BUY-5235,LC-8835,EXPORT,CH03,110.52,168.96
FAB-W4842,BUY-5236,LC-8836,DOMESTIC,CH04,94.96,233.81
FAB-W4843,BUY-5237,LC-8837,EXPORT,CH01,189.3,278.76
FAB-W4844,BUY-5238,LC-8838,DOMESTIC,CH02,158.71,187.64
FAB-W4845,BUY-5239,LC-8839,EXPORT,CH03,98.31,262.67
FAB-W4846,BUY-5240,LC-8840,DOMESTIC,CH04,249.97,151.99
FAB-W4847,BUY-5241,LC-8841,EXPORT,CH01,202.89,
FAB-W4848,BUY-5242,LC-8842,DOMESTIC,CH02,179.88,134.52
FAB-W4849,BUY-5243,LC-8843,EXPORT,CH03,172.36,292.48
FAB-W4850,BUY-5244,LC-8844,DOMESTIC,CH04,234.22,239.23
FAB-W4851,BUY-5245,LC-8845,EXPORT,CH01,163.2,108.2
FAB-W4852,BUY-5246,LC-8846,DOMESTIC,CH02,218.26,117.82
FAB-W4853,BUY-5247,LC-8847,EXPORT,CH03,163.97,283.05
FAB-W4854,BUY-5248,LC-8848,DOMESTIC,CH04,160.63,288.09
FAB-W4855,BUY-5249,LC-8849,EXPORT,CH01,110.48,247.43
FAB-W4856,BUY-5250,LC-8850,DOMESTIC,CH02,101.07,246.7
FAB-W4857,BUY-5251,LC-8851,EXPORT,CH03,245.97,153.51
FAB-W4858,BUY-5252,LC-8852,DOMESTIC,CH04,152.94,
FAB-W4859,BUY-5253,LC-8853,EXPORT,CH01,167.58,221.48
FAB-W4860,BUY-5254,LC-8854,DOMESTIC,CH02,239.8,272.26
FAB-W4861,BUY-5255,LC-8855,EXPORT,CH03,206.57,275.58
FAB-W4862,BUY-5256,LC-8856,DOMESTIC,CH04,128.13,266.67
FAB-W4863,BUY-5257,LC-8857,EXPORT,CH01,107.23,129.68
FAB-W4864,BUY-5258,LC-8858,DOMESTIC,CH02,93.28,259.32
FAB-W4865,BUY-5259,LC-8859,EXPORT,CH03,173.49,177.23
FAB-W4866,BUY-5260,LC-8860,DOMESTIC,CH04,256.69,155.27
FAB-W4867,BUY-5261,LC-8861,EXPORT,CH01,134.94,117.41
FAB-W4868,BUY-5262,LC-8862,DOMESTIC,CH02,146.4,121.25
FAB-W4869,BUY-5263,LC-8863,EXPORT,CH03,109.38,
FAB-W4870,BUY-5264,LC-8864,DOMESTIC,CH04,144.41,283.87
FAB-W4871,BUY-5265,LC-8865,EXPORT,CH01,247.97,231.23
FAB-W4872,BUY-5266,LC-8866,DOMESTIC,CH02,107.41,232.71
FAB-W4873,BUY-5267,LC-8867,EXPORT,CH03,215.65,154.72
FAB-W4874,BUY-5268,LC-8868,DOMESTIC,CH04,204.51,119.69
FAB-W4875,BUY-5269,LC-8869,EXPORT,CH01,220.47,113.96
FAB-W4876,BUY-5270,LC-8870,DOMESTIC,CH02,175.73,189.05
FAB-W4877,BUY-5271,LC-8871,EXPORT,CH03,145.11,281.51
FAB-W4878,BUY-5272,LC-8872,DOMESTIC,CH04,122.47,227.33
FAB-W4879,BUY-5273,LC-8873,EXPORT,CH01,214.79,242.91
FAB-W4880,BUY-5274,LC-8874,DOMESTIC,CH02,242.25,
FAB-W4881,BUY-5275,LC-8875,EXPORT,CH03,258.34,145.14
FAB-W4882,BUY-5276,LC-8876,DOMESTIC,CH04,209.4,232.93
FAB-W4883,BUY-5277,LC-8877,EXPORT,CH01,195.15,197.88
FAB-W4884,BUY-5278,LC-8878,DOMESTIC,CH02,239.8,195.45
FAB-W4885,BUY-5279,LC-8879,EXPORT,CH03,116.61,122.71
FAB-W4886,BUY-5280,LC-8880,DOMESTIC,CH04,154.97,157.79
FAB-W4887,BUY-5281,LC-8881,EXPORT,CH01,241.77,115.79
FAB-W4888,BUY-5282,LC-8882,DOMESTIC,CH02,156.1,135.59
FAB-W4889,BUY-5283,LC-8883,EXPORT,CH03,185.84,139.18
FAB-W4890,BUY-5284,LC-8884,DOMESTIC,CH04,133.42,153.88
FAB-W4891,BUY-5285,LC-8885,EXPORT,CH01,194.03,
FAB-W4892,BUY-5286,LC-8886,DOMESTIC,CH02,170.43,206.82
FAB-W4893,BUY-5287,LC-8887,EXPORT,CH03,217.03,106.21
FAB-W4894,BUY-5288,LC-8888,DOMESTIC,CH04,232.39,251.26
FAB-W4895,BUY-5289,LC-8889,EXPORT,CH01,123.07,130.97
FAB-W4896,BUY-5290,LC-8890,DOMESTIC,CH02,187.83,296.01
FAB-W4897,BUY-5291,LC-8891,EXPORT,CH03,162.94,178.35
FAB-W4898,BUY-5292,LC-8892,DOMESTIC,CH04,180.95,288.83
FAB-W4899,BUY-5293,LC-8893,EXPORT,CH01,185.56,270.13
FAB-W4900,BUY-5294,LC-8894,DOMESTIC,CH02,203.88,103.48
FAB-W4901,BUY-5295,LC-8895,EXPORT,CH03,142.0,285.27
FAB-W4902,BUY-5296,LC-8896,DOMESTIC,CH04,218.15,
FAB-W4903,BUY-5297,LC-8897,EXPORT,CH01,97.82,298.07
FAB-W4904,BUY-5298,LC-8898,DOMESTIC,CH02,174.52,250.01
FAB-W4905,BUY-5299,LC-8899,EXPORT,CH03,130.62,274.73
FAB-W4906,BUY-5300,LC-8900,DOMESTIC,CH04,211.63,170.49
FAB-W4907,BUY-5301,LC-8901,EXPORT,CH01,209.26,179.6
FAB-W4908,BUY-5302,LC-8902,DOMESTIC,CH02,216.07,256.58
FAB-W4909,BUY-5303,LC-8903,EXPORT,CH03,151.21,128.01
FAB-W4910,BUY-5304,LC-8904,DOMESTIC,CH04,174.77,137.91
FAB-W4911,BUY-5305,LC-8905,EXPORT,CH01,242.18,263.13
FAB-W4912,BUY-5306,LC-8906,DOMESTIC,CH02,142.79,139.27
FAB-W4913,BUY-5307,LC-8907,EXPORT,CH03,145.17,
FAB-W4914,BUY-5308,LC-8908,DOMESTIC,CH04,170.28,211.1
FAB-W4915,BUY-5309,LC-8909,EXPORT,CH01,206.28,123.8
FAB-W4916,BUY-5310,LC-8910,DOMESTIC,CH02,119.26,263.53
FAB-W4917,BUY-5311,LC-8911,EXPORT,CH03,91.86,159.35
FAB-W4918,BUY-5312,LC-8912,DOMESTIC,CH04,155.43,242.9
FAB-W4919,BUY-5313,LC-8913,EXPORT,CH01,126.7,202.84
FAB-W4920,BUY-5314,LC-8914,DOMESTIC,CH02,178.74,214.09
FAB-W4921,BUY-5315,LC-8915,EXPORT,CH03,212.24,251.11
FAB-W4922,BUY-5316,LC-8916,DOMESTIC,CH04,166.08,122.43
FAB-W4923,BUY-5317,LC-8917,EXPORT,CH01,250.0,236.83
FAB-W4924,BUY-5318,LC-8918,DOMESTIC,CH02,242.97,
FAB-W4925,BUY-5319,LC-8919,EXPORT,CH03,252.73,214.22
FAB-W4926,BUY-5320,LC-8920,DOMESTIC,CH04,103.74,160.27
FAB-W4927,BUY-5321,LC-8921,EXPORT,CH01,149.95,271.33
FAB-W4928,BUY-5322,LC-8922,DOMESTIC,CH02,128.49,242.12
FAB-W4929,BUY-5323,LC-8923,EXPORT,CH03,110.99,152.6
FAB-W4930,BUY-5324,LC-8924,DOMESTIC,CH04,176.7,228.55
FAB-W4931,BUY-5325,LC-8925,EXPORT,CH01,213.97,296.81
FAB-W4932,BUY-5326,LC-8926,DOMESTIC,CH02,219.67,264.62
FAB-W4933,BUY-5327,LC-8927,EXPORT,CH03,173.05,125.65
FAB-W4934,BUY-5328,LC-8928,DOMESTIC,CH04,205.61,201.08
FAB-W4935,BUY-5329,LC-8929,EXPORT,CH01,107.49,
FAB-W4936,BUY-5330,LC-8930,DOMESTIC,CH02,223.51,176.0
FAB-W4937,BUY-5331,LC-8931,EXPORT,CH03,140.97,278.13
FAB-W4938,BUY-5332,LC-8932,DOMESTIC,CH04,182.15,260.84
FAB-W4939,BUY-5333,LC-8933,EXPORT,CH01,250.44,191.76
FAB-W4940,BUY-5334,LC-8934,DOMESTIC,CH02,121.36,151.63
FAB-W4941,BUY-5335,LC-8935,EXPORT,CH03,164.14,261.18
FAB-W4942,BUY-5336,LC-8936,DOMESTIC,CH04,124.05,238.98
FAB-W4943,BUY-5337,LC-8937,EXPORT,CH01,118.53,123.83
FAB-W4944,BUY-5338,LC-8938,DOMESTIC,CH02,238.62,286.62
FAB-W4945,BUY-5339,LC-8939,EXPORT,CH03,139.24,217.38
FAB-W4946,BUY-5340,LC-8940,DOMESTIC,CH04,100.02,
FAB-W4947,BUY-5341,LC-8941,EXPORT,CH01,155.88,178.91
FAB-W4948,BUY-5342,LC-8942,DOMESTIC,CH02,92.22,205.08
FAB-W4949,BUY-5343,LC-8943,EXPORT,CH03,174.04,179.75
FAB-W4950,BUY-5344,LC-8944,DOMESTIC,CH04,111.46,106.18
FAB-W4951,BUY-5345,LC-8945,EXPORT,CH01,259.82,211.91
FAB-W4952,BUY-5346,LC-8946,DOMESTIC,CH02,250.45,143.12
FAB-W4953,BUY-5347,LC-8947,EXPORT,CH03,247.59,106.18
FAB-W4954,BUY-5348,LC-8948,DOMESTIC,CH04,188.26,193.76
FAB-W4955,BUY-5349,LC-8949,EXPORT,CH01,129.32,164.41
FAB-W4956,BUY-5350,LC-8950,DOMESTIC,CH02,184.89,220.21
FAB-W4957,BUY-5351,LC-8951,EXPORT,CH03,120.3,
FAB-W4958,BUY-5352,LC-8952,DOMESTIC,CH04,143.87,104.94
FAB-W4959,BUY-5353,LC-8953,EXPORT,CH01,114.18,290.21
FAB-W4960,BUY-5354,LC-8954,DOMESTIC,CH02,205.2,131.57
FAB-W4961,BUY-5355,LC-8955,EXPORT,CH03,182.06,170.51
FAB-W4962,BUY-5356,LC-8956,DOMESTIC,CH04,243.75,115.07
FAB-W4963,BUY-5357,LC-8957,EXPORT,CH01,151.19,198.24
FAB-W4964,BUY-5358,LC-8958,DOMESTIC,CH02,212.98,290.71
FAB-W4965,BUY-5359,LC-8959,EXPORT,CH03,145.89,258.71
FAB-W4966,BUY-5360,LC-8960,DOMESTIC,CH04,128.57,188.96
FAB-W4967,BUY-5361,LC-8961,EXPORT,CH01,220.96,231.09
FAB-W4968,BUY-5362,LC-8962,DOMESTIC,CH02,97.29,
FAB-W4969,BUY-5363,LC-8963,EXPORT,CH03,156.75,262.5
FAB-W4970,BUY-5364,LC-8964,DOMESTIC,CH04,179.5,156.21
FAB-W4971,BUY-5365,LC-8965,EXPORT,CH01,194.34,181.78
FAB-W4972,BUY-5366,LC-8966,DOMESTIC,CH02,118.19,260.75
FAB-W4973,BUY-5367,LC-8967,EXPORT,CH03,177.58,137.64
FAB-W4974,BUY-5368,LC-8968,DOMESTIC,CH04,125.28,216.67
FAB-W4975,BUY-5369,LC-8969,EXPORT,CH01,189.68,188.26
FAB-W4976,BUY-5370,LC-8970,DOMESTIC,CH02,170.91,289.63
FAB-W4977,BUY-5371,LC-8971,EXPORT,CH03,125.3,110.24
FAB-W4978,BUY-5372,LC-8972,DOMESTIC,CH04,123.0,225.8
FAB-W4979,BUY-5373,LC-8973,EXPORT,CH01,154.42,
FAB-W4980,BUY-5374,LC-8974,DOMESTIC,CH02,132.75,164.32
FAB-W4981,BUY-5375,LC-8975,EXPORT,CH03,191.06,209.68
FAB-W4982,BUY-5376,LC-8976,DOMESTIC,CH04,249.98,197.03
FAB-W4983,BUY-5377,LC-8977,EXPORT,CH01,142.06,129.74
FAB-W4984,BUY-5378,LC-8978,DOMESTIC,CH02,229.23,190.68
FAB-W4985,BUY-5379,LC-8979,EXPORT,CH03,243.88,207.24
FAB-W4986,BUY-5380,LC-8980,DOMESTIC,CH04,125.5,236.74
FAB-W4987,BUY-5381,LC-8981,EXPORT,CH01,122.62,251.02
FAB-W4988,BUY-5382,LC-8982,DOMESTIC,CH02,259.69,277.36
FAB-W4989,BUY-5383,LC-8983,EXPORT,CH03,201.36,234.2
FAB-W4990,BUY-5384,LC-8984,DOMESTIC,CH04,93.09,
FAB-W4991,BUY-5385,LC-8985,EXPORT,CH01,217.43,281.3
FAB-W4992,BUY-5386,LC-8986,DOMESTIC,CH02,104.74,241.27
FAB-W4993,BUY-5387,LC-8987,EXPORT,CH03,130.73,227.42
FAB-W4994,BUY-5388,LC-8988,DOMESTIC,CH04,116.27,299.97
FAB-W4995,BUY-5389,LC-8989,EXPORT,CH01,180.85,141.81
FAB-W4996,BUY-5390,LC-8990,DOMESTIC,CH02,159.78,119.95
FAB-W4997,BUY-5391,LC-8991,EXPORT,CH03,212.38,240.55
FAB-W4998,BUY-5392,LC-8992,DOMESTIC,CH04,114.15,193.83
FAB-W4999,BUY-5393,LC-8993,EXPORT,CH01,139.13,146.6
FAB-W5000,BUY-5394,LC-8994,DOMESTIC,CH02,104.78,112.83
FAB-W5001,BUY-5395,LC-8995,EXPORT,CH03,92.64,
FAB-W5002,BUY-5396,LC-8996,DOMESTIC,CH04,175.88,125.76
FAB-W5003,BUY-5397,LC-8997,EXPORT,CH01,237.92,204.13
FAB-W5004,BUY-5398,LC-8998,DOMESTIC,CH02,109.01,119.07
FAB-W5005,BUY-5399,LC-8999,EXPORT,CH03,122.14,185.81
FAB-W5006,BUY-5400,LC-9000,DOMESTIC,CH04,119.34,209.86
FAB-W5007,BUY-5401,LC-9001,EXPORT,CH01,228.55,265.53
FAB-W5008,BUY-5402,LC-9002,DOMESTIC,CH02,171.35,228.33
FAB-W5009,BUY-5403,LC-9003,EXPORT,CH03,107.53,208.73
FAB-W5010,BUY-5404,LC-9004,DOMESTIC,CH04,239.94,298.04
FAB-W5011,BUY-5405,LC-9005,EXPORT,CH01,159.29,121.61
FAB-W5012,BUY-5406,LC-9006,DOMESTIC,CH02,160.67,
FAB-W5013,BUY-5407,LC-9007,EXPORT,CH03,117.12,186.57
FAB-W5014,BUY-5408,LC-9008,DOMESTIC,CH04,130.8,240.81
FAB-W5015,BUY-5409,LC-9009,EXPORT,CH01,118.15,267.12
FAB-W5016,BUY-5410,LC-9010,DOMESTIC,CH02,242.93,184.17
FAB-W5017,BUY-5411,LC-9011,EXPORT,CH03,179.33,258.29
FAB-W5018,BUY-5412,LC-9012,DOMESTIC,CH04,113.57,235.1
FAB-W5019,BUY-5413,LC-9013,EXPORT,CH01,212.39,278.82
FAB-W5020,BUY-5414,LC-9014,DOMESTIC,CH02,185.71,246.49
FAB-W5021,BUY-5415,LC-9015,EXPORT,CH03,186.08,181.27
FAB-W5022,BUY-5416,LC-9016,DOMESTIC,CH04,155.33,215.14
FAB-W5023,BUY-5417,LC-9017,EXPORT,CH01,188.15,
FAB-W5024,BUY-5418,LC-9018,DOMESTIC,CH02,124.57,287.48
FAB-W5025,BUY-5419,LC-9019,EXPORT,CH03,101.43,131.78
FAB-W5026,BUY-5420,LC-9020,DOMESTIC,CH04,224.92,243.98
FAB-W5027,BUY-5421,LC-9021,EXPORT,CH01,247.17,114.29
FAB-W5028,BUY-5422,LC-9022,DOMESTIC,CH02,165.13,233.58
FAB-W5029,BUY-5423,LC-9023,EXPORT,CH03,154.26,142.68
FAB-W5030,BUY-5424,LC-9024,DOMESTIC,CH04,254.39,109.24
FAB-W5031,BUY-5425,LC-9025,EXPORT,CH01,180.66,126.07
FAB-W5032,BUY-5426,LC-9026,DOMESTIC,CH02,237.08,268.47
FAB-W5033,BUY-5427,LC-9027,EXPORT,CH03,136.63,231.6
FAB-W5034,BUY-5428,LC-9028,DOMESTIC,CH04,206.91,
FAB-W5035,BUY-5429,LC-9029,EXPORT,CH01,127.5,119.03
FAB-W5036,BUY-5430,LC-9030,DOMESTIC,CH02,112.2,215.14
FAB-W5037,BUY-5431,LC-9031,EXPORT,CH03,94.71,189.29
FAB-W5038,BUY-5432,LC-9032,DOMESTIC,CH04,253.31,295.29
FAB-W5039,BUY-5433,LC-9033,EXPORT,CH01,120.03,119.8
FAB-W5040,BUY-5434,LC-9034,DOMESTIC,CH02,183.03,142.66
FAB-W5041,BUY-5435,LC-9035,EXPORT,CH03,229.97,170.51
FAB-W5042,BUY-5436,LC-9036,DOMESTIC,CH04,169.44,106.21
FAB-W5043,BUY-5437,LC-9037,EXPORT,CH01,205.48,236.5
FAB-W5044,BUY-5438,LC-9038,DOMESTIC,CH02,226.88,217.66
FAB-W5045,BUY-5439,LC-9039,EXPORT,CH03,108.59,
FAB-W5046,BUY-5440,LC-9040,DOMESTIC,CH04,210.55,144.65
FAB-W5047,BUY-5441,LC-9041,EXPORT,CH01,137.03,286.44
FAB-W5048,BUY-5442,LC-9042,DOMESTIC,CH02,169.51,286.93
FAB-W5049,BUY-5443,LC-9043,EXPORT,CH03,119.43,203.2
FAB-W5050,BUY-5444,LC-9044,DOMESTIC,CH04,227.81,207.54
FAB-W5051,BUY-5445,LC-9045,EXPORT,CH01,91.75,105.16
FAB-W5052,BUY-5446,LC-9046,DOMESTIC,CH02,107.9,258.99
FAB-W5053,BUY-5447,LC-9047,EXPORT,CH03,102.72,268.19
FAB-W5054,BUY-5448,LC-9048,DOMESTIC,CH04,202.59,291.63
FAB-W5055,BUY-5449,LC-9049,EXPORT,CH01,190.85,181.94
FAB-W5056,BUY-5450,LC-9050,DOMESTIC,CH02,111.63,
FAB-W5057,BUY-5451,LC-9051,EXPORT,CH03,259.14,207.28
FAB-W5058,BUY-5452,LC-9052,DOMESTIC,CH04,161.36,148.92
FAB-W5059,BUY-5453,LC-9053,EXPORT,CH01,259.38,147.73
FAB-W5060,BUY-5454,LC-9054,DOMESTIC,CH02,180.82,153.16
FAB-W5061,BUY-5455,LC-9055,EXPORT,CH03,220.71,132.65
FAB-W5062,BUY-5456,LC-9056,DOMESTIC,CH04,150.83,204.14
FAB-W5063,BUY-5457,LC-9057,EXPORT,CH01,252.48,296.49
FAB-W5064,BUY-5458,LC-9058,DOMESTIC,CH02,254.91,112.34
FAB-W5065,BUY-5459,LC-9059,EXPORT,CH03,112.97,269.92
FAB-W5066,BUY-5460,LC-9060,DOMESTIC,CH04,197.58,114.02
FAB-W5067,BUY-5461,LC-9061,EXPORT,CH01,157.01,
FAB-W5068,BUY-5462,LC-9062,DOMESTIC,CH02,219.89,173.67
FAB-W5069,BUY-5463,LC-9063,EXPORT,CH03,107.94,113.99
FAB-W5070,BUY-5464,LC-9064,DOMESTIC,CH04,134.66,188.21
FAB-W5071,BUY-5465,LC-9065,EXPORT,CH01,258.53,251.3
FAB-W5072,BUY-5466,LC-9066,DOMESTIC,CH02,131.28,156.29
FAB-W5073,BUY-5467,LC-9067,EXPORT,CH03,257.6,186.08
FAB-W5074,BUY-5468,LC-9068,DOMESTIC,CH04,196.37,156.49
FAB-W5075,BUY-5469,LC-9069,EXPORT,CH01,195.69,231.42
FAB-W5076,BUY-5470,LC-9070,DOMESTIC,CH02,201.75,226.53
FAB-W5077,BUY-5471,LC-9071,EXPORT,CH03,244.52,259.75
FAB-W5078,BUY-5472,LC-9072,DOMESTIC,CH04,91.32,
FAB-W5079,BUY-5473,LC-9073,EXPORT,CH01,130.86,103.82
FAB-W5080,BUY-5474,LC-9074,DOMESTIC,CH02,155.09,255.51
FAB-W5081,BUY-5475,LC-9075,EXPORT,CH03,97.98,299.31
FAB-W5082,BUY-5476,LC-9076,DOMESTIC,CH04,107.38,238.28
FAB-W5083,BUY-5477,LC-9077,EXPORT,CH01,166.19,292.32
FAB-W5084,BUY-5478,LC-9078,DOMESTIC,CH02,149.38,224.87
FAB-W5085,BUY-5479,LC-9079,EXPORT,CH03,156.81,149.28
FAB-W5086,BUY-5480,LC-9080,DOMESTIC,CH04,167.27,266.91
FAB-W5087,BUY-5481,LC-9081,EXPORT,CH01,239.05,200.23
FAB-W5088,BUY-5482,LC-9082,DOMESTIC,CH02,159.44,233.09
FAB-W5089,BUY-5483,LC-9083,EXPORT,CH03,259.45,
FAB-W5090,BUY-5484,LC-9084,DOMESTIC,CH04,230.98,250.2
FAB-W5091,BUY-5485,LC-9085,EXPORT,CH01,195.76,182.88
FAB-W5092,BUY-5486,LC-9086,DOMESTIC,CH02,129.6,296.66
FAB-W5093,BUY-5487,LC-9087,EXPORT,CH03,228.88,134.65
FAB-W5094,BUY-5488,LC-9088,DOMESTIC,CH04,196.22,124.55
FAB-W5095,BUY-5489,LC-9089,EXPORT,CH01,134.15,244.41
FAB-W5096,BUY-5490,LC-9090,DOMESTIC,CH02,147.18,197.0
FAB-W5097,BUY-5491,LC-9091,EXPORT,CH03,154.03,229.7
FAB-W5098,BUY-5492,LC-9092,DOMESTIC,CH04,133.37,273.84
FAB-W5099,BUY-5493,LC-9093,EXPORT,CH01,191.7,254.68
FAB-W5100,BUY-5494,LC-9094,DOMESTIC,CH02,101.79,
FAB-W5101,BUY-5495,LC-9095,EXPORT,CH03,131.6,144.08
FAB-W5102,BUY-5496,LC-9096,DOMESTIC,CH04,96.33,123.53
FAB-W5103,BUY-5497,LC-9097,EXPORT,CH01,128.02,262.9
FAB-W5104,BUY-5498,LC-9098,DOMESTIC,CH02,211.59,233.37
FAB-W5105,BUY-5499,LC-9099,EXPORT,CH03,169.39,298.91
FAB-W5106,BUY-5500,LC-9100,DOMESTIC,CH04,157.4,222.75
FAB-W5107,BUY-5501,LC-9101,EXPORT,CH01,233.22,273.97
FAB-W5108,BUY-5502,LC-9102,DOMESTIC,CH02,213.71,287.34
FAB-W5109,BUY-5503,LC-9103,EXPORT,CH03,198.92,209.78
FAB-W5110,BUY-5504,LC-9104,DOMESTIC,CH04,226.46,113.22
FAB-W5111,BUY-5505,LC-9105,EXPORT,CH01,239.69,
FAB-W5112,BUY-5506,LC-9106,DOMESTIC,CH02,201.28,296.41
FAB-W5113,BUY-5507,LC-9107,EXPORT,CH03,253.61,153.4
FAB-W5114,BUY-5508,LC-9108,DOMESTIC,CH04,104.92,165.96
FAB-W5115,BUY-5509,LC-9109,EXPORT,CH01,245.84,176.37
FAB-W5116,BUY-5510,LC-9110,DOMESTIC,CH02,219.97,132.93
FAB-W5117,BUY-5511,LC-9111,EXPORT,CH03,111.77,190.1
FAB-W5118,BUY-5512,LC-9112,DOMESTIC,CH04,136.54,106.96
FAB-W5119,BUY-5513,LC-9113,EXPORT,CH01,198.82,188.57
FAB-W5120,BUY-5514,LC-9114,DOMESTIC,CH02,228.96,250.17
FAB-W5121,BUY-5515,LC-9115,EXPORT,CH03,243.31,135.66
FAB-W5122,BUY-5516,LC-9116,DOMESTIC,CH04,168.59,
FAB-W5123,BUY-5517,LC-9117,EXPORT,CH01,219.52,286.29
FAB-W5124,BUY-5518,LC-9118,DOMESTIC,CH02,100.78,187.83
FAB-W5125,BUY-5519,LC-9119,EXPORT,CH03,148.27,299.39
FAB-W5126,BUY-5520,LC-9120,DOMESTIC,CH04,227.96,211.43
FAB-W5127,BUY-5521,LC-9121,EXPORT,CH01,161.16,188.26
FAB-W5128,BUY-5522,LC-9122,DOMESTIC,CH02,219.62,152.73
FAB-W5129,BUY-5523,LC-9123,EXPORT,CH03,127.68,155.29
FAB-W5130,BUY-5524,LC-9124,DOMESTIC,CH04,180.49,277.7
FAB-W5131,BUY-5525,LC-9125,EXPORT,CH01,233.43,116.68
FAB-W5132,BUY-5526,LC-9126,DOMESTIC,CH02,168.37,279.31
FAB-W5133,BUY-5527,LC-9127,EXPORT,CH03,191.65,
FAB-W5134,BUY-5528,LC-9128,DOMESTIC,CH04,91.9,200.11
FAB-W5135,BUY-5529,LC-9129,EXPORT,CH01,196.58,195.5
FAB-W5136,BUY-5530,LC-9130,DOMESTIC,CH02,254.89,102.61
FAB-W5137,BUY-5531,LC-9131,EXPORT,CH03,237.09,173.74
FAB-W5138,BUY-5532,LC-9132,DOMESTIC,CH04,247.36,211.17
FAB-W5139,BUY-5533,LC-9133,EXPORT,CH01,119.09,122.19
FAB-W5140,BUY-5534,LC-9134,DOMESTIC,CH02,243.05,109.06
FAB-W5141,BUY-5535,LC-9135,EXPORT,CH03,217.81,282.38
FAB-W5142,BUY-5536,LC-9136,DOMESTIC,CH04,130.09,158.28
FAB-W5143,BUY-5537,LC-9137,EXPORT,CH01,234.62,294.89
FAB-W5144,BUY-5538,LC-9138,DOMESTIC,CH02,109.45,
FAB-W5145,BUY-5539,LC-9139,EXPORT,CH03,90.2,134.92
FAB-W5146,BUY-5540,LC-9140,DOMESTIC,CH04,102.5,212.56
FAB-W5147,BUY-5541,LC-9141,EXPORT,CH01,102.14,104.97
FAB-W5148,BUY-5542,LC-9142,DOMESTIC,CH02,239.86,286.09
FAB-W5149,BUY-5543,LC-9143,EXPORT,CH03,115.29,205.51
FAB-W5150,BUY-5544,LC-9144,DOMESTIC,CH04,251.99,286.61
FAB-W5151,BUY-5545,LC-9145,EXPORT,CH01,167.96,248.29
FAB-W5152,BUY-5546,LC-9146,DOMESTIC,CH02,191.48,224.9
FAB-W5153,BUY-5547,LC-9147,EXPORT,CH03,172.78,134.82
FAB-W5154,BUY-5548,LC-9148,DOMESTIC,CH04,161.16,148.19
FAB-W5155,BUY-5549,LC-9149,EXPORT,CH01,186.01,
FAB-W5156,BUY-5550,LC-9150,DOMESTIC,CH02,245.5,144.37
FAB-W5157,BUY-5551,LC-9151,EXPORT,CH03,243.39,280.36
FAB-W5158,BUY-5552,LC-9152,DOMESTIC,CH04,92.07,262.03
FAB-W5159,BUY-5553,LC-9153,EXPORT,CH01,118.94,239.05
FAB-W5160,BUY-5554,LC-9154,DOMESTIC,CH02,117.71,128.29
FAB-W5161,BUY-5555,LC-9155,EXPORT,CH03,91.42,177.84
FAB-W5162,BUY-5556,LC-9156,DOMESTIC,CH04,113.45,154.11
FAB-W5163,BUY-5557,LC-9157,EXPORT,CH01,172.15,160.67
FAB-W5164,BUY-5558,LC-9158,DOMESTIC,CH02,179.76,108.75
FAB-W5165,BUY-5559,LC-9159,EXPORT,CH03,158.17,260.02
FAB-W5166,BUY-5560,LC-9160,DOMESTIC,CH04,190.65,
FAB-W5167,BUY-5561,LC-9161,EXPORT,CH01,177.05,247.69
FAB-W5168,BUY-5562,LC-9162,DOMESTIC,CH02,132.61,238.16
FAB-W5169,BUY-5563,LC-9163,EXPORT,CH03,193.55,227.23
FAB-W5170,BUY-5564,LC-9164,DOMESTIC,CH04,254.09,218.38
FAB-W5171,BUY-5565,LC-9165,EXPORT,CH01,236.95,134.98
FAB-W5172,BUY-5566,LC-9166,DOMESTIC,CH02,158.18,241.46
FAB-W5173,BUY-5567,LC-9167,EXPORT,CH03,188.84,265.48
FAB-W5174,BUY-5568,LC-9168,DOMESTIC,CH04,229.52,279.5
FAB-W5175,BUY-5569,LC-9169,EXPORT,CH01,97.97,293.99
FAB-W5176,BUY-5570,LC-9170,DOMESTIC,CH02,121.7,267.43
FAB-W5177,BUY-5571,LC-9171,EXPORT,CH03,245.01,
FAB-W5178,BUY-5572,LC-9172,DOMESTIC,CH04,221.54,253.23
FAB-W5179,BUY-5573,LC-9173,EXPORT,CH01,212.7,299.35
FAB-W5180,BUY-5574,LC-9174,DOMESTIC,CH02,112.51,210.21
FAB-W5181,BUY-5575,LC-9175,EXPORT,CH03,229.44,223.68
FAB-W5182,BUY-5576,LC-9176,DOMESTIC,CH04,117.41,246.91
FAB-W5183,BUY-5577,LC-9177,EXPORT,CH01,146.34,215.34
FAB-W5184,BUY-5578,LC-9178,DOMESTIC,CH02,122.17,280.19
FAB-W5185,BUY-5579,LC-9179,EXPORT,CH03,139.23,145.13
FAB-W5186,BUY-5580,LC-9180,DOMESTIC,CH04,135.31,115.02
FAB-W5187,BUY-5581,LC-9181,EXPORT,CH01,121.69,208.49
FAB-W5188,BUY-5582,LC-9182,DOMESTIC,CH02,218.08,
FAB-W5189,BUY-5583,LC-9183,EXPORT,CH03,96.14,285.8
FAB-W5190,BUY-5584,LC-9184,DOMESTIC,CH04,244.62,168.84
FAB-W5191,BUY-5585,LC-9185,EXPORT,CH01,139.73,128.52
FAB-W5192,BUY-5586,LC-9186,DOMESTIC,CH02,91.6,257.92
FAB-W5193,BUY-5587,LC-9187,EXPORT,CH03,146.4,224.55
FAB-W5194,BUY-5588,LC-9188,DOMESTIC,CH04,253.26,123.53
FAB-W5195,BUY-5589,LC-9189,EXPORT,CH01,257.95,203.69
FAB-W5196,BUY-5590,LC-9190,DOMESTIC,CH02,219.34,206.36
FAB-W5197,BUY-5591,LC-9191,EXPORT,CH03,249.21,294.29
FAB-W5198,BUY-5592,LC-9192,DOMESTIC,CH04,193.48,178.08
FAB-W5199,BUY-5593,LC-9193,EXPORT,CH01,249.75,
FAB-W5200,BUY-5594,LC-9194,DOMESTIC,CH02,255.13,268.16
FAB-W5201,BUY-5595,LC-9195,EXPORT,CH03,141.73,190.25
FAB-W5202,BUY-5596,LC-9196,DOMESTIC,CH04,134.8,211.71
FAB-W5203,BUY-5597,LC-9197,EXPORT,CH01,145.91,123.62
FAB-W5204,BUY-5598,LC-9198,DOMESTIC,CH02,232.72,127.14
FAB-W5205,BUY-5599,LC-9199,EXPORT,CH03,164.12,287.34
FAB-W5206,BUY-5600,LC-9200,DOMESTIC,CH04,102.24,136.67
