fabric_code,product_category,distribution_channel,production_plant
FAB-W001,EXPORT,CH01,6100
FAB-W002,EXPORT,CH01,6100
FAB-W003,EXPORT,CH02,7100
FAB-W004,DOMESTIC,CH03,7100
FAB-W005,EXPORT,CH02,9100
FAB-W006,DOMESTIC,CH03,9100
FAB-W0007,EXPORT,CH01,6100
FAB-W0008,DOMESTIC,CH02,7100
FAB-W0009,EXPORT,CH03,9100
FAB-W0010,DOMESTIC,CH04,6100
FAB-W0011,EXPORT,CH01,7100
FAB-W0012,DOMESTIC,CH02,9100
FAB-W0013,EXPORT,CH03,6100
FAB-W0014,DOMESTIC,CH04,7100
FAB-W0015,EXPORT,CH01,9100
FAB-W0016,DOMESTIC,CH02,6100
FAB-W0017,EXPORT,CH03,7100
FAB-W0018,DOMESTIC,CH04,9100
FAB-W0019,EXPORT,CH01,6100
FAB-W0020,DOMESTIC,CH02,7100
FAB-W0021,EXPORT,CH03,9100
FAB-W0022,DOMESTIC,CH04,6100
FAB-W0023,EXPORT,CH01,7100
FAB-W0024,DOMESTIC,CH02,9100
FAB-W0025,EXPORT,CH03,6100
FAB-W0026,DOMESTIC,CH04,7100
FAB-W0027,EXPORT,CH01,9100
FAB-W0028,DOMESTIC,CH02,6100
FAB-W0029,EXPORT,CH03,7100
FAB-W0030,DOMESTIC,CH04,9100
FAB-W0031,EXPORT,CH01,6100
FAB-W0032,DOMESTIC,CH02,7100
FAB-W0033,EXPORT,CH03,9100
FAB-W0034,DOMESTIC,CH04,6100
FAB-W0035,EXPORT,CH01,7100
FAB-W0036,DOMESTIC,CH02,9100
FAB-W0037,EXPORT,CH03,6100
FAB-W0038,DOMESTIC,CH04,7100
FAB-W0039,EXPORT,CH01,9100
FAB-W0040,DOMESTIC,CH02,6100
FAB-W0041,EXPORT,CH03,7100
FAB-W0042,DOMESTIC,CH04,9100
FAB-W0043,EXPORT,CH01,6100
FAB-W0044,DOMESTIC,CH02,7100
FAB-W0045,EXPORT,CH03,9100
FAB-W0046,DOMESTIC,CH04,6100
FAB-W0047,EXPORT,CH01,7100
FAB-W0048,DOMESTIC,CH02,9100
FAB-W0049,EXPORT,CH03,6100
FAB-W0050,DOMESTIC,CH04,7100
FAB-W0051,EXPORT,CH01,9100
FAB-W0052,DOMESTIC,CH02,6100
FAB-W0053,EXPORT,CH03,7100
FAB-W0054,DOMESTIC,CH04,9100
FAB-W0055,EXPORT,CH01,6100
FAB-W0056,DOMESTIC,CH02,7100
FAB-W0057,EXPORT,CH03,9100
FAB-W0058,DOMESTIC,CH04,6100
FAB-W0059,EXPORT,CH01,7100
FAB-W0060,DOMESTIC,CH02,9100
FAB-W0061,EXPORT,CH03,6100
FAB-W0062,DOMESTIC,CH04,7100
FAB-W0063,EXPORT,CH01,9100
FAB-W0064,DOMESTIC,CH02,6100
FAB-W0065,EXPORT,CH03,7100
FAB-W0066,DOMESTIC,CH04,9100
FAB-W0067,EXPORT,CH01,6100
FAB-W0068,DOMESTIC,CH02,7100
FAB-W0069,EXPORT,CH03,9100
FAB-W0070,DOMESTIC,CH04,6100
FAB-W0071,EXPORT,CH01,7100
FAB-W0072,DOMESTIC,CH02,9100
FAB-W0073,EXPORT,CH03,6100
FAB-W0074,DOMESTIC,CH04,7100
FAB-W0075,EXPORT,CH01,9100
FAB-W0076,DOMESTIC,CH02,6100
FAB-W0077,EXPORT,CH03,7100
FAB-W0078,DOMESTIC,CH04,9100
FAB-W0079,EXPORT,CH01,6100
FAB-W0080,DOMESTIC,CH02,7100
FAB-W0081,EXPORT,CH03,9100
FAB-W0082,DOMESTIC,CH04,6100
FAB-W0083,EXPORT,CH01,7100
FAB-W0084,DOMESTIC,CH02,9100
FAB-W0085,EXPORT,CH03,6100
FAB-W0086,DOMESTIC,CH04,7100
FAB-W0087,EXPORT,CH01,9100
FAB-W0088,DOMESTIC,CH02,6100
FAB-W0089,EXPORT,CH03,7100
FAB-W0090,DOMESTIC,CH04,9100
FAB-W0091,EXPORT,CH01,6100
FAB-W0092,DOMESTIC,CH02,7100
FAB-W0093,EXPORT,CH03,9100
FAB-W0094,DOMESTIC,CH04,6100
FAB-W0095,EXPORT,CH01,7100
FAB-W0096,DOMESTIC,CH02,9100
FAB-W0097,EXPORT,CH03,6100
FAB-W0098,DOMESTIC,CH04,7100
FAB-W0099,EXPORT,CH01,9100
FAB-W0100,DOMESTIC,CH02,6100
FAB-W0101,EXPORT,CH03,7100
FAB-W0102,DOMESTIC,CH04,9100
FAB-W0103,EXPORT,CH01,6100
FAB-W0104,DOMESTIC,CH02,7100
FAB-W0105,EXPORT,CH03,9100
FAB-W0106,DOMESTIC,CH04,6100
FAB-W0107,EXPORT,CH01,7100
FAB-W0108,DOMESTIC,CH02,9100
FAB-W0109,EXPORT,CH03,6100
FAB-W0110,DOMESTIC,CH04,7100
FAB-W0111,EXPORT,CH01,9100
FAB-W0112,DOMESTIC,CH02,6100
FAB-W0113,EXPORT,CH03,7100
FAB-W0114,DOMESTIC,CH04,9100
FAB-W0115,EXPORT,CH01,6100
FAB-W0116,DOMESTIC,CH02,7100
FAB-W0117,EXPORT,CH03,9100
FAB-W0118,DOMESTIC,CH04,6100
FAB-W0119,EXPORT,CH01,7100
FAB-W0120,DOMESTIC,CH02,9100
FAB-W0121,EXPORT,CH03,6100
FAB-W0122,DOMESTIC,CH04,7100
FAB-W0123,EXPORT,CH01,9100
FAB-W0124,DOMESTIC,CH02,6100
FAB-W0125,EXPORT,CH03,7100
FAB-W0126,DOMESTIC,CH04,9100
FAB-W0127,EXPORT,CH01,6100
FAB-W0128,DOMESTIC,CH02,7100
FAB-W0129,EXPORT,CH03,9100
FAB-W0130,DOMESTIC,CH04,6100
FAB-W0131,EXPORT,CH01,7100
FAB-W0132,DOMESTIC,CH02,9100
FAB-W0133,EXPORT,CH03,6100
FAB-W0134,DOMESTIC,CH04,7100
FAB-W0135,EXPORT,CH01,9100
FAB-W0136,DOMESTIC,CH02,6100
FAB-W0137,EXPORT,CH03,7100
FAB-W0138,DOMESTIC,CH04,9100
FAB-W0139,EXPORT,CH01,6100
FAB-W0140,DOMESTIC,CH02,7100
FAB-W0141,EXPORT,CH03,9100
FAB-W0142,DOMESTIC,CH04,6100
FAB-W0143,EXPORT,CH01,7100
FAB-W0144,DOMESTIC,CH02,9100
FAB-W0145,EXPORT,CH03,6100
FAB-W0146,DOMESTIC,CH04,7100
FAB-W0147,EXPORT,CH01,9100
FAB-W0148,DOMESTIC,CH02,6100
FAB-W0149,EXPORT,CH03,7100
FAB-W0150,DOMESTIC,CH04,9100
FAB-W0151,EXPORT,CH01,6100
FAB-W0152,DOMESTIC,CH02,7100
FAB-W0153,EXPORT,CH03,9100
FAB-W0154,DOMESTIC,CH04,6100
FAB-W0155,EXPORT,CH01,7100
FAB-W0156,DOMESTIC,CH02,9100
FAB-W0157,EXPORT,CH03,6100
FAB-W0158,DOMESTIC,CH04,7100
FAB-W0159,EXPORT,CH01,9100
FAB-W0160,DOMESTIC,CH02,6100
FAB-W0161,EXPORT,CH03,7100
FAB-W0162,DOMESTIC,CH04,9100
FAB-W0163,EXPORT,CH01,6100
FAB-W0164,DOMESTIC,CH02,7100
FAB-W0165,EXPORT,CH03,9100
FAB-W0166,DOMESTIC,CH04,6100
FAB-W0167,EXPORT,CH01,7100
FAB-W0168,DOMESTIC,CH02,9100
FAB-W0169,EXPORT,CH03,6100
FAB-W0170,DOMESTIC,CH04,7100
FAB-W0171,EXPORT,CH01,9100
FAB-W0172,DOMESTIC,CH02,6100
FAB-W0173,EXPORT,CH03,7100
FAB-W0174,DOMESTIC,CH04,9100
FAB-W0175,EXPORT,CH01,6100
FAB-W0176,DOMESTIC,CH02,7100
FAB-W0177,EXPORT,CH03,9100
FAB-W0178,DOMESTIC,CH04,6100
FAB-W0179,EXPORT,CH01,7100
FAB-W0180,DOMESTIC,CH02,9100
FAB-W0181,EXPORT,CH03,6100
FAB-W0182,DOMESTIC,CH04,7100
FAB-W0183,EXPORT,CH01,9100
FAB-W0184,DOMESTIC,CH02,6100
FAB-W0185,EXPORT,CH03,7100
FAB-W0186,DOMESTIC,CH04,9100
FAB-W0187,EXPORT,CH01,6100
FAB-W0188,DOMESTIC,CH02,7100
FAB-W0189,EXPORT,CH03,9100
FAB-W0190,DOMESTIC,CH04,6100
FAB-W0191,EXPORT,CH01,7100
FAB-W0192,DOMESTIC,CH02,9100
FAB-W0193,EXPORT,CH03,6100
FAB-W0194,DOMESTIC,CH04,7100
FAB-W0195,EXPORT,CH01,9100
FAB-W0196,DOMESTIC,CH02,6100
FAB-W0197,EXPORT,CH03,7100
FAB-W0198,DOMESTIC,CH04,9100
FAB-W0199,EXPORT,CH01,6100
FAB-W0200,DOMESTIC,CH02,7100
FAB-W0201,EXPORT,CH03,9100
FAB-W0202,DOMESTIC,CH04,6100
FAB-W0203,EXPORT,CH01,7100
FAB-W0204,DOMESTIC,CH02,9100
FAB-W0205,EXPORT,CH03,6100
FAB-W0206,DOMESTIC,CH04,7100
FAB-W0207,EXPORT,CH01,9100
FAB-W0208,DOMESTIC,CH02,6100
FAB-W0209,EXPORT,CH03,7100
FAB-W0210,DOMESTIC,CH04,9100
FAB-W0211,EXPORT,CH01,6100
FAB-W0212,DOMESTIC,CH02,7100
FAB-W0213,EXPORT,CH03,9100
FAB-W0214,DOMESTIC,CH04,6100
FAB-W0215,EXPORT,CH01,7100
FAB-W0216,DOMESTIC,CH02,9100
FAB-W0217,EXPORT,CH03,6100
FAB-W0218,DOMESTIC,CH04,7100
FAB-W0219,EXPORT,CH01,9100
FAB-W0220,DOMESTIC,CH02,6100
FAB-W0221,EXPORT,CH03,7100
FAB-W0222,DOMESTIC,CH04,9100
FAB-W0223,EXPORT,CH01,6100
FAB-W0224,DOMESTIC,CH02,7100
FAB-W0225,EXPORT,CH03,9100
FAB-W0226,DOMESTIC,CH04,6100
FAB-W0227,EXPORT,CH01,7100
FAB-W0228,DOMESTIC,CH02,9100
FAB-W0229,EXPORT,CH03,6100
FAB-W0230,DOMESTIC,CH04,7100
FAB-W0231,EXPORT,CH01,9100
FAB-W0232,DOMESTIC,CH02,6100
FAB-W0233,EXPORT,CH03,7100
FAB-W0234,DOMESTIC,CH04,9100
FAB-W0235,EXPORT,CH01,6100
FAB-W0236,DOMESTIC,CH02,7100
FAB-W0237,EXPORT,CH03,9100
FAB-W0238,DOMESTIC,CH04,6100
FAB-W0239,EXPORT,CH01,7100
FAB-W0240,DOMESTIC,CH02,9100
FAB-W0241,EXPORT,CH03,6100
FAB-W0242,DOMESTIC,CH04,7100
FAB-W0243,EXPORT,CH01,9100
FAB-W0244,DOMESTIC,CH02,6100
FAB-W0245,EXPORT,CH03,7100
FAB-W0246,DOMESTIC,CH04,9100
FAB-W0247,EXPORT,CH01,6100
FAB-W0248,DOMESTIC,CH02,7100
FAB-W0249,EXPORT,CH03,9100
FAB-W0250,DOMESTIC,CH04,6100
FAB-W0251,EXPORT,CH01,7100
FAB-W0252,DOMESTIC,CH02,9100
FAB-W0253,EXPORT,CH03,6100
FAB-W0254,DOMESTIC,CH04,7100
FAB-W0255,EXPORT,CH01,9100
FAB-W0256,DOMESTIC,CH02,6100
FAB-W0257,EXPORT,CH03,7100
FAB-W0258,DOMESTIC,CH04,9100
FAB-W0259,EXPORT,CH01,6100
FAB-W0260,DOMESTIC,CH02,7100
FAB-W0261,EXPORT,CH03,9100
FAB-W0262,DOMESTIC,CH04,6100
FAB-W0263,EXPORT,CH01,7100
FAB-W0264,DOMESTIC,CH02,9100
FAB-W0265,EXPORT,CH03,6100
FAB-W0266,DOMESTIC,CH04,7100
FAB-W0267,EXPORT,CH01,9100
FAB-W0268,DOMESTIC,CH02,6100
FAB-W0269,EXPORT,CH03,7100
FAB-W0270,DOMESTIC,CH04,9100
FAB-W0271,EXPORT,CH01,6100
FAB-W0272,DOMESTIC,CH02,7100
FAB-W0273,EXPORT,CH03,9100
FAB-W0274,DOMESTIC,CH04,6100
FAB-W0275,EXPORT,CH01,7100
FAB-W0276,DOMESTIC,CH02,9100
FAB-W0277,EXPORT,CH03,6100
FAB-W0278,DOMESTIC,CH04,7100
FAB-W0279,EXPORT,CH01,9100
FAB-W0280,DOMESTIC,CH02,6100
FAB-W0281,EXPORT,CH03,7100
FAB-W0282,DOMESTIC,CH04,9100
FAB-W0283,EXPORT,CH01,6100
FAB-W0284,DOMESTIC,CH02,7100
FAB-W0285,EXPORT,CH03,9100
FAB-W0286,DOMESTIC,CH04,6100
FAB-W0287,EXPORT,CH01,7100
FAB-W0288,DOMESTIC,CH02,9100
FAB-W0289,EXPORT,CH03,6100
FAB-W0290,DOMESTIC,CH04,7100
FAB-W0291,EXPORT,CH01,9100
FAB-W0292,DOMESTIC,CH02,6100
FAB-W0293,EXPORT,CH03,7100
FAB-W0294,DOMESTIC,CH04,9100
FAB-W0295,EXPORT,CH01,6100
FAB-W0296,DOMESTIC,CH02,7100
FAB-W0297,EXPORT,CH03,9100
FAB-W0298,DOMESTIC,CH04,6100
FAB-W0299,EXPORT,CH01,7100
FAB-W0300,DOMESTIC,CH02,9100
FAB-W0301,EXPORT,CH03,6100
FAB-W0302,DOMESTIC,CH04,7100
FAB-W0303,EXPORT,CH01,9100
FAB-W0304,DOMESTIC,CH02,6100
FAB-W0305,EXPORT,CH03,7100
FAB-W0306,DOMESTIC,CH04,9100
FAB-W0307,EXPORT,CH01,6100
FAB-W0308,DOMESTIC,CH02,7100
FAB-W0309,EXPORT,CH03,9100
FAB-W0310,DOMESTIC,CH04,6100
FAB-W0311,EXPORT,CH01,7100
FAB-W0312,DOMESTIC,CH02,9100
FAB-W0313,EXPORT,CH03,6100
FAB-W0314,DOMESTIC,CH04,7100
FAB-W0315,EXPORT,CH01,9100
FAB-W0316,DOMESTIC,CH02,6100
FAB-W0317,EXPORT,CH03,7100
FAB-W0318,DOMESTIC,CH04,9100
FAB-W0319,EXPORT,CH01,6100
FAB-W0320,DOMESTIC,CH02,7100
FAB-W0321,EXPORT,CH03,9100
FAB-W0322,DOMESTIC,CH04,6100
FAB-W0323,EXPORT,CH01,7100
FAB-W0324,DOMESTIC,CH02,9100
FAB-W0325,EXPORT,CH03,6100
FAB-W0326,DOMESTIC,CH04,7100
FAB-W0327,EXPORT,CH01,9100
FAB-W0328,DOMESTIC,CH02,6100
FAB-W0329,EXPORT,CH03,7100
FAB-W0330,DOMESTIC,CH04,9100
FAB-W0331,EXPORT,CH01,6100
FAB-W0332,DOMESTIC,CH02,7100
FAB-W0333,EXPORT,CH03,9100
FAB-W0334,DOMESTIC,CH04,6100
FAB-W0335,EXPORT,CH01,7100
FAB-W0336,DOMESTIC,CH02,9100
FAB-W0337,EXPORT,CH03,6100
FAB-W0338,DOMESTIC,CH04,7100
FAB-W0339,EXPORT,CH01,9100
FAB-W0340,DOMESTIC,CH02,6100
FAB-W0341,EXPORT,CH03,7100
FAB-W0342,DOMESTIC,CH04,9100
FAB-W0343,EXPORT,CH01,6100
FAB-W0344,DOMESTIC,CH02,7100
FAB-W0345,EXPORT,CH03,9100
FAB-W0346,DOMESTIC,CH04,6100
FAB-W0347,EXPORT,CH01,7100
FAB-W0348,DOMESTIC,CH02,9100
FAB-W0349,EXPORT,CH03,6100
FAB-W0350,DOMESTIC,CH04,7100
FAB-W0351,EXPORT,CH01,9100
FAB-W0352,DOMESTIC,CH02,6100
FAB-W0353,EXPORT,CH03,7100
FAB-W0354,DOMESTIC,CH04,9100
FAB-W0355,EXPORT,CH01,6100
FAB-W0356,DOMESTIC,CH02,7100
FAB-W0357,EXPORT,CH03,9100
FAB-W0358,DOMESTIC,CH04,6100
FAB-W0359,EXPORT,CH01,7100
FAB-W0360,DOMESTIC,CH02,9100
FAB-W0361,EXPORT,CH03,6100
FAB-W0362,DOMESTIC,CH04,7100
FAB-W0363,EXPORT,CH01,9100
FAB-W0364,DOMESTIC,CH02,6100
FAB-W0365,EXPORT,CH03,7100
FAB-W0366,DOMESTIC,CH04,9100
FAB-W0367,EXPORT,CH01,6100
FAB-W0368,DOMESTIC,CH02,7100
FAB-W0369,EXPORT,CH03,9100
FAB-W0370,DOMESTIC,CH04,6100
FAB-W0371,EXPORT,CH01,7100
FAB-W0372,DOMESTIC,CH02,9100
FAB-W0373,EXPORT,CH03,6100
FAB-W0374,DOMESTIC,CH04,7100
FAB-W0375,EXPORT,CH01,9100
FAB-W0376,DOMESTIC,CH02,6100
FAB-W0377,EXPORT,CH03,7100
FAB-W0378,DOMESTIC,CH04,9100
FAB-W0379,EXPORT,CH01,6100
FAB-W0380,DOMESTIC,CH02,7100
FAB-W0381,EXPORT,CH03,9100
FAB-W0382,DOMESTIC,CH04,6100
FAB-W0383,EXPORT,CH01,7100
FAB-W0384,DOMESTIC,CH02,9100
FAB-W0385,EXPORT,CH03,6100
FAB-W0386,DOMESTIC,CH04,7100
FAB-W0387,EXPORT,CH01,9100
FAB-W0388,DOMESTIC,CH02,6100
FAB-W0389,EXPORT,CH03,7100
FAB-W0390,DOMESTIC,CH04,9100
FAB-W0391,EXPORT,CH01,6100
FAB-W0392,DOMESTIC,CH02,7100
FAB-W0393,EXPORT,CH03,9100
FAB-W0394,DOMESTIC,CH04,6100
FAB-W0395,EXPORT,CH01,7100
FAB-W0396,DOMESTIC,CH02,9100
FAB-W0397,EXPORT,CH03,6100
FAB-W0398,DOMESTIC,CH04,7100
FAB-W0399,EXPORT,CH01,9100
FAB-W0400,DOMESTIC,CH02,6100
FAB-W0401,EXPORT,CH03,7100
FAB-W0402,DOMESTIC,CH04,9100
FAB-W0403,EXPORT,CH01,6100
FAB-W0404,DOMESTIC,CH02,7100
FAB-W0405,EXPORT,CH03,9100
FAB-W0406,DOMESTIC,CH04,6100
FAB-W0407,EXPORT,CH01,7100
FAB-W0408,DOMESTIC,CH02,9100
FAB-W0409,EXPORT,CH03,6100
FAB-W0410,DOMESTIC,CH04,7100
FAB-W0411,EXPORT,CH01,9100
FAB-W0412,DOMESTIC,CH02,6100
FAB-W0413,EXPORT,CH03,7100
FAB-W0414,DOMESTIC,CH04,9100
FAB-W0415,EXPORT,CH01,6100
FAB-W0416,DOMESTIC,CH02,7100
FAB-W0417,EXPORT,CH03,9100
FAB-W0418,DOMESTIC,CH04,6100
FAB-W0419,EXPORT,CH01,7100
FAB-W0420,DOMESTIC,CH02,9100
FAB-W0421,EXPORT,CH03,6100
FAB-W0422,DOMESTIC,CH04,7100
FAB-W0423,EXPORT,CH01,9100
FAB-W0424,DOMESTIC,CH02,6100
FAB-W0425,EXPORT,CH03,7100
FAB-W0426,DOMESTIC,CH04,9100
FAB-W0427,EXPORT,CH01,6100
FAB-W0428,DOMESTIC,CH02,7100
FAB-W0429,EXPORT,CH03,9100
FAB-W0430,DOMESTIC,CH04,6100
FAB-W0431,EXPORT,CH01,7100
FAB-W0432,DOMESTIC,CH02,9100
FAB-W0433,EXPORT,CH03,6100
FAB-W0434,DOMESTIC,CH04,7100
FAB-W0435,EXPORT,CH01,9100
FAB-W0436,DOMESTIC,CH02,6100
FAB-W0437,EXPORT,CH03,7100
FAB-W0438,DOMESTIC,CH04,9100
FAB-W0439,EXPORT,CH01,6100
FAB-W0440,DOMESTIC,CH02,7100
FAB-W0441,EXPORT,CH03,9100
FAB-W0442,DOMESTIC,CH04,6100
FAB-W0443,EXPORT,CH01,7100
FAB-W0444,DOMESTIC,CH02,9100
FAB-W0445,EXPORT,CH03,6100
FAB-W0446,DOMESTIC,CH04,7100
FAB-W0447,EXPORT,CH01,9100
FAB-W0448,DOMESTIC,CH02,6100
FAB-W0449,EXPORT,CH03,7100
FAB-W0450,DOMESTIC,CH04,9100
FAB-W0451,EXPORT,CH01,6100
FAB-W0452,DOMESTIC,CH02,7100
FAB-W0453,EXPORT,CH03,9100
FAB-W0454,DOMESTIC,CH04,6100
FAB-W0455,EXPORT,CH01,7100
FAB-W0456,DOMESTIC,CH02,9100
FAB-W0457,EXPORT,CH03,6100
FAB-W0458,DOMESTIC,CH04,7100
FAB-W0459,EXPORT,CH01,9100
FAB-W0460,DOMESTIC,CH02,6100
FAB-W0461,EXPORT,CH03,7100
FAB-W0462,DOMESTIC,CH04,9100
FAB-W0463,EXPORT,CH01,6100
FAB-W0464,DOMESTIC,CH02,7100
FAB-W0465,EXPORT,CH03,9100
FAB-W0466,DOMESTIC,CH04,6100
FAB-W0467,EXPORT,CH01,7100
FAB-W0468,DOMESTIC,CH02,9100
FAB-W0469,EXPORT,CH03,6100
FAB-W0470,DOMESTIC,CH04,7100
FAB-W0471,EXPORT,CH01,9100
FAB-W0472,DOMESTIC,CH02,6100
FAB-W0473,EXPORT,CH03,7100
FAB-W0474,DOMESTIC,CH04,9100
FAB-W0475,EXPORT,CH01,6100
FAB-W0476,DOMESTIC,CH02,7100
FAB-W0477,EXPORT,CH03,9100
FAB-W0478,DOMESTIC,CH04,6100
FAB-W0479,EXPORT,CH01,7100
FAB-W0480,DOMESTIC,CH02,9100
FAB-W0481,EXPORT,CH03,6100
FAB-W0482,DOMESTIC,CH04,7100
FAB-W0483,EXPORT,CH01,9100
FAB-W0484,DOMESTIC,CH02,6100
FAB-W0485,EXPORT,CH03,7100
FAB-W0486,DOMESTIC,CH04,9100
FAB-W0487,EXPORT,CH01,6100
FAB-W0488,DOMESTIC,CH02,7100
FAB-W0489,EXPORT,CH03,9100
FAB-W0490,DOMESTIC,CH04,6100
FAB-W0491,EXPORT,CH01,7100
FAB-W0492,DOMESTIC,CH02,9100
FAB-W0493,EXPORT,CH03,6100
FAB-W0494,DOMESTIC,CH04,7100
FAB-W0495,EXPORT,CH01,9100
FAB-W0496,DOMESTIC,CH02,6100
FAB-W0497,EXPORT,CH03,7100
FAB-W0498,DOMESTIC,CH04,9100
FAB-W0499,EXPORT,CH01,6100
FAB-W0500,DOMESTIC,CH02,7100
FAB-W0501,EXPORT,CH03,9100
FAB-W0502,DOMESTIC,CH04,6100
FAB-W0503,EXPORT,CH01,7100
FAB-W0504,DOMESTIC,CH02,9100
FAB-W0505,EXPORT,CH03,6100
FAB-W0506,DOMESTIC,CH04,7100
FAB-W0507,EXPORT,CH01,9100
FAB-W0508,DOMESTIC,CH02,6100
FAB-W0509,EXPORT,CH03,7100
FAB-W0510,DOMESTIC,CH04,9100
FAB-W0511,EXPORT,CH01,6100
FAB-W0512,DOMESTIC,CH02,7100
FAB-W0513,EXPORT,CH03,9100
FAB-W0514,DOMESTIC,CH04,6100
FAB-W0515,EXPORT,CH01,7100
FAB-W0516,DOMESTIC,CH02,9100
FAB-W0517,EXPORT,CH03,6100
FAB-W0518,DOMESTIC,CH04,7100
FAB-W0519,EXPORT,CH01,9100
FAB-W0520,DOMESTIC,CH02,6100
FAB-W0521,EXPORT,CH03,7100
FAB-W0522,DOMESTIC,CH04,9100
FAB-W0523,EXPORT,CH01,6100
FAB-W0524,DOMESTIC,CH02,7100
FAB-W0525,EXPORT,CH03,9100
FAB-W0526,DOMESTIC,CH04,6100
FAB-W0527,EXPORT,CH01,7100
FAB-W0528,DOMESTIC,CH02,9100
FAB-W0529,EXPORT,CH03,6100
FAB-W0530,DOMESTIC,CH04,7100
FAB-W0531,EXPORT,CH01,9100
FAB-W0532,DOMESTIC,CH02,6100
FAB-W0533,EXPORT,CH03,7100
FAB-W0534,DOMESTIC,CH04,9100
FAB-W0535,EXPORT,CH01,6100
FAB-W0536,DOMESTIC,CH02,7100
FAB-W0537,EXPORT,CH03,9100
FAB-W0538,DOMESTIC,CH04,6100
FAB-W0539,EXPORT,CH01,7100
FAB-W0540,DOMESTIC,CH02,9100
FAB-W0541,EXPORT,CH03,6100
FAB-W0542,DOMESTIC,CH04,7100
FAB-W0543,EXPORT,CH01,9100
FAB-W0544,DOMESTIC,CH02,6100
FAB-W0545,EXPORT,CH03,7100
FAB-W0546,DOMESTIC,CH04,9100
FAB-W0547,EXPORT,CH01,6100
FAB-W0548,DOMESTIC,CH02,7100
FAB-W0549,EXPORT,CH03,9100
FAB-W0550,DOMESTIC,CH04,6100
FAB-W0551,EXPORT,CH01,7100
FAB-W0552,DOMESTIC,CH02,9100
FAB-W0553,EXPORT,CH03,6100
FAB-W0554,DOMESTIC,CH04,7100
FAB-W0555,EXPORT,CH01,9100
FAB-W0556,DOMESTIC,CH02,6100
FAB-W0557,EXPORT,CH03,7100
FAB-W0558,DOMESTIC,CH04,9100
FAB-W0559,EXPORT,CH01,6100
FAB-W0560,DOMESTIC,CH02,7100
FAB-W0561,EXPORT,CH03,9100
FAB-W0562,DOMESTIC,CH04,6100
FAB-W0563,EXPORT,CH01,7100
FAB-W0564,DOMESTIC,CH02,9100
FAB-W0565,EXPORT,CH03,6100
FAB-W0566,DOMESTIC,CH04,7100
FAB-W0567,EXPORT,CH01,9100
FAB-W0568,DOMESTIC,CH02,6100
FAB-W0569,EXPORT,CH03,7100
FAB-W0570,DOMESTIC,CH04,9100
FAB-W0571,EXPORT,CH01,6100
FAB-W0572,DOMESTIC,CH02,7100
FAB-W0573,EXPORT,CH03,9100
FAB-W0574,DOMESTIC,CH04,6100
FAB-W0575,EXPORT,CH01,7100
FAB-W0576,DOMESTIC,CH02,9100
FAB-W0577,EXPORT,CH03,6100
FAB-W0578,DOMESTIC,CH04,7100
FAB-W0579,EXPORT,CH01,9100
FAB-W0580,DOMESTIC,CH02,6100
FAB-W0581,EXPORT,CH03,7100
FAB-W0582,DOMESTIC,CH04,9100
FAB-W0583,EXPORT,CH01,6100
FAB-W0584,DOMESTIC,CH02,7100
FAB-W0585,EXPORT,CH03,9100
FAB-W0586,DOMESTIC,CH04,6100
FAB-W0587,EXPORT,CH01,7100
FAB-W0588,DOMESTIC,CH02,9100
FAB-W0589,EXPORT,CH03,6100
FAB-W0590,DOMESTIC,CH04,7100
FAB-W0591,EXPORT,CH01,9100
FAB-W0592,DOMESTIC,CH02,6100
FAB-W0593,EXPORT,CH03,7100
FAB-W0594,DOMESTIC,CH04,9100
FAB-W0595,EXPORT,CH01,6100
FAB-W0596,DOMESTIC,CH02,7100
FAB-W0597,EXPORT,CH03,9100
FAB-W0598,DOMESTIC,CH04,6100
FAB-W0599,EXPORT,CH01,7100
FAB-W0600,DOMESTIC,CH02,9100
FAB-W0601,EXPORT,CH03,6100
FAB-W0602,DOMESTIC,CH04,7100
FAB-W0603,EXPORT,CH01,9100
FAB-W0604,DOMESTIC,CH02,6100
FAB-W0605,EXPORT,CH03,7100
FAB-W0606,DOMESTIC,CH04,9100
FAB-W0607,EXPORT,CH01,6100
FAB-W0608,DOMESTIC,CH02,7100
FAB-W0609,EXPORT,CH03,9100
FAB-W0610,DOMESTIC,CH04,6100
FAB-W0611,EXPORT,CH01,7100
FAB-W0612,DOMESTIC,CH02,9100
FAB-W0613,EXPORT,CH03,6100
FAB-W0614,DOMESTIC,CH04,7100
FAB-W0615,EXPORT,CH01,9100
FAB-W0616,DOMESTIC,CH02,6100
FAB-W0617,EXPORT,CH03,7100
FAB-W0618,DOMESTIC,CH04,9100
FAB-W0619,EXPORT,CH01,6100
FAB-W0620,DOMESTIC,CH02,7100
FAB-W0621,EXPORT,CH03,9100
FAB-W0622,DOMESTIC,CH04,6100
FAB-W0623,EXPORT,CH01,7100
FAB-W0624,DOMESTIC,CH02,9100
FAB-W0625,EXPORT,CH03,6100
FAB-W0626,DOMESTIC,CH04,7100
FAB-W0627,EXPORT,CH01,9100
FAB-W0628,DOMESTIC,CH02,6100
FAB-W0629,EXPORT,CH03,7100
FAB-W0630,DOMESTIC,CH04,9100
FAB-W0631,EXPORT,CH01,6100
FAB-W0632,DOMESTIC,CH02,7100
FAB-W0633,EXPORT,CH03,9100
FAB-W0634,DOMESTIC,CH04,6100
FAB-W0635,EXPORT,CH01,7100
FAB-W0636,DOMESTIC,CH02,9100
FAB-W0637,EXPORT,CH03,6100
FAB-W0638,DOMESTIC,CH04,7100
FAB-W0639,EXPORT,CH01,9100
FAB-W0640,DOMESTIC,CH02,6100
FAB-W0641,EXPORT,CH03,7100
FAB-W0642,DOMESTIC,CH04,9100
FAB-W0643,EXPORT,CH01,6100
FAB-W0644,DOMESTIC,CH02,7100
FAB-W0645,EXPORT,CH03,9100
FAB-W0646,DOMESTIC,CH04,6100
FAB-W0647,EXPORT,CH01,7100
FAB-W0648,DOMESTIC,CH02,9100
FAB-W0649,EXPORT,CH03,6100
FAB-W0650,DOMESTIC,CH04,7100
FAB-W0651,EXPORT,CH01,9100
FAB-W0652,DOMESTIC,CH02,6100
FAB-W0653,EXPORT,CH03,7100
FAB-W0654,DOMESTIC,CH04,9100
FAB-W0655,EXPORT,CH01,6100
FAB-W0656,DOMESTIC,CH02,7100
FAB-W0657,EXPORT,CH03,9100
FAB-W0658,DOMESTIC,CH04,6100
FAB-W0659,EXPORT,CH01,7100
FAB-W0660,DOMESTIC,CH02,9100
FAB-W0661,EXPORT,CH03,6100
FAB-W0662,DOMESTIC,CH04,7100
FAB-W0663,EXPORT,CH01,9100
FAB-W0664,DOMESTIC,CH02,6100
FAB-W0665,EXPORT,CH03,7100
FAB-W0666,DOMESTIC,CH04,9100
FAB-W0667,EXPORT,CH01,6100
FAB-W0668,DOMESTIC,CH02,7100
FAB-W0669,EXPORT,CH03,9100
FAB-W0670,DOMESTIC,CH04,6100
FAB-W0671,EXPORT,CH01,7100
FAB-W0672,DOMESTIC,CH02,9100
FAB-W0673,EXPORT,CH03,6100
FAB-W0674,DOMESTIC,CH04,7100
FAB-W0675,EXPORT,CH01,9100
FAB-W0676,DOMESTIC,CH02,6100
FAB-W0677,EXPORT,CH03,7100
FAB-W0678,DOMESTIC,CH04,9100
FAB-W0679,EXPORT,CH01,6100
FAB-W0680,DOMESTIC,CH02,7100
FAB-W0681,EXPORT,CH03,9100
FAB-W0682,DOMESTIC,CH04,6100
FAB-W0683,EXPORT,CH01,7100
FAB-W0684,DOMESTIC,CH02,9100
FAB-W0685,EXPORT,CH03,6100
FAB-W0686,DOMESTIC,CH04,7100
FAB-W0687,EXPORT,CH01,9100
FAB-W0688,DOMESTIC,CH02,6100
FAB-W0689,EXPORT,CH03,7100
FAB-W0690,DOMESTIC,CH04,9100
FAB-W0691,EXPORT,CH01,6100
FAB-W0692,DOMESTIC,CH02,7100
FAB-W0693,EXPORT,CH03,9100
FAB-W0694,DOMESTIC,CH04,6100
FAB-W0695,EXPORT,CH01,7100
FAB-W0696,DOMESTIC,CH02,9100
FAB-W0697,EXPORT,CH03,6100
FAB-W0698,DOMESTIC,CH04,7100
FAB-W0699,EXPORT,CH01,9100
FAB-W0700,DOMESTIC,CH02,6100
FAB-W0701,EXPORT,CH03,7100
FAB-W0702,DOMESTIC,CH04,9100
FAB-W0703,EXPORT,CH01,6100
FAB-W0704,DOMESTIC,CH02,7100
FAB-W0705,EXPORT,CH03,9100
FAB-W0706,DOMESTIC,CH04,6100
FAB-W0707,EXPORT,CH01,7100
FAB-W0708,DOMESTIC,CH02,9100
FAB-W0709,EXPORT,CH03,6100
FAB-W0710,DOMESTIC,CH04,7100
FAB-W0711,EXPORT,CH01,9100
FAB-W0712,DOMESTIC,CH02,6100
FAB-W0713,EXPORT,CH03,7100
FAB-W0714,DOMESTIC,CH04,9100
FAB-W0715,EXPORT,CH01,6100
FAB-W0716,DOMESTIC,CH02,7100
FAB-W0717,EXPORT,CH03,9100
FAB-W0718,DOMESTIC,CH04,6100
FAB-W0719,EXPORT,CH01,7100
FAB-W0720,DOMESTIC,CH02,9100
FAB-W0721,EXPORT,CH03,6100
FAB-W0722,DOMESTIC,CH04,7100
FAB-W0723,EXPORT,CH01,9100
FAB-W0724,DOMESTIC,CH02,6100
FAB-W0725,EXPORT,CH03,7100
FAB-W0726,DOMESTIC,CH04,9100
FAB-W0727,EXPORT,CH01,6100
FAB-W0728,DOMESTIC,CH02,7100
FAB-W0729,EXPORT,CH03,9100
FAB-W0730,DOMESTIC,CH04,6100
FAB-W0731,EXPORT,CH01,7100
FAB-W0732,DOMESTIC,CH02,9100
FAB-W0733,EXPORT,CH03,6100
FAB-W0734,DOMESTIC,CH04,7100
FAB-W0735,EXPORT,CH01,9100
FAB-W0736,DOMESTIC,CH02,6100
FAB-W0737,EXPORT,CH03,7100
FAB-W0738,DOMESTIC,CH04,9100
FAB-W0739,EXPORT,CH01,6100
FAB-W0740,DOMESTIC,CH02,7100
FAB-W0741,EXPORT,CH03,9100
FAB-W0742,DOMESTIC,CH04,6100
FAB-W0743,EXPORT,CH01,7100
FAB-W0744,DOMESTIC,CH02,9100
FAB-W0745,EXPORT,CH03,6100
FAB-W0746,DOMESTIC,CH04,7100
FAB-W0747,EXPORT,CH01,9100
FAB-W0748,DOMESTIC,CH02,6100
FAB-W0749,EXPORT,CH03,7100
FAB-W0750,DOMESTIC,CH04,9100
FAB-W0751,EXPORT,CH01,6100
FAB-W0752,DOMESTIC,CH02,7100
FAB-W0753,EXPORT,CH03,9100
FAB-W0754,DOMESTIC,CH04,6100
FAB-W0755,EXPORT,CH01,7100
FAB-W0756,DOMESTIC,CH02,9100
FAB-W0757,EXPORT,CH03,6100
FAB-W0758,DOMESTIC,CH04,7100
FAB-W0759,EXPORT,CH01,9100
FAB-W0760,DOMESTIC,CH02,6100
FAB-W0761,EXPORT,CH03,7100
FAB-W0762,DOMESTIC,CH04,9100
FAB-W0763,EXPORT,CH01,6100
FAB-W0764,DOMESTIC,CH02,7100
FAB-W0765,EXPORT,CH03,9100
FAB-W0766,DOMESTIC,CH04,6100
FAB-W0767,EXPORT,CH01,7100
FAB-W0768,DOMESTIC,CH02,9100
FAB-W0769,EXPORT,CH03,6100
FAB-W0770,DOMESTIC,CH04,7100
FAB-W0771,EXPORT,CH01,9100
FAB-W0772,DOMESTIC,CH02,6100
FAB-W0773,EXPORT,CH03,7100
FAB-W0774,DOMESTIC,CH04,9100
FAB-W0775,EXPORT,CH01,6100
FAB-W0776,DOMESTIC,CH02,7100
FAB-W0777,EXPORT,CH03,9100
FAB-W0778,DOMESTIC,CH04,6100
FAB-W0779,EXPORT,CH01,7100
FAB-W0780,DOMESTIC,CH02,9100
FAB-W0781,EXPORT,CH03,6100
FAB-W0782,DOMESTIC,CH04,7100
FAB-W0783,EXPORT,CH01,9100
FAB-W0784,DOMESTIC,CH02,6100
FAB-W0785,EXPORT,CH03,7100
FAB-W0786,DOMESTIC,CH04,9100
FAB-W0787,EXPORT,CH01,6100
FAB-W0788,DOMESTIC,CH02,7100
FAB-W0789,EXPORT,CH03,9100
FAB-W0790,DOMESTIC,CH04,6100
FAB-W0791,EXPORT,CH01,7100
FAB-W0792,DOMESTIC,CH02,9100
FAB-W0793,EXPORT,CH03,6100
FAB-W0794,DOMESTIC,CH04,7100
FAB-W0795,EXPORT,CH01,9100
FAB-W0796,DOMESTIC,CH02,6100
FAB-W0797,EXPORT,CH03,7100
FAB-W0798,DOMESTIC,CH04,9100
FAB-W0799,EXPORT,CH01,6100
FAB-W0800,DOMESTIC,CH02,7100
FAB-W0801,EXPORT,CH03,9100
FAB-W0802,DOMESTIC,CH04,6100
FAB-W0803,EXPORT,CH01,7100
FAB-W0804,DOMESTIC,CH02,9100
FAB-W0805,EXPORT,CH03,6100
FAB-W0806,DOMESTIC,CH04,7100
FAB-W0807,EXPORT,CH01,9100
FAB-W0808,DOMESTIC,CH02,6100
FAB-W0809,EXPORT,CH03,7100
FAB-W0810,DOMESTIC,CH04,9100
FAB-W0811,EXPORT,CH01,6100
FAB-W0812,DOMESTIC,CH02,7100
FAB-W0813,EXPORT,CH03,9100
FAB-W0814,DOMESTIC,CH04,6100
FAB-W0815,EXPORT,CH01,7100
FAB-W0816,DOMESTIC,CH02,9100
FAB-W0817,EXPORT,CH03,6100
FAB-W0818,DOMESTIC,CH04,7100
FAB-W0819,EXPORT,CH01,9100
FAB-W0820,DOMESTIC,CH02,6100
FAB-W0821,EXPORT,CH03,7100
FAB-W0822,DOMESTIC,CH04,9100
FAB-W0823,EXPORT,CH01,6100
FAB-W0824,DOMESTIC,CH02,7100
FAB-W0825,EXPORT,CH03,9100
FAB-W0826,DOMESTIC,CH04,6100
FAB-W0827,EXPORT,CH01,7100
FAB-W0828,DOMESTIC,CH02,9100
FAB-W0829,EXPORT,CH03,6100
FAB-W0830,DOMESTIC,CH04,7100
FAB-W0831,EXPORT,CH01,9100
FAB-W0832,DOMESTIC,CH02,6100
FAB-W0833,EXPORT,CH03,7100
FAB-W0834,DOMESTIC,CH04,9100
FAB-W0835,EXPORT,CH01,6100
FAB-W0836,DOMESTIC,CH02,7100
FAB-W0837,EXPORT,CH03,9100
FAB-W0838,DOMESTIC,CH04,6100
FAB-W0839,EXPORT,CH01,7100
FAB-W0840,DOMESTIC,CH02,9100
FAB-W0841,EXPORT,CH03,6100
FAB-W0842,DOMESTIC,CH04,7100
FAB-W0843,EXPORT,CH01,9100
FAB-W0844,DOMESTIC,CH02,6100
FAB-W0845,EXPORT,CH03,7100
FAB-W0846,DOMESTIC,CH04,9100
FAB-W0847,EXPORT,CH01,6100
FAB-W0848,DOMESTIC,CH02,7100
FAB-W0849,EXPORT,CH03,9100
FAB-W0850,DOMESTIC,CH04,6100
FAB-W0851,EXPORT,CH01,7100
FAB-W0852,DOMESTIC,CH02,9100
FAB-W0853,EXPORT,CH03,6100
FAB-W0854,DOMESTIC,CH04,7100
FAB-W0855,EXPORT,CH01,9100
FAB-W0856,DOMESTIC,CH02,6100
FAB-W0857,EXPORT,CH03,7100
FAB-W0858,DOMESTIC,CH04,9100
FAB-W0859,EXPORT,CH01,6100
FAB-W0860,DOMESTIC,CH02,7100
FAB-W0861,EXPORT,CH03,9100
FAB-W0862,DOMESTIC,CH04,6100
FAB-W0863,EXPORT,CH01,7100
FAB-W0864,DOMESTIC,CH02,9100
FAB-W0865,EXPORT,CH03,6100
FAB-W0866,DOMESTIC,CH04,7100
FAB-W0867,EXPORT,CH01,9100
FAB-W0868,DOMESTIC,CH02,6100
FAB-W0869,EXPORT,CH03,7100
FAB-W0870,DOMESTIC,CH04,9100
FAB-W0871,EXPORT,CH01,6100
FAB-W0872,DOMESTIC,CH02,7100
FAB-W0873,EXPORT,CH03,9100
FAB-W0874,DOMESTIC,CH04,6100
FAB-W0875,EXPORT,CH01,7100
FAB-W0876,DOMESTIC,CH02,9100
FAB-W0877,EXPORT,CH03,6100
FAB-W0878,DOMESTIC,CH04,7100
FAB-W0879,EXPORT,CH01,9100
FAB-W0880,DOMESTIC,CH02,6100
FAB-W0881,EXPORT,CH03,7100
FAB-W0882,DOMESTIC,CH04,9100
FAB-W0883,EXPORT,CH01,6100
FAB-W0884,DOMESTIC,CH02,7100
FAB-W0885,EXPORT,CH03,9100
FAB-W0886,DOMESTIC,CH04,6100
FAB-W0887,EXPORT,CH01,7100
FAB-W0888,DOMESTIC,CH02,9100
FAB-W0889,EXPORT,CH03,6100
FAB-W0890,DOMESTIC,CH04,7100
FAB-W0891,EXPORT,CH01,9100
FAB-W0892,DOMESTIC,CH02,6100
FAB-W0893,EXPORT,CH03,7100
FAB-W0894,DOMESTIC,CH04,9100
FAB-W0895,EXPORT,CH01,6100
FAB-W0896,DOMESTIC,CH02,7100
FAB-W0897,EXPORT,CH03,9100
FAB-W0898,DOMESTIC,CH04,6100
FAB-W0899,EXPORT,CH01,7100
FAB-W0900,DOMESTIC,CH02,9100
FAB-W0901,EXPORT,CH03,6100
FAB-W0902,DOMESTIC,CH04,7100
FAB-W0903,EXPORT,CH01,9100
FAB-W0904,DOMESTIC,CH02,6100
FAB-W0905,EXPORT,CH03,7100
FAB-W0906,DOMESTIC,CH04,9100
FAB-W0907,EXPORT,CH01,6100
FAB-W0908,DOMESTIC,CH02,7100
FAB-W0909,EXPORT,CH03,9100
FAB-W0910,DOMESTIC,CH04,6100
FAB-W0911,EXPORT,CH01,7100
FAB-W0912,DOMESTIC,CH02,9100
FAB-W0913,EXPORT,CH03,6100
FAB-W0914,DOMESTIC,CH04,7100
FAB-W0915,EXPORT,CH01,9100
FAB-W0916,DOMESTIC,CH02,6100
FAB-W0917,EXPORT,CH03,7100
FAB-W0918,DOMESTIC,CH04,9100
FAB-W0919,EXPORT,CH01,6100
FAB-W0920,DOMESTIC,CH02,7100
FAB-W0921,EXPORT,CH03,9100
FAB-W0922,DOMESTIC,CH04,6100
FAB-W0923,EXPORT,CH01,7100
FAB-W0924,DOMESTIC,CH02,9100
FAB-W0925,EXPORT,CH03,6100
FAB-W0926,DOMESTIC,CH04,7100
FAB-W0927,EXPORT,CH01,9100
FAB-W0928,DOMESTIC,CH02,6100
FAB-W0929,EXPORT,CH03,7100
FAB-W0930,DOMESTIC,CH04,9100
FAB-W0931,EXPORT,CH01,6100
FAB-W0932,DOMESTIC,CH02,7100
FAB-W0933,EXPORT,CH03,9100
FAB-W0934,DOMESTIC,CH04,6100
FAB-W0935,EXPORT,CH01,7100
FAB-W0936,DOMESTIC,CH02,9100
FAB-W0937,EXPORT,CH03,6100
FAB-W0938,DOMESTIC,CH04,7100
FAB-W0939,EXPORT,CH01,9100
FAB-W0940,DOMESTIC,CH02,6100
FAB-W0941,EXPORT,CH03,7100
FAB-W0942,DOMESTIC,CH04,9100
FAB-W0943,EXPORT,CH01,6100
FAB-W0944,DOMESTIC,CH02,7100
FAB-W0945,EXPORT,CH03,9100
FAB-W0946,DOMESTIC,CH04,6100
FAB-W0947,EXPORT,CH01,7100
FAB-W0948,DOMESTIC,CH02,9100
FAB-W0949,EXPORT,CH03,6100
FAB-W0950,DOMESTIC,CH04,7100
FAB-W0951,EXPORT,CH01,9100
FAB-W0952,DOMESTIC,CH02,6100
FAB-W0953,EXPORT,CH03,7100
FAB-W0954,DOMESTIC,CH04,9100
FAB-W0955,EXPORT,CH01,6100
FAB-W0956,DOMESTIC,CH02,7100
FAB-W0957,EXPORT,CH03,9100
FAB-W0958,DOMESTIC,CH04,6100
FAB-W0959,EXPORT,CH01,7100
FAB-W0960,DOMESTIC,CH02,9100
FAB-W0961,EXPORT,CH03,6100
FAB-W0962,DOMESTIC,CH04,7100
FAB-W0963,EXPORT,CH01,9100
FAB-W0964,DOMESTIC,CH02,6100
FAB-W0965,EXPORT,CH03,7100
FAB-W0966,DOMESTIC,CH04,9100
FAB-W0967,EXPORT,CH01,6100
FAB-W0968,DOMESTIC,CH02,7100
FAB-W0969,EXPORT,CH03,9100
FAB-W0970,DOMESTIC,CH04,6100
FAB-W0971,EXPORT,CH01,7100
FAB-W0972,DOMESTIC,CH02,9100
FAB-W0973,EXPORT,CH03,6100
FAB-W0974,DOMESTIC,CH04,7100
FAB-W0975,EXPORT,CH01,9100
FAB-W0976,DOMESTIC,CH02,6100
FAB-W0977,EXPORT,CH03,7100
FAB-W0978,DOMESTIC,CH04,9100
FAB-W0979,EXPORT,CH01,6100
FAB-W0980,DOMESTIC,CH02,7100
FAB-W0981,EXPORT,CH03,9100
FAB-W0982,DOMESTIC,CH04,6100
FAB-W0983,EXPORT,CH01,7100
FAB-W0984,DOMESTIC,CH02,9100
FAB-W0985,EXPORT,CH03,6100
FAB-W0986,DOMESTIC,CH04,7100
FAB-W0987,EXPORT,CH01,9100
FAB-W0988,DOMESTIC,CH02,6100
FAB-W0989,EXPORT,CH03,7100
FAB-W0990,DOMESTIC,CH04,9100
FAB-W0991,EXPORT,CH01,6100
FAB-W0992,DOMESTIC,CH02,7100
FAB-W0993,EXPORT,CH03,9100
FAB-W0994,DOMESTIC,CH04,6100
FAB-W0995,EXPORT,CH01,7100
FAB-W0996,DOMESTIC,CH02,9100
FAB-W0997,EXPORT,CH03,6100
FAB-W0998,DOMESTIC,CH04,7100
FAB-W0999,EXPORT,CH01,9100
FAB-W1000,DOMESTIC,CH02,6100
FAB-W1001,EXPORT,CH03,7100
FAB-W1002,DOMESTIC,CH04,9100
FAB-W1003,EXPORT,CH01,6100
FAB-W1004,DOMESTIC,CH02,7100
FAB-W1005,EXPORT,CH03,9100
FAB-W1006,DOMESTIC,CH04,6100
FAB-W1007,EXPORT,CH01,7100
FAB-W1008,DOMESTIC,CH02,9100
FAB-W1009,EXPORT,CH03,6100
FAB-W1010,DOMESTIC,CH04,7100
FAB-W1011,EXPORT,CH01,9100
FAB-W1012,DOMESTIC,CH02,6100
FAB-W1013,EXPORT,CH03,7100
FAB-W1014,DOMESTIC,CH04,9100
FAB-W1015,EXPORT,CH01,6100
FAB-W1016,DOMESTIC,CH02,7100
FAB-W1017,EXPORT,CH03,9100
FAB-W1018,DOMESTIC,CH04,6100
FAB-W1019,EXPORT,CH01,7100
FAB-W1020,DOMESTIC,CH02,9100
FAB-W1021,EXPORT,CH03,6100
FAB-W1022,DOMESTIC,CH04,7100
FAB-W1023,EXPORT,CH01,9100
FAB-W1024,DOMESTIC,CH02,6100
FAB-W1025,EXPORT,CH03,7100
FAB-W1026,DOMESTIC,CH04,9100
FAB-W1027,EXPORT,CH01,6100
FAB-W1028,DOMESTIC,CH02,7100
FAB-W1029,EXPORT,CH03,9100
FAB-W1030,DOMESTIC,CH04,6100
FAB-W1031,EXPORT,CH01,7100
FAB-W1032,DOMESTIC,CH02,9100
FAB-W1033,EXPORT,CH03,6100
FAB-W1034,DOMESTIC,CH04,7100
FAB-W1035,EXPORT,CH01,9100
FAB-W1036,DOMESTIC,CH02,6100
FAB-W1037,EXPORT,CH03,7100
FAB-W1038,DOMESTIC,CH04,9100
FAB-W1039,EXPORT,CH01,6100
FAB-W1040,DOMESTIC,CH02,7100
FAB-W1041,EXPORT,CH03,9100
FAB-W1042,DOMESTIC,CH04,6100
FAB-W1043,EXPORT,CH01,7100
FAB-W1044,DOMESTIC,CH02,9100
FAB-W1045,EXPORT,CH03,6100
FAB-W1046,DOMESTIC,CH04,7100
FAB-W1047,EXPORT,CH01,9100
FAB-W1048,DOMESTIC,CH02,6100
FAB-W1049,EXPORT,CH03,7100
FAB-W1050,DOMESTIC,CH04,9100
FAB-W1051,EXPORT,CH01,6100
FAB-W1052,DOMESTIC,CH02,7100
FAB-W1053,EXPORT,CH03,9100
FAB-W1054,DOMESTIC,CH04,6100
FAB-W1055,EXPORT,CH01,7100
FAB-W1056,DOMESTIC,CH02,9100
FAB-W1057,EXPORT,CH03,6100
FAB-W1058,DOMESTIC,CH04,7100
FAB-W1059,EXPORT,CH01,9100
FAB-W1060,DOMESTIC,CH02,6100
FAB-W1061,EXPORT,CH03,7100
FAB-W1062,DOMESTIC,CH04,9100
FAB-W1063,EXPORT,CH01,6100
FAB-W1064,DOMESTIC,CH02,7100
FAB-W1065,EXPORT,CH03,9100
FAB-W1066,DOMESTIC,CH04,6100
FAB-W1067,EXPORT,CH01,7100
FAB-W1068,DOMESTIC,CH02,9100
FAB-W1069,EXPORT,CH03,6100
FAB-W1070,DOMESTIC,CH04,7100
FAB-W1071,EXPORT,CH01,9100
FAB-W1072,DOMESTIC,CH02,6100
FAB-W1073,EXPORT,CH03,7100
FAB-W1074,DOMESTIC,CH04,9100
FAB-W1075,EXPORT,CH01,6100
FAB-W1076,DOMESTIC,CH02,7100
FAB-W1077,EXPORT,CH03,9100
FAB-W1078,DOMESTIC,CH04,6100
FAB-W1079,EXPORT,CH01,7100
FAB-W1080,DOMESTIC,CH02,9100
FAB-W1081,EXPORT,CH03,6100
FAB-W1082,DOMESTIC,CH04,7100
FAB-W1083,EXPORT,CH01,9100
FAB-W1084,DOMESTIC,CH02,6100
FAB-W1085,EXPORT,CH03,7100
FAB-W1086,DOMESTIC,CH04,9100
FAB-W1087,EXPORT,CH01,6100
FAB-W1088,DOMESTIC,CH02,7100
FAB-W1089,EXPORT,CH03,9100
FAB-W1090,DOMESTIC,CH04,6100
FAB-W1091,EXPORT,CH01,7100
FAB-W1092,DOMESTIC,CH02,9100
FAB-W1093,EXPORT,CH03,6100
FAB-W1094,DOMESTIC,CH04,7100
FAB-W1095,EXPORT,CH01,9100
FAB-W1096,DOMESTIC,CH02,6100
FAB-W1097,EXPORT,CH03,7100
FAB-W1098,DOMESTIC,CH04,9100
FAB-W1099,EXPORT,CH01,6100
FAB-W1100,DOMESTIC,CH02,7100
FAB-W1101,EXPORT,CH03,9100
FAB-W1102,DOMESTIC,CH04,6100
FAB-W1103,EXPORT,CH01,7100
FAB-W1104,DOMESTIC,CH02,9100
FAB-W1105,EXPORT,CH03,6100
FAB-W1106,DOMESTIC,CH04,7100
FAB-W1107,EXPORT,CH01,9100
FAB-W1108,DOMESTIC,CH02,6100
FAB-W1109,EXPORT,CH03,7100
FAB-W1110,DOMESTIC,CH04,9100
FAB-W1111,EXPORT,CH01,6100
FAB-W1112,DOMESTIC,CH02,7100
FAB-W1113,EXPORT,CH03,9100
FAB-W1114,DOMESTIC,CH04,6100
FAB-W1115,EXPORT,CH01,7100
FAB-W1116,DOMESTIC,CH02,9100
FAB-W1117,EXPORT,CH03,6100
FAB-W1118,DOMESTIC,CH04,7100
FAB-W1119,EXPORT,CH01,9100
FAB-W1120,DOMESTIC,CH02,6100
FAB-W1121,EXPORT,CH03,7100
FAB-W1122,DOMESTIC,CH04,9100
FAB-W1123,EXPORT,CH01,6100
FAB-W1124,DOMESTIC,CH02,7100
FAB-W1125,EXPORT,CH03,9100
FAB-W1126,DOMESTIC,CH04,6100
FAB-W1127,EXPORT,CH01,7100
FAB-W1128,DOMESTIC,CH02,9100
FAB-W1129,EXPORT,CH03,6100
FAB-W1130,DOMESTIC,CH04,7100
FAB-W1131,EXPORT,CH01,9100
FAB-W1132,DOMESTIC,CH02,6100
FAB-W1133,EXPORT,CH03,7100
FAB-W1134,DOMESTIC,CH04,9100
FAB-W1135,EXPORT,CH01,6100
FAB-W1136,DOMESTIC,CH02,7100
FAB-W1137,EXPORT,CH03,9100
FAB-W1138,DOMESTIC,CH04,6100
FAB-W1139,EXPORT,CH01,7100
FAB-W1140,DOMESTIC,CH02,9100
FAB-W1141,EXPORT,CH03,6100
FAB-W1142,DOMESTIC,CH04,7100
FAB-W1143,EXPORT,CH01,9100
FAB-W1144,DOMESTIC,CH02,6100
FAB-W1145,EXPORT,CH03,7100
FAB-W1146,DOMESTIC,CH04,9100
FAB-W1147,EXPORT,CH01,6100
FAB-W1148,DOMESTIC,CH02,7100
FAB-W1149,EXPORT,CH03,9100
FAB-W1150,DOMESTIC,CH04,6100
FAB-W1151,EXPORT,CH01,7100
FAB-W1152,DOMESTIC,CH02,9100
FAB-W1153,EXPORT,CH03,6100
FAB-W1154,DOMESTIC,CH04,7100
FAB-W1155,EXPORT,CH01,9100
FAB-W1156,DOMESTIC,CH02,6100
FAB-W1157,EXPORT,CH03,7100
FAB-W1158,DOMESTIC,CH04,9100
FAB-W1159,EXPORT,CH01,6100
FAB-W1160,DOMESTIC,CH02,7100
FAB-W1161,EXPORT,CH03,9100
FAB-W1162,DOMESTIC,CH04,6100
FAB-W1163,EXPORT,CH01,7100
FAB-W1164,DOMESTIC,CH02,9100
FAB-W1165,EXPORT,CH03,6100
FAB-W1166,DOMESTIC,CH04,7100
FAB-W1167,EXPORT,CH01,9100
FAB-W1168,DOMESTIC,CH02,6100
FAB-W1169,EXPORT,CH03,7100
FAB-W1170,DOMESTIC,CH04,9100
FAB-W1171,EXPORT,CH01,6100
FAB-W1172,DOMESTIC,CH02,7100
FAB-W1173,EXPORT,CH03,9100
FAB-W1174,DOMESTIC,CH04,6100
FAB-W1175,EXPORT,CH01,7100
FAB-W1176,DOMESTIC,CH02,9100
FAB-W1177,EXPORT,CH03,6100
FAB-W1178,DOMESTIC,CH04,7100
FAB-W1179,EXPORT,CH01,9100
FAB-W1180,DOMESTIC,CH02,6100
FAB-W1181,EXPORT,CH03,7100
FAB-W1182,DOMESTIC,CH04,9100
FAB-W1183,EXPORT,CH01,6100
FAB-W1184,DOMESTIC,CH02,7100
FAB-W1185,EXPORT,CH03,9100
FAB-W1186,DOMESTIC,CH04,6100
FAB-W1187,EXPORT,CH01,7100
FAB-W1188,DOMESTIC,CH02,9100
FAB-W1189,EXPORT,CH03,6100
FAB-W1190,DOMESTIC,CH04,7100
FAB-W1191,EXPORT,CH01,9100
FAB-W1192,DOMESTIC,CH02,6100
FAB-W1193,EXPORT,CH03,7100
FAB-W1194,DOMESTIC,CH04,9100
FAB-W1195,EXPORT,CH01,6100
FAB-W1196,DOMESTIC,CH02,7100
FAB-W1197,EXPORT,CH03,9100
FAB-W1198,DOMESTIC,CH04,6100
FAB-W1199,EXPORT,CH01,7100
FAB-W1200,DOMESTIC,CH02,9100
FAB-W1201,EXPORT,CH03,6100
FAB-W1202,DOMESTIC,CH04,7100
FAB-W1203,EXPORT,CH01,9100
FAB-W1204,DOMESTIC,CH02,6100
FAB-W1205,EXPORT,CH03,7100
FAB-W1206,DOMESTIC,CH04,9100
FAB-W1207,EXPORT,CH01,6100
FAB-W1208,DOMESTIC,CH02,7100
FAB-W1209,EXPORT,CH03,9100
FAB-W1210,DOMESTIC,CH04,6100
FAB-W1211,EXPORT,CH01,7100
FAB-W1212,DOMESTIC,CH02,9100
FAB-W1213,EXPORT,CH03,6100
FAB-W1214,DOMESTIC,CH04,7100
FAB-W1215,EXPORT,CH01,9100
FAB-W1216,DOMESTIC,CH02,6100
FAB-W1217,EXPORT,CH03,7100
FAB-W1218,DOMESTIC,CH04,9100
FAB-W1219,EXPORT,CH01,6100
FAB-W1220,DOMESTIC,CH02,7100
FAB-W1221,EXPORT,CH03,9100
FAB-W1222,DOMESTIC,CH04,6100
FAB-W1223,EXPORT,CH01,7100
FAB-W1224,DOMESTIC,CH02,9100
FAB-W1225,EXPORT,CH03,6100
FAB-W1226,DOMESTIC,CH04,7100
FAB-W1227,EXPORT,CH01,9100
FAB-W1228,DOMESTIC,CH02,6100
FAB-W1229,EXPORT,CH03,7100
FAB-W1230,DOMESTIC,CH04,9100
FAB-W1231,EXPORT,CH01,6100
FAB-W1232,DOMESTIC,CH02,7100
FAB-W1233,EXPORT,CH03,9100
FAB-W1234,DOMESTIC,CH04,6100
FAB-W1235,EXPORT,CH01,7100
FAB-W1236,DOMESTIC,CH02,9100
FAB-W1237,EXPORT,CH03,6100
FAB-W1238,DOMESTIC,CH04,7100
FAB-W1239,EXPORT,CH01,9100
FAB-W1240,DOMESTIC,CH02,6100
FAB-W1241,EXPORT,CH03,7100
FAB-W1242,DOMESTIC,CH04,9100
FAB-W1243,EXPORT,CH01,6100
FAB-W1244,DOMESTIC,CH02,7100
FAB-W1245,EXPORT,CH03,9100
FAB-W1246,DOMESTIC,CH04,6100
FAB-W1247,EXPORT,CH01,7100
FAB-W1248,DOMESTIC,CH02,9100
FAB-W1249,EXPORT,CH03,6100
FAB-W1250,DOMESTIC,CH04,7100
FAB-W1251,EXPORT,CH01,9100
FAB-W1252,DOMESTIC,CH02,6100
FAB-W1253,EXPORT,CH03,7100
FAB-W1254,DOMESTIC,CH04,9100
FAB-W1255,EXPORT,CH01,6100
FAB-W1256,DOMESTIC,CH02,7100
FAB-W1257,EXPORT,CH03,9100
FAB-W1258,DOMESTIC,CH04,6100
FAB-W1259,EXPORT,CH01,7100
FAB-W1260,DOMESTIC,CH02,9100
FAB-W1261,EXPORT,CH03,6100
FAB-W1262,DOMESTIC,CH04,7100
FAB-W1263,EXPORT,CH01,9100
FAB-W1264,DOMESTIC,CH02,6100
FAB-W1265,EXPORT,CH03,7100
FAB-W1266,DOMESTIC,CH04,9100
FAB-W1267,EXPORT,CH01,6100
FAB-W1268,DOMESTIC,CH02,7100
FAB-W1269,EXPORT,CH03,9100
FAB-W1270,DOMESTIC,CH04,6100
FAB-W1271,EXPORT,CH01,7100
FAB-W1272,DOMESTIC,CH02,9100
FAB-W1273,EXPORT,CH03,6100
FAB-W1274,DOMESTIC,CH04,7100
FAB-W1275,EXPORT,CH01,9100
FAB-W1276,DOMESTIC,CH02,6100
FAB-W1277,EXPORT,CH03,7100
FAB-W1278,DOMESTIC,CH04,9100
FAB-W1279,EXPORT,CH01,6100
FAB-W1280,DOMESTIC,CH02,7100
FAB-W1281,EXPORT,CH03,9100
FAB-W1282,DOMESTIC,CH04,6100
FAB-W1283,EXPORT,CH01,7100
FAB-W1284,DOMESTIC,CH02,9100
FAB-W1285,EXPORT,CH03,6100
FAB-W1286,DOMESTIC,CH04,7100
FAB-W1287,EXPORT,CH01,9100
FAB-W1288,DOMESTIC,CH02,6100
FAB-W1289,EXPORT,CH03,7100
FAB-W1290,DOMESTIC,CH04,9100
FAB-W1291,EXPORT,CH01,6100
FAB-W1292,DOMESTIC,CH02,7100
FAB-W1293,EXPORT,CH03,9100
FAB-W1294,DOMESTIC,CH04,6100
FAB-W1295,EXPORT,CH01,7100
FAB-W1296,DOMESTIC,CH02,9100
FAB-W1297,EXPORT,CH03,6100
FAB-W1298,DOMESTIC,CH04,7100
FAB-W1299,EXPORT,CH01,9100
FAB-W1300,DOMESTIC,CH02,6100
FAB-W1301,EXPORT,CH03,7100
FAB-W1302,DOMESTIC,CH04,9100
FAB-W1303,EXPORT,CH01,6100
FAB-W1304,DOMESTIC,CH02,7100
FAB-W1305,EXPORT,CH03,9100
FAB-W1306,DOMESTIC,CH04,6100
FAB-W1307,EXPORT,CH01,7100
FAB-W1308,DOMESTIC,CH02,9100
FAB-W1309,EXPORT,CH03,6100
FAB-W1310,DOMESTIC,CH04,7100
FAB-W1311,EXPORT,CH01,9100
FAB-W1312,DOMESTIC,CH02,6100
FAB-W1313,EXPORT,CH03,7100
FAB-W1314,DOMESTIC,CH04,9100
FAB-W1315,EXPORT,CH01,6100
FAB-W1316,DOMESTIC,CH02,7100
FAB-W1317,EXPORT,CH03,9100
FAB-W1318,DOMESTIC,CH04,6100
FAB-W1319,EXPORT,CH01,7100
FAB-W1320,DOMESTIC,CH02,9100
FAB-W1321,EXPORT,CH03,6100
FAB-W1322,DOMESTIC,CH04,7100
FAB-W1323,EXPORT,CH01,9100
FAB-W1324,DOMESTIC,CH02,6100
FAB-W1325,EXPORT,CH03,7100
FAB-W1326,DOMESTIC,CH04,9100
FAB-W1327,EXPORT,CH01,6100
FAB-W1328,DOMESTIC,CH02,7100
FAB-W1329,EXPORT,CH03,9100
FAB-W1330,DOMESTIC,CH04,6100
FAB-W1331,EXPORT,CH01,7100
FAB-W1332,DOMESTIC,CH02,9100
FAB-W1333,EXPORT,CH03,6100
FAB-W1334,DOMESTIC,CH04,7100
FAB-W1335,EXPORT,CH01,9100
FAB-W1336,DOMESTIC,CH02,6100
FAB-W1337,EXPORT,CH03,7100
FAB-W1338,DOMESTIC,CH04,9100
FAB-W1339,EXPORT,CH01,6100
FAB-W1340,DOMESTIC,CH02,7100
FAB-W1341,EXPORT,CH03,9100
FAB-W1342,DOMESTIC,CH04,6100
FAB-W1343,EXPORT,CH01,7100
FAB-W1344,DOMESTIC,CH02,9100
FAB-W1345,EXPORT,CH03,6100
FAB-W1346,DOMESTIC,CH04,7100
FAB-W1347,EXPORT,CH01,9100
FAB-W1348,DOMESTIC,CH02,6100
FAB-W1349,EXPORT,CH03,7100
FAB-W1350,DOMESTIC,CH04,9100
FAB-W1351,EXPORT,CH01,6100
FAB-W1352,DOMESTIC,CH02,7100
FAB-W1353,EXPORT,CH03,9100
FAB-W1354,DOMESTIC,CH04,6100
FAB-W1355,EXPORT,CH01,7100
FAB-W1356,DOMESTIC,CH02,9100
FAB-W1357,EXPORT,CH03,6100
FAB-W1358,DOMESTIC,CH04,7100
FAB-W1359,EXPORT,CH01,9100
FAB-W1360,DOMESTIC,CH02,6100
FAB-W1361,EXPORT,CH03,7100
FAB-W1362,DOMESTIC,CH04,9100
FAB-W1363,EXPORT,CH01,6100
FAB-W1364,DOMESTIC,CH02,7100
FAB-W1365,EXPORT,CH03,9100
FAB-W1366,DOMESTIC,CH04,6100
FAB-W1367,EXPORT,CH01,7100
FAB-W1368,DOMESTIC,CH02,9100
FAB-W1369,EXPORT,CH03,6100
FAB-W1370,DOMESTIC,CH04,7100
FAB-W1371,EXPORT,CH01,9100
FAB-W1372,DOMESTIC,CH02,6100
FAB-W1373,EXPORT,CH03,7100
FAB-W1374,DOMESTIC,CH04,9100
FAB-W1375,EXPORT,CH01,6100
FAB-W1376,DOMESTIC,CH02,7100
FAB-W1377,EXPORT,CH03,9100
FAB-W1378,DOMESTIC,CH04,6100
FAB-W1379,EXPORT,CH01,7100
FAB-W1380,DOMESTIC,CH02,9100
FAB-W1381,EXPORT,CH03,6100
FAB-W1382,DOMESTIC,CH04,7100
FAB-W1383,EXPORT,CH01,9100
FAB-W1384,DOMESTIC,CH02,6100
FAB-W1385,EXPORT,CH03,7100
FAB-W1386,DOMESTIC,CH04,9100
FAB-W1387,EXPORT,CH01,6100
FAB-W1388,DOMESTIC,CH02,7100
FAB-W1389,EXPORT,CH03,9100
FAB-W1390,DOMESTIC,CH04,6100
FAB-W1391,EXPORT,CH01,7100
FAB-W1392,DOMESTIC,CH02,9100
FAB-W1393,EXPORT,CH03,6100
FAB-W1394,DOMESTIC,CH04,7100
FAB-W1395,EXPORT,CH01,9100
FAB-W1396,DOMESTIC,CH02,6100
FAB-W1397,EXPORT,CH03,7100
FAB-W1398,DOMESTIC,CH04,9100
FAB-W1399,EXPORT,CH01,6100
FAB-W1400,DOMESTIC,CH02,7100
FAB-W1401,EXPORT,CH03,9100
FAB-W1402,DOMESTIC,CH04,6100
FAB-W1403,EXPORT,CH01,7100
FAB-W1404,DOMESTIC,CH02,9100
FAB-W1405,EXPORT,CH03,6100
FAB-W1406,DOMESTIC,CH04,7100
FAB-W1407,EXPORT,CH01,9100
FAB-W1408,DOMESTIC,CH02,6100
FAB-W1409,EXPORT,CH03,7100
FAB-W1410,DOMESTIC,CH04,9100
FAB-W1411,EXPORT,CH01,6100
FAB-W1412,DOMESTIC,CH02,7100
FAB-W1413,EXPORT,CH03,9100
FAB-W1414,DOMESTIC,CH04,6100
FAB-W1415,EXPORT,CH01,7100
FAB-W1416,DOMESTIC,CH02,9100
FAB-W1417,EXPORT,CH03,6100
FAB-W1418,DOMESTIC,CH04,7100
FAB-W1419,EXPORT,CH01,9100
FAB-W1420,DOMESTIC,CH02,6100
FAB-W1421,EXPORT,CH03,7100
FAB-W1422,DOMESTIC,CH04,9100
FAB-W1423,EXPORT,CH01,6100
FAB-W1424,DOMESTIC,CH02,7100
FAB-W1425,EXPORT,CH03,9100
FAB-W1426,DOMESTIC,CH04,6100
FAB-W1427,EXPORT,CH01,7100
FAB-W1428,DOMESTIC,CH02,9100
FAB-W1429,EXPORT,CH03,6100
FAB-W1430,DOMESTIC,CH04,7100
FAB-W1431,EXPORT,CH01,9100
FAB-W1432,DOMESTIC,CH02,6100
FAB-W1433,EXPORT,CH03,7100
FAB-W1434,DOMESTIC,CH04,9100
FAB-W1435,EXPORT,CH01,6100
FAB-W1436,DOMESTIC,CH02,7100
FAB-W1437,EXPORT,CH03,9100
FAB-W1438,DOMESTIC,CH04,6100
FAB-W1439,EXPORT,CH01,7100
FAB-W1440,DOMESTIC,CH02,9100
FAB-W1441,EXPORT,CH03,6100
FAB-W1442,DOMESTIC,CH04,7100
FAB-W1443,EXPORT,CH01,9100
FAB-W1444,DOMESTIC,CH02,6100
FAB-W1445,EXPORT,CH03,7100
FAB-W1446,DOMESTIC,CH04,9100
FAB-W1447,EXPORT,CH01,6100
FAB-W1448,DOMESTIC,CH02,7100
FAB-W1449,EXPORT,CH03,9100
FAB-W1450,DOMESTIC,CH04,6100
FAB-W1451,EXPORT,CH01,7100
FAB-W1452,DOMESTIC,CH02,9100
FAB-W1453,EXPORT,CH03,6100
FAB-W1454,DOMESTIC,CH04,7100
FAB-W1455,EXPORT,CH01,9100
FAB-W1456,DOMESTIC,CH02,6100
FAB-W1457,EXPORT,CH03,7100
FAB-W1458,DOMESTIC,CH04,9100
FAB-W1459,EXPORT,CH01,6100
FAB-W1460,DOMESTIC,CH02,7100
FAB-W1461,EXPORT,CH03,9100
FAB-W1462,DOMESTIC,CH04,6100
FAB-W1463,EXPORT,CH01,7100
FAB-W1464,DOMESTIC,CH02,9100
FAB-W1465,EXPORT,CH03,6100
FAB-W1466,DOMESTIC,CH04,7100
FAB-W1467,EXPORT,CH01,9100
FAB-W1468,DOMESTIC,CH02,6100
FAB-W1469,EXPORT,CH03,7100
FAB-W1470,DOMESTIC,CH04,9100
FAB-W1471,EXPORT,CH01,6100
FAB-W1472,DOMESTIC,CH02,7100
FAB-W1473,EXPORT,CH03,9100
FAB-W1474,DOMESTIC,CH04,6100
FAB-W1475,EXPORT,CH01,7100
FAB-W1476,DOMESTIC,CH02,9100
FAB-W1477,EXPORT,CH03,6100
FAB-W1478,DOMESTIC,CH04,7100
FAB-W1479,EXPORT,CH01,9100
FAB-W1480,DOMESTIC,CH02,6100
FAB-W1481,EXPORT,CH03,7100
FAB-W1482,DOMESTIC,CH04,9100
FAB-W1483,EXPORT,CH01,6100
FAB-W1484,DOMESTIC,CH02,7100
FAB-W1485,EXPORT,CH03,9100
FAB-W1486,DOMESTIC,CH04,6100
FAB-W1487,EXPORT,CH01,7100
FAB-W1488,DOMESTIC,CH02,9100
FAB-W1489,EXPORT,CH03,6100
FAB-W1490,DOMESTIC,CH04,7100
FAB-W1491,EXPORT,CH01,9100
FAB-W1492,DOMESTIC,CH02,6100
FAB-W1493,EXPORT,CH03,7100
FAB-W1494,DOMESTIC,CH04,9100
FAB-W1495,EXPORT,CH01,6100
FAB-W1496,DOMESTIC,CH02,7100
FAB-W1497,EXPORT,CH03,9100
FAB-W1498,DOMESTIC,CH04,6100
FAB-W1499,EXPORT,CH01,7100
FAB-W1500,DOMESTIC,CH02,9100
FAB-W1501,EXPORT,CH03,6100
FAB-W1502,DOMESTIC,CH04,7100
FAB-W1503,EXPORT,CH01,9100
FAB-W1504,DOMESTIC,CH02,6100
FAB-W1505,EXPORT,CH03,7100
FAB-W1506,DOMESTIC,CH04,9100
FAB-W1507,EXPORT,CH01,6100
FAB-W1508,DOMESTIC,CH02,7100
FAB-W1509,EXPORT,CH03,9100
FAB-W1510,DOMESTIC,CH04,6100
FAB-W1511,EXPORT,CH01,7100
FAB-W1512,DOMESTIC,CH02,9100
FAB-W1513,EXPORT,CH03,6100
FAB-W1514,DOMESTIC,CH04,7100
FAB-W1515,EXPORT,CH01,9100
FAB-W1516,DOMESTIC,CH02,6100
FAB-W1517,EXPORT,CH03,7100
FAB-W1518,DOMESTIC,CH04,9100
FAB-W1519,EXPORT,CH01,6100
FAB-W1520,DOMESTIC,CH02,7100
FAB-W1521,EXPORT,CH03,9100
FAB-W1522,DOMESTIC,CH04,6100
FAB-W1523,EXPORT,CH01,7100
FAB-W1524,DOMESTIC,CH02,9100
FAB-W1525,EXPORT,CH03,6100
FAB-W1526,DOMESTIC,CH04,7100
FAB-W1527,EXPORT,CH01,9100
FAB-W1528,DOMESTIC,CH02,6100
FAB-W1529,EXPORT,CH03,7100
FAB-W1530,DOMESTIC,CH04,9100
FAB-W1531,EXPORT,CH01,6100
FAB-W1532,DOMESTIC,CH02,7100
FAB-W1533,EXPORT,CH03,9100
FAB-W1534,DOMESTIC,CH04,6100
FAB-W1535,EXPORT,CH01,7100
FAB-W1536,DOMESTIC,CH02,9100
FAB-W1537,EXPORT,CH03,6100
FAB-W1538,DOMESTIC,CH04,7100
FAB-W1539,EXPORT,CH01,9100
FAB-W1540,DOMESTIC,CH02,6100
FAB-W1541,EXPORT,CH03,7100
FAB-W1542,DOMESTIC,CH04,9100
FAB-W1543,EXPORT,CH01,6100
FAB-W1544,DOMESTIC,CH02,7100
FAB-W1545,EXPORT,CH03,9100
FAB-W1546,DOMESTIC,CH04,6100
FAB-W1547,EXPORT,CH01,7100
FAB-W1548,DOMESTIC,CH02,9100
FAB-W1549,EXPORT,CH03,6100
FAB-W1550,DOMESTIC,CH04,7100
FAB-W1551,EXPORT,CH01,9100
FAB-W1552,DOMESTIC,CH02,6100
FAB-W1553,EXPORT,CH03,7100
FAB-W1554,DOMESTIC,CH04,9100
FAB-W1555,EXPORT,CH01,6100
FAB-W1556,DOMESTIC,CH02,7100
FAB-W1557,EXPORT,CH03,9100
FAB-W1558,DOMESTIC,CH04,6100
FAB-W1559,EXPORT,CH01,7100
FAB-W1560,DOMESTIC,CH02,9100
FAB-W1561,EXPORT,CH03,6100
FAB-W1562,DOMESTIC,CH04,7100
FAB-W1563,EXPORT,CH01,9100
FAB-W1564,DOMESTIC,CH02,6100
FAB-W1565,EXPORT,CH03,7100
FAB-W1566,DOMESTIC,CH04,9100
FAB-W1567,EXPORT,CH01,6100
FAB-W1568,DOMESTIC,CH02,7100
FAB-W1569,EXPORT,CH03,9100
FAB-W1570,DOMESTIC,CH04,6100
FAB-W1571,EXPORT,CH01,7100
FAB-W1572,DOMESTIC,CH02,9100
FAB-W1573,EXPORT,CH03,6100
FAB-W1574,DOMESTIC,CH04,7100
FAB-W1575,EXPORT,CH01,9100
FAB-W1576,DOMESTIC,CH02,6100
FAB-W1577,EXPORT,CH03,7100
FAB-W1578,DOMESTIC,CH04,9100
FAB-W1579,EXPORT,CH01,6100
FAB-W1580,DOMESTIC,CH02,7100
FAB-W1581,EXPORT,CH03,9100
FAB-W1582,DOMESTIC,CH04,6100
FAB-W1583,EXPORT,CH01,7100
FAB-W1584,DOMESTIC,CH02,9100
FAB-W1585,EXPORT,CH03,6100
FAB-W1586,DOMESTIC,CH04,7100
FAB-W1587,EXPORT,CH01,9100
FAB-W1588,DOMESTIC,CH02,6100
FAB-W1589,EXPORT,CH03,7100
FAB-W1590,DOMESTIC,CH04,9100
FAB-W1591,EXPORT,CH01,6100
FAB-W1592,DOMESTIC,CH02,7100
FAB-W1593,EXPORT,CH03,9100
FAB-W1594,DOMESTIC,CH04,6100
FAB-W1595,EXPORT,CH01,7100
FAB-W1596,DOMESTIC,CH02,9100
FAB-W1597,EXPORT,CH03,6100
FAB-W1598,DOMESTIC,CH04,7100
FAB-W1599,EXPORT,CH01,9100
FAB-W1600,DOMESTIC,CH02,6100
FAB-W1601,EXPORT,CH03,7100
FAB-W1602,DOMESTIC,CH04,9100
FAB-W1603,EXPORT,CH01,6100
FAB-W1604,DOMESTIC,CH02,7100
FAB-W1605,EXPORT,CH03,9100
FAB-W1606,DOMESTIC,CH04,6100
FAB-W1607,EXPORT,CH01,7100
FAB-W1608,DOMESTIC,CH02,9100
FAB-W1609,EXPORT,CH03,6100
FAB-W1610,DOMESTIC,CH04,7100
FAB-W1611,EXPORT,CH01,9100
FAB-W1612,DOMESTIC,CH02,6100
FAB-W1613,EXPORT,CH03,7100
FAB-W1614,DOMESTIC,CH04,9100
FAB-W1615,EXPORT,CH01,6100
FAB-W1616,DOMESTIC,CH02,7100
FAB-W1617,EXPORT,CH03,9100
FAB-W1618,DOMESTIC,CH04,6100
FAB-W1619,EXPORT,CH01,7100
FAB-W1620,DOMESTIC,CH02,9100
FAB-W1621,EXPORT,CH03,6100
FAB-W1622,DOMESTIC,CH04,7100
FAB-W1623,EXPORT,CH01,9100
FAB-W1624,DOMESTIC,CH02,6100
FAB-W1625,EXPORT,CH03,7100
FAB-W1626,DOMESTIC,CH04,9100
FAB-W1627,EXPORT,CH01,6100
FAB-W1628,DOMESTIC,CH02,7100
FAB-W1629,EXPORT,CH03,9100
FAB-W1630,DOMESTIC,CH04,6100
FAB-W1631,EXPORT,CH01,7100
FAB-W1632,DOMESTIC,CH02,9100
FAB-W1633,EXPORT,CH03,6100
FAB-W1634,DOMESTIC,CH04,7100
FAB-W1635,EXPORT,CH01,9100
FAB-W1636,DOMESTIC,CH02,6100
FAB-W1637,EXPORT,CH03,7100
FAB-W1638,DOMESTIC,CH04,9100
FAB-W1639,EXPORT,CH01,6100
FAB-W1640,DOMESTIC,CH02,7100
FAB-W1641,EXPORT,CH03,9100
FAB-W1642,DOMESTIC,CH04,6100
FAB-W1643,EXPORT,CH01,7100
FAB-W1644,DOMESTIC,CH02,9100
FAB-W1645,EXPORT,CH03,6100
FAB-W1646,DOMESTIC,CH04,7100
FAB-W1647,EXPORT,CH01,9100
FAB-W1648,DOMESTIC,CH02,6100
FAB-W1649,EXPORT,CH03,7100
FAB-W1650,DOMESTIC,CH04,9100
FAB-W1651,EXPORT,CH01,6100
FAB-W1652,DOMESTIC,CH02,7100
FAB-W1653,EXPORT,CH03,9100
FAB-W1654,DOMESTIC,CH04,6100
FAB-W1655,EXPORT,CH01,7100
FAB-W1656,DOMESTIC,CH02,9100
FAB-W1657,EXPORT,CH03,6100
FAB-W1658,DOMESTIC,CH04,7100
FAB-W1659,EXPORT,CH01,9100
FAB-W1660,DOMESTIC,CH02,6100
FAB-W1661,EXPORT,CH03,7100
FAB-W1662,DOMESTIC,CH04,9100
FAB-W1663,EXPORT,CH01,6100
FAB-W1664,DOMESTIC,CH02,7100
FAB-W1665,EXPORT,CH03,9100
FAB-W1666,DOMESTIC,CH04,6100
FAB-W1667,EXPORT,CH01,7100
FAB-W1668,DOMESTIC,CH02,9100
FAB-W1669,EXPORT,CH03,6100
FAB-W1670,DOMESTIC,CH04,7100
FAB-W1671,EXPORT,CH01,9100
FAB-W1672,DOMESTIC,CH02,6100
FAB-W1673,EXPORT,CH03,7100
FAB-W1674,DOMESTIC,CH04,9100
FAB-W1675,EXPORT,CH01,6100
FAB-W1676,DOMESTIC,CH02,7100
FAB-W1677,EXPORT,CH03,9100
FAB-W1678,DOMESTIC,CH04,6100
FAB-W1679,EXPORT,CH01,7100
FAB-W1680,DOMESTIC,CH02,9100
FAB-W1681,EXPORT,CH03,6100
FAB-W1682,DOMESTIC,CH04,7100
FAB-W1683,EXPORT,CH01,9100
FAB-W1684,DOMESTIC,CH02,6100
FAB-W1685,EXPORT,CH03,7100
FAB-W1686,DOMESTIC,CH04,9100
FAB-W1687,EXPORT,CH01,6100
FAB-W1688,DOMESTIC,CH02,7100
FAB-W1689,EXPORT,CH03,9100
FAB-W1690,DOMESTIC,CH04,6100
FAB-W1691,EXPORT,CH01,7100
FAB-W1692,DOMESTIC,CH02,9100
FAB-W1693,EXPORT,CH03,6100
FAB-W1694,DOMESTIC,CH04,7100
FAB-W1695,EXPORT,CH01,9100
FAB-W1696,DOMESTIC,CH02,6100
FAB-W1697,EXPORT,CH03,7100
FAB-W1698,DOMESTIC,CH04,9100
FAB-W1699,EXPORT,CH01,6100
FAB-W1700,DOMESTIC,CH02,7100
FAB-W1701,EXPORT,CH03,9100
FAB-W1702,DOMESTIC,CH04,6100
FAB-W1703,EXPORT,CH01,7100
FAB-W1704,DOMESTIC,CH02,9100
FAB-W1705,EXPORT,CH03,6100
FAB-W1706,DOMESTIC,CH04,7100
FAB-W1707,EXPORT,CH01,9100
FAB-W1708,DOMESTIC,CH02,6100
FAB-W1709,EXPORT,CH03,7100
FAB-W1710,DOMESTIC,CH04,9100
FAB-W1711,EXPORT,CH01,6100
FAB-W1712,DOMESTIC,CH02,7100
FAB-W1713,EXPORT,CH03,9100
FAB-W1714,DOMESTIC,CH04,6100
FAB-W1715,EXPORT,CH01,7100
FAB-W1716,DOMESTIC,CH02,9100
FAB-W1717,EXPORT,CH03,6100
FAB-W1718,DOMESTIC,CH04,7100
FAB-W1719,EXPORT,CH01,9100
FAB-W1720,DOMESTIC,CH02,6100
FAB-W1721,EXPORT,CH03,7100
FAB-W1722,DOMESTIC,CH04,9100
FAB-W1723,EXPORT,CH01,6100
FAB-W1724,DOMESTIC,CH02,7100
FAB-W1725,EXPORT,CH03,9100
FAB-W1726,DOMESTIC,CH04,6100
FAB-W1727,EXPORT,CH01,7100
FAB-W1728,DOMESTIC,CH02,9100
FAB-W1729,EXPORT,CH03,6100
FAB-W1730,DOMESTIC,CH04,7100
FAB-W1731,EXPORT,CH01,9100
FAB-W1732,DOMESTIC,CH02,6100
FAB-W1733,EXPORT,CH03,7100
FAB-W1734,DOMESTIC,CH04,9100
FAB-W1735,EXPORT,CH01,6100
FAB-W1736,DOMESTIC,CH02,7100
FAB-W1737,EXPORT,CH03,9100
FAB-W1738,DOMESTIC,CH04,6100
FAB-W1739,EXPORT,CH01,7100
FAB-W1740,DOMESTIC,CH02,9100
FAB-W1741,EXPORT,CH03,6100
FAB-W1742,DOMESTIC,CH04,7100
FAB-W1743,EXPORT,CH01,9100
FAB-W1744,DOMESTIC,CH02,6100
FAB-W1745,EXPORT,CH03,7100
FAB-W1746,DOMESTIC,CH04,9100
FAB-W1747,EXPORT,CH01,6100
FAB-W1748,DOMESTIC,CH02,7100
FAB-W1749,EXPORT,CH03,9100
FAB-W1750,DOMESTIC,CH04,6100
FAB-W1751,EXPORT,CH01,7100
FAB-W1752,DOMESTIC,CH02,9100
FAB-W1753,EXPORT,CH03,6100
FAB-W1754,DOMESTIC,CH04,7100
FAB-W1755,EXPORT,CH01,9100
FAB-W1756,DOMESTIC,CH02,6100
FAB-W1757,EXPORT,CH03,7100
FAB-W1758,DOMESTIC,CH04,9100
FAB-W1759,EXPORT,CH01,6100
FAB-W1760,DOMESTIC,CH02,7100
FAB-W1761,EXPORT,CH03,9100
FAB-W1762,DOMESTIC,CH04,6100
FAB-W1763,EXPORT,CH01,7100
FAB-W1764,DOMESTIC,CH02,9100
FAB-W1765,EXPORT,CH03,6100
FAB-W1766,DOMESTIC,CH04,7100
FAB-W1767,EXPORT,CH01,9100
FAB-W1768,DOMESTIC,CH02,6100
FAB-W1769,EXPORT,CH03,7100
FAB-W1770,DOMESTIC,CH04,9100
FAB-W1771,EXPORT,CH01,6100
FAB-W1772,DOMESTIC,CH02,7100
FAB-W1773,EXPORT,CH03,9100
FAB-W1774,DOMESTIC,CH04,6100
FAB-W1775,EXPORT,CH01,7100
FAB-W1776,DOMESTIC,CH02,9100
FAB-W1777,EXPORT,CH03,6100
FAB-W1778,DOMESTIC,CH04,7100
FAB-W1779,EXPORT,CH01,9100
FAB-W1780,DOMESTIC,CH02,6100
FAB-W1781,EXPORT,CH03,7100
FAB-W1782,DOMESTIC,CH04,9100
FAB-W1783,EXPORT,CH01,6100
FAB-W1784,DOMESTIC,CH02,7100
FAB-W1785,EXPORT,CH03,9100
FAB-W1786,DOMESTIC,CH04,6100
FAB-W1787,EXPORT,CH01,7100
FAB-W1788,DOMESTIC,CH02,9100
FAB-W1789,EXPORT,CH03,6100
FAB-W1790,DOMESTIC,CH04,7100
FAB-W1791,EXPORT,CH01,9100
FAB-W1792,DOMESTIC,CH02,6100
FAB-W1793,EXPORT,CH03,7100
FAB-W1794,DOMESTIC,CH04,9100
FAB-W1795,EXPORT,CH01,6100
FAB-W1796,DOMESTIC,CH02,7100
FAB-W1797,EXPORT,CH03,9100
FAB-W1798,DOMESTIC,CH04,6100
FAB-W1799,EXPORT,CH01,7100
FAB-W1800,DOMESTIC,CH02,9100
FAB-W1801,EXPORT,CH03,6100
FAB-W1802,DOMESTIC,CH04,7100
FAB-W1803,EXPORT,CH01,9100
FAB-W1804,DOMESTIC,CH02,6100
FAB-W1805,EXPORT,CH03,7100
FAB-W1806,DOMESTIC,CH04,9100
FAB-W1807,EXPORT,CH01,6100
FAB-W1808,DOMESTIC,CH02,7100
FAB-W1809,EXPORT,CH03,9100
FAB-W1810,DOMESTIC,CH04,6100
FAB-W1811,EXPORT,CH01,7100
FAB-W1812,DOMESTIC,CH02,9100
FAB-W1813,EXPORT,CH03,6100
FAB-W1814,DOMESTIC,CH04,7100
FAB-W1815,EXPORT,CH01,9100
FAB-W1816,DOMESTIC,CH02,6100
FAB-W1817,EXPORT,CH03,7100
FAB-W1818,DOMESTIC,CH04,9100
FAB-W1819,EXPORT,CH01,6100
FAB-W1820,DOMESTIC,CH02,7100
FAB-W1821,EXPORT,CH03,9100
FAB-W1822,DOMESTIC,CH04,6100
FAB-W1823,EXPORT,CH01,7100
FAB-W1824,DOMESTIC,CH02,9100
FAB-W1825,EXPORT,CH03,6100
FAB-W1826,DOMESTIC,CH04,7100
FAB-W1827,EXPORT,CH01,9100
FAB-W1828,DOMESTIC,CH02,6100
FAB-W1829,EXPORT,CH03,7100
FAB-W1830,DOMESTIC,CH04,9100
FAB-W1831,EXPORT,CH01,6100
FAB-W1832,DOMESTIC,CH02,7100
FAB-W1833,EXPORT,CH03,9100
FAB-W1834,DOMESTIC,CH04,6100
FAB-W1835,EXPORT,CH01,7100
FAB-W1836,DOMESTIC,CH02,9100
FAB-W1837,EXPORT,CH03,6100
FAB-W1838,DOMESTIC,CH04,7100
FAB-W1839,EXPORT,CH01,9100
FAB-W1840,DOMESTIC,CH02,6100
FAB-W1841,EXPORT,CH03,7100
FAB-W1842,DOMESTIC,CH04,9100
FAB-W1843,EXPORT,CH01,6100
FAB-W1844,DOMESTIC,CH02,7100
FAB-W1845,EXPORT,CH03,9100
FAB-W1846,DOMESTIC,CH04,6100
FAB-W1847,EXPORT,CH01,7100
FAB-W1848,DOMESTIC,CH02,9100
FAB-W1849,EXPORT,CH03,6100
FAB-W1850,DOMESTIC,CH04,7100
FAB-W1851,EXPORT,CH01,9100
FAB-W1852,DOMESTIC,CH02,6100
FAB-W1853,EXPORT,CH03,7100
FAB-W1854,DOMESTIC,CH04,9100
FAB-W1855,EXPORT,CH01,6100
FAB-W1856,DOMESTIC,CH02,7100
FAB-W1857,EXPORT,CH03,9100
FAB-W1858,DOMESTIC,CH04,6100
FAB-W1859,EXPORT,CH01,7100
FAB-W1860,DOMESTIC,CH02,9100
FAB-W1861,EXPORT,CH03,6100
FAB-W1862,DOMESTIC,CH04,7100
FAB-W1863,EXPORT,CH01,9100
FAB-W1864,DOMESTIC,CH02,6100
FAB-W1865,EXPORT,CH03,7100
FAB-W1866,DOMESTIC,CH04,9100
FAB-W1867,EXPORT,CH01,6100
FAB-W1868,DOMESTIC,CH02,7100
FAB-W1869,EXPORT,CH03,9100
FAB-W1870,DOMESTIC,CH04,6100
FAB-W1871,EXPORT,CH01,7100
FAB-W1872,DOMESTIC,CH02,9100
FAB-W1873,EXPORT,CH03,6100
FAB-W1874,DOMESTIC,CH04,7100
FAB-W1875,EXPORT,CH01,9100
FAB-W1876,DOMESTIC,CH02,6100
FAB-W1877,EXPORT,CH03,7100
FAB-W1878,DOMESTIC,CH04,9100
FAB-W1879,EXPORT,CH01,6100
FAB-W1880,DOMESTIC,CH02,7100
FAB-W1881,EXPORT,CH03,9100
FAB-W1882,DOMESTIC,CH04,6100
FAB-W1883,EXPORT,CH01,7100
FAB-W1884,DOMESTIC,CH02,9100
FAB-W1885,EXPORT,CH03,6100
FAB-W1886,DOMESTIC,CH04,7100
FAB-W1887,EXPORT,CH01,9100
FAB-W1888,DOMESTIC,CH02,6100
FAB-W1889,EXPORT,CH03,7100
FAB-W1890,DOMESTIC,CH04,9100
FAB-W1891,EXPORT,CH01,6100
FAB-W1892,DOMESTIC,CH02,7100
FAB-W1893,EXPORT,CH03,9100
FAB-W1894,DOMESTIC,CH04,6100
FAB-W1895,EXPORT,CH01,7100
FAB-W1896,DOMESTIC,CH02,9100
FAB-W1897,EXPORT,CH03,6100
FAB-W1898,DOMESTIC,CH04,7100
FAB-W1899,EXPORT,CH01,9100
FAB-W1900,DOMESTIC,CH02,6100
FAB-W1901,EXPORT,CH03,7100
FAB-W1902,DOMESTIC,CH04,9100
FAB-W1903,EXPORT,CH01,6100
FAB-W1904,DOMESTIC,CH02,7100
FAB-W1905,EXPORT,CH03,9100
FAB-W1906,DOMESTIC,CH04,6100
FAB-W1907,EXPORT,CH01,7100
FAB-W1908,DOMESTIC,CH02,9100
FAB-W1909,EXPORT,CH03,6100
FAB-W1910,DOMESTIC,CH04,7100
FAB-W1911,EXPORT,CH01,9100
FAB-W1912,DOMESTIC,CH02,6100
FAB-W1913,EXPORT,CH03,7100
FAB-W1914,DOMESTIC,CH04,9100
FAB-W1915,EXPORT,CH01,6100
FAB-W1916,DOMESTIC,CH02,7100
FAB-W1917,EXPORT,CH03,9100
FAB-W1918,DOMESTIC,CH04,6100
FAB-W1919,EXPORT,CH01,7100
FAB-W1920,DOMESTIC,CH02,9100
FAB-W1921,EXPORT,CH03,6100
FAB-W1922,DOMESTIC,CH04,7100
FAB-W1923,EXPORT,CH01,9100
FAB-W1924,DOMESTIC,CH02,6100
FAB-W1925,EXPORT,CH03,7100
FAB-W1926,DOMESTIC,CH04,9100
FAB-W1927,EXPORT,CH01,6100
FAB-W1928,DOMESTIC,CH02,7100
FAB-W1929,EXPORT,CH03,9100
FAB-W1930,DOMESTIC,CH04,6100
FAB-W1931,EXPORT,CH01,7100
FAB-W1932,DOMESTIC,CH02,9100
FAB-W1933,EXPORT,CH03,6100
FAB-W1934,DOMESTIC,CH04,7100
FAB-W1935,EXPORT,CH01,9100
FAB-W1936,DOMESTIC,CH02,6100
FAB-W1937,EXPORT,CH03,7100
FAB-W1938,DOMESTIC,CH04,9100
FAB-W1939,EXPORT,CH01,6100
FAB-W1940,DOMESTIC,CH02,7100
FAB-W1941,EXPORT,CH03,9100
FAB-W1942,DOMESTIC,CH04,6100
FAB-W1943,EXPORT,CH01,7100
FAB-W1944,DOMESTIC,CH02,9100
FAB-W1945,EXPORT,CH03,6100
FAB-W1946,DOMESTIC,CH04,7100
FAB-W1947,EXPORT,CH01,9100
FAB-W1948,DOMESTIC,CH02,6100
FAB-W1949,EXPORT,CH03,7100
FAB-W1950,DOMESTIC,CH04,9100
FAB-W1951,EXPORT,CH01,6100
FAB-W1952,DOMESTIC,CH02,7100
FAB-W1953,EXPORT,CH03,9100
FAB-W1954,DOMESTIC,CH04,6100
FAB-W1955,EXPORT,CH01,7100
FAB-W1956,DOMESTIC,CH02,9100
FAB-W1957,EXPORT,CH03,6100
FAB-W1958,DOMESTIC,CH04,7100
FAB-W1959,EXPORT,CH01,9100
FAB-W1960,DOMESTIC,CH02,6100
FAB-W1961,EXPORT,CH03,7100
FAB-W1962,DOMESTIC,CH04,9100
FAB-W1963,EXPORT,CH01,6100
FAB-W1964,DOMESTIC,CH02,7100
FAB-W1965,EXPORT,CH03,9100
FAB-W1966,DOMESTIC,CH04,6100
FAB-W1967,EXPORT,CH01,7100
FAB-W1968,DOMESTIC,CH02,9100
FAB-W1969,EXPORT,CH03,6100
FAB-W1970,DOMESTIC,CH04,7100
FAB-W1971,EXPORT,CH01,9100
FAB-W1972,DOMESTIC,CH02,6100
FAB-W1973,EXPORT,CH03,7100
FAB-W1974,DOMESTIC,CH04,9100
FAB-W1975,EXPORT,CH01,6100
FAB-W1976,DOMESTIC,CH02,7100
FAB-W1977,EXPORT,CH03,9100
FAB-W1978,DOMESTIC,CH04,6100
FAB-W1979,EXPORT,CH01,7100
FAB-W1980,DOMESTIC,CH02,9100
FAB-W1981,EXPORT,CH03,6100
FAB-W1982,DOMESTIC,CH04,7100
FAB-W1983,EXPORT,CH01,9100
FAB-W1984,DOMESTIC,CH02,6100
FAB-W1985,EXPORT,CH03,7100
FAB-W1986,DOMESTIC,CH04,9100
FAB-W1987,EXPORT,CH01,6100
FAB-W1988,DOMESTIC,CH02,7100
FAB-W1989,EXPORT,CH03,9100
FAB-W1990,DOMESTIC,CH04,6100
FAB-W1991,EXPORT,CH01,7100
FAB-W1992,DOMESTIC,CH02,9100
FAB-W1993,EXPORT,CH03,6100
FAB-W1994,DOMESTIC,CH04,7100
FAB-W1995,EXPORT,CH01,9100
FAB-W1996,DOMESTIC,CH02,6100
FAB-W1997,EXPORT,CH03,7100
FAB-W1998,DOMESTIC,CH04,9100
FAB-W1999,EXPORT,CH01,6100
FAB-W2000,DOMESTIC,CH02,7100
FAB-W2001,EXPORT,CH03,9100
FAB-W2002,DOMESTIC,CH04,6100
FAB-W2003,EXPORT,CH01,7100
FAB-W2004,DOMESTIC,CH02,9100
FAB-W2005,EXPORT,CH03,6100
FAB-W2006,DOMESTIC,CH04,7100
FAB-W2007,EXPORT,CH01,9100
FAB-W2008,DOMESTIC,CH02,6100
FAB-W2009,EXPORT,CH03,7100
FAB-W2010,DOMESTIC,CH04,9100
FAB-W2011,EXPORT,CH01,6100
FAB-W2012,DOMESTIC,CH02,7100
FAB-W2013,EXPORT,CH03,9100
FAB-W2014,DOMESTIC,CH04,6100
FAB-W2015,EXPORT,CH01,7100
FAB-W2016,DOMESTIC,CH02,9100
FAB-W2017,EXPORT,CH03,6100
FAB-W2018,DOMESTIC,CH04,7100
FAB-W2019,EXPORT,CH01,9100
FAB-W2020,DOMESTIC,CH02,6100
FAB-W2021,EXPORT,CH03,7100
FAB-W2022,DOMESTIC,CH04,9100
FAB-W2023,EXPORT,CH01,6100
FAB-W2024,DOMESTIC,CH02,7100
FAB-W2025,EXPORT,CH03,9100
FAB-W2026,DOMESTIC,CH04,6100
FAB-W2027,EXPORT,CH01,7100
FAB-W2028,DOMESTIC,CH02,9100
FAB-W2029,EXPORT,CH03,6100
FAB-W2030,DOMESTIC,CH04,7100
FAB-W2031,EXPORT,CH01,9100
FAB-W2032,DOMESTIC,CH02,6100
FAB-W2033,EXPORT,CH03,7100
FAB-W2034,DOMESTIC,CH04,9100
FAB-W2035,EXPORT,CH01,6100
FAB-W2036,DOMESTIC,CH02,7100
FAB-W2037,EXPORT,CH03,9100
FAB-W2038,DOMESTIC,CH04,6100
FAB-W2039,EXPORT,CH01,7100
FAB-W2040,DOMESTIC,CH02,9100
FAB-W2041,EXPORT,CH03,6100
FAB-W2042,DOMESTIC,CH04,7100
FAB-W2043,EXPORT,CH01,9100
FAB-W2044,DOMESTIC,CH02,6100
FAB-W2045,EXPORT,CH03,7100
FAB-W2046,DOMESTIC,CH04,9100
FAB-W2047,EXPORT,CH01,6100
FAB-W2048,DOMESTIC,CH02,7100
FAB-W2049,EXPORT,CH03,9100
FAB-W2050,DOMESTIC,CH04,6100
FAB-W2051,EXPORT,CH01,7100
FAB-W2052,DOMESTIC,CH02,9100
FAB-W2053,EXPORT,CH03,6100
FAB-W2054,DOMESTIC,CH04,7100
FAB-W2055,EXPORT,CH01,9100
FAB-W2056,DOMESTIC,CH02,6100
FAB-W2057,EXPORT,CH03,7100
FAB-W2058,DOMESTIC,CH04,9100
FAB-W2059,EXPORT,CH01,6100
FAB-W2060,DOMESTIC,CH02,7100
FAB-W2061,EXPORT,CH03,9100
FAB-W2062,DOMESTIC,CH04,6100
FAB-W2063,EXPORT,CH01,7100
FAB-W2064,DOMESTIC,CH02,9100
FAB-W2065,EXPORT,CH03,6100
FAB-W2066,DOMESTIC,CH04,7100
FAB-W2067,EXPORT,CH01,9100
FAB-W2068,DOMESTIC,CH02,6100
FAB-W2069,EXPORT,CH03,7100
FAB-W2070,DOMESTIC,CH04,9100
FAB-W2071,EXPORT,CH01,6100
FAB-W2072,DOMESTIC,CH02,7100
FAB-W2073,EXPORT,CH03,9100
FAB-W2074,DOMESTIC,CH04,6100
FAB-W2075,EXPORT,CH01,7100
FAB-W2076,DOMESTIC,CH02,9100
FAB-W2077,EXPORT,CH03,6100
FAB-W2078,DOMESTIC,CH04,7100
FAB-W2079,EXPORT,CH01,9100
FAB-W2080,DOMESTIC,CH02,6100
FAB-W2081,EXPORT,CH03,7100
FAB-W2082,DOMESTIC,CH04,9100
FAB-W2083,EXPORT,CH01,6100
FAB-W2084,DOMESTIC,CH02,7100
FAB-W2085,EXPORT,CH03,9100
FAB-W2086,DOMESTIC,CH04,6100
FAB-W2087,EXPORT,CH01,7100
FAB-W2088,DOMESTIC,CH02,9100
FAB-W2089,EXPORT,CH03,6100
FAB-W2090,DOMESTIC,CH04,7100
FAB-W2091,EXPORT,CH01,9100
FAB-W2092,DOMESTIC,CH02,6100
FAB-W2093,EXPORT,CH03,7100
FAB-W2094,DOMESTIC,CH04,9100
FAB-W2095,EXPORT,CH01,6100
FAB-W2096,DOMESTIC,CH02,7100
FAB-W2097,EXPORT,CH03,9100
FAB-W2098,DOMESTIC,CH04,6100
FAB-W2099,EXPORT,CH01,7100
FAB-W2100,DOMESTIC,CH02,9100
FAB-W2101,EXPORT,CH03,6100
FAB-W2102,DOMESTIC,CH04,7100
FAB-W2103,EXPORT,CH01,9100
FAB-W2104,DOMESTIC,CH02,6100
FAB-W2105,EXPORT,CH03,7100
FAB-W2106,DOMESTIC,CH04,9100
FAB-W2107,EXPORT,CH01,6100
FAB-W2108,DOMESTIC,CH02,7100
FAB-W2109,EXPORT,CH03,9100
FAB-W2110,DOMESTIC,CH04,6100
FAB-W2111,EXPORT,CH01,7100
FAB-W2112,DOMESTIC,CH02,9100
FAB-W2113,EXPORT,CH03,6100
FAB-W2114,DOMESTIC,CH04,7100
FAB-W2115,EXPORT,CH01,9100
FAB-W2116,DOMESTIC,CH02,6100
FAB-W2117,EXPORT,CH03,7100
FAB-W2118,DOMESTIC,CH04,9100
FAB-W2119,EXPORT,CH01,6100
FAB-W2120,DOMESTIC,CH02,7100
FAB-W2121,EXPORT,CH03,9100
FAB-W2122,DOMESTIC,CH04,6100
FAB-W2123,EXPORT,CH01,7100
FAB-W2124,DOMESTIC,CH02,9100
FAB-W2125,EXPORT,CH03,6100
FAB-W2126,DOMESTIC,CH04,7100
FAB-W2127,EXPORT,CH01,9100
FAB-W2128,DOMESTIC,CH02,6100
FAB-W2129,EXPORT,CH03,7100
FAB-W2130,DOMESTIC,CH04,9100
FAB-W2131,EXPORT,CH01,6100
FAB-W2132,DOMESTIC,CH02,7100
FAB-W2133,EXPORT,CH03,9100
FAB-W2134,DOMESTIC,CH04,6100
FAB-W2135,EXPORT,CH01,7100
FAB-W2136,DOMESTIC,CH02,9100
FAB-W2137,EXPORT,CH03,6100
FAB-W2138,DOMESTIC,CH04,7100
FAB-W2139,EXPORT,CH01,9100
FAB-W2140,DOMESTIC,CH02,6100
FAB-W2141,EXPORT,CH03,7100
FAB-W2142,DOMESTIC,CH04,9100
FAB-W2143,EXPORT,CH01,6100
FAB-W2144,DOMESTIC,CH02,7100
FAB-W2145,EXPORT,CH03,9100
FAB-W2146,DOMESTIC,CH04,6100
FAB-W2147,EXPORT,CH01,7100
FAB-W2148,DOMESTIC,CH02,9100
FAB-W2149,EXPORT,CH03,6100
FAB-W2150,DOMESTIC,CH04,7100
FAB-W2151,EXPORT,CH01,9100
FAB-W2152,DOMESTIC,CH02,6100
FAB-W2153,EXPORT,CH03,7100
FAB-W2154,DOMESTIC,CH04,9100
FAB-W2155,EXPORT,CH01,6100
FAB-W2156,DOMESTIC,CH02,7100
FAB-W2157,EXPORT,CH03,9100
FAB-W2158,DOMESTIC,CH04,6100
FAB-W2159,EXPORT,CH01,7100
FAB-W2160,DOMESTIC,CH02,9100
FAB-W2161,EXPORT,CH03,6100
FAB-W2162,DOMESTIC,CH04,7100
FAB-W2163,EXPORT,CH01,9100
FAB-W2164,DOMESTIC,CH02,6100
FAB-W2165,EXPORT,CH03,7100
FAB-W2166,DOMESTIC,CH04,9100
FAB-W2167,EXPORT,CH01,6100
FAB-W2168,DOMESTIC,CH02,7100
FAB-W2169,EXPORT,CH03,9100
FAB-W2170,DOMESTIC,CH04,6100
FAB-W2171,EXPORT,CH01,7100
FAB-W2172,DOMESTIC,CH02,9100
FAB-W2173,EXPORT,CH03,6100
FAB-W2174,DOMESTIC,CH04,7100
FAB-W2175,EXPORT,CH01,9100
FAB-W2176,DOMESTIC,CH02,6100
FAB-W2177,EXPORT,CH03,7100
FAB-W2178,DOMESTIC,CH04,9100
FAB-W2179,EXPORT,CH01,6100
FAB-W2180,DOMESTIC,CH02,7100
FAB-W2181,EXPORT,CH03,9100
FAB-W2182,DOMESTIC,CH04,6100
FAB-W2183,EXPORT,CH01,7100
FAB-W2184,DOMESTIC,CH02,9100
FAB-W2185,EXPORT,CH03,6100
FAB-W2186,DOMESTIC,CH04,7100
FAB-W2187,EXPORT,CH01,9100
FAB-W2188,DOMESTIC,CH02,6100
FAB-W2189,EXPORT,CH03,7100
FAB-W2190,DOMESTIC,CH04,9100
FAB-W2191,EXPORT,CH01,6100
FAB-W2192,DOMESTIC,CH02,7100
FAB-W2193,EXPORT,CH03,9100
FAB-W2194,DOMESTIC,CH04,6100
FAB-W2195,EXPORT,CH01,7100
FAB-W2196,DOMESTIC,CH02,9100
FAB-W2197,EXPORT,CH03,6100
FAB-W2198,DOMESTIC,CH04,7100
FAB-W2199,EXPORT,CH01,9100
FAB-W2200,DOMESTIC,CH02,6100
FAB-W2201,EXPORT,CH03,7100
FAB-W2202,DOMESTIC,CH04,9100
FAB-W2203,EXPORT,CH01,6100
FAB-W2204,DOMESTIC,CH02,7100
FAB-W2205,EXPORT,CH03,9100
FAB-W2206,DOMESTIC,CH04,6100
FAB-W2207,EXPORT,CH01,7100
FAB-W2208,DOMESTIC,CH02,9100
FAB-W2209,EXPORT,CH03,6100
FAB-W2210,DOMESTIC,CH04,7100
FAB-W2211,EXPORT,CH01,9100
FAB-W2212,DOMESTIC,CH02,6100
FAB-W2213,EXPORT,CH03,7100
FAB-W2214,DOMESTIC,CH04,9100
FAB-W2215,EXPORT,CH01,6100
FAB-W2216,DOMESTIC,CH02,7100
FAB-W2217,EXPORT,CH03,9100
FAB-W2218,DOMESTIC,CH04,6100
FAB-W2219,EXPORT,CH01,7100
FAB-W2220,DOMESTIC,CH02,9100
FAB-W2221,EXPORT,CH03,6100
FAB-W2222,DOMESTIC,CH04,7100
FAB-W2223,EXPORT,CH01,9100
FAB-W2224,DOMESTIC,CH02,6100
FAB-W2225,EXPORT,CH03,7100
FAB-W2226,DOMESTIC,CH04,9100
FAB-W2227,EXPORT,CH01,6100
FAB-W2228,DOMESTIC,CH02,7100
FAB-W2229,EXPORT,CH03,9100
FAB-W2230,DOMESTIC,CH04,6100
FAB-W2231,EXPORT,CH01,7100
FAB-W2232,DOMESTIC,CH02,9100
FAB-W2233,EXPORT,CH03,6100
FAB-W2234,DOMESTIC,CH04,7100
FAB-W2235,EXPORT,CH01,9100
FAB-W2236,DOMESTIC,CH02,6100
FAB-W2237,EXPORT,CH03,7100
FAB-W2238,DOMESTIC,CH04,9100
FAB-W2239,EXPORT,CH01,6100
FAB-W2240,DOMESTIC,CH02,7100
FAB-W2241,EXPORT,CH03,9100
FAB-W2242,DOMESTIC,CH04,6100
FAB-W2243,EXPORT,CH01,7100
FAB-W2244,DOMESTIC,CH02,9100
FAB-W2245,EXPORT,CH03,6100
FAB-W2246,DOMESTIC,CH04,7100
FAB-W2247,EXPORT,CH01,9100
FAB-W2248,DOMESTIC,CH02,6100
FAB-W2249,EXPORT,CH03,7100
FAB-W2250,DOMESTIC,CH04,9100
FAB-W2251,EXPORT,CH01,6100
FAB-W2252,DOMESTIC,CH02,7100
FAB-W2253,EXPORT,CH03,9100
FAB-W2254,DOMESTIC,CH04,6100
FAB-W2255,EXPORT,CH01,7100
FAB-W2256,DOMESTIC,CH02,9100
FAB-W2257,EXPORT,CH03,6100
FAB-W2258,DOMESTIC,CH04,7100
FAB-W2259,EXPORT,CH01,9100
FAB-W2260,DOMESTIC,CH02,6100
FAB-W2261,EXPORT,CH03,7100
FAB-W2262,DOMESTIC,CH04,9100
FAB-W2263,EXPORT,CH01,6100
FAB-W2264,DOMESTIC,CH02,7100
FAB-W2265,EXPORT,CH03,9100
FAB-W2266,DOMESTIC,CH04,6100
FAB-W2267,EXPORT,CH01,7100
FAB-W2268,DOMESTIC,CH02,9100
FAB-W2269,EXPORT,CH03,6100
FAB-W2270,DOMESTIC,CH04,7100
FAB-W2271,EXPORT,CH01,9100
FAB-W2272,DOMESTIC,CH02,6100
FAB-W2273,EXPORT,CH03,7100
FAB-W2274,DOMESTIC,CH04,9100
FAB-W2275,EXPORT,CH01,6100
FAB-W2276,DOMESTIC,CH02,7100
FAB-W2277,EXPORT,CH03,9100
FAB-W2278,DOMESTIC,CH04,6100
FAB-W2279,EXPORT,CH01,7100
FAB-W2280,DOMESTIC,CH02,9100
FAB-W2281,EXPORT,CH03,6100
FAB-W2282,DOMESTIC,CH04,7100
FAB-W2283,EXPORT,CH01,9100
FAB-W2284,DOMESTIC,CH02,6100
FAB-W2285,EXPORT,CH03,7100
FAB-W2286,DOMESTIC,CH04,9100
FAB-W2287,EXPORT,CH01,6100
FAB-W2288,DOMESTIC,CH02,7100
FAB-W2289,EXPORT,CH03,9100
FAB-W2290,DOMESTIC,CH04,6100
FAB-W2291,EXPORT,CH01,7100
FAB-W2292,DOMESTIC,CH02,9100
FAB-W2293,EXPORT,CH03,6100
FAB-W2294,DOMESTIC,CH04,7100
FAB-W2295,EXPORT,CH01,9100
FAB-W2296,DOMESTIC,CH02,6100
FAB-W2297,EXPORT,CH03,7100
FAB-W2298,DOMESTIC,CH04,9100
FAB-W2299,EXPORT,CH01,6100
FAB-W2300,DOMESTIC,CH02,7100
FAB-W2301,EXPORT,CH03,9100
FAB-W2302,DOMESTIC,CH04,6100
FAB-W2303,EXPORT,CH01,7100
FAB-W2304,DOMESTIC,CH02,9100
FAB-W2305,EXPORT,CH03,6100
FAB-W2306,DOMESTIC,CH04,7100
FAB-W2307,EXPORT,CH01,9100
FAB-W2308,DOMESTIC,CH02,6100
FAB-W2309,EXPORT,CH03,7100
FAB-W2310,DOMESTIC,CH04,9100
FAB-W2311,EXPORT,CH01,6100
FAB-W2312,DOMESTIC,CH02,7100
FAB-W2313,EXPORT,CH03,9100
FAB-W2314,DOMESTIC,CH04,6100
FAB-W2315,EXPORT,CH01,7100
FAB-W2316,DOMESTIC,CH02,9100
FAB-W2317,EXPORT,CH03,6100
FAB-W2318,DOMESTIC,CH04,7100
FAB-W2319,EXPORT,CH01,9100
FAB-W2320,DOMESTIC,CH02,6100
FAB-W2321,EXPORT,CH03,7100
FAB-W2322,DOMESTIC,CH04,9100
FAB-W2323,EXPORT,CH01,6100
FAB-W2324,DOMESTIC,CH02,7100
FAB-W2325,EXPORT,CH03,9100
FAB-W2326,DOMESTIC,CH04,6100
FAB-W2327,EXPORT,CH01,7100
FAB-W2328,DOMESTIC,CH02,9100
FAB-W2329,EXPORT,CH03,6100
FAB-W2330,DOMESTIC,CH04,7100
FAB-W2331,EXPORT,CH01,9100
FAB-W2332,DOMESTIC,CH02,6100
FAB-W2333,EXPORT,CH03,7100
FAB-W2334,DOMESTIC,CH04,9100
FAB-W2335,EXPORT,CH01,6100
FAB-W2336,DOMESTIC,CH02,7100
FAB-W2337,EXPORT,CH03,9100
FAB-W2338,DOMESTIC,CH04,6100
FAB-W2339,EXPORT,CH01,7100
FAB-W2340,DOMESTIC,CH02,9100
FAB-W2341,EXPORT,CH03,6100
FAB-W2342,DOMESTIC,CH04,7100
FAB-W2343,EXPORT,CH01,9100
FAB-W2344,DOMESTIC,CH02,6100
FAB-W2345,EXPORT,CH03,7100
FAB-W2346,DOMESTIC,CH04,9100
FAB-W2347,EXPORT,CH01,6100
FAB-W2348,DOMESTIC,CH02,7100
FAB-W2349,EXPORT,CH03,9100
FAB-W2350,DOMESTIC,CH04,6100
FAB-W2351,EXPORT,CH01,7100
FAB-W2352,DOMESTIC,CH02,9100
FAB-W2353,EXPORT,CH03,6100
FAB-W2354,DOMESTIC,CH04,7100
FAB-W2355,EXPORT,CH01,9100
FAB-W2356,DOMESTIC,CH02,6100
FAB-W2357,EXPORT,CH03,7100
FAB-W2358,DOMESTIC,CH04,9100
FAB-W2359,EXPORT,CH01,6100
FAB-W2360,DOMESTIC,CH02,7100
FAB-W2361,EXPORT,CH03,9100
FAB-W2362,DOMESTIC,CH04,6100
FAB-W2363,EXPORT,CH01,7100
FAB-W2364,DOMESTIC,CH02,9100
FAB-W2365,EXPORT,CH03,6100
FAB-W2366,DOMESTIC,CH04,7100
FAB-W2367,EXPORT,CH01,9100
FAB-W2368,DOMESTIC,CH02,6100
FAB-W2369,EXPORT,CH03,7100
FAB-W2370,DOMESTIC,CH04,9100
FAB-W2371,EXPORT,CH01,6100
FAB-W2372,DOMESTIC,CH02,7100
FAB-W2373,EXPORT,CH03,9100
FAB-W2374,DOMESTIC,CH04,6100
FAB-W2375,EXPORT,CH01,7100
FAB-W2376,DOMESTIC,CH02,9100
FAB-W2377,EXPORT,CH03,6100
FAB-W2378,DOMESTIC,CH04,7100
FAB-W2379,EXPORT,CH01,9100
FAB-W2380,DOMESTIC,CH02,6100
FAB-W2381,EXPORT,CH03,7100
FAB-W2382,DOMESTIC,CH04,9100
FAB-W2383,EXPORT,CH01,6100
FAB-W2384,DOMESTIC,CH02,7100
FAB-W2385,EXPORT,CH03,9100
FAB-W2386,DOMESTIC,CH04,6100
FAB-W2387,EXPORT,CH01,7100
FAB-W2388,DOMESTIC,CH02,9100
FAB-W2389,EXPORT,CH03,6100
FAB-W2390,DOMESTIC,CH04,7100
FAB-W2391,EXPORT,CH01,9100
FAB-W2392,DOMESTIC,CH02,6100
FAB-W2393,EXPORT,CH03,7100
FAB-W2394,DOMESTIC,CH04,9100
FAB-W2395,EXPORT,CH01,6100
FAB-W2396,DOMESTIC,CH02,7100
FAB-W2397,EXPORT,CH03,9100
FAB-W2398,DOMESTIC,CH04,6100
FAB-W2399,EXPORT,CH01,7100
FAB-W2400,DOMESTIC,CH02,9100
FAB-W2401,EXPORT,CH03,6100
FAB-W2402,DOMESTIC,CH04,7100
FAB-W2403,EXPORT,CH01,9100
FAB-W2404,DOMESTIC,CH02,6100
FAB-W2405,EXPORT,CH03,7100
FAB-W2406,DOMESTIC,CH04,9100
FAB-W2407,EXPORT,CH01,6100
FAB-W2408,DOMESTIC,CH02,7100
FAB-W2409,EXPORT,CH03,9100
FAB-W2410,DOMESTIC,CH04,6100
FAB-W2411,EXPORT,CH01,7100
FAB-W2412,DOMESTIC,CH02,9100
FAB-W2413,EXPORT,CH03,6100
FAB-W2414,DOMESTIC,CH04,7100
FAB-W2415,EXPORT,CH01,9100
FAB-W2416,DOMESTIC,CH02,6100
FAB-W2417,EXPORT,CH03,7100
FAB-W2418,DOMESTIC,CH04,9100
FAB-W2419,EXPORT,CH01,6100
FAB-W2420,DOMESTIC,CH02,7100
FAB-W2421,EXPORT,CH03,9100
FAB-W2422,DOMESTIC,CH04,6100
FAB-W2423,EXPORT,CH01,7100
FAB-W2424,DOMESTIC,CH02,9100
FAB-W2425,EXPORT,CH03,6100
FAB-W2426,DOMESTIC,CH04,7100
FAB-W2427,EXPORT,CH01,9100
FAB-W2428,DOMESTIC,CH02,6100
FAB-W2429,EXPORT,CH03,7100
FAB-W2430,DOMESTIC,CH04,9100
FAB-W2431,EXPORT,CH01,6100
FAB-W2432,DOMESTIC,CH02,7100
FAB-W2433,EXPORT,CH03,9100
FAB-W2434,DOMESTIC,CH04,6100
FAB-W2435,EXPORT,CH01,7100
FAB-W2436,DOMESTIC,CH02,9100
FAB-W2437,EXPORT,CH03,6100
FAB-W2438,DOMESTIC,CH04,7100
FAB-W2439,EXPORT,CH01,9100
FAB-W2440,DOMESTIC,CH02,6100
FAB-W2441,EXPORT,CH03,7100
FAB-W2442,DOMESTIC,CH04,9100
FAB-W2443,EXPORT,CH01,6100
FAB-W2444,DOMESTIC,CH02,7100
FAB-W2445,EXPORT,CH03,9100
FAB-W2446,DOMESTIC,CH04,6100
FAB-W2447,EXPORT,CH01,7100
FAB-W2448,DOMESTIC,CH02,9100
FAB-W2449,EXPORT,CH03,6100
FAB-W2450,DOMESTIC,CH04,7100
FAB-W2451,EXPORT,CH01,9100
FAB-W2452,DOMESTIC,CH02,6100
FAB-W2453,EXPORT,CH03,7100
FAB-W2454,DOMESTIC,CH04,9100
FAB-W2455,EXPORT,CH01,6100
FAB-W2456,DOMESTIC,CH02,7100
FAB-W2457,EXPORT,CH03,9100
FAB-W2458,DOMESTIC,CH04,6100
FAB-W2459,EXPORT,CH01,7100
FAB-W2460,DOMESTIC,CH02,9100
FAB-W2461,EXPORT,CH03,6100
FAB-W2462,DOMESTIC,CH04,7100
FAB-W2463,EXPORT,CH01,9100
FAB-W2464,DOMESTIC,CH02,6100
FAB-W2465,EXPORT,CH03,7100
FAB-W2466,DOMESTIC,CH04,9100
FAB-W2467,EXPORT,CH01,6100
FAB-W2468,DOMESTIC,CH02,7100
FAB-W2469,EXPORT,CH03,9100
FAB-W2470,DOMESTIC,CH04,6100
FAB-W2471,EXPORT,CH01,7100
FAB-W2472,DOMESTIC,CH02,9100
FAB-W2473,EXPORT,CH03,6100
FAB-W2474,DOMESTIC,CH04,7100
FAB-W2475,EXPORT,CH01,9100
FAB-W2476,DOMESTIC,CH02,6100
FAB-W2477,EXPORT,CH03,7100
FAB-W2478,DOMESTIC,CH04,9100
FAB-W2479,EXPORT,CH01,6100
FAB-W2480,DOMESTIC,CH02,7100
FAB-W2481,EXPORT,CH03,9100
FAB-W2482,DOMESTIC,CH04,6100
FAB-W2483,EXPORT,CH01,7100
FAB-W2484,DOMESTIC,CH02,9100
FAB-W2485,EXPORT,CH03,6100
FAB-W2486,DOMESTIC,CH04,7100
FAB-W2487,EXPORT,CH01,9100
FAB-W2488,DOMESTIC,CH02,6100
FAB-W2489,EXPORT,CH03,7100
FAB-W2490,DOMESTIC,CH04,9100
FAB-W2491,EXPORT,CH01,6100
FAB-W2492,DOMESTIC,CH02,7100
FAB-W2493,EXPORT,CH03,9100
FAB-W2494,DOMESTIC,CH04,6100
FAB-W2495,EXPORT,CH01,7100
FAB-W2496,DOMESTIC,CH02,9100
FAB-W2497,EXPORT,CH03,6100
FAB-W2498,DOMESTIC,CH04,7100
FAB-W2499,EXPORT,CH01,9100
FAB-W2500,DOMESTIC,CH02,6100
FAB-W2501,EXPORT,CH03,7100
FAB-W2502,DOMESTIC,CH04,9100
FAB-W2503,EXPORT,CH01,6100
FAB-W2504,DOMESTIC,CH02,7100
FAB-W2505,EXPORT,CH03,9100
FAB-W2506,DOMESTIC,CH04,6100
FAB-W2507,EXPORT,CH01,7100
FAB-W2508,DOMESTIC,CH02,9100
FAB-W2509,EXPORT,CH03,6100
FAB-W2510,DOMESTIC,CH04,7100
FAB-W2511,EXPORT,CH01,9100
FAB-W2512,DOMESTIC,CH02,6100
FAB-W2513,EXPORT,CH03,7100
FAB-W2514,DOMESTIC,CH04,9100
FAB-W2515,EXPORT,CH01,6100
FAB-W2516,DOMESTIC,CH02,7100
FAB-W2517,EXPORT,CH03,9100
FAB-W2518,DOMESTIC,CH04,6100
FAB-W2519,EXPORT,CH01,7100
FAB-W2520,DOMESTIC,CH02,9100
FAB-W2521,EXPORT,CH03,6100
FAB-W2522,DOMESTIC,CH04,7100
FAB-W2523,EXPORT,CH01,9100
FAB-W2524,DOMESTIC,CH02,6100
FAB-W2525,EXPORT,CH03,7100
FAB-W2526,DOMESTIC,CH04,9100
FAB-W2527,EXPORT,CH01,6100
FAB-W2528,DOMESTIC,CH02,7100
FAB-W2529,EXPORT,CH03,9100
FAB-W2530,DOMESTIC,CH04,6100
FAB-W2531,EXPORT,CH01,7100
FAB-W2532,DOMESTIC,CH02,9100
FAB-W2533,EXPORT,CH03,6100
FAB-W2534,DOMESTIC,CH04,7100
FAB-W2535,EXPORT,CH01,9100
FAB-W2536,DOMESTIC,CH02,6100
FAB-W2537,EXPORT,CH03,7100
FAB-W2538,DOMESTIC,CH04,9100
FAB-W2539,EXPORT,CH01,6100
FAB-W2540,DOMESTIC,CH02,7100
FAB-W2541,EXPORT,CH03,9100
FAB-W2542,DOMESTIC,CH04,6100
FAB-W2543,EXPORT,CH01,7100
FAB-W2544,DOMESTIC,CH02,9100
FAB-W2545,EXPORT,CH03,6100
FAB-W2546,DOMESTIC,CH04,7100
FAB-W2547,EXPORT,CH01,9100
FAB-W2548,DOMESTIC,CH02,6100
FAB-W2549,EXPORT,CH03,7100
FAB-W2550,DOMESTIC,CH04,9100
FAB-W2551,EXPORT,CH01,6100
FAB-W2552,DOMESTIC,CH02,7100
FAB-W2553,EXPORT,CH03,9100
FAB-W2554,DOMESTIC,CH04,6100
FAB-W2555,EXPORT,CH01,7100
FAB-W2556,DOMESTIC,CH02,9100
FAB-W2557,EXPORT,CH03,6100
FAB-W2558,DOMESTIC,CH04,7100
FAB-W2559,EXPORT,CH01,9100
FAB-W2560,DOMESTIC,CH02,6100
FAB-W2561,EXPORT,CH03,7100
FAB-W2562,DOMESTIC,CH04,9100
FAB-W2563,EXPORT,CH01,6100
FAB-W2564,DOMESTIC,CH02,7100
FAB-W2565,EXPORT,CH03,9100
FAB-W2566,DOMESTIC,CH04,6100
FAB-W2567,EXPORT,CH01,7100
FAB-W2568,DOMESTIC,CH02,9100
FAB-W2569,EXPORT,CH03,6100
FAB-W2570,DOMESTIC,CH04,7100
FAB-W2571,EXPORT,CH01,9100
FAB-W2572,DOMESTIC,CH02,6100
FAB-W2573,EXPORT,CH03,7100
FAB-W2574,DOMESTIC,CH04,9100
FAB-W2575,EXPORT,CH01,6100
FAB-W2576,DOMESTIC,CH02,7100
FAB-W2577,EXPORT,CH03,9100
FAB-W2578,DOMESTIC,CH04,6100
FAB-W2579,EXPORT,CH01,7100
FAB-W2580,DOMESTIC,CH02,9100
FAB-W2581,EXPORT,CH03,6100
FAB-W2582,DOMESTIC,CH04,7100
FAB-W2583,EXPORT,CH01,9100
FAB-W2584,DOMESTIC,CH02,6100
FAB-W2585,EXPORT,CH03,7100
FAB-W2586,DOMESTIC,CH04,9100
FAB-W2587,EXPORT,CH01,6100
FAB-W2588,DOMESTIC,CH02,7100
FAB-W2589,EXPORT,CH03,9100
FAB-W2590,DOMESTIC,CH04,6100
FAB-W2591,EXPORT,CH01,7100
FAB-W2592,DOMESTIC,CH02,9100
FAB-W2593,EXPORT,CH03,6100
FAB-W2594,DOMESTIC,CH04,7100
FAB-W2595,EXPORT,CH01,9100
FAB-W2596,DOMESTIC,CH02,6100
FAB-W2597,EXPORT,CH03,7100
FAB-W2598,DOMESTIC,CH04,9100
FAB-W2599,EXPORT,CH01,6100
FAB-W2600,DOMESTIC,CH02,7100
FAB-W2601,EXPORT,CH03,9100
FAB-W2602,DOMESTIC,CH04,6100
FAB-W2603,EXPORT,CH01,7100
FAB-W2604,DOMESTIC,CH02,9100
FAB-W2605,EXPORT,CH03,6100
FAB-W2606,DOMESTIC,CH04,7100
FAB-W2607,EXPORT,CH01,9100
FAB-W2608,DOMESTIC,CH02,6100
FAB-W2609,EXPORT,CH03,7100
FAB-W2610,DOMESTIC,CH04,9100
FAB-W2611,EXPORT,CH01,6100
FAB-W2612,DOMESTIC,CH02,7100
FAB-W2613,EXPORT,CH03,9100
FAB-W2614,DOMESTIC,CH04,6100
FAB-W2615,EXPORT,CH01,7100
FAB-W2616,DOMESTIC,CH02,9100
FAB-W2617,EXPORT,CH03,6100
FAB-W2618,DOMESTIC,CH04,7100
FAB-W2619,EXPORT,CH01,9100
FAB-W2620,DOMESTIC,CH02,6100
FAB-W2621,EXPORT,CH03,7100
FAB-W2622,DOMESTIC,CH04,9100
FAB-W2623,EXPORT,CH01,6100
FAB-W2624,DOMESTIC,CH02,7100
FAB-W2625,EXPORT,CH03,9100
FAB-W2626,DOMESTIC,CH04,6100
FAB-W2627,EXPORT,CH01,7100
FAB-W2628,DOMESTIC,CH02,9100
FAB-W2629,EXPORT,CH03,6100
FAB-W2630,DOMESTIC,CH04,7100
FAB-W2631,EXPORT,CH01,9100
FAB-W2632,DOMESTIC,CH02,6100
FAB-W2633,EXPORT,CH03,7100
FAB-W2634,DOMESTIC,CH04,9100
FAB-W2635,EXPORT,CH01,6100
FAB-W2636,DOMESTIC,CH02,7100
FAB-W2637,EXPORT,CH03,9100
FAB-W2638,DOMESTIC,CH04,6100
FAB-W2639,EXPORT,CH01,7100
FAB-W2640,DOMESTIC,CH02,9100
FAB-W2641,EXPORT,CH03,6100
FAB-W2642,DOMESTIC,CH04,7100
FAB-W2643,EXPORT,CH01,9100
FAB-W2644,DOMESTIC,CH02,6100
FAB-W2645,EXPORT,CH03,7100
FAB-W2646,DOMESTIC,CH04,9100
FAB-W2647,EXPORT,CH01,6100
FAB-W2648,DOMESTIC,CH02,7100
FAB-W2649,EXPORT,CH03,9100
FAB-W2650,DOMESTIC,CH04,6100
FAB-W2651,EXPORT,CH01,7100
FAB-W2652,DOMESTIC,CH02,9100
FAB-W2653,EXPORT,CH03,6100
FAB-W2654,DOMESTIC,CH04,7100
FAB-W2655,EXPORT,CH01,9100
FAB-W2656,DOMESTIC,CH02,6100
FAB-W2657,EXPORT,CH03,7100
FAB-W2658,DOMESTIC,CH04,9100
FAB-W2659,EXPORT,CH01,6100
FAB-W2660,DOMESTIC,CH02,7100
FAB-W2661,EXPORT,CH03,9100
FAB-W2662,DOMESTIC,CH04,6100
FAB-W2663,EXPORT,CH01,7100
FAB-W2664,DOMESTIC,CH02,9100
FAB-W2665,EXPORT,CH03,6100
FAB-W2666,DOMESTIC,CH04,7100
FAB-W2667,EXPORT,CH01,9100
FAB-W2668,DOMESTIC,CH02,6100
FAB-W2669,EXPORT,CH03,7100
FAB-W2670,DOMESTIC,CH04,9100
FAB-W2671,EXPORT,CH01,6100
FAB-W2672,DOMESTIC,CH02,7100
FAB-W2673,EXPORT,CH03,9100
FAB-W2674,DOMESTIC,CH04,6100
FAB-W2675,EXPORT,CH01,7100
FAB-W2676,DOMESTIC,CH02,9100
FAB-W2677,EXPORT,CH03,6100
FAB-W2678,DOMESTIC,CH04,7100
FAB-W2679,EXPORT,CH01,9100
FAB-W2680,DOMESTIC,CH02,6100
FAB-W2681,EXPORT,CH03,7100
FAB-W2682,DOMESTIC,CH04,9100
FAB-W2683,EXPORT,CH01,6100
FAB-W2684,DOMESTIC,CH02,7100
FAB-W2685,EXPORT,CH03,9100
FAB-W2686,DOMESTIC,CH04,6100
FAB-W2687,EXPORT,CH01,7100
FAB-W2688,DOMESTIC,CH02,9100
FAB-W2689,EXPORT,CH03,6100
FAB-W2690,DOMESTIC,CH04,7100
FAB-W2691,EXPORT,CH01,9100
FAB-W2692,DOMESTIC,CH02,6100
FAB-W2693,EXPORT,CH03,7100
FAB-W2694,DOMESTIC,CH04,9100
FAB-W2695,EXPORT,CH01,6100
FAB-W2696,DOMESTIC,CH02,7100
FAB-W2697,EXPORT,CH03,9100
FAB-W2698,DOMESTIC,CH04,6100
FAB-W2699,EXPORT,CH01,7100
FAB-W2700,DOMESTIC,CH02,9100
FAB-W2701,EXPORT,CH03,6100
FAB-W2702,DOMESTIC,CH04,7100
FAB-W2703,EXPORT,CH01,9100
FAB-W2704,DOMESTIC,CH02,6100
FAB-W2705,EXPORT,CH03,7100
FAB-W2706,DOMESTIC,CH04,9100
FAB-W2707,EXPORT,CH01,6100
FAB-W2708,DOMESTIC,CH02,7100
FAB-W2709,EXPORT,CH03,9100
FAB-W2710,DOMESTIC,CH04,6100
FAB-W2711,EXPORT,CH01,7100
FAB-W2712,DOMESTIC,CH02,9100
FAB-W2713,EXPORT,CH03,6100
FAB-W2714,DOMESTIC,CH04,7100
FAB-W2715,EXPORT,CH01,9100
FAB-W2716,DOMESTIC,CH02,6100
FAB-W2717,EXPORT,CH03,7100
FAB-W2718,DOMESTIC,CH04,9100
FAB-W2719,EXPORT,CH01,6100
FAB-W2720,DOMESTIC,CH02,7100
FAB-W2721,EXPORT,CH03,9100
FAB-W2722,DOMESTIC,CH04,6100
FAB-W2723,EXPORT,CH01,7100
FAB-W2724,DOMESTIC,CH02,9100
FAB-W2725,EXPORT,CH03,6100
FAB-W2726,DOMESTIC,CH04,7100
FAB-W2727,EXPORT,CH01,9100
FAB-W2728,DOMESTIC,CH02,6100
FAB-W2729,EXPORT,CH03,7100
FAB-W2730,DOMESTIC,CH04,9100
FAB-W2731,EXPORT,CH01,6100
FAB-W2732,DOMESTIC,CH02,7100
FAB-W2733,EXPORT,CH03,9100
FAB-W2734,DOMESTIC,CH04,6100
FAB-W2735,EXPORT,CH01,7100
FAB-W2736,DOMESTIC,CH02,9100
FAB-W2737,EXPORT,CH03,6100
FAB-W2738,DOMESTIC,CH04,7100
FAB-W2739,EXPORT,CH01,9100
FAB-W2740,DOMESTIC,CH02,6100
FAB-W2741,EXPORT,CH03,7100
FAB-W2742,DOMESTIC,CH04,9100
FAB-W2743,EXPORT,CH01,6100
FAB-W2744,DOMESTIC,CH02,7100
FAB-W2745,EXPORT,CH03,9100
FAB-W2746,DOMESTIC,CH04,6100
FAB-W2747,EXPORT,CH01,7100
FAB-W2748,DOMESTIC,CH02,9100
FAB-W2749,EXPORT,CH03,6100
FAB-W2750,DOMESTIC,CH04,7100
FAB-W2751,EXPORT,CH01,9100
FAB-W2752,DOMESTIC,CH02,6100
FAB-W2753,EXPORT,CH03,7100
FAB-W2754,DOMESTIC,CH04,9100
FAB-W2755,EXPORT,CH01,6100
FAB-W2756,DOMESTIC,CH02,7100
FAB-W2757,EXPORT,CH03,9100
FAB-W2758,DOMESTIC,CH04,6100
FAB-W2759,EXPORT,CH01,7100
FAB-W2760,DOMESTIC,CH02,9100
FAB-W2761,EXPORT,CH03,6100
FAB-W2762,DOMESTIC,CH04,7100
FAB-W2763,EXPORT,CH01,9100
FAB-W2764,DOMESTIC,CH02,6100
FAB-W2765,EXPORT,CH03,7100
FAB-W2766,DOMESTIC,CH04,9100
FAB-W2767,EXPORT,CH01,6100
FAB-W2768,DOMESTIC,CH02,7100
FAB-W2769,EXPORT,CH03,9100
FAB-W2770,DOMESTIC,CH04,6100
FAB-W2771,EXPORT,CH01,7100
FAB-W2772,DOMESTIC,CH02,9100
FAB-W2773,EXPORT,CH03,6100
FAB-W2774,DOMESTIC,CH04,7100
FAB-W2775,EXPORT,CH01,9100
FAB-W2776,DOMESTIC,CH02,6100
FAB-W2777,EXPORT,CH03,7100
FAB-W2778,DOMESTIC,CH04,9100
FAB-W2779,EXPORT,CH01,6100
FAB-W2780,DOMESTIC,CH02,7100
FAB-W2781,EXPORT,CH03,9100
FAB-W2782,DOMESTIC,CH04,6100
FAB-W2783,EXPORT,CH01,7100
FAB-W2784,DOMESTIC,CH02,9100
FAB-W2785,EXPORT,CH03,6100
FAB-W2786,DOMESTIC,CH04,7100
FAB-W2787,EXPORT,CH01,9100
FAB-W2788,DOMESTIC,CH02,6100
FAB-W2789,EXPORT,CH03,7100
FAB-W2790,DOMESTIC,CH04,9100
FAB-W2791,EXPORT,CH01,6100
FAB-W2792,DOMESTIC,CH02,7100
FAB-W2793,EXPORT,CH03,9100
FAB-W2794,DOMESTIC,CH04,6100
FAB-W2795,EXPORT,CH01,7100
FAB-W2796,DOMESTIC,CH02,9100
FAB-W2797,EXPORT,CH03,6100
FAB-W2798,DOMESTIC,CH04,7100
FAB-W2799,EXPORT,CH01,9100
FAB-W2800,DOMESTIC,CH02,6100
FAB-W2801,EXPORT,CH03,7100
FAB-W2802,DOMESTIC,CH04,9100
FAB-W2803,EXPORT,CH01,6100
FAB-W2804,DOMESTIC,CH02,7100
FAB-W2805,EXPORT,CH03,9100
FAB-W2806,DOMESTIC,CH04,6100
FAB-W2807,EXPORT,CH01,7100
FAB-W2808,DOMESTIC,CH02,9100
FAB-W2809,EXPORT,CH03,6100
FAB-W2810,DOMESTIC,CH04,7100
FAB-W2811,EXPORT,CH01,9100
FAB-W2812,DOMESTIC,CH02,6100
FAB-W2813,EXPORT,CH03,7100
FAB-W2814,DOMESTIC,CH04,9100
FAB-W2815,EXPORT,CH01,6100
FAB-W2816,DOMESTIC,CH02,7100
FAB-W2817,EXPORT,CH03,9100
FAB-W2818,DOMESTIC,CH04,6100
FAB-W2819,EXPORT,CH01,7100
FAB-W2820,DOMESTIC,CH02,9100
FAB-W2821,EXPORT,CH03,6100
FAB-W2822,DOMESTIC,CH04,7100
FAB-W2823,EXPORT,CH01,9100
FAB-W2824,DOMESTIC,CH02,6100
FAB-W2825,EXPORT,CH03,7100
FAB-W2826,DOMESTIC,CH04,9100
FAB-W2827,EXPORT,CH01,6100
FAB-W2828,DOMESTIC,CH02,7100
FAB-W2829,EXPORT,CH03,9100
FAB-W2830,DOMESTIC,CH04,6100
FAB-W2831,EXPORT,CH01,7100
FAB-W2832,DOMESTIC,CH02,9100
FAB-W2833,EXPORT,CH03,6100
FAB-W2834,DOMESTIC,CH04,7100
FAB-W2835,EXPORT,CH01,9100
FAB-W2836,DOMESTIC,CH02,6100
FAB-W2837,EXPORT,CH03,7100
FAB-W2838,DOMESTIC,CH04,9100
FAB-W2839,EXPORT,CH01,6100
FAB-W2840,DOMESTIC,CH02,7100
FAB-W2841,EXPORT,CH03,9100
FAB-W2842,DOMESTIC,CH04,6100
FAB-W2843,EXPORT,CH01,7100
FAB-W2844,DOMESTIC,CH02,9100
FAB-W2845,EXPORT,CH03,6100
FAB-W2846,DOMESTIC,CH04,7100
FAB-W2847,EXPORT,CH01,9100
FAB-W2848,DOMESTIC,CH02,6100
FAB-W2849,EXPORT,CH03,7100
FAB-W2850,DOMESTIC,CH04,9100
FAB-W2851,EXPORT,CH01,6100
FAB-W2852,DOMESTIC,CH02,7100
FAB-W2853,EXPORT,CH03,9100
FAB-W2854,DOMESTIC,CH04,6100
FAB-W2855,EXPORT,CH01,7100
FAB-W2856,DOMESTIC,CH02,9100
FAB-W2857,EXPORT,CH03,6100
FAB-W2858,DOMESTIC,CH04,7100
FAB-W2859,EXPORT,CH01,9100
FAB-W2860,DOMESTIC,CH02,6100
FAB-W2861,EXPORT,CH03,7100
FAB-W2862,DOMESTIC,CH04,9100
FAB-W2863,EXPORT,CH01,6100
FAB-W2864,DOMESTIC,CH02,7100
FAB-W2865,EXPORT,CH03,9100
FAB-W2866,DOMESTIC,CH04,6100
FAB-W2867,EXPORT,CH01,7100
FAB-W2868,DOMESTIC,CH02,9100
FAB-W2869,EXPORT,CH03,6100
FAB-W2870,DOMESTIC,CH04,7100
FAB-W2871,EXPORT,CH01,9100
FAB-W2872,DOMESTIC,CH02,6100
FAB-W2873,EXPORT,CH03,7100
FAB-W2874,DOMESTIC,CH04,9100
FAB-W2875,EXPORT,CH01,6100
FAB-W2876,DOMESTIC,CH02,7100
FAB-W2877,EXPORT,CH03,9100
FAB-W2878,DOMESTIC,CH04,6100
FAB-W2879,EXPORT,CH01,7100
FAB-W2880,DOMESTIC,CH02,9100
FAB-W2881,EXPORT,CH03,6100
FAB-W2882,DOMESTIC,CH04,7100
FAB-W2883,EXPORT,CH01,9100
FAB-W2884,DOMESTIC,CH02,6100
FAB-W2885,EXPORT,CH03,7100
FAB-W2886,DOMESTIC,CH04,9100
FAB-W2887,EXPORT,CH01,6100
FAB-W2888,DOMESTIC,CH02,7100
FAB-W2889,EXPORT,CH03,9100
FAB-W2890,DOMESTIC,CH04,6100
FAB-W2891,EXPORT,CH01,7100
FAB-W2892,DOMESTIC,CH02,9100
FAB-W2893,EXPORT,CH03,6100
FAB-W2894,DOMESTIC,CH04,7100
FAB-W2895,EXPORT,CH01,9100
FAB-W2896,DOMESTIC,CH02,6100
FAB-W2897,EXPORT,CH03,7100
FAB-W2898,DOMESTIC,CH04,9100
FAB-W2899,EXPORT,CH01,6100
FAB-W2900,DOMESTIC,CH02,7100
FAB-W2901,EXPORT,CH03,9100
FAB-W2902,DOMESTIC,CH04,6100
FAB-W2903,EXPORT,CH01,7100
FAB-W2904,DOMESTIC,CH02,9100
FAB-W2905,EXPORT,CH03,6100
FAB-W2906,DOMESTIC,CH04,7100
FAB-W2907,EXPORT,CH01,9100
FAB-W2908,DOMESTIC,CH02,6100
FAB-W2909,EXPORT,CH03,7100
FAB-W2910,DOMESTIC,CH04,9100
FAB-W2911,EXPORT,CH01,6100
FAB-W2912,DOMESTIC,CH02,7100
FAB-W2913,EXPORT,CH03,9100
FAB-W2914,DOMESTIC,CH04,6100
FAB-W2915,EXPORT,CH01,7100
FAB-W2916,DOMESTIC,CH02,9100
FAB-W2917,EXPORT,CH03,6100
FAB-W2918,DOMESTIC,CH04,7100
FAB-W2919,EXPORT,CH01,9100
FAB-W2920,DOMESTIC,CH02,6100
FAB-W2921,EXPORT,CH03,7100
FAB-W2922,DOMESTIC,CH04,9100
FAB-W2923,EXPORT,CH01,6100
FAB-W2924,DOMESTIC,CH02,7100
FAB-W2925,EXPORT,CH03,9100
FAB-W2926,DOMESTIC,CH04,6100
FAB-W2927,EXPORT,CH01,7100
FAB-W2928,DOMESTIC,CH02,9100
FAB-W2929,EXPORT,CH03,6100
FAB-W2930,DOMESTIC,CH04,7100
FAB-W2931,EXPORT,CH01,9100
FAB-W2932,DOMESTIC,CH02,6100
FAB-W2933,EXPORT,CH03,7100
FAB-W2934,DOMESTIC,CH04,9100
FAB-W2935,EXPORT,CH01,6100
FAB-W2936,DOMESTIC,CH02,7100
FAB-W2937,EXPORT,CH03,9100
FAB-W2938,DOMESTIC,CH04,6100
FAB-W2939,EXPORT,CH01,7100
FAB-W2940,DOMESTIC,CH02,9100
FAB-W2941,EXPORT,CH03,6100
FAB-W2942,DOMESTIC,CH04,7100
FAB-W2943,EXPORT,CH01,9100
FAB-W2944,DOMESTIC,CH02,6100
FAB-W2945,EXPORT,CH03,7100
FAB-W2946,DOMESTIC,CH04,9100
FAB-W2947,EXPORT,CH01,6100
FAB-W2948,DOMESTIC,CH02,7100
FAB-W2949,EXPORT,CH03,9100
FAB-W2950,DOMESTIC,CH04,6100
FAB-W2951,EXPORT,CH01,7100
FAB-W2952,DOMESTIC,CH02,9100
FAB-W2953,EXPORT,CH03,6100
FAB-W2954,DOMESTIC,CH04,7100
FAB-W2955,EXPORT,CH01,9100
FAB-W2956,DOMESTIC,CH02,6100
FAB-W2957,EXPORT,CH03,7100
FAB-W2958,DOMESTIC,CH04,9100
FAB-W2959,EXPORT,CH01,6100
FAB-W2960,DOMESTIC,CH02,7100
FAB-W2961,EXPORT,CH03,9100
FAB-W2962,DOMESTIC,CH04,6100
FAB-W2963,EXPORT,CH01,7100
FAB-W2964,DOMESTIC,CH02,9100
FAB-W2965,EXPORT,CH03,6100
FAB-W2966,DOMESTIC,CH04,7100
FAB-W2967,EXPORT,CH01,9100
FAB-W2968,DOMESTIC,CH02,6100
FAB-W2969,EXPORT,CH03,7100
FAB-W2970,DOMESTIC,CH04,9100
FAB-W2971,EXPORT,CH01,6100
FAB-W2972,DOMESTIC,CH02,7100
FAB-W2973,EXPORT,CH03,9100
FAB-W2974,DOMESTIC,CH04,6100
FAB-W2975,EXPORT,CH01,7100
FAB-W2976,DOMESTIC,CH02,9100
FAB-W2977,EXPORT,CH03,6100
FAB-W2978,DOMESTIC,CH04,7100
FAB-W2979,EXPORT,CH01,9100
FAB-W2980,DOMESTIC,CH02,6100
FAB-W2981,EXPORT,CH03,7100
FAB-W2982,DOMESTIC,CH04,9100
FAB-W2983,EXPORT,CH01,6100
FAB-W2984,DOMESTIC,CH02,7100
FAB-W2985,EXPORT,CH03,9100
FAB-W2986,DOMESTIC,CH04,6100
FAB-W2987,EXPORT,CH01,7100
FAB-W2988,DOMESTIC,CH02,9100
FAB-W2989,EXPORT,CH03,6100
FAB-W2990,DOMESTIC,CH04,7100
FAB-W2991,EXPORT,CH01,9100
FAB-W2992,DOMESTIC,CH02,6100
FAB-W2993,EXPORT,CH03,7100
FAB-W2994,DOMESTIC,CH04,9100
FAB-W2995,EXPORT,CH01,6100
FAB-W2996,DOMESTIC,CH02,7100
FAB-W2997,EXPORT,CH03,9100
FAB-W2998,DOMESTIC,CH04,6100
FAB-W2999,EXPORT,CH01,7100
FAB-W3000,DOMESTIC,CH02,9100
FAB-W3001,EXPORT,CH03,6100
FAB-W3002,DOMESTIC,CH04,7100
FAB-W3003,EXPORT,CH01,9100
FAB-W3004,DOMESTIC,CH02,6100
FAB-W3005,EXPORT,CH03,7100
FAB-W3006,DOMESTIC,CH04,9100
FAB-W3007,EXPORT,CH01,6100
FAB-W3008,DOMESTIC,CH02,7100
FAB-W3009,EXPORT,CH03,9100
FAB-W3010,DOMESTIC,CH04,6100
FAB-W3011,EXPORT,CH01,7100
FAB-W3012,DOMESTIC,CH02,9100
FAB-W3013,EXPORT,CH03,6100
FAB-W3014,DOMESTIC,CH04,7100
FAB-W3015,EXPORT,CH01,9100
FAB-W3016,DOMESTIC,CH02,6100
FAB-W3017,EXPORT,CH03,7100
FAB-W3018,DOMESTIC,CH04,9100
FAB-W3019,EXPORT,CH01,6100
FAB-W3020,DOMESTIC,CH02,7100
FAB-W3021,EXPORT,CH03,9100
FAB-W3022,DOMESTIC,CH04,6100
FAB-W3023,EXPORT,CH01,7100
FAB-W3024,DOMESTIC,CH02,9100
FAB-W3025,EXPORT,CH03,6100
FAB-W3026,DOMESTIC,CH04,7100
FAB-W3027,EXPORT,CH01,9100
FAB-W3028,DOMESTIC,CH02,6100
FAB-W3029,EXPORT,CH03,7100
FAB-W3030,DOMESTIC,CH04,9100
FAB-W3031,EXPORT,CH01,6100
FAB-W3032,DOMESTIC,CH02,7100
FAB-W3033,EXPORT,CH03,9100
FAB-W3034,DOMESTIC,CH04,6100
FAB-W3035,EXPORT,CH01,7100
FAB-W3036,DOMESTIC,CH02,9100
FAB-W3037,EXPORT,CH03,6100
FAB-W3038,DOMESTIC,CH04,7100
FAB-W3039,EXPORT,CH01,9100
FAB-W3040,DOMESTIC,CH02,6100
FAB-W3041,EXPORT,CH03,7100
FAB-W3042,DOMESTIC,CH04,9100
FAB-W3043,EXPORT,CH01,6100
FAB-W3044,DOMESTIC,CH02,7100
FAB-W3045,EXPORT,CH03,9100
FAB-W3046,DOMESTIC,CH04,6100
FAB-W3047,EXPORT,CH01,7100
FAB-W3048,DOMESTIC,CH02,9100
FAB-W3049,EXPORT,CH03,6100
FAB-W3050,DOMESTIC,CH04,7100
FAB-W3051,EXPORT,CH01,9100
FAB-W3052,DOMESTIC,CH02,6100
FAB-W3053,EXPORT,CH03,7100
FAB-W3054,DOMESTIC,CH04,9100
FAB-W3055,EXPORT,CH01,6100
FAB-W3056,DOMESTIC,CH02,7100
FAB-W3057,EXPORT,CH03,9100
FAB-W3058,DOMESTIC,CH04,6100
FAB-W3059,EXPORT,CH01,7100
FAB-W3060,DOMESTIC,CH02,9100
FAB-W3061,EXPORT,CH03,6100
FAB-W3062,DOMESTIC,CH04,7100
FAB-W3063,EXPORT,CH01,9100
FAB-W3064,DOMESTIC,CH02,6100
FAB-W3065,EXPORT,CH03,7100
FAB-W3066,DOMESTIC,CH04,9100
FAB-W3067,EXPORT,CH01,6100
FAB-W3068,DOMESTIC,CH02,7100
FAB-W3069,EXPORT,CH03,9100
FAB-W3070,DOMESTIC,CH04,6100
FAB-W3071,EXPORT,CH01,7100
FAB-W3072,DOMESTIC,CH02,9100
FAB-W3073,EXPORT,CH03,6100
FAB-W3074,DOMESTIC,CH04,7100
FAB-W3075,EXPORT,CH01,9100
FAB-W3076,DOMESTIC,CH02,6100
FAB-W3077,EXPORT,CH03,7100
FAB-W3078,DOMESTIC,CH04,9100
FAB-W3079,EXPORT,CH01,6100
FAB-W3080,DOMESTIC,CH02,7100
FAB-W3081,EXPORT,CH03,9100
FAB-W3082,DOMESTIC,CH04,6100
FAB-W3083,EXPORT,CH01,7100
FAB-W3084,DOMESTIC,CH02,9100
FAB-W3085,EXPORT,CH03,6100
FAB-W3086,DOMESTIC,CH04,7100
FAB-W3087,EXPORT,CH01,9100
FAB-W3088,DOMESTIC,CH02,6100
FAB-W3089,EXPORT,CH03,7100
FAB-W3090,DOMESTIC,CH04,9100
FAB-W3091,EXPORT,CH01,6100
FAB-W3092,DOMESTIC,CH02,7100
FAB-W3093,EXPORT,CH03,9100
FAB-W3094,DOMESTIC,CH04,6100
FAB-W3095,EXPORT,CH01,7100
FAB-W3096,DOMESTIC,CH02,9100
FAB-W3097,EXPORT,CH03,6100
FAB-W3098,DOMESTIC,CH04,7100
FAB-W3099,EXPORT,CH01,9100
FAB-W3100,DOMESTIC,CH02,6100
FAB-W3101,EXPORT,CH03,7100
FAB-W3102,DOMESTIC,CH04,9100
FAB-W3103,EXPORT,CH01,6100
FAB-W3104,DOMESTIC,CH02,7100
FAB-W3105,EXPORT,CH03,9100
FAB-W3106,DOMESTIC,CH04,6100
FAB-W3107,EXPORT,CH01,7100
FAB-W3108,DOMESTIC,CH02,9100
FAB-W3109,EXPORT,CH03,6100
FAB-W3110,DOMESTIC,CH04,7100
FAB-W3111,EXPORT,CH01,9100
FAB-W3112,DOMESTIC,CH02,6100
FAB-W3113,EXPORT,CH03,7100
FAB-W3114,DOMESTIC,CH04,9100
FAB-W3115,EXPORT,CH01,6100
FAB-W3116,DOMESTIC,CH02,7100
FAB-W3117,EXPORT,CH03,9100
FAB-W3118,DOMESTIC,CH04,6100
FAB-W3119,EXPORT,CH01,7100
FAB-W3120,DOMESTIC,CH02,9100
FAB-W3121,EXPORT,CH03,6100
FAB-W3122,DOMESTIC,CH04,7100
FAB-W3123,EXPORT,CH01,9100
FAB-W3124,DOMESTIC,CH02,6100
FAB-W3125,EXPORT,CH03,7100
FAB-W3126,DOMESTIC,CH04,9100
FAB-W3127,EXPORT,CH01,6100
FAB-W3128,DOMESTIC,CH02,7100
FAB-W3129,EXPORT,CH03,9100
FAB-W3130,DOMESTIC,CH04,6100
FAB-W3131,EXPORT,CH01,7100
FAB-W3132,DOMESTIC,CH02,9100
FAB-W3133,EXPORT,CH03,6100
FAB-W3134,DOMESTIC,CH04,7100
FAB-W3135,EXPORT,CH01,9100
FAB-W3136,DOMESTIC,CH02,6100
FAB-W3137,EXPORT,CH03,7100
FAB-W3138,DOMESTIC,CH04,9100
FAB-W3139,EXPORT,CH01,6100
FAB-W3140,DOMESTIC,CH02,7100
FAB-W3141,EXPORT,CH03,9100
FAB-W3142,DOMESTIC,CH04,6100
FAB-W3143,EXPORT,CH01,7100
FAB-W3144,DOMESTIC,CH02,9100
FAB-W3145,EXPORT,CH03,6100
FAB-W3146,DOMESTIC,CH04,7100
FAB-W3147,EXPORT,CH01,9100
FAB-W3148,DOMESTIC,CH02,6100
FAB-W3149,EXPORT,CH03,7100
FAB-W3150,DOMESTIC,CH04,9100
FAB-W3151,EXPORT,CH01,6100
FAB-W3152,DOMESTIC,CH02,7100
FAB-W3153,EXPORT,CH03,9100
FAB-W3154,DOMESTIC,CH04,6100
FAB-W3155,EXPORT,CH01,7100
FAB-W3156,DOMESTIC,CH02,9100
FAB-W3157,EXPORT,CH03,6100
FAB-W3158,DOMESTIC,CH04,7100
FAB-W3159,EXPORT,CH01,9100
FAB-W3160,DOMESTIC,CH02,6100
FAB-W3161,EXPORT,CH03,7100
FAB-W3162,DOMESTIC,CH04,9100
FAB-W3163,EXPORT,CH01,6100
FAB-W3164,DOMESTIC,CH02,7100
FAB-W3165,EXPORT,CH03,9100
FAB-W3166,DOMESTIC,CH04,6100
FAB-W3167,EXPORT,CH01,7100
FAB-W3168,DOMESTIC,CH02,9100
FAB-W3169,EXPORT,CH03,6100
FAB-W3170,DOMESTIC,CH04,7100
FAB-W3171,EXPORT,CH01,9100
FAB-W3172,DOMESTIC,CH02,6100
FAB-W3173,EXPORT,CH03,7100
FAB-W3174,DOMESTIC,CH04,9100
FAB-W3175,EXPORT,CH01,6100
FAB-W3176,DOMESTIC,CH02,7100
FAB-W3177,EXPORT,CH03,9100
FAB-W3178,DOMESTIC,CH04,6100
FAB-W3179,EXPORT,CH01,7100
FAB-W3180,DOMESTIC,CH02,9100
FAB-W3181,EXPORT,CH03,6100
FAB-W3182,DOMESTIC,CH04,7100
FAB-W3183,EXPORT,CH01,9100
FAB-W3184,DOMESTIC,CH02,6100
FAB-W3185,EXPORT,CH03,7100
FAB-W3186,DOMESTIC,CH04,9100
FAB-W3187,EXPORT,CH01,6100
FAB-W3188,DOMESTIC,CH02,7100
FAB-W3189,EXPORT,CH03,9100
FAB-W3190,DOMESTIC,CH04,6100
FAB-W3191,EXPORT,CH01,7100
FAB-W3192,DOMESTIC,CH02,9100
FAB-W3193,EXPORT,CH03,6100
FAB-W3194,DOMESTIC,CH04,7100
FAB-W3195,EXPORT,CH01,9100
FAB-W3196,DOMESTIC,CH02,6100
FAB-W3197,EXPORT,CH03,7100
FAB-W3198,DOMESTIC,CH04,9100
FAB-W3199,EXPORT,CH01,6100
FAB-W3200,DOMESTIC,CH02,7100
FAB-W3201,EXPORT,CH03,9100
FAB-W3202,DOMESTIC,CH04,6100
FAB-W3203,EXPORT,CH01,7100
FAB-W3204,DOMESTIC,CH02,9100
FAB-W3205,EXPORT,CH03,6100
FAB-W3206,DOMESTIC,CH04,7100
FAB-W3207,EXPORT,CH01,9100
FAB-W3208,DOMESTIC,CH02,6100
FAB-W3209,EXPORT,CH03,7100
FAB-W3210,DOMESTIC,CH04,9100
FAB-W3211,EXPORT,CH01,6100
FAB-W3212,DOMESTIC,CH02,7100
FAB-W3213,EXPORT,CH03,9100
FAB-W3214,DOMESTIC,CH04,6100
FAB-W3215,EXPORT,CH01,7100
FAB-W3216,DOMESTIC,CH02,9100
FAB-W3217,EXPORT,CH03,6100
FAB-W3218,DOMESTIC,CH04,7100
FAB-W3219,EXPORT,CH01,9100
FAB-W3220,DOMESTIC,CH02,6100
FAB-W3221,EXPORT,CH03,7100
FAB-W3222,DOMESTIC,CH04,9100
FAB-W3223,EXPORT,CH01,6100
FAB-W3224,DOMESTIC,CH02,7100
FAB-W3225,EXPORT,CH03,9100
FAB-W3226,DOMESTIC,CH04,6100
FAB-W3227,EXPORT,CH01,7100
FAB-W3228,DOMESTIC,CH02,9100
FAB-W3229,EXPORT,CH03,6100
FAB-W3230,DOMESTIC,CH04,7100
FAB-W3231,EXPORT,CH01,9100
FAB-W3232,DOMESTIC,CH02,6100
FAB-W3233,EXPORT,CH03,7100
FAB-W3234,DOMESTIC,CH04,9100
FAB-W3235,EXPORT,CH01,6100
FAB-W3236,DOMESTIC,CH02,7100
FAB-W3237,EXPORT,CH03,9100
FAB-W3238,DOMESTIC,CH04,6100
FAB-W3239,EXPORT,CH01,7100
FAB-W3240,DOMESTIC,CH02,9100
FAB-W3241,EXPORT,CH03,6100
FAB-W3242,DOMESTIC,CH04,7100
FAB-W3243,EXPORT,CH01,9100
FAB-W3244,DOMESTIC,CH02,6100
FAB-W3245,EXPORT,CH03,7100
FAB-W3246,DOMESTIC,CH04,9100
FAB-W3247,EXPORT,CH01,6100
FAB-W3248,DOMESTIC,CH02,7100
FAB-W3249,EXPORT,CH03,9100
FAB-W3250,DOMESTIC,CH04,6100
FAB-W3251,EXPORT,CH01,7100
FAB-W3252,DOMESTIC,CH02,9100
FAB-W3253,EXPORT,CH03,6100
FAB-W3254,DOMESTIC,CH04,7100
FAB-W3255,EXPORT,CH01,9100
FAB-W3256,DOMESTIC,CH02,6100
FAB-W3257,EXPORT,CH03,7100
FAB-W3258,DOMESTIC,CH04,9100
FAB-W3259,EXPORT,CH01,6100
FAB-W3260,DOMESTIC,CH02,7100
FAB-W3261,EXPORT,CH03,9100
FAB-W3262,DOMESTIC,CH04,6100
FAB-W3263,EXPORT,CH01,7100
FAB-W3264,DOMESTIC,CH02,9100
FAB-W3265,EXPORT,CH03,6100
FAB-W3266,DOMESTIC,CH04,7100
FAB-W3267,EXPORT,CH01,9100
FAB-W3268,DOMESTIC,CH02,6100
FAB-W3269,EXPORT,CH03,7100
FAB-W3270,DOMESTIC,CH04,9100
FAB-W3271,EXPORT,CH01,6100
FAB-W3272,DOMESTIC,CH02,7100
FAB-W3273,EXPORT,CH03,9100
FAB-W3274,DOMESTIC,CH04,6100
FAB-W3275,EXPORT,CH01,7100
FAB-W3276,DOMESTIC,CH02,9100
FAB-W3277,EXPORT,CH03,6100
FAB-W3278,DOMESTIC,CH04,7100
FAB-W3279,EXPORT,CH01,9100
FAB-W3280,DOMESTIC,CH02,6100
FAB-W3281,EXPORT,CH03,7100
FAB-W3282,DOMESTIC,CH04,9100
FAB-W3283,EXPORT,CH01,6100
FAB-W3284,DOMESTIC,CH02,7100
FAB-W3285,EXPORT,CH03,9100
FAB-W3286,DOMESTIC,CH04,6100
FAB-W3287,EXPORT,CH01,7100
FAB-W3288,DOMESTIC,CH02,9100
FAB-W3289,EXPORT,CH03,6100
FAB-W3290,DOMESTIC,CH04,7100
FAB-W3291,EXPORT,CH01,9100
FAB-W3292,DOMESTIC,CH02,6100
FAB-W3293,EXPORT,CH03,7100
FAB-W3294,DOMESTIC,CH04,9100
FAB-W3295,EXPORT,CH01,6100
FAB-W3296,DOMESTIC,CH02,7100
FAB-W3297,EXPORT,CH03,9100
FAB-W3298,DOMESTIC,CH04,6100
FAB-W3299,EXPORT,CH01,7100
FAB-W3300,DOMESTIC,CH02,9100
FAB-W3301,EXPORT,CH03,6100
FAB-W3302,DOMESTIC,CH04,7100
FAB-W3303,EXPORT,CH01,9100
FAB-W3304,DOMESTIC,CH02,6100
FAB-W3305,EXPORT,CH03,7100
FAB-W3306,DOMESTIC,CH04,9100
FAB-W3307,EXPORT,CH01,6100
FAB-W3308,DOMESTIC,CH02,7100
FAB-W3309,EXPORT,CH03,9100
FAB-W3310,DOMESTIC,CH04,6100
FAB-W3311,EXPORT,CH01,7100
FAB-W3312,DOMESTIC,CH02,9100
FAB-W3313,EXPORT,CH03,6100
FAB-W3314,DOMESTIC,CH04,7100
FAB-W3315,EXPORT,CH01,9100
FAB-W3316,DOMESTIC,CH02,6100
FAB-W3317,EXPORT,CH03,7100
FAB-W3318,DOMESTIC,CH04,9100
FAB-W3319,EXPORT,CH01,6100
FAB-W3320,DOMESTIC,CH02,7100
FAB-W3321,EXPORT,CH03,9100
FAB-W3322,DOMESTIC,CH04,6100
FAB-W3323,EXPORT,CH01,7100
FAB-W3324,DOMESTIC,CH02,9100
FAB-W3325,EXPORT,CH03,6100
FAB-W3326,DOMESTIC,CH04,7100
FAB-W3327,EXPORT,CH01,9100
FAB-W3328,DOMESTIC,CH02,6100
FAB-W3329,EXPORT,CH03,7100
FAB-W3330,DOMESTIC,CH04,9100
FAB-W3331,EXPORT,CH01,6100
FAB-W3332,DOMESTIC,CH02,7100
FAB-W3333,EXPORT,CH03,9100
FAB-W3334,DOMESTIC,CH04,6100
FAB-W3335,EXPORT,CH01,7100
FAB-W3336,DOMESTIC,CH02,9100
FAB-W3337,EXPORT,CH03,6100
FAB-W3338,DOMESTIC,CH04,7100
FAB-W3339,EXPORT,CH01,9100
FAB-W3340,DOMESTIC,CH02,6100
FAB-W3341,EXPORT,CH03,7100
FAB-W3342,DOMESTIC,CH04,9100
FAB-W3343,EXPORT,CH01,6100
FAB-W3344,DOMESTIC,CH02,7100
FAB-W3345,EXPORT,CH03,9100
FAB-W3346,DOMESTIC,CH04,6100
FAB-W3347,EXPORT,CH01,7100
FAB-W3348,DOMESTIC,CH02,9100
FAB-W3349,EXPORT,CH03,6100
FAB-W3350,DOMESTIC,CH04,7100
FAB-W3351,EXPORT,CH01,9100
FAB-W3352,DOMESTIC,CH02,6100
FAB-W3353,EXPORT,CH03,7100
FAB-W3354,DOMESTIC,CH04,9100
FAB-W3355,EXPORT,CH01,6100
FAB-W3356,DOMESTIC,CH02,7100
FAB-W3357,EXPORT,CH03,9100
FAB-W3358,DOMESTIC,CH04,6100
FAB-W3359,EXPORT,CH01,7100
FAB-W3360,DOMESTIC,CH02,9100
FAB-W3361,EXPORT,CH03,6100
FAB-W3362,DOMESTIC,CH04,7100
FAB-W3363,EXPORT,CH01,9100
FAB-W3364,DOMESTIC,CH02,6100
FAB-W3365,EXPORT,CH03,7100
FAB-W3366,DOMESTIC,CH04,9100
FAB-W3367,EXPORT,CH01,6100
FAB-W3368,DOMESTIC,CH02,7100
FAB-W3369,EXPORT,CH03,9100
FAB-W3370,DOMESTIC,CH04,6100
FAB-W3371,EXPORT,CH01,7100
FAB-W3372,DOMESTIC,CH02,9100
FAB-W3373,EXPORT,CH03,6100
FAB-W3374,DOMESTIC,CH04,7100
FAB-W3375,EXPORT,CH01,9100
FAB-W3376,DOMESTIC,CH02,6100
FAB-W3377,EXPORT,CH03,7100
FAB-W3378,DOMESTIC,CH04,9100
FAB-W3379,EXPORT,CH01,6100
FAB-W3380,DOMESTIC,CH02,7100
FAB-W3381,EXPORT,CH03,9100
FAB-W3382,DOMESTIC,CH04,6100
FAB-W3383,EXPORT,CH01,7100
FAB-W3384,DOMESTIC,CH02,9100
FAB-W3385,EXPORT,CH03,6100
FAB-W3386,DOMESTIC,CH04,7100
FAB-W3387,EXPORT,CH01,9100
FAB-W3388,DOMESTIC,CH02,6100
FAB-W3389,EXPORT,CH03,7100
FAB-W3390,DOMESTIC,CH04,9100
FAB-W3391,EXPORT,CH01,6100
FAB-W3392,DOMESTIC,CH02,7100
FAB-W3393,EXPORT,CH03,9100
FAB-W3394,DOMESTIC,CH04,6100
FAB-W3395,EXPORT,CH01,7100
FAB-W3396,DOMESTIC,CH02,9100
FAB-W3397,EXPORT,CH03,6100
FAB-W3398,DOMESTIC,CH04,7100
FAB-W3399,EXPORT,CH01,9100
FAB-W3400,DOMESTIC,CH02,6100
FAB-W3401,EXPORT,CH03,7100
FAB-W3402,DOMESTIC,CH04,9100
FAB-W3403,EXPORT,CH01,6100
FAB-W3404,DOMESTIC,CH02,7100
FAB-W3405,EXPORT,CH03,9100
FAB-W3406,DOMESTIC,CH04,6100
FAB-W3407,EXPORT,CH01,7100
FAB-W3408,DOMESTIC,CH02,9100
FAB-W3409,EXPORT,CH03,6100
FAB-W3410,DOMESTIC,CH04,7100
FAB-W3411,EXPORT,CH01,9100
FAB-W3412,DOMESTIC,CH02,6100
FAB-W3413,EXPORT,CH03,7100
FAB-W3414,DOMESTIC,CH04,9100
FAB-W3415,EXPORT,CH01,6100
FAB-W3416,DOMESTIC,CH02,7100
FAB-W3417,EXPORT,CH03,9100
FAB-W3418,DOMESTIC,CH04,6100
FAB-W3419,EXPORT,CH01,7100
FAB-W3420,DOMESTIC,CH02,9100
FAB-W3421,EXPORT,CH03,6100
FAB-W3422,DOMESTIC,CH04,7100
FAB-W3423,EXPORT,CH01,9100
FAB-W3424,DOMESTIC,CH02,6100
FAB-W3425,EXPORT,CH03,7100
FAB-W3426,DOMESTIC,CH04,9100
FAB-W3427,EXPORT,CH01,6100
FAB-W3428,DOMESTIC,CH02,7100
FAB-W3429,EXPORT,CH03,9100
FAB-W3430,DOMESTIC,CH04,6100
FAB-W3431,EXPORT,CH01,7100
FAB-W3432,DOMESTIC,CH02,9100
FAB-W3433,EXPORT,CH03,6100
FAB-W3434,DOMESTIC,CH04,7100
FAB-W3435,EXPORT,CH01,9100
FAB-W3436,DOMESTIC,CH02,6100
FAB-W3437,EXPORT,CH03,7100
FAB-W3438,DOMESTIC,CH04,9100
FAB-W3439,EXPORT,CH01,6100
FAB-W3440,DOMESTIC,CH02,7100
FAB-W3441,EXPORT,CH03,9100
FAB-W3442,DOMESTIC,CH04,6100
FAB-W3443,EXPORT,CH01,7100
FAB-W3444,DOMESTIC,CH02,9100
FAB-W3445,EXPORT,CH03,6100
FAB-W3446,DOMESTIC,CH04,7100
FAB-W3447,EXPORT,CH01,9100
FAB-W3448,DOMESTIC,CH02,6100
FAB-W3449,EXPORT,CH03,7100
FAB-W3450,DOMESTIC,CH04,9100
FAB-W3451,EXPORT,CH01,6100
FAB-W3452,DOMESTIC,CH02,7100
FAB-W3453,EXPORT,CH03,9100
FAB-W3454,DOMESTIC,CH04,6100
FAB-W3455,EXPORT,CH01,7100
FAB-W3456,DOMESTIC,CH02,9100
FAB-W3457,EXPORT,CH03,6100
FAB-W3458,DOMESTIC,CH04,7100
FAB-W3459,EXPORT,CH01,9100
FAB-W3460,DOMESTIC,CH02,6100
FAB-W3461,EXPORT,CH03,7100
FAB-W3462,DOMESTIC,CH04,9100
FAB-W3463,EXPORT,CH01,6100
FAB-W3464,DOMESTIC,CH02,7100
FAB-W3465,EXPORT,CH03,9100
FAB-W3466,DOMESTIC,CH04,6100
FAB-W3467,EXPORT,CH01,7100
FAB-W3468,DOMESTIC,CH02,9100
FAB-W3469,EXPORT,CH03,6100
FAB-W3470,DOMESTIC,CH04,7100
FAB-W3471,EXPORT,CH01,9100
FAB-W3472,DOMESTIC,CH02,6100
FAB-W3473,EXPORT,CH03,7100
FAB-W3474,DOMESTIC,CH04,9100
FAB-W3475,EXPORT,CH01,6100
FAB-W3476,DOMESTIC,CH02,7100
FAB-W3477,EXPORT,CH03,9100
FAB-W3478,DOMESTIC,CH04,6100
FAB-W3479,EXPORT,CH01,7100
FAB-W3480,DOMESTIC,CH02,9100
FAB-W3481,EXPORT,CH03,6100
FAB-W3482,DOMESTIC,CH04,7100
FAB-W3483,EXPORT,CH01,9100
FAB-W3484,DOMESTIC,CH02,6100
FAB-W3485,EXPORT,CH03,7100
FAB-W3486,DOMESTIC,CH04,9100
FAB-W3487,EXPORT,CH01,6100
FAB-W3488,DOMESTIC,CH02,7100
FAB-W3489,EXPORT,CH03,9100
FAB-W3490,DOMESTIC,CH04,6100
FAB-W3491,EXPORT,CH01,7100
FAB-W3492,DOMESTIC,CH02,9100
FAB-W3493,EXPORT,CH03,6100
FAB-W3494,DOMESTIC,CH04,7100
FAB-W3495,EXPORT,CH01,9100
FAB-W3496,DOMESTIC,CH02,6100
FAB-W3497,EXPORT,CH03,7100
FAB-W3498,DOMESTIC,CH04,9100
FAB-W3499,EXPORT,CH01,6100
FAB-W3500,DOMESTIC,CH02,7100
FAB-W3501,EXPORT,CH03,9100
FAB-W3502,DOMESTIC,CH04,6100
FAB-W3503,EXPORT,CH01,7100
FAB-W3504,DOMESTIC,CH02,9100
FAB-W3505,EXPORT,CH03,6100
FAB-W3506,DOMESTIC,CH04,7100
FAB-W3507,EXPORT,CH01,9100
FAB-W3508,DOMESTIC,CH02,6100
FAB-W3509,EXPORT,CH03,7100
FAB-W3510,DOMESTIC,CH04,9100
FAB-W3511,EXPORT,CH01,6100
FAB-W3512,DOMESTIC,CH02,7100
FAB-W3513,EXPORT,CH03,9100
FAB-W3514,DOMESTIC,CH04,6100
FAB-W3515,EXPORT,CH01,7100
FAB-W3516,DOMESTIC,CH02,9100
FAB-W3517,EXPORT,CH03,6100
FAB-W3518,DOMESTIC,CH04,7100
FAB-W3519,EXPORT,CH01,9100
FAB-W3520,DOMESTIC,CH02,6100
FAB-W3521,EXPORT,CH03,7100
FAB-W3522,DOMESTIC,CH04,9100
FAB-W3523,EXPORT,CH01,6100
FAB-W3524,DOMESTIC,CH02,7100
FAB-W3525,EXPORT,CH03,9100
FAB-W3526,DOMESTIC,CH04,6100
FAB-W3527,EXPORT,CH01,7100
FAB-W3528,DOMESTIC,CH02,9100
FAB-W3529,EXPORT,CH03,6100
FAB-W3530,DOMESTIC,CH04,7100
FAB-W3531,EXPORT,CH01,9100
FAB-W3532,DOMESTIC,CH02,6100
FAB-W3533,EXPORT,CH03,7100
FAB-W3534,DOMESTIC,CH04,9100
FAB-W3535,EXPORT,CH01,6100
FAB-W3536,DOMESTIC,CH02,7100
FAB-W3537,EXPORT,CH03,9100
FAB-W3538,DOMESTIC,CH04,6100
FAB-W3539,EXPORT,CH01,7100
FAB-W3540,DOMESTIC,CH02,9100
FAB-W3541,EXPORT,CH03,6100
FAB-W3542,DOMESTIC,CH04,7100
FAB-W3543,EXPORT,CH01,9100
FAB-W3544,DOMESTIC,CH02,6100
FAB-W3545,EXPORT,CH03,7100
FAB-W3546,DOMESTIC,CH04,9100
FAB-W3547,EXPORT,CH01,6100
FAB-W3548,DOMESTIC,CH02,7100
FAB-W3549,EXPORT,CH03,9100
FAB-W3550,DOMESTIC,CH04,6100
FAB-W3551,EXPORT,CH01,7100
FAB-W3552,DOMESTIC,CH02,9100
FAB-W3553,EXPORT,CH03,6100
FAB-W3554,DOMESTIC,CH04,7100
FAB-W3555,EXPORT,CH01,9100
FAB-W3556,DOMESTIC,CH02,6100
FAB-W3557,EXPORT,CH03,7100
FAB-W3558,DOMESTIC,CH04,9100
FAB-W3559,EXPORT,CH01,6100
FAB-W3560,DOMESTIC,CH02,7100
FAB-W3561,EXPORT,CH03,9100
FAB-W3562,DOMESTIC,CH04,6100
FAB-W3563,EXPORT,CH01,7100
FAB-W3564,DOMESTIC,CH02,9100
FAB-W3565,EXPORT,CH03,6100
FAB-W3566,DOMESTIC,CH04,7100
FAB-W3567,EXPORT,CH01,9100
FAB-W3568,DOMESTIC,CH02,6100
FAB-W3569,EXPORT,CH03,7100
FAB-W3570,DOMESTIC,CH04,9100
FAB-W3571,EXPORT,CH01,6100
FAB-W3572,DOMESTIC,CH02,7100
FAB-W3573,EXPORT,CH03,9100
FAB-W3574,DOMESTIC,CH04,6100
FAB-W3575,EXPORT,CH01,7100
FAB-W3576,DOMESTIC,CH02,9100
FAB-W3577,EXPORT,CH03,6100
FAB-W3578,DOMESTIC,CH04,7100
FAB-W3579,EXPORT,CH01,9100
FAB-W3580,DOMESTIC,CH02,6100
FAB-W3581,EXPORT,CH03,7100
FAB-W3582,DOMESTIC,CH04,9100
FAB-W3583,EXPORT,CH01,6100
FAB-W3584,DOMESTIC,CH02,7100
FAB-W3585,EXPORT,CH03,9100
FAB-W3586,DOMESTIC,CH04,6100
FAB-W3587,EXPORT,CH01,7100
FAB-W3588,DOMESTIC,CH02,9100
FAB-W3589,EXPORT,CH03,6100
FAB-W3590,DOMESTIC,CH04,7100
FAB-W3591,EXPORT,CH01,9100
FAB-W3592,DOMESTIC,CH02,6100
FAB-W3593,EXPORT,CH03,7100
FAB-W3594,DOMESTIC,CH04,9100
FAB-W3595,EXPORT,CH01,6100
FAB-W3596,DOMESTIC,CH02,7100
FAB-W3597,EXPORT,CH03,9100
FAB-W3598,DOMESTIC,CH04,6100
FAB-W3599,EXPORT,CH01,7100
FAB-W3600,DOMESTIC,CH02,9100
FAB-W3601,EXPORT,CH03,6100
FAB-W3602,DOMESTIC,CH04,7100
FAB-W3603,EXPORT,CH01,9100
FAB-W3604,DOMESTIC,CH02,6100
FAB-W3605,EXPORT,CH03,7100
FAB-W3606,DOMESTIC,CH04,9100
FAB-W3607,EXPORT,CH01,6100
FAB-W3608,DOMESTIC,CH02,7100
FAB-W3609,EXPORT,CH03,9100
FAB-W3610,DOMESTIC,CH04,6100
FAB-W3611,EXPORT,CH01,7100
FAB-W3612,DOMESTIC,CH02,9100
FAB-W3613,EXPORT,CH03,6100
FAB-W3614,DOMESTIC,CH04,7100
FAB-W3615,EXPORT,CH01,9100
FAB-W3616,DOMESTIC,CH02,6100
FAB-W3617,EXPORT,CH03,7100
FAB-W3618,DOMESTIC,CH04,9100
FAB-W3619,EXPORT,CH01,6100
FAB-W3620,DOMESTIC,CH02,7100
FAB-W3621,EXPORT,CH03,9100
FAB-W3622,DOMESTIC,CH04,6100
FAB-W3623,EXPORT,CH01,7100
FAB-W3624,DOMESTIC,CH02,9100
FAB-W3625,EXPORT,CH03,6100
FAB-W3626,DOMESTIC,CH04,7100
FAB-W3627,EXPORT,CH01,9100
FAB-W3628,DOMESTIC,CH02,6100
FAB-W3629,EXPORT,CH03,7100
FAB-W3630,DOMESTIC,CH04,9100
FAB-W3631,EXPORT,CH01,6100
FAB-W3632,DOMESTIC,CH02,7100
FAB-W3633,EXPORT,CH03,9100
FAB-W3634,DOMESTIC,CH04,6100
FAB-W3635,EXPORT,CH01,7100
FAB-W3636,DOMESTIC,CH02,9100
FAB-W3637,EXPORT,CH03,6100
FAB-W3638,DOMESTIC,CH04,7100
FAB-W3639,EXPORT,CH01,9100
FAB-W3640,DOMESTIC,CH02,6100
FAB-W3641,EXPORT,CH03,7100
FAB-W3642,DOMESTIC,CH04,9100
FAB-W3643,EXPORT,CH01,6100
FAB-W3644,DOMESTIC,CH02,7100
FAB-W3645,EXPORT,CH03,9100
FAB-W3646,DOMESTIC,CH04,6100
FAB-W3647,EXPORT,CH01,7100
FAB-W3648,DOMESTIC,CH02,9100
FAB-W3649,EXPORT,CH03,6100
FAB-W3650,DOMESTIC,CH04,7100
FAB-W3651,EXPORT,CH01,9100
FAB-W3652,DOMESTIC,CH02,6100
FAB-W3653,EXPORT,CH03,7100
FAB-W3654,DOMESTIC,CH04,9100
FAB-W3655,EXPORT,CH01,6100
FAB-W3656,DOMESTIC,CH02,7100
FAB-W3657,EXPORT,CH03,9100
FAB-W3658,DOMESTIC,CH04,6100
FAB-W3659,EXPORT,CH01,7100
FAB-W3660,DOMESTIC,CH02,9100
FAB-W3661,EXPORT,CH03,6100
FAB-W3662,DOMESTIC,CH04,7100
FAB-W3663,EXPORT,CH01,9100
FAB-W3664,DOMESTIC,CH02,6100
FAB-W3665,EXPORT,CH03,7100
FAB-W3666,DOMESTIC,CH04,9100
FAB-W3667,EXPORT,CH01,6100
FAB-W3668,DOMESTIC,CH02,7100
FAB-W3669,EXPORT,CH03,9100
FAB-W3670,DOMESTIC,CH04,6100
FAB-W3671,EXPORT,CH01,7100
FAB-W3672,DOMESTIC,CH02,9100
FAB-W3673,EXPORT,CH03,6100
FAB-W3674,DOMESTIC,CH04,7100
FAB-W3675,EXPORT,CH01,9100
FAB-W3676,DOMESTIC,CH02,6100
FAB-W3677,EXPORT,CH03,7100
FAB-W3678,DOMESTIC,CH04,9100
FAB-W3679,EXPORT,CH01,6100
FAB-W3680,DOMESTIC,CH02,7100
FAB-W3681,EXPORT,CH03,9100
FAB-W3682,DOMESTIC,CH04,6100
FAB-W3683,EXPORT,CH01,7100
FAB-W3684,DOMESTIC,CH02,9100
FAB-W3685,EXPORT,CH03,6100
FAB-W3686,DOMESTIC,CH04,7100
FAB-W3687,EXPORT,CH01,9100
FAB-W3688,DOMESTIC,CH02,6100
FAB-W3689,EXPORT,CH03,7100
FAB-W3690,DOMESTIC,CH04,9100
FAB-W3691,EXPORT,CH01,6100
FAB-W3692,DOMESTIC,CH02,7100
FAB-W3693,EXPORT,CH03,9100
FAB-W3694,DOMESTIC,CH04,6100
FAB-W3695,EXPORT,CH01,7100
FAB-W3696,DOMESTIC,CH02,9100
FAB-W3697,EXPORT,CH03,6100
FAB-W3698,DOMESTIC,CH04,7100
FAB-W3699,EXPORT,CH01,9100
FAB-W3700,DOMESTIC,CH02,6100
FAB-W3701,EXPORT,CH03,7100
FAB-W3702,DOMESTIC,CH04,9100
FAB-W3703,EXPORT,CH01,6100
FAB-W3704,DOMESTIC,CH02,7100
FAB-W3705,EXPORT,CH03,9100
FAB-W3706,DOMESTIC,CH04,6100
FAB-W3707,EXPORT,CH01,7100
FAB-W3708,DOMESTIC,CH02,9100
FAB-W3709,EXPORT,CH03,6100
FAB-W3710,DOMESTIC,CH04,7100
FAB-W3711,EXPORT,CH01,9100
FAB-W3712,DOMESTIC,CH02,6100
FAB-W3713,EXPORT,CH03,7100
FAB-W3714,DOMESTIC,CH04,9100
FAB-W3715,EXPORT,CH01,6100
FAB-W3716,DOMESTIC,CH02,7100
FAB-W3717,EXPORT,CH03,9100
FAB-W3718,DOMESTIC,CH04,6100
FAB-W3719,EXPORT,CH01,7100
FAB-W3720,DOMESTIC,CH02,9100
FAB-W3721,EXPORT,CH03,6100
FAB-W3722,DOMESTIC,CH04,7100
FAB-W3723,EXPORT,CH01,9100
FAB-W3724,DOMESTIC,CH02,6100
FAB-W3725,EXPORT,CH03,7100
FAB-W3726,DOMESTIC,CH04,9100
FAB-W3727,EXPORT,CH01,6100
FAB-W3728,DOMESTIC,CH02,7100
FAB-W3729,EXPORT,CH03,9100
FAB-W3730,DOMESTIC,CH04,6100
FAB-W3731,EXPORT,CH01,7100
FAB-W3732,DOMESTIC,CH02,9100
FAB-W3733,EXPORT,CH03,6100
FAB-W3734,DOMESTIC,CH04,7100
FAB-W3735,EXPORT,CH01,9100
FAB-W3736,DOMESTIC,CH02,6100
FAB-W3737,EXPORT,CH03,7100
FAB-W3738,DOMESTIC,CH04,9100
FAB-W3739,EXPORT,CH01,6100
FAB-W3740,DOMESTIC,CH02,7100
FAB-W3741,EXPORT,CH03,9100
FAB-W3742,DOMESTIC,CH04,6100
FAB-W3743,EXPORT,CH01,7100
FAB-W3744,DOMESTIC,CH02,9100
FAB-W3745,EXPORT,CH03,6100
FAB-W3746,DOMESTIC,CH04,7100
FAB-W3747,EXPORT,CH01,9100
FAB-W3748,DOMESTIC,CH02,6100
FAB-W3749,EXPORT,CH03,7100
FAB-W3750,DOMESTIC,CH04,9100
FAB-W3751,EXPORT,CH01,6100
FAB-W3752,DOMESTIC,CH02,7100
FAB-W3753,EXPORT,CH03,9100
FAB-W3754,DOMESTIC,CH04,6100
FAB-W3755,EXPORT,CH01,7100
FAB-W3756,DOMESTIC,CH02,9100
FAB-W3757,EXPORT,CH03,6100
FAB-W3758,DOMESTIC,CH04,7100
FAB-W3759,EXPORT,CH01,9100
FAB-W3760,DOMESTIC,CH02,6100
FAB-W3761,EXPORT,CH03,7100
FAB-W3762,DOMESTIC,CH04,9100
FAB-W3763,EXPORT,CH01,6100
FAB-W3764,DOMESTIC,CH02,7100
FAB-W3765,EXPORT,CH03,9100
FAB-W3766,DOMESTIC,CH04,6100
FAB-W3767,EXPORT,CH01,7100
FAB-W3768,DOMESTIC,CH02,9100
FAB-W3769,EXPORT,CH03,6100
FAB-W3770,DOMESTIC,CH04,7100
FAB-W3771,EXPORT,CH01,9100
FAB-W3772,DOMESTIC,CH02,6100
FAB-W3773,EXPORT,CH03,7100
FAB-W3774,DOMESTIC,CH04,9100
FAB-W3775,EXPORT,CH01,6100
FAB-W3776,DOMESTIC,CH02,7100
FAB-W3777,EXPORT,CH03,9100
FAB-W3778,DOMESTIC,CH04,6100
FAB-W3779,EXPORT,CH01,7100
FAB-W3780,DOMESTIC,CH02,9100
FAB-W3781,EXPORT,CH03,6100
FAB-W3782,DOMESTIC,CH04,7100
FAB-W3783,EXPORT,CH01,9100
FAB-W3784,DOMESTIC,CH02,6100
FAB-W3785,EXPORT,CH03,7100
FAB-W3786,DOMESTIC,CH04,9100
FAB-W3787,EXPORT,CH01,6100
FAB-W3788,DOMESTIC,CH02,7100
FAB-W3789,EXPORT,CH03,9100
FAB-W3790,DOMESTIC,CH04,6100
FAB-W3791,EXPORT,CH01,7100
FAB-W3792,DOMESTIC,CH02,9100
FAB-W3793,EXPORT,CH03,6100
FAB-W3794,DOMESTIC,CH04,7100
FAB-W3795,EXPORT,CH01,9100
FAB-W3796,DOMESTIC,CH02,6100
FAB-W3797,EXPORT,CH03,7100
FAB-W3798,DOMESTIC,CH04,9100
FAB-W3799,EXPORT,CH01,6100
FAB-W3800,DOMESTIC,CH02,7100
FAB-W3801,EXPORT,CH03,9100
FAB-W3802,DOMESTIC,CH04,6100
FAB-W3803,EXPORT,CH01,7100
FAB-W3804,DOMESTIC,CH02,9100
FAB-W3805,EXPORT,CH03,6100
FAB-W3806,DOMESTIC,CH04,7100
FAB-W3807,EXPORT,CH01,9100
FAB-W3808,DOMESTIC,CH02,6100
FAB-W3809,EXPORT,CH03,7100
FAB-W3810,DOMESTIC,CH04,9100
FAB-W3811,EXPORT,CH01,6100
FAB-W3812,DOMESTIC,CH02,7100
FAB-W3813,EXPORT,CH03,9100
FAB-W3814,DOMESTIC,CH04,6100
FAB-W3815,EXPORT,CH01,7100
FAB-W3816,DOMESTIC,CH02,9100
FAB-W3817,EXPORT,CH03,6100
FAB-W3818,DOMESTIC,CH04,7100
FAB-W3819,EXPORT,CH01,9100
FAB-W3820,DOMESTIC,CH02,6100
FAB-W3821,EXPORT,CH03,7100
FAB-W3822,DOMESTIC,CH04,9100
FAB-W3823,EXPORT,CH01,6100
FAB-W3824,DOMESTIC,CH02,7100
FAB-W3825,EXPORT,CH03,9100
FAB-W3826,DOMESTIC,CH04,6100
FAB-W3827,EXPORT,CH01,7100
FAB-W3828,DOMESTIC,CH02,9100
FAB-W3829,EXPORT,CH03,6100
FAB-W3830,DOMESTIC,CH04,7100
FAB-W3831,EXPORT,CH01,9100
FAB-W3832,DOMESTIC,CH02,6100
FAB-W3833,EXPORT,CH03,7100
FAB-W3834,DOMESTIC,CH04,9100
FAB-W3835,EXPORT,CH01,6100
FAB-W3836,DOMESTIC,CH02,7100
FAB-W3837,EXPORT,CH03,9100
FAB-W3838,DOMESTIC,CH04,6100
FAB-W3839,EXPORT,CH01,7100
FAB-W3840,DOMESTIC,CH02,9100
FAB-W3841,EXPORT,CH03,6100
FAB-W3842,DOMESTIC,CH04,7100
FAB-W3843,EXPORT,CH01,9100
FAB-W3844,DOMESTIC,CH02,6100
FAB-W3845,EXPORT,CH03,7100
FAB-W3846,DOMESTIC,CH04,9100
FAB-W3847,EXPORT,CH01,6100
FAB-W3848,DOMESTIC,CH02,7100
FAB-W3849,EXPORT,CH03,9100
FAB-W3850,DOMESTIC,CH04,6100
FAB-W3851,EXPORT,CH01,7100
FAB-W3852,DOMESTIC,CH02,9100
FAB-W3853,EXPORT,CH03,6100
FAB-W3854,DOMESTIC,CH04,7100
FAB-W3855,EXPORT,CH01,9100
FAB-W3856,DOMESTIC,CH02,6100
FAB-W3857,EXPORT,CH03,7100
FAB-W3858,DOMESTIC,CH04,9100
FAB-W3859,EXPORT,CH01,6100
FAB-W3860,DOMESTIC,CH02,7100
FAB-W3861,EXPORT,CH03,9100
FAB-W3862,DOMESTIC,CH04,6100
FAB-W3863,EXPORT,CH01,7100
FAB-W3864,DOMESTIC,CH02,9100
FAB-W3865,EXPORT,CH03,6100
FAB-W3866,DOMESTIC,CH04,7100
FAB-W3867,EXPORT,CH01,9100
FAB-W3868,DOMESTIC,CH02,6100
FAB-W3869,EXPORT,CH03,7100
FAB-W3870,DOMESTIC,CH04,9100
FAB-W3871,EXPORT,CH01,6100
FAB-W3872,DOMESTIC,CH02,7100
FAB-W3873,EXPORT,CH03,9100
FAB-W3874,DOMESTIC,CH04,6100
FAB-W3875,EXPORT,CH01,7100
FAB-W3876,DOMESTIC,CH02,9100
FAB-W3877,EXPORT,CH03,6100
FAB-W3878,DOMESTIC,CH04,7100
FAB-W3879,EXPORT,CH01,9100
FAB-W3880,DOMESTIC,CH02,6100
FAB-W3881,EXPORT,CH03,7100
FAB-W3882,DOMESTIC,CH04,9100
FAB-W3883,EXPORT,CH01,6100
FAB-W3884,DOMESTIC,CH02,7100
FAB-W3885,EXPORT,CH03,9100
FAB-W3886,DOMESTIC,CH04,6100
FAB-W3887,EXPORT,CH01,7100
FAB-W3888,DOMESTIC,CH02,9100
FAB-W3889,EXPORT,CH03,6100
FAB-W3890,DOMESTIC,CH04,7100
FAB-W3891,EXPORT,CH01,9100
FAB-W3892,DOMESTIC,CH02,6100
FAB-W3893,EXPORT,CH03,7100
FAB-W3894,DOMESTIC,CH04,9100
FAB-W3895,EXPORT,CH01,6100
FAB-W3896,DOMESTIC,CH02,7100
FAB-W3897,EXPORT,CH03,9100
FAB-W3898,DOMESTIC,CH04,6100
FAB-W3899,EXPORT,CH01,7100
FAB-W3900,DOMESTIC,CH02,9100
FAB-W3901,EXPORT,CH03,6100
FAB-W3902,DOMESTIC,CH04,7100
FAB-W3903,EXPORT,CH01,9100
FAB-W3904,DOMESTIC,CH02,6100
FAB-W3905,EXPORT,CH03,7100
FAB-W3906,DOMESTIC,CH04,9100
FAB-W3907,EXPORT,CH01,6100
FAB-W3908,DOMESTIC,CH02,7100
FAB-W3909,EXPORT,CH03,9100
FAB-W3910,DOMESTIC,CH04,6100
FAB-W3911,EXPORT,CH01,7100
FAB-W3912,DOMESTIC,CH02,9100
FAB-W3913,EXPORT,CH03,6100
FAB-W3914,DOMESTIC,CH04,7100
FAB-W3915,EXPORT,CH01,9100
FAB-W3916,DOMESTIC,CH02,6100
FAB-W3917,EXPORT,CH03,7100
FAB-W3918,DOMESTIC,CH04,9100
FAB-W3919,EXPORT,CH01,6100
FAB-W3920,DOMESTIC,CH02,7100
FAB-W3921,EXPORT,CH03,9100
FAB-W3922,DOMESTIC,CH04,6100
FAB-W3923,EXPORT,CH01,7100
FAB-W3924,DOMESTIC,CH02,9100
FAB-W3925,EXPORT,CH03,6100
FAB-W3926,DOMESTIC,CH04,7100
FAB-W3927,EXPORT,CH01,9100
FAB-W3928,DOMESTIC,CH02,6100
FAB-W3929,EXPORT,CH03,7100
FAB-W3930,DOMESTIC,CH04,9100
FAB-W3931,EXPORT,CH01,6100
FAB-W3932,DOMESTIC,CH02,7100
FAB-W3933,EXPORT,CH03,9100
FAB-W3934,DOMESTIC,CH04,6100
FAB-W3935,EXPORT,CH01,7100
FAB-W3936,DOMESTIC,CH02,9100
FAB-W3937,EXPORT,CH03,6100
FAB-W3938,DOMESTIC,CH04,7100
FAB-W3939,EXPORT,CH01,9100
FAB-W3940,DOMESTIC,CH02,6100
FAB-W3941,EXPORT,CH03,7100
FAB-W3942,DOMESTIC,CH04,9100
FAB-W3943,EXPORT,CH01,6100
FAB-W3944,DOMESTIC,CH02,7100
FAB-W3945,EXPORT,CH03,9100
FAB-W3946,DOMESTIC,CH04,6100
FAB-W3947,EXPORT,CH01,7100
FAB-W3948,DOMESTIC,CH02,9100
FAB-W3949,EXPORT,CH03,6100
FAB-W3950,DOMESTIC,CH04,7100
FAB-W3951,EXPORT,CH01,9100
FAB-W3952,DOMESTIC,CH02,6100
FAB-W3953,EXPORT,CH03,7100
FAB-W3954,DOMESTIC,CH04,9100
FAB-W3955,EXPORT,CH01,6100
FAB-W3956,DOMESTIC,CH02,7100
FAB-W3957,EXPORT,CH03,9100
FAB-W3958,DOMESTIC,CH04,6100
FAB-W3959,EXPORT,CH01,7100
FAB-W3960,DOMESTIC,CH02,9100
FAB-W3961,EXPORT,CH03,6100
FAB-W3962,DOMESTIC,CH04,7100
FAB-W3963,EXPORT,CH01,9100
FAB-W3964,DOMESTIC,CH02,6100
FAB-W3965,EXPORT,CH03,7100
FAB-W3966,DOMESTIC,CH04,9100
FAB-W3967,EXPORT,CH01,6100
FAB-W3968,DOMESTIC,CH02,7100
FAB-W3969,EXPORT,CH03,9100
FAB-W3970,DOMESTIC,CH04,6100
FAB-W3971,EXPORT,CH01,7100
FAB-W3972,DOMESTIC,CH02,9100
FAB-W3973,EXPORT,CH03,6100
FAB-W3974,DOMESTIC,CH04,7100
FAB-W3975,EXPORT,CH01,9100
FAB-W3976,DOMESTIC,CH02,6100
FAB-W3977,EXPORT,CH03,7100
FAB-W3978,DOMESTIC,CH04,9100
FAB-W3979,EXPORT,CH01,6100
FAB-W3980,DOMESTIC,CH02,7100
FAB-W3981,EXPORT,CH03,9100
FAB-W3982,DOMESTIC,CH04,6100
FAB-W3983,EXPORT,CH01,7100
FAB-W3984,DOMESTIC,CH02,9100
FAB-W3985,EXPORT,CH03,6100
FAB-W3986,DOMESTIC,CH04,7100
FAB-W3987,EXPORT,CH01,9100
FAB-W3988,DOMESTIC,CH02,6100
FAB-W3989,EXPORT,CH03,7100
FAB-W3990,DOMESTIC,CH04,9100
FAB-W3991,EXPORT,CH01,6100
FAB-W3992,DOMESTIC,CH02,7100
FAB-W3993,EXPORT,CH03,9100
FAB-W3994,DOMESTIC,CH04,6100
FAB-W3995,EXPORT,CH01,7100
FAB-W3996,DOMESTIC,CH02,9100
FAB-W3997,EXPORT,CH03,6100
FAB-W3998,DOMESTIC,CH04,7100
FAB-W3999,EXPORT,CH01,9100
FAB-W4000,DOMESTIC,CH02,6100
FAB-W4001,EXPORT,CH03,7100
FAB-W4002,DOMESTIC,CH04,9100
FAB-W4003,EXPORT,CH01,6100
FAB-W4004,DOMESTIC,CH02,7100
FAB-W4005,EXPORT,CH03,9100
FAB-W4006,DOMESTIC,CH04,6100
FAB-W4007,EXPORT,CH01,7100
FAB-W4008,DOMESTIC,CH02,9100
FAB-W4009,EXPORT,CH03,6100
FAB-W4010,DOMESTIC,CH04,7100
FAB-W4011,EXPORT,CH01,9100
FAB-W4012,DOMESTIC,CH02,6100
FAB-W4013,EXPORT,CH03,7100
FAB-W4014,DOMESTIC,CH04,9100
FAB-W4015,EXPORT,CH01,6100
FAB-W4016,DOMESTIC,CH02,7100
FAB-W4017,EXPORT,CH03,9100
FAB-W4018,DOMESTIC,CH04,6100
FAB-W4019,EXPORT,CH01,7100
FAB-W4020,DOMESTIC,CH02,9100
FAB-W4021,EXPORT,CH03,6100
FAB-W4022,DOMESTIC,CH04,7100
FAB-W4023,EXPORT,CH01,9100
FAB-W4024,DOMESTIC,CH02,6100
FAB-W4025,EXPORT,CH03,7100
FAB-W4026,DOMESTIC,CH04,9100
FAB-W4027,EXPORT,CH01,6100
FAB-W4028,DOMESTIC,CH02,7100
FAB-W4029,EXPORT,CH03,9100
FAB-W4030,DOMESTIC,CH04,6100
FAB-W4031,EXPORT,CH01,7100
FAB-W4032,DOMESTIC,CH02,9100
FAB-W4033,EXPORT,CH03,6100
FAB-W4034,DOMESTIC,CH04,7100
FAB-W4035,EXPORT,CH01,9100
FAB-W4036,DOMESTIC,CH02,6100
FAB-W4037,EXPORT,CH03,7100
FAB-W4038,DOMESTIC,CH04,9100
FAB-W4039,EXPORT,CH01,6100
FAB-W4040,DOMESTIC,CH02,7100
FAB-W4041,EXPORT,CH03,9100
FAB-W4042,DOMESTIC,CH04,6100
FAB-W4043,EXPORT,CH01,7100
FAB-W4044,DOMESTIC,CH02,9100
FAB-W4045,EXPORT,CH03,6100
FAB-W4046,DOMESTIC,CH04,7100
FAB-W4047,EXPORT,CH01,9100
FAB-W4048,DOMESTIC,CH02,6100
FAB-W4049,EXPORT,CH03,7100
FAB-W4050,DOMESTIC,CH04,9100
FAB-W4051,EXPORT,CH01,6100
FAB-W4052,DOMESTIC,CH02,7100
FAB-W4053,EXPORT,CH03,9100
FAB-W4054,DOMESTIC,CH04,6100
FAB-W4055,EXPORT,CH01,7100
FAB-W4056,DOMESTIC,CH02,9100
FAB-W4057,EXPORT,CH03,6100
FAB-W4058,DOMESTIC,CH04,7100
FAB-W4059,EXPORT,CH01,9100
FAB-W4060,DOMESTIC,CH02,6100
FAB-W4061,EXPORT,CH03,7100
FAB-W4062,DOMESTIC,CH04,9100
FAB-W4063,EXPORT,CH01,6100
FAB-W4064,DOMESTIC,CH02,7100
FAB-W4065,EXPORT,CH03,9100
FAB-W4066,DOMESTIC,CH04,6100
FAB-W4067,EXPORT,CH01,7100
FAB-W4068,DOMESTIC,CH02,9100
FAB-W4069,EXPORT,CH03,6100
FAB-W4070,DOMESTIC,CH04,7100
FAB-W4071,EXPORT,CH01,9100
FAB-W4072,DOMESTIC,CH02,6100
FAB-W4073,EXPORT,CH03,7100
FAB-W4074,DOMESTIC,CH04,9100
FAB-W4075,EXPORT,CH01,6100
FAB-W4076,DOMESTIC,CH02,7100
FAB-W4077,EXPORT,CH03,9100
FAB-W4078,DOMESTIC,CH04,6100
FAB-W4079,EXPORT,CH01,7100
FAB-W4080,DOMESTIC,CH02,9100
FAB-W4081,EXPORT,CH03,6100
FAB-W4082,DOMESTIC,CH04,7100
FAB-W4083,EXPORT,CH01,9100
FAB-W4084,DOMESTIC,CH02,6100
FAB-W4085,EXPORT,CH03,7100
FAB-W4086,DOMESTIC,CH04,9100
FAB-W4087,EXPORT,CH01,6100
FAB-W4088,DOMESTIC,CH02,7100
FAB-W4089,EXPORT,CH03,9100
FAB-W4090,DOMESTIC,CH04,6100
FAB-W4091,EXPORT,CH01,7100
FAB-W4092,DOMESTIC,CH02,9100
FAB-W4093,EXPORT,CH03,6100
FAB-W4094,DOMESTIC,CH04,7100
FAB-W4095,EXPORT,CH01,9100
FAB-W4096,DOMESTIC,CH02,6100
FAB-W4097,EXPORT,CH03,7100
FAB-W4098,DOMESTIC,CH04,9100
FAB-W4099,EXPORT,CH01,6100
FAB-W4100,DOMESTIC,CH02,7100
FAB-W4101,EXPORT,CH03,9100
FAB-W4102,DOMESTIC,CH04,6100
FAB-W4103,EXPORT,CH01,7100
FAB-W4104,DOMESTIC,CH02,9100
FAB-W4105,EXPORT,CH03,6100
FAB-W4106,DOMESTIC,CH04,7100
FAB-W4107,EXPORT,CH01,9100
FAB-W4108,DOMESTIC,CH02,6100
FAB-W4109,EXPORT,CH03,7100
FAB-W4110,DOMESTIC,CH04,9100
FAB-W4111,EXPORT,CH01,6100
FAB-W4112,DOMESTIC,CH02,7100
FAB-W4113,EXPORT,CH03,9100
FAB-W4114,DOMESTIC,CH04,6100
FAB-W4115,EXPORT,CH01,7100
FAB-W4116,DOMESTIC,CH02,9100
FAB-W4117,EXPORT,CH03,6100
FAB-W4118,DOMESTIC,CH04,7100
FAB-W4119,EXPORT,CH01,9100
FAB-W4120,DOMESTIC,CH02,6100
FAB-W4121,EXPORT,CH03,7100
FAB-W4122,DOMESTIC,CH04,9100
FAB-W4123,EXPORT,CH01,6100
FAB-W4124,DOMESTIC,CH02,7100
FAB-W4125,EXPORT,CH03,9100
FAB-W4126,DOMESTIC,CH04,6100
FAB-W4127,EXPORT,CH01,7100
FAB-W4128,DOMESTIC,CH02,9100
FAB-W4129,EXPORT,CH03,6100
FAB-W4130,DOMESTIC,CH04,7100
FAB-W4131,EXPORT,CH01,9100
FAB-W4132,DOMESTIC,CH02,6100
FAB-W4133,EXPORT,CH03,7100
FAB-W4134,DOMESTIC,CH04,9100
FAB-W4135,EXPORT,CH01,6100
FAB-W4136,DOMESTIC,CH02,7100
FAB-W4137,EXPORT,CH03,9100
FAB-W4138,DOMESTIC,CH04,6100
FAB-W4139,EXPORT,CH01,7100
FAB-W4140,DOMESTIC,CH02,9100
FAB-W4141,EXPORT,CH03,6100
FAB-W4142,DOMESTIC,CH04,7100
FAB-W4143,EXPORT,CH01,9100
FAB-W4144,DOMESTIC,CH02,6100
FAB-W4145,EXPORT,CH03,7100
FAB-W4146,DOMESTIC,CH04,9100
FAB-W4147,EXPORT,CH01,6100
FAB-W4148,DOMESTIC,CH02,7100
FAB-W4149,EXPORT,CH03,9100
FAB-W4150,DOMESTIC,CH04,6100
FAB-W4151,EXPORT,CH01,7100
FAB-W4152,DOMESTIC,CH02,9100
FAB-W4153,EXPORT,CH03,6100
FAB-W4154,DOMESTIC,CH04,7100
FAB-W4155,EXPORT,CH01,9100
FAB-W4156,DOMESTIC,CH02,6100
FAB-W4157,EXPORT,CH03,7100
FAB-W4158,DOMESTIC,CH04,9100
FAB-W4159,EXPORT,CH01,6100
FAB-W4160,DOMESTIC,CH02,7100
FAB-W4161,EXPORT,CH03,9100
FAB-W4162,DOMESTIC,CH04,6100
FAB-W4163,EXPORT,CH01,7100
FAB-W4164,DOMESTIC,CH02,9100
FAB-W4165,EXPORT,CH03,6100
FAB-W4166,DOMESTIC,CH04,7100
FAB-W4167,EXPORT,CH01,9100
FAB-W4168,DOMESTIC,CH02,6100
FAB-W4169,EXPORT,CH03,7100
FAB-W4170,DOMESTIC,CH04,9100
FAB-W4171,EXPORT,CH01,6100
FAB-W4172,DOMESTIC,CH02,7100
FAB-W4173,EXPORT,CH03,9100
FAB-W4174,DOMESTIC,CH04,6100
FAB-W4175,EXPORT,CH01,7100
FAB-W4176,DOMESTIC,CH02,9100
FAB-W4177,EXPORT,CH03,6100
FAB-W4178,DOMESTIC,CH04,7100
FAB-W4179,EXPORT,CH01,9100
FAB-W4180,DOMESTIC,CH02,6100
FAB-W4181,EXPORT,CH03,7100
FAB-W4182,DOMESTIC,CH04,9100
FAB-W4183,EXPORT,CH01,6100
FAB-W4184,DOMESTIC,CH02,7100
FAB-W4185,EXPORT,CH03,9100
FAB-W4186,DOMESTIC,CH04,6100
FAB-W4187,EXPORT,CH01,7100
FAB-W4188,DOMESTIC,CH02,9100
FAB-W4189,EXPORT,CH03,6100
FAB-W4190,DOMESTIC,CH04,7100
FAB-W4191,EXPORT,CH01,9100
FAB-W4192,DOMESTIC,CH02,6100
FAB-W4193,EXPORT,CH03,7100
FAB-W4194,DOMESTIC,CH04,9100
FAB-W4195,EXPORT,CH01,6100
FAB-W4196,DOMESTIC,CH02,7100
FAB-W4197,EXPORT,CH03,9100
FAB-W4198,DOMESTIC,CH04,6100
FAB-W4199,EXPORT,CH01,7100
FAB-W4200,DOMESTIC,CH02,9100
FAB-W4201,EXPORT,CH03,6100
FAB-W4202,DOMESTIC,CH04,7100
FAB-W4203,EXPORT,CH01,9100
FAB-W4204,DOMESTIC,CH02,6100
FAB-W4205,EXPORT,CH03,7100
FAB-W4206,DOMESTIC,CH04,9100
FAB-W4207,EXPORT,CH01,6100
FAB-W4208,DOMESTIC,CH02,7100
FAB-W4209,EXPORT,CH03,9100
FAB-W4210,DOMESTIC,CH04,6100
FAB-W4211,EXPORT,CH01,7100
FAB-W4212,DOMESTIC,CH02,9100
FAB-W4213,EXPORT,CH03,6100
FAB-W4214,DOMESTIC,CH04,7100
FAB-W4215,EXPORT,CH01,9100
FAB-W4216,DOMESTIC,CH02,6100
FAB-W4217,EXPORT,CH03,7100
FAB-W4218,DOMESTIC,CH04,9100
FAB-W4219,EXPORT,CH01,6100
FAB-W4220,DOMESTIC,CH02,7100
FAB-W4221,EXPORT,CH03,9100
FAB-W4222,DOMESTIC,CH04,6100
FAB-W4223,EXPORT,CH01,7100
FAB-W4224,DOMESTIC,CH02,9100
FAB-W4225,EXPORT,CH03,6100
FAB-W4226,DOMESTIC,CH04,7100
FAB-W4227,EXPORT,CH01,9100
FAB-W4228,DOMESTIC,CH02,6100
FAB-W4229,EXPORT,CH03,7100
FAB-W4230,DOMESTIC,CH04,9100
FAB-W4231,EXPORT,CH01,6100
FAB-W4232,DOMESTIC,CH02,7100
FAB-W4233,EXPORT,CH03,9100
FAB-W4234,DOMESTIC,CH04,6100
FAB-W4235,EXPORT,CH01,7100
FAB-W4236,DOMESTIC,CH02,9100
FAB-W4237,EXPORT,CH03,6100
FAB-W4238,DOMESTIC,CH04,7100
FAB-W4239,EXPORT,CH01,9100
FAB-W4240,DOMESTIC,CH02,6100
FAB-W4241,EXPORT,CH03,7100
FAB-W4242,DOMESTIC,CH04,9100
FAB-W4243,EXPORT,CH01,6100
FAB-W4244,DOMESTIC,CH02,7100
FAB-W4245,EXPORT,CH03,9100
FAB-W4246,DOMESTIC,CH04,6100
FAB-W4247,EXPORT,CH01,7100
FAB-W4248,DOMESTIC,CH02,9100
FAB-W4249,EXPORT,CH03,6100
FAB-W4250,DOMESTIC,CH04,7100
FAB-W4251,EXPORT,CH01,9100
FAB-W4252,DOMESTIC,CH02,6100
FAB-W4253,EXPORT,CH03,7100
FAB-W4254,DOMESTIC,CH04,9100
FAB-W4255,EXPORT,CH01,6100
FAB-W4256,DOMESTIC,CH02,7100
FAB-W4257,EXPORT,CH03,9100
FAB-W4258,DOMESTIC,CH04,6100
FAB-W4259,EXPORT,CH01,7100
FAB-W4260,DOMESTIC,CH02,9100
FAB-W4261,EXPORT,CH03,6100
FAB-W4262,DOMESTIC,CH04,7100
FAB-W4263,EXPORT,CH01,9100
FAB-W4264,DOMESTIC,CH02,6100
FAB-W4265,EXPORT,CH03,7100
FAB-W4266,DOMESTIC,CH04,9100
FAB-W4267,EXPORT,CH01,6100
FAB-W4268,DOMESTIC,CH02,7100
FAB-W4269,EXPORT,CH03,9100
FAB-W4270,DOMESTIC,CH04,6100
FAB-W4271,EXPORT,CH01,7100
FAB-W4272,DOMESTIC,CH02,9100
FAB-W4273,EXPORT,CH03,6100
FAB-W4274,DOMESTIC,CH04,7100
FAB-W4275,EXPORT,CH01,9100
FAB-W4276,DOMESTIC,CH02,6100
FAB-W4277,EXPORT,CH03,7100
FAB-W4278,DOMESTIC,CH04,9100
FAB-W4279,EXPORT,CH01,6100
FAB-W4280,DOMESTIC,CH02,7100
FAB-W4281,EXPORT,CH03,9100
FAB-W4282,DOMESTIC,CH04,6100
FAB-W4283,EXPORT,CH01,7100
FAB-W4284,DOMESTIC,CH02,9100
FAB-W4285,EXPORT,CH03,6100
FAB-W4286,DOMESTIC,CH04,7100
FAB-W4287,EXPORT,CH01,9100
FAB-W4288,DOMESTIC,CH02,6100
FAB-W4289,EXPORT,CH03,7100
FAB-W4290,DOMESTIC,CH04,9100
FAB-W4291,EXPORT,CH01,6100
FAB-W4292,DOMESTIC,CH02,7100
FAB-W4293,EXPORT,CH03,9100
FAB-W4294,DOMESTIC,CH04,6100
FAB-W4295,EXPORT,CH01,7100
FAB-W4296,DOMESTIC,CH02,9100
FAB-W4297,EXPORT,CH03,6100
FAB-W4298,DOMESTIC,CH04,7100
FAB-W4299,EXPORT,CH01,9100
FAB-W4300,DOMESTIC,CH02,6100
FAB-W4301,EXPORT,CH03,7100
FAB-W4302,DOMESTIC,CH04,9100
FAB-W4303,EXPORT,CH01,6100
FAB-W4304,DOMESTIC,CH02,7100
FAB-W4305,EXPORT,CH03,9100
FAB-W4306,DOMESTIC,CH04,6100
FAB-W4307,EXPORT,CH01,7100
FAB-W4308,DOMESTIC,CH02,9100
FAB-W4309,EXPORT,CH03,6100
FAB-W4310,DOMESTIC,CH04,7100
FAB-W4311,EXPORT,CH01,9100
FAB-W4312,DOMESTIC,CH02,6100
FAB-W4313,EXPORT,CH03,7100
FAB-W4314,DOMESTIC,CH04,9100
FAB-W4315,EXPORT,CH01,6100
FAB-W4316,DOMESTIC,CH02,7100
FAB-W4317,EXPORT,CH03,9100
FAB-W4318,DOMESTIC,CH04,6100
FAB-W4319,EXPORT,CH01,7100
FAB-W4320,DOMESTIC,CH02,9100
FAB-W4321,EXPORT,CH03,6100
FAB-W4322,DOMESTIC,CH04,7100
FAB-W4323,EXPORT,CH01,9100
FAB-W4324,DOMESTIC,CH02,6100
FAB-W4325,EXPORT,CH03,7100
FAB-W4326,DOMESTIC,CH04,9100
FAB-W4327,EXPORT,CH01,6100
FAB-W4328,DOMESTIC,CH02,7100
FAB-W4329,EXPORT,CH03,9100
FAB-W4330,DOMESTIC,CH04,6100
FAB-W4331,EXPORT,CH01,7100
FAB-W4332,DOMESTIC,CH02,9100
FAB-W4333,EXPORT,CH03,6100
FAB-W4334,DOMESTIC,CH04,7100
FAB-W4335,EXPORT,CH01,9100
FAB-W4336,DOMESTIC,CH02,6100
FAB-W4337,EXPORT,CH03,7100
FAB-W4338,DOMESTIC,CH04,9100
FAB-W4339,EXPORT,CH01,6100
FAB-W4340,DOMESTIC,CH02,7100
FAB-W4341,EXPORT,CH03,9100
FAB-W4342,DOMESTIC,CH04,6100
FAB-W4343,EXPORT,CH01,7100
FAB-W4344,DOMESTIC,CH02,9100
FAB-W4345,EXPORT,CH03,6100
FAB-W4346,DOMESTIC,CH04,7100
FAB-W4347,EXPORT,CH01,9100
FAB-W4348,DOMESTIC,CH02,6100
FAB-W4349,EXPORT,CH03,7100
FAB-W4350,DOMESTIC,CH04,9100
FAB-W4351,EXPORT,CH01,6100
FAB-W4352,DOMESTIC,CH02,7100
FAB-W4353,EXPORT,CH03,9100
FAB-W4354,DOMESTIC,CH04,6100
FAB-W4355,EXPORT,CH01,7100
FAB-W4356,DOMESTIC,CH02,9100
FAB-W4357,EXPORT,CH03,6100
FAB-W4358,DOMESTIC,CH04,7100
FAB-W4359,EXPORT,CH01,9100
FAB-W4360,DOMESTIC,CH02,6100
FAB-W4361,EXPORT,CH03,7100
FAB-W4362,DOMESTIC,CH04,9100
FAB-W4363,EXPORT,CH01,6100
FAB-W4364,DOMESTIC,CH02,7100
FAB-W4365,EXPORT,CH03,9100
FAB-W4366,DOMESTIC,CH04,6100
FAB-W4367,EXPORT,CH01,7100
FAB-W4368,DOMESTIC,CH02,9100
FAB-W4369,EXPORT,CH03,6100
FAB-W4370,DOMESTIC,CH04,7100
FAB-W4371,EXPORT,CH01,9100
FAB-W4372,DOMESTIC,CH02,6100
FAB-W4373,EXPORT,CH03,7100
FAB-W4374,DOMESTIC,CH04,9100
FAB-W4375,EXPORT,CH01,6100
FAB-W4376,DOMESTIC,CH02,7100
FAB-W4377,EXPORT,CH03,9100
FAB-W4378,DOMESTIC,CH04,6100
FAB-W4379,EXPORT,CH01,7100
FAB-W4380,DOMESTIC,CH02,9100
FAB-W4381,EXPORT,CH03,6100
FAB-W4382,DOMESTIC,CH04,7100
FAB-W4383,EXPORT,CH01,9100
FAB-W4384,DOMESTIC,CH02,6100
FAB-W4385,EXPORT,CH03,7100
FAB-W4386,DOMESTIC,CH04,9100
FAB-W4387,EXPORT,CH01,6100
FAB-W4388,DOMESTIC,CH02,7100
FAB-W4389,EXPORT,CH03,9100
FAB-W4390,DOMESTIC,CH04,6100
FAB-W4391,EXPORT,CH01,7100
FAB-W4392,DOMESTIC,CH02,9100
FAB-W4393,EXPORT,CH03,6100
FAB-W4394,DOMESTIC,CH04,7100
FAB-W4395,EXPORT,CH01,9100
FAB-W4396,DOMESTIC,CH02,6100
FAB-W4397,EXPORT,CH03,7100
FAB-W4398,DOMESTIC,CH04,9100
FAB-W4399,EXPORT,CH01,6100
FAB-W4400,DOMESTIC,CH02,7100
FAB-W4401,EXPORT,CH03,9100
FAB-W4402,DOMESTIC,CH04,6100
FAB-W4403,EXPORT,CH01,7100
FAB-W4404,DOMESTIC,CH02,9100
FAB-W4405,EXPORT,CH03,6100
FAB-W4406,DOMESTIC,CH04,7100
FAB-W4407,EXPORT,CH01,9100
FAB-W4408,DOMESTIC,CH02,6100
FAB-W4409,EXPORT,CH03,7100
FAB-W4410,DOMESTIC,CH04,9100
FAB-W4411,EXPORT,CH01,6100
FAB-W4412,DOMESTIC,CH02,7100
FAB-W4413,EXPORT,CH03,9100
FAB-W4414,DOMESTIC,CH04,6100
FAB-W4415,EXPORT,CH01,7100
FAB-W4416,DOMESTIC,CH02,9100
FAB-W4417,EXPORT,CH03,6100
FAB-W4418,DOMESTIC,CH04,7100
FAB-W4419,EXPORT,CH01,9100
FAB-W4420,DOMESTIC,CH02,6100
FAB-W4421,EXPORT,CH03,7100
FAB-W4422,DOMESTIC,CH04,9100
FAB-W4423,EXPORT,CH01,6100
FAB-W4424,DOMESTIC,CH02,7100
FAB-W4425,EXPORT,CH03,9100
FAB-W4426,DOMESTIC,CH04,6100
FAB-W4427,EXPORT,CH01,7100
FAB-W4428,DOMESTIC,CH02,9100
FAB-W4429,EXPORT,CH03,6100
FAB-W4430,DOMESTIC,CH04,7100
FAB-W4431,EXPORT,CH01,9100
FAB-W4432,DOMESTIC,CH02,6100
FAB-W4433,EXPORT,CH03,7100
FAB-W4434,DOMESTIC,CH04,9100
FAB-W4435,EXPORT,CH01,6100
FAB-W4436,DOMESTIC,CH02,7100
FAB-W4437,EXPORT,CH03,9100
FAB-W4438,DOMESTIC,CH04,6100
FAB-W4439,EXPORT,CH01,7100
FAB-W4440,DOMESTIC,CH02,9100
FAB-W4441,EXPORT,CH03,6100
FAB-W4442,DOMESTIC,CH04,7100
FAB-W4443,EXPORT,CH01,9100
FAB-W4444,DOMESTIC,CH02,6100
FAB-W4445,EXPORT,CH03,7100
FAB-W4446,DOMESTIC,CH04,9100
FAB-W4447,EXPORT,CH01,6100
FAB-W4448,DOMESTIC,CH02,7100
FAB-W4449,EXPORT,CH03,9100
FAB-W4450,DOMESTIC,CH04,6100
FAB-W4451,EXPORT,CH01,7100
FAB-W4452,DOMESTIC,CH02,9100
FAB-W4453,EXPORT,CH03,6100
FAB-W4454,DOMESTIC,CH04,7100
FAB-W4455,EXPORT,CH01,9100
FAB-W4456,DOMESTIC,CH02,6100
FAB-W4457,EXPORT,CH03,7100
FAB-W4458,DOMESTIC,CH04,9100
FAB-W4459,EXPORT,CH01,6100
FAB-W4460,DOMESTIC,CH02,7100
FAB-W4461,EXPORT,CH03,9100
FAB-W4462,DOMESTIC,CH04,6100
FAB-W4463,EXPORT,CH01,7100
FAB-W4464,DOMESTIC,CH02,9100
FAB-W4465,EXPORT,CH03,6100
FAB-W4466,DOMESTIC,CH04,7100
FAB-W4467,EXPORT,CH01,9100
FAB-W4468,DOMESTIC,CH02,6100
FAB-W4469,EXPORT,CH03,7100
FAB-W4470,DOMESTIC,CH04,9100
FAB-W4471,EXPORT,CH01,6100
FAB-W4472,DOMESTIC,CH02,7100
FAB-W4473,EXPORT,CH03,9100
FAB-W4474,DOMESTIC,CH04,6100
FAB-W4475,EXPORT,CH01,7100
FAB-W4476,DOMESTIC,CH02,9100
FAB-W4477,EXPORT,CH03,6100
FAB-W4478,DOMESTIC,CH04,7100
FAB-W4479,EXPORT,CH01,9100
FAB-W4480,DOMESTIC,CH02,6100
FAB-W4481,EXPORT,CH03,7100
FAB-W4482,DOMESTIC,CH04,9100
FAB-W4483,EXPORT,CH01,6100
FAB-W4484,DOMESTIC,CH02,7100
FAB-W4485,EXPORT,CH03,9100
FAB-W4486,DOMESTIC,CH04,6100
FAB-W4487,EXPORT,CH01,7100
FAB-W4488,DOMESTIC,CH02,9100
FAB-W4489,EXPORT,CH03,6100
FAB-W4490,DOMESTIC,CH04,7100
FAB-W4491,EXPORT,CH01,9100
FAB-W4492,DOMESTIC,CH02,6100
FAB-W4493,EXPORT,CH03,7100
FAB-W4494,DOMESTIC,CH04,9100
FAB-W4495,EXPORT,CH01,6100
FAB-W4496,DOMESTIC,CH02,7100
FAB-W4497,EXPORT,CH03,9100
FAB-W4498,DOMESTIC,CH04,6100
FAB-W4499,EXPORT,CH01,7100
FAB-W4500,DOMESTIC,CH02,9100
FAB-W4501,EXPORT,CH03,6100
FAB-W4502,DOMESTIC,CH04,7100
FAB-W4503,EXPORT,CH01,9100
FAB-W4504,DOMESTIC,CH02,6100
FAB-W4505,EXPORT,CH03,7100
FAB-W4506,DOMESTIC,CH04,9100
FAB-W4507,EXPORT,CH01,6100
FAB-W4508,DOMESTIC,CH02,7100
FAB-W4509,EXPORT,CH03,9100
FAB-W4510,DOMESTIC,CH04,6100
FAB-W4511,EXPORT,CH01,7100
FAB-W4512,DOMESTIC,CH02,9100
FAB-W4513,EXPORT,CH03,6100
FAB-W4514,DOMESTIC,CH04,7100
FAB-W4515,EXPORT,CH01,9100
FAB-W4516,DOMESTIC,CH02,6100
FAB-W4517,EXPORT,CH03,7100
FAB-W4518,DOMESTIC,CH04,9100
FAB-W4519,EXPORT,CH01,6100
FAB-W4520,DOMESTIC,CH02,7100
FAB-W4521,EXPORT,CH03,9100
FAB-W4522,DOMESTIC,CH04,6100
FAB-W4523,EXPORT,CH01,7100
FAB-W4524,DOMESTIC,CH02,9100
FAB-W4525,EXPORT,CH03,6100
FAB-W4526,DOMESTIC,CH04,7100
FAB-W4527,EXPORT,CH01,9100
FAB-W4528,DOMESTIC,CH02,6100
FAB-W4529,EXPORT,CH03,7100
FAB-W4530,DOMESTIC,CH04,9100
FAB-W4531,EXPORT,CH01,6100
FAB-W4532,DOMESTIC,CH02,7100
FAB-W4533,EXPORT,CH03,9100
FAB-W4534,DOMESTIC,CH04,6100
FAB-W4535,EXPORT,CH01,7100
FAB-W4536,DOMESTIC,CH02,9100
FAB-W4537,EXPORT,CH03,6100
FAB-W4538,DOMESTIC,CH04,7100
FAB-W4539,EXPORT,CH01,9100
FAB-W4540,DOMESTIC,CH02,6100
FAB-W4541,EXPORT,CH03,7100
FAB-W4542,DOMESTIC,CH04,9100
FAB-W4543,EXPORT,CH01,6100
FAB-W4544,DOMESTIC,CH02,7100
FAB-W4545,EXPORT,CH03,9100
FAB-W4546,DOMESTIC,CH04,6100
FAB-W4547,EXPORT,CH01,7100
FAB-W4548,DOMESTIC,CH02,9100
FAB-W4549,EXPORT,CH03,6100
FAB-W4550,DOMESTIC,CH04,7100
FAB-W4551,EXPORT,CH01,9100
FAB-W4552,DOMESTIC,CH02,6100
FAB-W4553,EXPORT,CH03,7100
FAB-W4554,DOMESTIC,CH04,9100
FAB-W4555,EXPORT,CH01,6100
FAB-W4556,DOMESTIC,CH02,7100
FAB-W4557,EXPORT,CH03,9100
FAB-W4558,DOMESTIC,CH04,6100
FAB-W4559,EXPORT,CH01,7100
FAB-W4560,DOMESTIC,CH02,9100
FAB-W4561,EXPORT,CH03,6100
FAB-W4562,DOMESTIC,CH04,7100
FAB-W4563,EXPORT,CH01,9100
FAB-W4564,DOMESTIC,CH02,6100
FAB-W4565,EXPORT,CH03,7100
FAB-W4566,DOMESTIC,CH04,9100
FAB-W4567,EXPORT,CH01,6100
FAB-W4568,DOMESTIC,CH02,7100
FAB-W4569,EXPORT,CH03,9100
FAB-W4570,DOMESTIC,CH04,6100
FAB-W4571,EXPORT,CH01,7100
FAB-W4572,DOMESTIC,CH02,9100
FAB-W4573,EXPORT,CH03,6100
FAB-W4574,DOMESTIC,CH04,7100
FAB-W4575,EXPORT,CH01,9100
FAB-W4576,DOMESTIC,CH02,6100
FAB-W4577,EXPORT,CH03,7100
FAB-W4578,DOMESTIC,CH04,9100
FAB-W4579,EXPORT,CH01,6100
FAB-W4580,DOMESTIC,CH02,7100
FAB-W4581,EXPORT,CH03,9100
FAB-W4582,DOMESTIC,CH04,6100
FAB-W4583,EXPORT,CH01,7100
FAB-W4584,DOMESTIC,CH02,9100
FAB-W4585,EXPORT,CH03,6100
FAB-W4586,DOMESTIC,CH04,7100
FAB-W4587,EXPORT,CH01,9100
FAB-W4588,DOMESTIC,CH02,6100
FAB-W4589,EXPORT,CH03,7100
FAB-W4590,DOMESTIC,CH04,9100
FAB-W4591,EXPORT,CH01,6100
FAB-W4592,DOMESTIC,CH02,7100
FAB-W4593,EXPORT,CH03,9100
FAB-W4594,DOMESTIC,CH04,6100
FAB-W4595,EXPORT,CH01,7100
FAB-W4596,DOMESTIC,CH02,9100
FAB-W4597,EXPORT,CH03,6100
FAB-W4598,DOMESTIC,CH04,7100
FAB-W4599,EXPORT,CH01,9100
FAB-W4600,DOMESTIC,CH02,6100
FAB-W4601,EXPORT,CH03,7100
FAB-W4602,DOMESTIC,CH04,9100
FAB-W4603,EXPORT,CH01,6100
FAB-W4604,DOMESTIC,CH02,7100
FAB-W4605,EXPORT,CH03,9100
FAB-W4606,DOMESTIC,CH04,6100
FAB-W4607,EXPORT,CH01,7100
FAB-W4608,DOMESTIC,CH02,9100
FAB-W4609,EXPORT,CH03,6100
FAB-W4610,DOMESTIC,CH04,7100
FAB-W4611,EXPORT,CH01,9100
FAB-W4612,DOMESTIC,CH02,6100
FAB-W4613,EXPORT,CH03,7100
FAB-W4614,DOMESTIC,CH04,9100
FAB-W4615,EXPORT,CH01,6100
FAB-W4616,DOMESTIC,CH02,7100
FAB-W4617,EXPORT,CH03,9100
FAB-W4618,DOMESTIC,CH04,6100
FAB-W4619,EXPORT,CH01,7100
FAB-W4620,DOMESTIC,CH02,9100
FAB-W4621,EXPORT,CH03,6100
FAB-W4622,DOMESTIC,CH04,7100
FAB-W4623,EXPORT,CH01,9100
FAB-W4624,DOMESTIC,CH02,6100
FAB-W4625,EXPORT,CH03,7100
FAB-W4626,DOMESTIC,CH04,9100
FAB-W4627,EXPORT,CH01,6100
FAB-W4628,DOMESTIC,CH02,7100
FAB-W4629,EXPORT,CH03,9100
FAB-W4630,DOMESTIC,CH04,6100
FAB-W4631,EXPORT,CH01,7100
FAB-W4632,DOMESTIC,CH02,9100
FAB-W4633,EXPORT,CH03,6100
FAB-W4634,DOMESTIC,CH04,7100
FAB-W4635,EXPORT,CH01,9100
FAB-W4636,DOMESTIC,CH02,6100
FAB-W4637,EXPORT,CH03,7100
FAB-W4638,DOMESTIC,CH04,9100
FAB-W4639,EXPORT,CH01,6100
FAB-W4640,DOMESTIC,CH02,7100
FAB-W4641,EXPORT,CH03,9100
FAB-W4642,DOMESTIC,CH04,6100
FAB-W4643,EXPORT,CH01,7100
FAB-W4644,DOMESTIC,CH02,9100
FAB-W4645,EXPORT,CH03,6100
FAB-W4646,DOMESTIC,CH04,7100
FAB-W4647,EXPORT,CH01,9100
FAB-W4648,DOMESTIC,CH02,6100
FAB-W4649,EXPORT,CH03,7100
FAB-W4650,DOMESTIC,CH04,9100
FAB-W4651,EXPORT,CH01,6100
FAB-W4652,DOMESTIC,CH02,7100
FAB-W4653,EXPORT,CH03,9100
FAB-W4654,DOMESTIC,CH04,6100
FAB-W4655,EXPORT,CH01,7100
FAB-W4656,DOMESTIC,CH02,9100
FAB-W4657,EXPORT,CH03,6100
FAB-W4658,DOMESTIC,CH04,7100
FAB-W4659,EXPORT,CH01,9100
FAB-W4660,DOMESTIC,CH02,6100
FAB-W4661,EXPORT,CH03,7100
FAB-W4662,DOMESTIC,CH04,9100
FAB-W4663,EXPORT,CH01,6100
FAB-W4664,DOMESTIC,CH02,7100
FAB-W4665,EXPORT,CH03,9100
FAB-W4666,DOMESTIC,CH04,6100
FAB-W4667,EXPORT,CH01,7100
FAB-W4668,DOMESTIC,CH02,9100
FAB-W4669,EXPORT,CH03,6100
FAB-W4670,DOMESTIC,CH04,7100
FAB-W4671,EXPORT,CH01,9100
FAB-W4672,DOMESTIC,CH02,6100
FAB-W4673,EXPORT,CH03,7100
FAB-W4674,DOMESTIC,CH04,9100
FAB-W4675,EXPORT,CH01,6100
FAB-W4676,DOMESTIC,CH02,7100
FAB-W4677,EXPORT,CH03,9100
FAB-W4678,DOMESTIC,CH04,6100
FAB-W4679,EXPORT,CH01,7100
FAB-W4680,DOMESTIC,CH02,9100
FAB-W4681,EXPORT,CH03,6100
FAB-W4682,DOMESTIC,CH04,7100
FAB-W4683,EXPORT,CH01,9100
FAB-W4684,DOMESTIC,CH02,6100
FAB-W4685,EXPORT,CH03,7100
FAB-W4686,DOMESTIC,CH04,9100
FAB-W4687,EXPORT,CH01,6100
FAB-W4688,DOMESTIC,CH02,7100
FAB-W4689,EXPORT,CH03,9100
FAB-W4690,DOMESTIC,CH04,6100
FAB-W4691,EXPORT,CH01,7100
FAB-W4692,DOMESTIC,CH02,9100
FAB-W4693,EXPORT,CH03,6100
FAB-W4694,DOMESTIC,CH04,7100
FAB-W4695,EXPORT,CH01,9100
FAB-W4696,DOMESTIC,CH02,6100
FAB-W4697,EXPORT,CH03,7100
FAB-W4698,DOMESTIC,CH04,9100
FAB-W4699,EXPORT,CH01,6100
FAB-W4700,DOMESTIC,CH02,7100
FAB-W4701,EXPORT,CH03,9100
FAB-W4702,DOMESTIC,CH04,6100
FAB-W4703,EXPORT,CH01,7100
FAB-W4704,DOMESTIC,CH02,9100
FAB-W4705,EXPORT,CH03,6100
FAB-W4706,DOMESTIC,CH04,7100
FAB-W4707,EXPORT,CH01,9100
FAB-W4708,DOMESTIC,CH02,6100
FAB-W4709,EXPORT,CH03,7100
FAB-W4710,DOMESTIC,CH04,9100
FAB-W4711,EXPORT,CH01,6100
FAB-W4712,DOMESTIC,CH02,7100
FAB-W4713,EXPORT,CH03,9100
FAB-W4714,DOMESTIC,CH04,6100
FAB-W4715,EXPORT,CH01,7100
FAB-W4716,DOMESTIC,CH02,9100
FAB-W4717,EXPORT,CH03,6100
FAB-W4718,DOMESTIC,CH04,7100
FAB-W4719,EXPORT,CH01,9100
FAB-W4720,DOMESTIC,CH02,6100
FAB-W4721,EXPORT,CH03,7100
FAB-W4722,DOMESTIC,CH04,9100
FAB-W4723,EXPORT,CH01,6100
FAB-W4724,DOMESTIC,CH02,7100
FAB-W4725,EXPORT,CH03,9100
FAB-W4726,DOMESTIC,CH04,6100
FAB-W4727,EXPORT,CH01,7100
FAB-W4728,DOMESTIC,CH02,9100
FAB-W4729,EXPORT,CH03,6100
FAB-W4730,DOMESTIC,CH04,7100
FAB-W4731,EXPORT,CH01,9100
FAB-W4732,DOMESTIC,CH02,6100
FAB-W4733,EXPORT,CH03,7100
FAB-W4734,DOMESTIC,CH04,9100
FAB-W4735,EXPORT,CH01,6100
FAB-W4736,DOMESTIC,CH02,7100
FAB-W4737,EXPORT,CH03,9100
FAB-W4738,DOMESTIC,CH04,6100
FAB-W4739,EXPORT,CH01,7100
FAB-W4740,DOMESTIC,CH02,9100
FAB-W4741,EXPORT,CH03,6100
FAB-W4742,DOMESTIC,CH04,7100
FAB-W4743,EXPORT,CH01,9100
FAB-W4744,DOMESTIC,CH02,6100
FAB-W4745,EXPORT,CH03,7100
FAB-W4746,DOMESTIC,CH04,9100
FAB-W4747,EXPORT,CH01,6100
FAB-W4748,DOMESTIC,CH02,7100
FAB-W4749,EXPORT,CH03,9100
FAB-W4750,DOMESTIC,CH04,6100
FAB-W4751,EXPORT,CH01,7100
FAB-W4752,DOMESTIC,CH02,9100
FAB-W4753,EXPORT,CH03,6100
FAB-W4754,DOMESTIC,CH04,7100
FAB-W4755,EXPORT,CH01,9100
FAB-W4756,DOMESTIC,CH02,6100
FAB-W4757,EXPORT,CH03,7100
FAB-W4758,DOMESTIC,CH04,9100
FAB-W4759,EXPORT,CH01,6100
FAB-W4760,DOMESTIC,CH02,7100
FAB-W4761,EXPORT,CH03,9100
FAB-W4762,DOMESTIC,CH04,6100
FAB-W4763,EXPORT,CH01,7100
FAB-W4764,DOMESTIC,CH02,9100
FAB-W4765,EXPORT,CH03,6100
FAB-W4766,DOMESTIC,CH04,7100
FAB-W4767,EXPORT,CH01,9100
FAB-W4768,DOMESTIC,CH02,6100
FAB-W4769,EXPORT,CH03,7100
FAB-W4770,DOMESTIC,CH04,9100
FAB-W4771,EXPORT,CH01,6100
FAB-W4772,DOMESTIC,CH02,7100
FAB-W4773,EXPORT,CH03,9100
FAB-W4774,DOMESTIC,CH04,6100
FAB-W4775,EXPORT,CH01,7100
FAB-W4776,DOMESTIC,CH02,9100
FAB-W4777,EXPORT,CH03,6100
FAB-W4778,DOMESTIC,CH04,7100
FAB-W4779,EXPORT,CH01,9100
FAB-W4780,DOMESTIC,CH02,6100
FAB-W4781,EXPORT,CH03,7100
FAB-W4782,DOMESTIC,CH04,9100
FAB-W4783,EXPORT,CH01,6100
FAB-W4784,DOMESTIC,CH02,7100
FAB-W4785,EXPORT,CH03,9100
FAB-W4786,DOMESTIC,CH04,6100
FAB-W4787,EXPORT,CH01,7100
FAB-W4788,DOMESTIC,CH02,9100
FAB-W4789,EXPORT,CH03,6100
FAB-W4790,DOMESTIC,CH04,7100
FAB-W4791,EXPORT,CH01,9100
FAB-W4792,DOMESTIC,CH02,6100
FAB-W4793,EXPORT,CH03,7100
FAB-W4794,DOMESTIC,CH04,9100
FAB-W4795,EXPORT,CH01,6100
FAB-W4796,DOMESTIC,CH02,7100
FAB-W4797,EXPORT,CH03,9100
FAB-W4798,DOMESTIC,CH04,6100
FAB-W4799,EXPORT,CH01,7100
FAB-W4800,DOMESTIC,CH02,9100
FAB-W4801,EXPORT,CH03,6100
FAB-W4802,DOMESTIC,CH04,7100
FAB-W4803,EXPORT,CH01,9100
FAB-W4804,DOMESTIC,CH02,6100
FAB-W4805,EXPORT,CH03,7100
FAB-W4806,DOMESTIC,CH04,9100
FAB-W4807,EXPORT,CH01,6100
FAB-W4808,DOMESTIC,CH02,7100
FAB-W4809,EXPORT,CH03,9100
FAB-W4810,DOMESTIC,CH04,6100
FAB-W4811,EXPORT,CH01,7100
FAB-W4812,DOMESTIC,CH02,9100
FAB-W4813,EXPORT,CH03,6100
FAB-W4814,DOMESTIC,CH04,7100
FAB-W4815,EXPORT,CH01,9100
FAB-W4816,DOMESTIC,CH02,6100
FAB-W4817,EXPORT,CH03,7100
FAB-W4818,DOMESTIC,CH04,9100
FAB-W4819,EXPORT,CH01,6100
FAB-W4820,DOMESTIC,CH02,7100
FAB-W4821,EXPORT,CH03,9100
FAB-W4822,DOMESTIC,CH04,6100
FAB-W4823,EXPORT,CH01,7100
FAB-W4824,DOMESTIC,CH02,9100
FAB-W4825,EXPORT,CH03,6100
FAB-W4826,DOMESTIC,CH04,7100
FAB-W4827,EXPORT,CH01,9100
FAB-W4828,DOMESTIC,CH02,6100
FAB-W4829,EXPORT,CH03,7100
FAB-W4830,DOMESTIC,CH04,9100
FAB-W4831,EXPORT,CH01,6100
FAB-W4832,DOMESTIC,CH02,7100
FAB-W4833,EXPORT,CH03,9100
FAB-W4834,DOMESTIC,CH04,6100
FAB-W4835,EXPORT,CH01,7100
FAB-W4836,DOMESTIC,CH02,9100
FAB-W4837,EXPORT,CH03,6100
FAB-W4838,DOMESTIC,CH04,7100
FAB-W4839,EXPORT,CH01,9100
FAB-W4840,DOMESTIC,CH02,6100
FAB-W4841,EXPORT,CH03,7100
FAB-W4842,DOMESTIC,CH04,9100
FAB-W4843,EXPORT,CH01,6100
FAB-W4844,DOMESTIC,CH02,7100
FAB-W4845,EXPORT,CH03,9100
FAB-W4846,DOMESTIC,CH04,6100
FAB-W4847,EXPORT,CH01,7100
FAB-W4848,DOMESTIC,CH02,9100
FAB-W4849,EXPORT,CH03,6100
FAB-W4850,DOMESTIC,CH04,7100
FAB-W4851,EXPORT,CH01,9100
FAB-W4852,DOMESTIC,CH02,6100
FAB-W4853,EXPORT,CH03,7100
FAB-W4854,DOMESTIC,CH04,9100
FAB-W4855,EXPORT,CH01,6100
FAB-W4856,DOMESTIC,CH02,7100
FAB-W4857,EXPORT,CH03,9100
FAB-W4858,DOMESTIC,CH04,6100
FAB-W4859,EXPORT,CH01,7100
FAB-W4860,DOMESTIC,CH02,9100
FAB-W4861,EXPORT,CH03,6100
FAB-W4862,DOMESTIC,CH04,7100
FAB-W4863,EXPORT,CH01,9100
FAB-W4864,DOMESTIC,CH02,6100
FAB-W4865,EXPORT,CH03,7100
FAB-W4866,DOMESTIC,CH04,9100
FAB-W4867,EXPORT,CH01,6100
FAB-W4868,DOMESTIC,CH02,7100
FAB-W4869,EXPORT,CH03,9100
FAB-W4870,DOMESTIC,CH04,6100
FAB-W4871,EXPORT,CH01,7100
FAB-W4872,DOMESTIC,CH02,9100
FAB-W4873,EXPORT,CH03,6100
FAB-W4874,DOMESTIC,CH04,7100
FAB-W4875,EXPORT,CH01,9100
FAB-W4876,DOMESTIC,CH02,6100
FAB-W4877,EXPORT,CH03,7100
FAB-W4878,DOMESTIC,CH04,9100
FAB-W4879,EXPORT,CH01,6100
FAB-W4880,DOMESTIC,CH02,7100
FAB-W4881,EXPORT,CH03,9100
FAB-W4882,DOMESTIC,CH04,6100
FAB-W4883,EXPORT,CH01,7100
FAB-W4884,DOMESTIC,CH02,9100
FAB-W4885,EXPORT,CH03,6100
FAB-W4886,DOMESTIC,CH04,7100
FAB-W4887,EXPORT,CH01,9100
FAB-W4888,DOMESTIC,CH02,6100
FAB-W4889,EXPORT,CH03,7100
FAB-W4890,DOMESTIC,CH04,9100
FAB-W4891,EXPORT,CH01,6100
FAB-W4892,DOMESTIC,CH02,7100
FAB-W4893,EXPORT,CH03,9100
FAB-W4894,DOMESTIC,CH04,6100
FAB-W4895,EXPORT,CH01,7100
FAB-W4896,DOMESTIC,CH02,9100
FAB-W4897,EXPORT,CH03,6100
FAB-W4898,DOMESTIC,CH04,7100
FAB-W4899,EXPORT,CH01,9100
FAB-W4900,DOMESTIC,CH02,6100
FAB-W4901,EXPORT,CH03,7100
FAB-W4902,DOMESTIC,CH04,9100
FAB-W4903,EXPORT,CH01,6100
FAB-W4904,DOMESTIC,CH02,7100
FAB-W4905,EXPORT,CH03,9100
FAB-W4906,DOMESTIC,CH04,6100
FAB-W4907,EXPORT,CH01,7100
FAB-W4908,DOMESTIC,CH02,9100
FAB-W4909,EXPORT,CH03,6100
FAB-W4910,DOMESTIC,CH04,7100
FAB-W4911,EXPORT,CH01,9100
FAB-W4912,DOMESTIC,CH02,6100
FAB-W4913,EXPORT,CH03,7100
FAB-W4914,DOMESTIC,CH04,9100
FAB-W4915,EXPORT,CH01,6100
FAB-W4916,DOMESTIC,CH02,7100
FAB-W4917,EXPORT,CH03,9100
FAB-W4918,DOMESTIC,CH04,6100
FAB-W4919,EXPORT,CH01,7100
FAB-W4920,DOMESTIC,CH02,9100
FAB-W4921,EXPORT,CH03,6100
FAB-W4922,DOMESTIC,CH04,7100
FAB-W4923,EXPORT,CH01,9100
FAB-W4924,DOMESTIC,CH02,6100
FAB-W4925,EXPORT,CH03,7100
FAB-W4926,DOMESTIC,CH04,9100
FAB-W4927,EXPORT,CH01,6100
FAB-W4928,DOMESTIC,CH02,7100
FAB-W4929,EXPORT,CH03,9100
FAB-W4930,DOMESTIC,CH04,6100
FAB-W4931,EXPORT,CH01,7100
FAB-W4932,DOMESTIC,CH02,9100
FAB-W4933,EXPORT,CH03,6100
FAB-W4934,DOMESTIC,CH04,7100
FAB-W4935,EXPORT,CH01,9100
FAB-W4936,DOMESTIC,CH02,6100
FAB-W4937,EXPORT,CH03,7100
FAB-W4938,DOMESTIC,CH04,9100
FAB-W4939,EXPORT,CH01,6100
FAB-W4940,DOMESTIC,CH02,7100
FAB-W4941,EXPORT,CH03,9100
FAB-W4942,DOMESTIC,CH04,6100
FAB-W4943,EXPORT,CH01,7100
FAB-W4944,DOMESTIC,CH02,9100
FAB-W4945,EXPORT,CH03,6100
FAB-W4946,DOMESTIC,CH04,7100
FAB-W4947,EXPORT,CH01,9100
FAB-W4948,DOMESTIC,CH02,6100
FAB-W4949,EXPORT,CH03,7100
FAB-W4950,DOMESTIC,CH04,9100
FAB-W4951,EXPORT,CH01,6100
FAB-W4952,DOMESTIC,CH02,7100
FAB-W4953,EXPORT,CH03,9100
FAB-W4954,DOMESTIC,CH04,6100
FAB-W4955,EXPORT,CH01,7100
FAB-W4956,DOMESTIC,CH02,9100
FAB-W4957,EXPORT,CH03,6100
FAB-W4958,DOMESTIC,CH04,7100
FAB-W4959,EXPORT,CH01,9100
FAB-W4960,DOMESTIC,CH02,6100
FAB-W4961,EXPORT,CH03,7100
FAB-W4962,DOMESTIC,CH04,9100
FAB-W4963,EXPORT,CH01,6100
FAB-W4964,DOMESTIC,CH02,7100
FAB-W4965,EXPORT,CH03,9100
FAB-W4966,DOMESTIC,CH04,6100
FAB-W4967,EXPORT,CH01,7100
FAB-W4968,DOMESTIC,CH02,9100
FAB-W4969,EXPORT,CH03,6100
FAB-W4970,DOMESTIC,CH04,7100
FAB-W4971,EXPORT,CH01,9100
FAB-W4972,DOMESTIC,CH02,6100
FAB-W4973,EXPORT,CH03,7100
FAB-W4974,DOMESTIC,CH04,9100
FAB-W4975,EXPORT,CH01,6100
FAB-W4976,DOMESTIC,CH02,7100
FAB-W4977,EXPORT,CH03,9100
FAB-W4978,DOMESTIC,CH04,6100
FAB-W4979,EXPORT,CH01,7100
FAB-W4980,DOMESTIC,CH02,9100
FAB-W4981,EXPORT,CH03,6100
FAB-W4982,DOMESTIC,CH04,7100
FAB-W4983,EXPORT,CH01,9100
FAB-W4984,DOMESTIC,CH02,6100
FAB-W4985,EXPORT,CH03,7100
FAB-W4986,DOMESTIC,CH04,9100
FAB-W4987,EXPORT,CH01,6100
FAB-W4988,DOMESTIC,CH02,7100
FAB-W4989,EXPORT,CH03,9100
FAB-W4990,DOMESTIC,CH04,6100
FAB-W4991,EXPORT,CH01,7100
FAB-W4992,DOMESTIC,CH02,9100
FAB-W4993,EXPORT,CH03,6100
FAB-W4994,DOMESTIC,CH04,7100
FAB-W4995,EXPORT,CH01,9100
FAB-W4996,DOMESTIC,CH02,6100
FAB-W4997,EXPORT,CH03,7100
FAB-W4998,DOMESTIC,CH04,9100
FAB-W4999,EXPORT,CH01,6100
FAB-W5000,DOMESTIC,CH02,7100
FAB-W5001,EXPORT,CH03,9100
FAB-W5002,DOMESTIC,CH04,6100
FAB-W5003,EXPORT,CH01,7100
FAB-W5004,DOMESTIC,CH02,9100
FAB-W5005,EXPORT,CH03,6100
FAB-W5006,DOMESTIC,CH04,7100
FAB-W5007,EXPORT,CH01,9100
FAB-W5008,DOMESTIC,CH02,6100
FAB-W5009,EXPORT,CH03,7100
FAB-W5010,DOMESTIC,CH04,9100
FAB-W5011,EXPORT,CH01,6100
FAB-W5012,DOMESTIC,CH02,7100
FAB-W5013,EXPORT,CH03,9100
FAB-W5014,DOMESTIC,CH04,6100
FAB-W5015,EXPORT,CH01,7100
FAB-W5016,DOMESTIC,CH02,9100
FAB-W5017,EXPORT,CH03,6100
FAB-W5018,DOMESTIC,CH04,7100
FAB-W5019,EXPORT,CH01,9100
FAB-W5020,DOMESTIC,CH02,6100
FAB-W5021,EXPORT,CH03,7100
FAB-W5022,DOMESTIC,CH04,9100
FAB-W5023,EXPORT,CH01,6100
FAB-W5024,DOMESTIC,CH02,7100
FAB-W5025,EXPORT,CH03,9100
FAB-W5026,DOMESTIC,CH04,6100
FAB-W5027,EXPORT,CH01,7100
FAB-W5028,DOMESTIC,CH02,9100
FAB-W5029,EXPORT,CH03,6100
FAB-W5030,DOMESTIC,CH04,7100
FAB-W5031,EXPORT,CH01,9100
FAB-W5032,DOMESTIC,CH02,6100
FAB-W5033,EXPORT,CH03,7100
FAB-W5034,DOMESTIC,CH04,9100
FAB-W5035,EXPORT,CH01,6100
FAB-W5036,DOMESTIC,CH02,7100
FAB-W5037,EXPORT,CH03,9100
FAB-W5038,DOMESTIC,CH04,6100
FAB-W5039,EXPORT,CH01,7100
FAB-W5040,DOMESTIC,CH02,9100
FAB-W5041,EXPORT,CH03,6100
FAB-W5042,DOMESTIC,CH04,7100
FAB-W5043,EXPORT,CH01,9100
FAB-W5044,DOMESTIC,CH02,6100
FAB-W5045,EXPORT,CH03,7100
FAB-W5046,DOMESTIC,CH04,9100
FAB-W5047,EXPORT,CH01,6100
FAB-W5048,DOMESTIC,CH02,7100
FAB-W5049,EXPORT,CH03,9100
FAB-W5050,DOMESTIC,CH04,6100
FAB-W5051,EXPORT,CH01,7100
FAB-W5052,DOMESTIC,CH02,9100
FAB-W5053,EXPORT,CH03,6100
FAB-W5054,DOMESTIC,CH04,7100
FAB-W5055,EXPORT,CH01,9100
FAB-W5056,DOMESTIC,CH02,6100
FAB-W5057,EXPORT,CH03,7100
FAB-W5058,DOMESTIC,CH04,9100
FAB-W5059,EXPORT,CH01,6100
FAB-W5060,DOMESTIC,CH02,7100
FAB-W5061,EXPORT,CH03,9100
FAB-W5062,DOMESTIC,CH04,6100
FAB-W5063,EXPORT,CH01,7100
FAB-W5064,DOMESTIC,CH02,9100
FAB-W5065,EXPORT,CH03,6100
FAB-W5066,DOMESTIC,CH04,7100
FAB-W5067,EXPORT,CH01,9100
FAB-W5068,DOMESTIC,CH02,6100
FAB-W5069,EXPORT,CH03,7100
FAB-W5070,DOMESTIC,CH04,9100
FAB-W5071,EXPORT,CH01,6100
FAB-W5072,DOMESTIC,CH02,7100
FAB-W5073,EXPORT,CH03,9100
FAB-W5074,DOMESTIC,CH04,6100
FAB-W5075,EXPORT,CH01,7100
FAB-W5076,DOMESTIC,CH02,9100
FAB-W5077,EXPORT,CH03,6100
FAB-W5078,DOMESTIC,CH04,7100
FAB-W5079,EXPORT,CH01,9100
FAB-W5080,DOMESTIC,CH02,6100
FAB-W5081,EXPORT,CH03,7100
FAB-W5082,DOMESTIC,CH04,9100
FAB-W5083,EXPORT,CH01,6100
FAB-W5084,DOMESTIC,CH02,7100
FAB-W5085,EXPORT,CH03,9100
FAB-W5086,DOMESTIC,CH04,6100
FAB-W5087,EXPORT,CH01,7100
FAB-W5088,DOMESTIC,CH02,9100
FAB-W5089,EXPORT,CH03,6100
FAB-W5090,DOMESTIC,CH04,7100
FAB-W5091,EXPORT,CH01,9100
FAB-W5092,DOMESTIC,CH02,6100
FAB-W5093,EXPORT,CH03,7100
FAB-W5094,DOMESTIC,CH04,9100
FAB-W5095,EXPORT,CH01,6100
FAB-W5096,DOMESTIC,CH02,7100
FAB-W5097,EXPORT,CH03,9100
FAB-W5098,DOMESTIC,CH04,6100
FAB-W5099,EXPORT,CH01,7100
FAB-W5100,DOMESTIC,CH02,9100
FAB-W5101,EXPORT,CH03,6100
FAB-W5102,DOMESTIC,CH04,7100
FAB-W5103,EXPORT,CH01,9100
FAB-W5104,DOMESTIC,CH02,6100
FAB-W5105,EXPORT,CH03,7100
FAB-W5106,DOMESTIC,CH04,9100
FAB-W5107,EXPORT,CH01,6100
FAB-W5108,DOMESTIC,CH02,7100
FAB-W5109,EXPORT,CH03,9100
FAB-W5110,DOMESTIC,CH04,6100
FAB-W5111,EXPORT,CH01,7100
FAB-W5112,DOMESTIC,CH02,9100
FAB-W5113,EXPORT,CH03,6100
FAB-W5114,DOMESTIC,CH04,7100
FAB-W5115,EXPORT,CH01,9100
FAB-W5116,DOMESTIC,CH02,6100
FAB-W5117,EXPORT,CH03,7100
FAB-W5118,DOMESTIC,CH04,9100
FAB-W5119,EXPORT,CH01,6100
FAB-W5120,DOMESTIC,CH02,7100
FAB-W5121,EXPORT,CH03,9100
FAB-W5122,DOMESTIC,CH04,6100
FAB-W5123,EXPORT,CH01,7100
FAB-W5124,DOMESTIC,CH02,9100
FAB-W5125,EXPORT,CH03,6100
FAB-W5126,DOMESTIC,CH04,7100
FAB-W5127,EXPORT,CH01,9100
FAB-W5128,DOMESTIC,CH02,6100
FAB-W5129,EXPORT,CH03,7100
FAB-W5130,DOMESTIC,CH04,9100
FAB-W5131,EXPORT,CH01,6100
FAB-W5132,DOMESTIC,CH02,7100
FAB-W5133,EXPORT,CH03,9100
FAB-W5134,DOMESTIC,CH04,6100
FAB-W5135,EXPORT,CH01,7100
FAB-W5136,DOMESTIC,CH02,9100
FAB-W5137,EXPORT,CH03,6100
FAB-W5138,DOMESTIC,CH04,7100
FAB-W5139,EXPORT,CH01,9100
FAB-W5140,DOMESTIC,CH02,6100
FAB-W5141,EXPORT,CH03,7100
FAB-W5142,DOMESTIC,CH04,9100
FAB-W5143,EXPORT,CH01,6100
FAB-W5144,DOMESTIC,CH02,7100
FAB-W5145,EXPORT,CH03,9100
FAB-W5146,DOMESTIC,CH04,6100
FAB-W5147,EXPORT,CH01,7100
FAB-W5148,DOMESTIC,CH02,9100
FAB-W5149,EXPORT,CH03,6100
FAB-W5150,DOMESTIC,CH04,7100
FAB-W5151,EXPORT,CH01,9100
FAB-W5152,DOMESTIC,CH02,6100
FAB-W5153,EXPORT,CH03,7100
FAB-W5154,DOMESTIC,CH04,9100
FAB-W5155,EXPORT,CH01,6100
FAB-W5156,DOMESTIC,CH02,7100
FAB-W5157,EXPORT,CH03,9100
FAB-W5158,DOMESTIC,CH04,6100
FAB-W5159,EXPORT,CH01,7100
FAB-W5160,DOMESTIC,CH02,9100
FAB-W5161,EXPORT,CH03,6100
FAB-W5162,DOMESTIC,CH04,7100
FAB-W5163,EXPORT,CH01,9100
FAB-W5164,DOMESTIC,CH02,6100
FAB-W5165,EXPORT,CH03,7100
FAB-W5166,DOMESTIC,CH04,9100
FAB-W5167,EXPORT,CH01,6100
FAB-W5168,DOMESTIC,CH02,7100
FAB-W5169,EXPORT,CH03,9100
FAB-W5170,DOMESTIC,CH04,6100
FAB-W5171,EXPORT,CH01,7100
FAB-W5172,DOMESTIC,CH02,9100
FAB-W5173,EXPORT,CH03,6100
FAB-W5174,DOMESTIC,CH04,7100
FAB-W5175,EXPORT,CH01,9100
FAB-W5176,DOMESTIC,CH02,6100
FAB-W5177,EXPORT,CH03,7100
FAB-W5178,DOMESTIC,CH04,9100
FAB-W5179,EXPORT,CH01,6100
FAB-W5180,DOMESTIC,CH02,7100
FAB-W5181,EXPORT,CH03,9100
FAB-W5182,DOMESTIC,CH04,6100
FAB-W5183,EXPORT,CH01,7100
FAB-W5184,DOMESTIC,CH02,9100
FAB-W5185,EXPORT,CH03,6100
FAB-W5186,DOMESTIC,CH04,7100
FAB-W5187,EXPORT,CH01,9100
FAB-W5188,DOMESTIC,CH02,6100
FAB-W5189,EXPORT,CH03,7100
FAB-W5190,DOMESTIC,CH04,9100
FAB-W5191,EXPORT,CH01,6100
FAB-W5192,DOMESTIC,CH02,7100
FAB-W5193,EXPORT,CH03,9100
FAB-W5194,DOMESTIC,CH04,6100
FAB-W5195,EXPORT,CH01,7100
FAB-W5196,DOMESTIC,CH02,9100
FAB-W5197,EXPORT,CH03,6100
FAB-W5198,DOMESTIC,CH04,7100
FAB-W5199,EXPORT,CH01,9100
FAB-W5200,DOMESTIC,CH02,6100
FAB-W5201,EXPORT,CH03,7100
FAB-W5202,DOMESTIC,CH04,9100
FAB-W5203,EXPORT,CH01,6100
FAB-W5204,DOMESTIC,CH02,7100
FAB-W5205,EXPORT,CH03,9100
FAB-W5206,DOMESTIC,CH04,6100
