fabric_code,loom_code,component_code
FAB-W001,LC-1001,Y-CTN-001
FAB-W002,LC-1002,Y-PLY-002
FAB-W003,LC-2001,Y-SLK-003
FAB-W004,LC-2002,Y-CTN-004
FAB-W005,LC-3001,Y-LNN-005
FAB-W006,LC-3002,Y-PLY-006
FAB-W001,LC-1001,C-WVN-007
FAB-W0007,LC-4001,Y-GEN-1000
FAB-W0008,LC-4002,Y-GEN-1001
FAB-W0009,LC-4003,Y-GEN-1002
FAB-W0010,LC-4004,Y-GEN-1003
FAB-W0011,LC-4005,Y-GEN-1004
FAB-W0012,LC-4006,Y-GEN-1005
FAB-W0013,LC-4007,Y-GEN-1006
FAB-W0014,LC-4008,Y-GEN-1007
FAB-W0015,LC-4009,Y-GEN-1008
FAB-W0016,LC-4010,Y-GEN-1009
FAB-W0017,LC-4011,Y-GEN-1010
FAB-W0018,LC-4012,Y-GEN-1011
FAB-W0019,LC-4013,Y-GEN-1012
FAB-W0020,LC-4014,Y-GEN-1013
FAB-W0021,LC-4015,Y-GEN-1014
FAB-W0022,LC-4016,Y-GEN-1015
FAB-W0023,LC-4017,Y-GEN-1016
FAB-W0024,LC-4018,Y-GEN-1017
FAB-W0025,LC-4019,Y-GEN-1018
FAB-W0026,LC-4020,Y-GEN-1019
FAB-W0027,LC-4021,Y-GEN-1020
FAB-W0028,LC-4022,Y-GEN-1021
FAB-W0029,LC-4023,Y-GEN-1022
FAB-W0030,LC-4024,Y-GEN-1023
FAB-W0031,LC-4025,Y-GEN-1024
FAB-W0032,LC-4026,Y-GEN-1025
FAB-W0033,LC-4027,Y-GEN-1026
FAB-W0034,LC-4028,Y-GEN-1027
FAB-W0035,LC-4029,Y-GEN-1028
FAB-W0036,LC-4030,Y-GEN-1029
FAB-W0037,LC-4031,Y-GEN-1030
FAB-W0038,LC-4032,Y-GEN-1031
FAB-W0039,LC-4033,Y-GEN-1032
FAB-W0040,LC-4034,Y-GEN-1033
FAB-W0041,LC-4035,Y-GEN-1034
FAB-W0042,LC-4036,Y-GEN-1035
FAB-W0043,LC-4037,Y-GEN-1036
FAB-W0044,LC-4038,Y-GEN-1037
FAB-W0045,LC-4039,Y-GEN-1038
FAB-W0046,LC-4040,Y-GEN-1039
FAB-W0047,LC-4041,Y-GEN-1040
FAB-W0048,LC-4042,Y-GEN-1041
FAB-W0049,LC-4043,Y-GEN-1042
FAB-W0050,LC-4044,Y-GEN-1043
FAB-W0051,LC-4045,Y-GEN-1044
FAB-W0052,LC-4046,Y-GEN-1045
FAB-W0053,LC-4047,Y-GEN-1046
FAB-W0054,LC-4048,Y-GEN-1047
FAB-W0055,LC-4049,Y-GEN-1048
FAB-W0056,LC-4050,Y-GEN-1049
FAB-W0057,LC-4051,Y-GEN-1050
FAB-W0058,LC-4052,Y-GEN-1051
FAB-W0059,LC-4053,Y-GEN-1052
FAB-W0060,LC-4054,Y-GEN-1053
FAB-W0061,LC-4055,Y-GEN-1054
FAB-W0062,LC-4056,Y-GEN-1055
FAB-W0063,LC-4057,Y-GEN-1056
FAB-W0064,LC-4058,Y-GEN-1057
FAB-W0065,LC-4059,Y-GEN-1058
FAB-W0066,LC-4060,Y-GEN-1059
FAB-W0067,LC-4061,Y-GEN-1060
FAB-W0068,LC-4062,Y-GEN-1061
FAB-W0069,LC-4063,Y-GEN-1062
FAB-W0070,LC-4064,Y-GEN-1063
FAB-W0071,LC-4065,Y-GEN-1064
FAB-W0072,LC-4066,Y-GEN-1065
FAB-W0073,LC-4067,Y-GEN-1066
FAB-W0074,LC-4068,Y-GEN-1067
FAB-W0075,LC-4069,Y-GEN-1068
FAB-W0076,LC-4070,Y-GEN-1069
FAB-W0077,LC-4071,Y-GEN-1070
FAB-W0078,LC-4072,Y-GEN-1071
FAB-W0079,LC-4073,Y-GEN-1072
FAB-W0080,LC-4074,Y-GEN-1073
FAB-W0081,LC-4075,Y-GEN-1074
FAB-W0082,LC-4076,Y-GEN-1075
FAB-W0083,LC-4077,Y-GEN-1076
FAB-W0084,LC-4078,Y-GEN-1077
FAB-W0085,LC-4079,Y-GEN-1078
FAB-W0086,LC-4080,Y-GEN-1079
FAB-W0087,LC-4081,Y-GEN-1080
FAB-W0088,LC-4082,Y-GEN-1081
FAB-W0089,LC-4083,Y-GEN-1082
FAB-W0090,LC-4084,Y-GEN-1083
FAB-W0091,LC-4085,Y-GEN-1084
FAB-W0092,LC-4086,Y-GEN-1085
FAB-W0093,LC-4087,Y-GEN-1086
FAB-W0094,LC-4088,Y-GEN-1087
FAB-W0095,LC-4089,Y-GEN-1088
FAB-W0096,LC-4090,Y-GEN-1089
FAB-W0097,LC-4091,Y-GEN-1090
FAB-W0098,LC-4092,Y-GEN-1091
FAB-W0099,LC-4093,Y-GEN-1092
FAB-W0100,LC-4094,Y-GEN-1093
FAB-W0101,LC-4095,Y-GEN-1094
FAB-W0102,LC-4096,Y-GEN-1095
FAB-W0103,LC-4097,Y-GEN-1096
FAB-W0104,LC-4098,Y-GEN-1097
FAB-W0105,LC-4099,Y-GEN-1098
FAB-W0106,LC-4100,Y-GEN-1099
FAB-W0107,LC-4101,Y-GEN-1100
FAB-W0108,LC-4102,Y-GEN-1101
FAB-W0109,LC-4103,Y-GEN-1102
FAB-W0110,LC-4104,Y-GEN-1103
FAB-W0111,LC-4105,Y-GEN-1104
FAB-W0112,LC-4106,Y-GEN-1105
FAB-W0113,LC-4107,Y-GEN-1106
FAB-W0114,LC-4108,Y-GEN-1107
FAB-W0115,LC-4109,Y-GEN-1108
FAB-W0116,LC-4110,Y-GEN-1109
FAB-W0117,LC-4111,Y-GEN-1110
FAB-W0118,LC-4112,Y-GEN-1111
FAB-W0119,LC-4113,Y-GEN-1112
FAB-W0120,LC-4114,Y-GEN-1113
FAB-W0121,LC-4115,Y-GEN-1114
FAB-W0122,LC-4116,Y-GEN-1115
FAB-W0123,LC-4117,Y-GEN-1116
FAB-W0124,LC-4118,Y-GEN-1117
FAB-W0125,LC-4119,Y-GEN-1118
FAB-W0126,LC-4120,Y-GEN-1119
FAB-W0127,LC-4121,Y-GEN-1120
FAB-W0128,LC-4122,Y-GEN-1121
FAB-W0129,LC-4123,Y-GEN-1122
FAB-W0130,LC-4124,Y-GEN-1123
FAB-W0131,LC-4125,Y-GEN-1124
FAB-W0132,LC-4126,Y-GEN-1125
FAB-W0133,LC-4127,Y-GEN-1126
FAB-W0134,LC-4128,Y-GEN-1127
FAB-W0135,LC-4129,Y-GEN-1128
FAB-W0136,LC-4130,Y-GEN-1129
FAB-W0137,LC-4131,Y-GEN-1130
FAB-W0138,LC-4132,Y-GEN-1131
FAB-W0139,LC-4133,Y-GEN-1132
FAB-W0140,LC-4134,Y-GEN-1133
FAB-W0141,LC-4135,Y-GEN-1134
FAB-W0142,LC-4136,Y-GEN-1135
FAB-W0143,LC-4137,Y-GEN-1136
FAB-W0144,LC-4138,Y-GEN-1137
FAB-W0145,LC-4139,Y-GEN-1138
FAB-W0146,LC-4140,Y-GEN-1139
FAB-W0147,LC-4141,Y-GEN-1140
FAB-W0148,LC-4142,Y-GEN-1141
FAB-W0149,LC-4143,Y-GEN-1142
FAB-W0150,LC-4144,Y-GEN-1143
FAB-W0151,LC-4145,Y-GEN-1144
FAB-W0152,LC-4146,Y-GEN-1145
FAB-W0153,LC-4147,Y-GEN-1146
FAB-W0154,LC-4148,Y-GEN-1147
FAB-W0155,LC-4149,Y-GEN-1148
FAB-W0156,LC-4150,Y-GEN-1149
FAB-W0157,LC-4151,Y-GEN-1150
FAB-W0158,LC-4152,Y-GEN-1151
FAB-W0159,LC-4153,Y-GEN-1152
FAB-W0160,LC-4154,Y-GEN-1153
FAB-W0161,LC-4155,Y-GEN-1154
FAB-W0162,LC-4156,Y-GEN-1155
FAB-W0163,LC-4157,Y-GEN-1156
FAB-W0164,LC-4158,Y-GEN-1157
FAB-W0165,LC-4159,Y-GEN-1158
FAB-W0166,LC-4160,Y-GEN-1159
FAB-W0167,LC-4161,Y-GEN-1160
FAB-W0168,LC-4162,Y-GEN-1161
FAB-W0169,LC-4163,Y-GEN-1162
FAB-W0170,LC-4164,Y-GEN-1163
FAB-W0171,LC-4165,Y-GEN-1164
FAB-W0172,LC-4166,Y-GEN-1165
FAB-W0173,LC-4167,Y-GEN-1166
FAB-W0174,LC-4168,Y-GEN-1167
FAB-W0175,LC-4169,Y-GEN-1168
FAB-W0176,LC-4170,Y-GEN-1169
FAB-W0177,LC-4171,Y-GEN-1170
FAB-W0178,LC-4172,Y-GEN-1171
FAB-W0179,LC-4173,Y-GEN-1172
FAB-W0180,LC-4174,Y-GEN-1173
FAB-W0181,LC-4175,Y-GEN-1174
FAB-W0182,LC-4176,Y-GEN-1175
FAB-W0183,LC-4177,Y-GEN-1176
FAB-W0184,LC-4178,Y-GEN-1177
FAB-W0185,LC-4179,Y-GEN-1178
FAB-W0186,LC-4180,Y-GEN-1179
FAB-W0187,LC-4181,Y-GEN-1180
FAB-W0188,LC-4182,Y-GEN-1181
FAB-W0189,LC-4183,Y-GEN-1182
FAB-W0190,LC-4184,Y-GEN-1183
FAB-W0191,LC-4185,Y-GEN-1184
FAB-W0192,LC-4186,Y-GEN-1185
FAB-W0193,LC-4187,Y-GEN-1186
FAB-W0194,LC-4188,Y-GEN-1187
FAB-W0195,LC-4189,Y-GEN-1188
FAB-W0196,LC-4190,Y-GEN-1189
FAB-W0197,LC-4191,Y-GEN-1190
FAB-W0198,LC-4192,Y-GEN-1191
FAB-W0199,LC-4193,Y-GEN-1192
FAB-W0200,LC-4194,Y-GEN-1193
FAB-W0201,LC-4195,Y-GEN-1194
FAB-W0202,LC-4196,Y-GEN-1195
FAB-W0203,LC-4197,Y-GEN-1196
FAB-W0204,LC-4198,Y-GEN-1197
FAB-W0205,LC-4199,Y-GEN-1198
FAB-W0206,LC-4200,Y-GEN-1199
FAB-W0207,LC-4201,Y-GEN-1200
FAB-W0208,LC-4202,Y-GEN-1201
FAB-W0209,LC-4203,Y-GEN-1202
FAB-W0210,LC-4204,Y-GEN-1203
FAB-W0211,LC-4205,Y-GEN-1204
FAB-W0212,LC-4206,Y-GEN-1205
FAB-W0213,LC-4207,Y-GEN-1206
FAB-W0214,LC-4208,Y-GEN-1207
FAB-W0215,LC-4209,Y-GEN-1208
FAB-W0216,LC-4210,Y-GEN-1209
FAB-W0217,LC-4211,Y-GEN-1210
FAB-W0218,LC-4212,Y-GEN-1211
FAB-W0219,LC-4213,Y-GEN-1212
FAB-W0220,LC-4214,Y-GEN-1213
FAB-W0221,LC-4215,Y-GEN-1214
FAB-W0222,LC-4216,Y-GEN-1215
FAB-W0223,LC-4217,Y-GEN-1216
FAB-W0224,LC-4218,Y-GEN-1217
FAB-W0225,LC-4219,Y-GEN-1218
FAB-W0226,LC-4220,Y-GEN-1219
FAB-W0227,LC-4221,Y-GEN-1220
FAB-W0228,LC-4222,Y-GEN-1221
FAB-W0229,LC-4223,Y-GEN-1222
FAB-W0230,LC-4224,Y-GEN-1223
FAB-W0231,LC-4225,Y-GEN-1224
FAB-W0232,LC-4226,Y-GEN-1225
FAB-W0233,LC-4227,Y-GEN-1226
FAB-W0234,LC-4228,Y-GEN-1227
FAB-W0235,LC-4229,Y-GEN-1228
FAB-W0236,LC-4230,Y-GEN-1229
FAB-W0237,LC-4231,Y-GEN-1230
FAB-W0238,LC-4232,Y-GEN-1231
FAB-W0239,LC-4233,Y-GEN-1232
FAB-W0240,LC-4234,Y-GEN-1233
FAB-W0241,LC-4235,Y-GEN-1234
FAB-W0242,LC-4236,Y-GEN-1235
FAB-W0243,LC-4237,Y-GEN-1236
FAB-W0244,LC-4238,Y-GEN-1237
FAB-W0245,LC-4239,Y-GEN-1238
FAB-W0246,LC-4240,Y-GEN-1239
FAB-W0247,LC-4241,Y-GEN-1240
FAB-W0248,LC-4242,Y-GEN-1241
FAB-W0249,LC-4243,Y-GEN-1242
FAB-W0250,LC-4244,Y-GEN-1243
FAB-W0251,LC-4245,Y-GEN-1244
FAB-W0252,LC-4246,Y-GEN-1245
FAB-W0253,LC-4247,Y-GEN-1246
FAB-W0254,LC-4248,Y-GEN-1247
FAB-W0255,LC-4249,Y-GEN-1248
FAB-W0256,LC-4250,Y-GEN-1249
FAB-W0257,LC-4251,Y-GEN-1250
FAB-W0258,LC-4252,Y-GEN-1251
FAB-W0259,LC-4253,Y-GEN-1252
FAB-W0260,LC-4254,Y-GEN-1253
FAB-W0261,LC-4255,Y-GEN-1254
FAB-W0262,LC-4256,Y-GEN-1255
FAB-W0263,LC-4257,Y-GEN-1256
FAB-W0264,LC-4258,Y-GEN-1257
FAB-W0265,LC-4259,Y-GEN-1258
FAB-W0266,LC-4260,Y-GEN-1259
FAB-W0267,LC-4261,Y-GEN-1260
FAB-W0268,LC-4262,Y-GEN-1261
FAB-W0269,LC-4263,Y-GEN-1262
FAB-W0270,LC-4264,Y-GEN-1263
FAB-W0271,LC-4265,Y-GEN-1264
FAB-W0272,LC-4266,Y-GEN-1265
FAB-W0273,LC-4267,Y-GEN-1266
FAB-W0274,LC-4268,Y-GEN-1267
FAB-W0275,LC-4269,Y-GEN-1268
FAB-W0276,LC-4270,Y-GEN-1269
FAB-W0277,LC-4271,Y-GEN-1270
FAB-W0278,LC-4272,Y-GEN-1271
FAB-W0279,LC-4273,Y-GEN-1272
FAB-W0280,LC-4274,Y-GEN-1273
FAB-W0281,LC-4275,Y-GEN-1274
FAB-W0282,LC-4276,Y-GEN-1275
FAB-W0283,LC-4277,Y-GEN-1276
FAB-W0284,LC-4278,Y-GEN-1277
FAB-W0285,LC-4279,Y-GEN-1278
FAB-W0286,LC-4280,Y-GEN-1279
FAB-W0287,LC-4281,Y-GEN-1280
FAB-W0288,LC-4282,Y-GEN-1281
FAB-W0289,LC-4283,Y-GEN-1282
FAB-W0290,LC-4284,Y-GEN-1283
FAB-W0291,LC-4285,Y-GEN-1284
FAB-W0292,LC-4286,Y-GEN-1285
FAB-W0293,LC-4287,Y-GEN-1286
FAB-W0294,LC-4288,Y-GEN-1287
FAB-W0295,LC-4289,Y-GEN-1288
FAB-W0296,LC-4290,Y-GEN-1289
FAB-W0297,LC-4291,Y-GEN-1290
FAB-W0298,LC-4292,Y-GEN-1291
FAB-W0299,LC-4293,Y-GEN-1292
FAB-W0300,LC-4294,Y-GEN-1293
FAB-W0301,LC-4295,Y-GEN-1294
FAB-W0302,LC-4296,Y-GEN-1295
FAB-W0303,LC-4297,Y-GEN-1296
FAB-W0304,LC-4298,Y-GEN-1297
FAB-W0305,LC-4299,Y-GEN-1298
FAB-W0306,LC-4300,Y-GEN-1299
FAB-W0307,LC-4301,Y-GEN-1300
FAB-W0308,LC-4302,Y-GEN-1301
FAB-W0309,LC-4303,Y-GEN-1302
FAB-W0310,LC-4304,Y-GEN-1303
FAB-W0311,LC-4305,Y-GEN-1304
FAB-W0312,LC-4306,Y-GEN-1305
FAB-W0313,LC-4307,Y-GEN-1306
FAB-W0314,LC-4308,Y-GEN-1307
FAB-W0315,LC-4309,Y-GEN-1308
FAB-W0316,LC-4310,Y-GEN-1309
FAB-W0317,LC-4311,Y-GEN-1310
FAB-W0318,LC-4312,Y-GEN-1311
FAB-W0319,LC-4313,Y-GEN-1312
FAB-W0320,LC-4314,Y-GEN-1313
FAB-W0321,LC-4315,Y-GEN-1314
FAB-W0322,LC-4316,Y-GEN-1315
FAB-W0323,LC-4317,Y-GEN-1316
FAB-W0324,LC-4318,Y-GEN-1317
FAB-W0325,LC-4319,Y-GEN-1318
FAB-W0326,LC-4320,Y-GEN-1319
FAB-W0327,LC-4321,Y-GEN-1320
FAB-W0328,LC-4322,Y-GEN-1321
FAB-W0329,LC-4323,Y-GEN-1322
FAB-W0330,LC-4324,Y-GEN-1323
FAB-W0331,LC-4325,Y-GEN-1324
FAB-W0332,LC-4326,Y-GEN-1325
FAB-W0333,LC-4327,Y-GEN-1326
FAB-W0334,LC-4328,Y-GEN-1327
FAB-W0335,LC-4329,Y-GEN-1328
FAB-W0336,LC-4330,Y-GEN-1329
FAB-W0337,LC-4331,Y-GEN-1330
FAB-W0338,LC-4332,Y-GEN-1331
FAB-W0339,LC-4333,Y-GEN-1332
FAB-W0340,LC-4334,Y-GEN-1333
FAB-W0341,LC-4335,Y-GEN-1334
FAB-W0342,LC-4336,Y-GEN-1335
FAB-W0343,LC-4337,Y-GEN-1336
FAB-W0344,LC-4338,Y-GEN-1337
FAB-W0345,LC-4339,Y-GEN-1338
FAB-W0346,LC-4340,Y-GEN-1339
FAB-W0347,LC-4341,Y-GEN-1340
FAB-W0348,LC-4342,Y-GEN-1341
FAB-W0349,LC-4343,Y-GEN-1342
FAB-W0350,LC-4344,Y-GEN-1343
FAB-W0351,LC-4345,Y-GEN-1344
FAB-W0352,LC-4346,Y-GEN-1345
FAB-W0353,LC-4347,Y-GEN-1346
FAB-W0354,LC-4348,Y-GEN-1347
FAB-W0355,LC-4349,Y-GEN-1348
FAB-W0356,LC-4350,Y-GEN-1349
FAB-W0357,LC-4351,Y-GEN-1350
FAB-W0358,LC-4352,Y-GEN-1351
FAB-W0359,LC-4353,Y-GEN-1352
FAB-W0360,LC-4354,Y-GEN-1353
FAB-W0361,LC-4355,Y-GEN-1354
FAB-W0362,LC-4356,Y-GEN-1355
FAB-W0363,LC-4357,Y-GEN-1356
FAB-W0364,LC-4358,Y-GEN-1357
FAB-W0365,LC-4359,Y-GEN-1358
FAB-W0366,LC-4360,Y-GEN-1359
FAB-W0367,LC-4361,Y-GEN-1360
FAB-W0368,LC-4362,Y-GEN-1361
FAB-W0369,LC-4363,Y-GEN-1362
FAB-W0370,LC-4364,Y-GEN-1363
FAB-W0371,LC-4365,Y-GEN-1364
FAB-W0372,LC-4366,Y-GEN-1365
FAB-W0373,LC-4367,Y-GEN-1366
FAB-W0374,LC-4368,Y-GEN-1367
FAB-W0375,LC-4369,Y-GEN-1368
FAB-W0376,LC-4370,Y-GEN-1369
FAB-W0377,LC-4371,Y-GEN-1370
FAB-W0378,LC-4372,Y-GEN-1371
FAB-W0379,LC-4373,Y-GEN-1372
FAB-W0380,LC-4374,Y-GEN-1373
FAB-W0381,LC-4375,Y-GEN-1374
FAB-W0382,LC-4376,Y-GEN-1375
FAB-W0383,LC-4377,Y-GEN-1376
FAB-W0384,LC-4378,Y-GEN-1377
FAB-W0385,LC-4379,Y-GEN-1378
FAB-W0386,LC-4380,Y-GEN-1379
FAB-W0387,LC-4381,Y-GEN-1380
FAB-W0388,LC-4382,Y-GEN-1381
FAB-W0389,LC-4383,Y-GEN-1382
FAB-W0390,LC-4384,Y-GEN-1383
FAB-W0391,LC-4385,Y-GEN-1384
FAB-W0392,LC-4386,Y-GEN-1385
FAB-W0393,LC-4387,Y-GEN-1386
FAB-W0394,LC-4388,Y-GEN-1387
FAB-W0395,LC-4389,Y-GEN-1388
FAB-W0396,LC-4390,Y-GEN-1389
FAB-W0397,LC-4391,Y-GEN-1390
FAB-W0398,LC-4392,Y-GEN-1391
FAB-W0399,LC-4393,Y-GEN-1392
FAB-W0400,LC-4394,Y-GEN-1393
FAB-W0401,LC-4395,Y-GEN-1394
FAB-W0402,LC-4396,Y-GEN-1395
FAB-W0403,LC-4397,Y-GEN-1396
FAB-W0404,LC-4398,Y-GEN-1397
FAB-W0405,LC-4399,Y-GEN-1398
FAB-W0406,LC-4400,Y-GEN-1399
FAB-W0407,LC-4401,Y-GEN-1400
FAB-W0408,LC-4402,Y-GEN-1401
FAB-W0409,LC-4403,Y-GEN-1402
FAB-W0410,LC-4404,Y-GEN-1403
FAB-W0411,LC-4405,Y-GEN-1404
FAB-W0412,LC-4406,Y-GEN-1405
FAB-W0413,LC-4407,Y-GEN-1406
FAB-W0414,LC-4408,Y-GEN-1407
FAB-W0415,LC-4409,Y-GEN-1408
FAB-W0416,LC-4410,Y-GEN-1409
FAB-W0417,LC-4411,Y-GEN-1410
FAB-W0418,LC-4412,Y-GEN-1411
FAB-W0419,LC-4413,Y-GEN-1412
FAB-W0420,LC-4414,Y-GEN-1413
FAB-W0421,LC-4415,Y-GEN-1414
FAB-W0422,LC-4416,Y-GEN-1415
FAB-W0423,LC-4417,Y-GEN-1416
FAB-W0424,LC-4418,Y-GEN-1417
FAB-W0425,LC-4419,Y-GEN-1418
FAB-W0426,LC-4420,Y-GEN-1419
FAB-W0427,LC-4421,Y-GEN-1420
FAB-W0428,LC-4422,Y-GEN-1421
FAB-W0429,LC-4423,Y-GEN-1422
FAB-W0430,LC-4424,Y-GEN-1423
FAB-W0431,LC-4425,Y-GEN-1424
FAB-W0432,LC-4426,Y-GEN-1425
FAB-W0433,LC-4427,Y-GEN-1426
FAB-W0434,LC-4428,Y-GEN-1427
FAB-W0435,LC-4429,Y-GEN-1428
FAB-W0436,LC-4430,Y-GEN-1429
FAB-W0437,LC-4431,Y-GEN-1430
FAB-W0438,LC-4432,Y-GEN-1431
FAB-W0439,LC-4433,Y-GEN-1432
FAB-W0440,LC-4434,Y-GEN-1433
FAB-W0441,LC-4435,Y-GEN-1434
FAB-W0442,LC-4436,Y-GEN-1435
FAB-W0443,LC-4437,Y-GEN-1436
FAB-W0444,LC-4438,Y-GEN-1437
FAB-W0445,LC-4439,Y-GEN-1438
FAB-W0446,LC-4440,Y-GEN-1439
FAB-W0447,LC-4441,Y-GEN-1440
FAB-W0448,LC-4442,Y-GEN-1441
FAB-W0449,LC-4443,Y-GEN-1442
FAB-W0450,LC-4444,Y-GEN-1443
FAB-W0451,LC-4445,Y-GEN-1444
FAB-W0452,LC-4446,Y-GEN-1445
FAB-W0453,LC-4447,Y-GEN-1446
FAB-W0454,LC-4448,Y-GEN-1447
FAB-W0455,LC-4449,Y-GEN-1448
FAB-W0456,LC-4450,Y-GEN-1449
FAB-W0457,LC-4451,Y-GEN-1450
FAB-W0458,LC-4452,Y-GEN-1451
FAB-W0459,LC-4453,Y-GEN-1452
FAB-W0460,LC-4454,Y-GEN-1453
FAB-W0461,LC-4455,Y-GEN-1454
FAB-W0462,LC-4456,Y-GEN-1455
FAB-W0463,LC-4457,Y-GEN-1456
FAB-W0464,LC-4458,Y-GEN-1457
FAB-W0465,LC-4459,Y-GEN-1458
FAB-W0466,LC-4460,Y-GEN-1459
FAB-W0467,LC-4461,Y-GEN-1460
FAB-W0468,LC-4462,Y-GEN-1461
FAB-W0469,LC-4463,Y-GEN-1462
FAB-W0470,LC-4464,Y-GEN-1463
FAB-W0471,LC-4465,Y-GEN-1464
FAB-W0472,LC-4466,Y-GEN-1465
FAB-W0473,LC-4467,Y-GEN-1466
FAB-W0474,LC-4468,Y-GEN-1467
FAB-W0475,LC-4469,Y-GEN-1468
FAB-W0476,LC-4470,Y-GEN-1469
FAB-W0477,LC-4471,Y-GEN-1470
FAB-W0478,LC-4472,Y-GEN-1471
FAB-W0479,LC-4473,Y-GEN-1472
FAB-W0480,LC-4474,Y-GEN-1473
FAB-W0481,LC-4475,Y-GEN-1474
FAB-W0482,LC-4476,Y-GEN-1475
FAB-W0483,LC-4477,Y-GEN-1476
FAB-W0484,LC-4478,Y-GEN-1477
FAB-W0485,LC-4479,Y-GEN-1478
FAB-W0486,LC-4480,Y-GEN-1479
FAB-W0487,LC-4481,Y-GEN-1480
FAB-W0488,LC-4482,Y-GEN-1481
FAB-W0489,LC-4483,Y-GEN-1482
FAB-W0490,LC-4484,Y-GEN-1483
FAB-W0491,LC-4485,Y-GEN-1484
FAB-W0492,LC-4486,Y-GEN-1485
FAB-W0493,LC-4487,Y-GEN-1486
FAB-W0494,LC-4488,Y-GEN-1487
FAB-W0495,LC-4489,Y-GEN-1488
FAB-W0496,LC-4490,Y-GEN-1489
FAB-W0497,LC-4491,Y-GEN-1490
FAB-W0498,LC-4492,Y-GEN-1491
FAB-W0499,LC-4493,Y-GEN-1492
FAB-W0500,LC-4494,Y-GEN-1493
FAB-W0501,LC-4495,Y-GEN-1494
FAB-W0502,LC-4496,Y-GEN-1495
FAB-W0503,LC-4497,Y-GEN-1496
FAB-W0504,LC-4498,Y-GEN-1497
FAB-W0505,LC-4499,Y-GEN-1498
FAB-W0506,LC-4500,Y-GEN-1499
FAB-W0507,LC-4501,Y-GEN-1500
FAB-W0508,LC-4502,Y-GEN-1501
FAB-W0509,LC-4503,Y-GEN-1502
FAB-W0510,LC-4504,Y-GEN-1503
FAB-W0511,LC-4505,Y-GEN-1504
FAB-W0512,LC-4506,Y-GEN-1505
FAB-W0513,LC-4507,Y-GEN-1506
FAB-W0514,LC-4508,Y-GEN-1507
FAB-W0515,LC-4509,Y-GEN-1508
FAB-W0516,LC-4510,Y-GEN-1509
FAB-W0517,LC-4511,Y-GEN-1510
FAB-W0518,LC-4512,Y-GEN-1511
FAB-W0519,LC-4513,Y-GEN-1512
FAB-W0520,LC-4514,Y-GEN-1513
FAB-W0521,LC-4515,Y-GEN-1514
FAB-W0522,LC-4516,Y-GEN-1515
FAB-W0523,LC-4517,Y-GEN-1516
FAB-W0524,LC-4518,Y-GEN-1517
FAB-W0525,LC-4519,Y-GEN-1518
FAB-W0526,LC-4520,Y-GEN-1519
FAB-W0527,LC-4521,Y-GEN-1520
FAB-W0528,LC-4522,Y-GEN-1521
FAB-W0529,LC-4523,Y-GEN-1522
FAB-W0530,LC-4524,Y-GEN-1523
FAB-W0531,LC-4525,Y-GEN-1524
FAB-W0532,LC-4526,Y-GEN-1525
FAB-W0533,LC-4527,Y-GEN-1526
FAB-W0534,LC-4528,Y-GEN-1527
FAB-W0535,LC-4529,Y-GEN-1528
FAB-W0536,LC-4530,Y-GEN-1529
FAB-W0537,LC-4531,Y-GEN-1530
FAB-W0538,LC-4532,Y-GEN-1531
FAB-W0539,LC-4533,Y-GEN-1532
FAB-W0540,LC-4534,Y-GEN-1533
FAB-W0541,LC-4535,Y-GEN-1534
FAB-W0542,LC-4536,Y-GEN-1535
FAB-W0543,LC-4537,Y-GEN-1536
FAB-W0544,LC-4538,Y-GEN-1537
FAB-W0545,LC-4539,Y-GEN-1538
FAB-W0546,LC-4540,Y-GEN-1539
FAB-W0547,LC-4541,Y-GEN-1540
FAB-W0548,LC-4542,Y-GEN-1541
FAB-W0549,LC-4543,Y-GEN-1542
FAB-W0550,LC-4544,Y-GEN-1543
FAB-W0551,LC-4545,Y-GEN-1544
FAB-W0552,LC-4546,Y-GEN-1545
FAB-W0553,LC-4547,Y-GEN-1546
FAB-W0554,LC-4548,Y-GEN-1547
FAB-W0555,LC-4549,Y-GEN-1548
FAB-W0556,LC-4550,Y-GEN-1549
FAB-W0557,LC-4551,Y-GEN-1550
FAB-W0558,LC-4552,Y-GEN-1551
FAB-W0559,LC-4553,Y-GEN-1552
FAB-W0560,LC-4554,Y-GEN-1553
FAB-W0561,LC-4555,Y-GEN-1554
FAB-W0562,LC-4556,Y-GEN-1555
FAB-W0563,LC-4557,Y-GEN-1556
FAB-W0564,LC-4558,Y-GEN-1557
FAB-W0565,LC-4559,Y-GEN-1558
FAB-W0566,LC-4560,Y-GEN-1559
FAB-W0567,LC-4561,Y-GEN-1560
FAB-W0568,LC-4562,Y-GEN-1561
FAB-W0569,LC-4563,Y-GEN-1562
FAB-W0570,LC-4564,Y-GEN-1563
FAB-W0571,LC-4565,Y-GEN-1564
FAB-W0572,LC-4566,Y-GEN-1565
FAB-W0573,LC-4567,Y-GEN-1566
FAB-W0574,LC-4568,Y-GEN-1567
FAB-W0575,LC-4569,Y-GEN-1568
FAB-W0576,LC-4570,Y-GEN-1569
FAB-W0577,LC-4571,Y-GEN-1570
FAB-W0578,LC-4572,Y-GEN-1571
FAB-W0579,LC-4573,Y-GEN-1572
FAB-W0580,LC-4574,Y-GEN-1573
FAB-W0581,LC-4575,Y-GEN-1574
FAB-W0582,LC-4576,Y-GEN-1575
FAB-W0583,LC-4577,Y-GEN-1576
FAB-W0584,LC-4578,Y-GEN-1577
FAB-W0585,LC-4579,Y-GEN-1578
FAB-W0586,LC-4580,Y-GEN-1579
FAB-W0587,LC-4581,Y-GEN-1580
FAB-W0588,LC-4582,Y-GEN-1581
FAB-W0589,LC-4583,Y-GEN-1582
FAB-W0590,LC-4584,Y-GEN-1583
FAB-W0591,LC-4585,Y-GEN-1584
FAB-W0592,LC-4586,Y-GEN-1585
FAB-W0593,LC-4587,Y-GEN-1586
FAB-W0594,LC-4588,Y-GEN-1587
FAB-W0595,LC-4589,Y-GEN-1588
FAB-W0596,LC-4590,Y-GEN-1589
FAB-W0597,LC-4591,Y-GEN-1590
FAB-W0598,LC-4592,Y-GEN-1591
FAB-W0599,LC-4593,Y-GEN-1592
FAB-W0600,LC-4594,Y-GEN-1593
FAB-W0601,LC-4595,Y-GEN-1594
FAB-W0602,LC-4596,Y-GEN-1595
FAB-W0603,LC-4597,Y-GEN-1596
FAB-W0604,LC-4598,Y-GEN-1597
FAB-W0605,LC-4599,Y-GEN-1598
FAB-W0606,LC-4600,Y-GEN-1599
FAB-W0607,LC-4601,Y-GEN-1600
FAB-W0608,LC-4602,Y-GEN-1601
FAB-W0609,LC-4603,Y-GEN-1602
FAB-W0610,LC-4604,Y-GEN-1603
FAB-W0611,LC-4605,Y-GEN-1604
FAB-W0612,LC-4606,Y-GEN-1605
FAB-W0613,LC-4607,Y-GEN-1606
FAB-W0614,LC-4608,Y-GEN-1607
FAB-W0615,LC-4609,Y-GEN-1608
FAB-W0616,LC-4610,Y-GEN-1609
FAB-W0617,LC-4611,Y-GEN-1610
FAB-W0618,LC-4612,Y-GEN-1611
FAB-W0619,LC-4613,Y-GEN-1612
FAB-W0620,LC-4614,Y-GEN-1613
FAB-W0621,LC-4615,Y-GEN-1614
FAB-W0622,LC-4616,Y-GEN-1615
FAB-W0623,LC-4617,Y-GEN-1616
FAB-W0624,LC-4618,Y-GEN-1617
FAB-W0625,LC-4619,Y-GEN-1618
FAB-W0626,LC-4620,Y-GEN-1619
FAB-W0627,LC-4621,Y-GEN-1620
FAB-W0628,LC-4622,Y-GEN-1621
FAB-W0629,LC-4623,Y-GEN-1622
FAB-W0630,LC-4624,Y-GEN-1623
FAB-W0631,LC-4625,Y-GEN-1624
FAB-W0632,LC-4626,Y-GEN-1625
FAB-W0633,LC-4627,Y-GEN-1626
FAB-W0634,LC-4628,Y-GEN-1627
FAB-W0635,LC-4629,Y-GEN-1628
FAB-W0636,LC-4630,Y-GEN-1629
FAB-W0637,LC-4631,Y-GEN-1630
FAB-W0638,LC-4632,Y-GEN-1631
FAB-W0639,LC-4633,Y-GEN-1632
FAB-W0640,LC-4634,Y-GEN-1633
FAB-W0641,LC-4635,Y-GEN-1634
FAB-W0642,LC-4636,Y-GEN-1635
FAB-W0643,LC-4637,Y-GEN-1636
FAB-W0644,LC-4638,Y-GEN-1637
FAB-W0645,LC-4639,Y-GEN-1638
FAB-W0646,LC-4640,Y-GEN-1639
FAB-W0647,LC-4641,Y-GEN-1640
FAB-W0648,LC-4642,Y-GEN-1641
FAB-W0649,LC-4643,Y-GEN-1642
FAB-W0650,LC-4644,Y-GEN-1643
FAB-W0651,LC-4645,Y-GEN-1644
FAB-W0652,LC-4646,Y-GEN-1645
FAB-W0653,LC-4647,Y-GEN-1646
FAB-W0654,LC-4648,Y-GEN-1647
FAB-W0655,LC-4649,Y-GEN-1648
FAB-W0656,LC-4650,Y-GEN-1649
FAB-W0657,LC-4651,Y-GEN-1650
FAB-W0658,LC-4652,Y-GEN-1651
FAB-W0659,LC-4653,Y-GEN-1652
FAB-W0660,LC-4654,Y-GEN-1653
FAB-W0661,LC-4655,Y-GEN-1654
FAB-W0662,LC-4656,Y-GEN-1655
FAB-W0663,LC-4657,Y-GEN-1656
FAB-W0664,LC-4658,Y-GEN-1657
FAB-W0665,LC-4659,Y-GEN-1658
FAB-W0666,LC-4660,Y-GEN-1659
FAB-W0667,LC-4661,Y-GEN-1660
FAB-W0668,LC-4662,Y-GEN-1661
FAB-W0669,LC-4663,Y-GEN-1662
FAB-W0670,LC-4664,Y-GEN-1663
FAB-W0671,LC-4665,Y-GEN-1664
FAB-W0672,LC-4666,Y-GEN-1665
FAB-W0673,LC-4667,Y-GEN-1666
FAB-W0674,LC-4668,Y-GEN-1667
FAB-W0675,LC-4669,Y-GEN-1668
FAB-W0676,LC-4670,Y-GEN-1669
FAB-W0677,LC-4671,Y-GEN-1670
FAB-W0678,LC-4672,Y-GEN-1671
FAB-W0679,LC-4673,Y-GEN-1672
FAB-W0680,LC-4674,Y-GEN-1673
FAB-W0681,LC-4675,Y-GEN-1674
FAB-W0682,LC-4676,Y-GEN-1675
FAB-W0683,LC-4677,Y-GEN-1676
FAB-W0684,LC-4678,Y-GEN-1677
FAB-W0685,LC-4679,Y-GEN-1678
FAB-W0686,LC-4680,Y-GEN-1679
FAB-W0687,LC-4681,Y-GEN-1680
FAB-W0688,LC-4682,Y-GEN-1681
FAB-W0689,LC-4683,Y-GEN-1682
FAB-W0690,LC-4684,Y-GEN-1683
FAB-W0691,LC-4685,Y-GEN-1684
FAB-W0692,LC-4686,Y-GEN-1685
FAB-W0693,LC-4687,Y-GEN-1686
FAB-W0694,LC-4688,Y-GEN-1687
FAB-W0695,LC-4689,Y-GEN-1688
FAB-W0696,LC-4690,Y-GEN-1689
FAB-W0697,LC-4691,Y-GEN-1690
FAB-W0698,LC-4692,Y-GEN-1691
FAB-W0699,LC-4693,Y-GEN-1692
FAB-W0700,LC-4694,Y-GEN-1693
FAB-W0701,LC-4695,Y-GEN-1694
FAB-W0702,LC-4696,Y-GEN-1695
FAB-W0703,LC-4697,Y-GEN-1696
FAB-W0704,LC-4698,Y-GEN-1697
FAB-W0705,LC-4699,Y-GEN-1698
FAB-W0706,LC-4700,Y-GEN-1699
FAB-W0707,LC-4701,Y-GEN-1700
FAB-W0708,LC-4702,Y-GEN-1701
FAB-W0709,LC-4703,Y-GEN-1702
FAB-W0710,LC-4704,Y-GEN-1703
FAB-W0711,LC-4705,Y-GEN-1704
FAB-W0712,LC-4706,Y-GEN-1705
FAB-W0713,LC-4707,Y-GEN-1706
FAB-W0714,LC-4708,Y-GEN-1707
FAB-W0715,LC-4709,Y-GEN-1708
FAB-W0716,LC-4710,Y-GEN-1709
FAB-W0717,LC-4711,Y-GEN-1710
FAB-W0718,LC-4712,Y-GEN-1711
FAB-W0719,LC-4713,Y-GEN-1712
FAB-W0720,LC-4714,Y-GEN-1713
FAB-W0721,LC-4715,Y-GEN-1714
FAB-W0722,LC-4716,Y-GEN-1715
FAB-W0723,LC-4717,Y-GEN-1716
FAB-W0724,LC-4718,Y-GEN-1717
FAB-W0725,LC-4719,Y-GEN-1718
FAB-W0726,LC-4720,Y-GEN-1719
FAB-W0727,LC-4721,Y-GEN-1720
FAB-W0728,LC-4722,Y-GEN-1721
FAB-W0729,LC-4723,Y-GEN-1722
FAB-W0730,LC-4724,Y-GEN-1723
FAB-W0731,LC-4725,Y-GEN-1724
FAB-W0732,LC-4726,Y-GEN-1725
FAB-W0733,LC-4727,Y-GEN-1726
FAB-W0734,LC-4728,Y-GEN-1727
FAB-W0735,LC-4729,Y-GEN-1728
FAB-W0736,LC-4730,Y-GEN-1729
FAB-W0737,LC-4731,Y-GEN-1730
FAB-W0738,LC-4732,Y-GEN-1731
FAB-W0739,LC-4733,Y-GEN-1732
FAB-W0740,LC-4734,Y-GEN-1733
FAB-W0741,LC-4735,Y-GEN-1734
FAB-W0742,LC-4736,Y-GEN-1735
FAB-W0743,LC-4737,Y-GEN-1736
FAB-W0744,LC-4738,Y-GEN-1737
FAB-W0745,LC-4739,Y-GEN-1738
FAB-W0746,LC-4740,Y-GEN-1739
FAB-W0747,LC-4741,Y-GEN-1740
FAB-W0748,LC-4742,Y-GEN-1741
FAB-W0749,LC-4743,Y-GEN-1742
FAB-W0750,LC-4744,Y-GEN-1743
FAB-W0751,LC-4745,Y-GEN-1744
FAB-W0752,LC-4746,Y-GEN-1745
FAB-W0753,LC-4747,Y-GEN-1746
FAB-W0754,LC-4748,Y-GEN-1747
FAB-W0755,LC-4749,Y-GEN-1748
FAB-W0756,LC-4750,Y-GEN-1749
FAB-W0757,LC-4751,Y-GEN-1750
FAB-W0758,LC-4752,Y-GEN-1751
FAB-W0759,LC-4753,Y-GEN-1752
FAB-W0760,LC-4754,Y-GEN-1753
FAB-W0761,LC-4755,Y-GEN-1754
FAB-W0762,LC-4756,Y-GEN-1755
FAB-W0763,LC-4757,Y-GEN-1756
FAB-W0764,LC-4758,Y-GEN-1757
FAB-W0765,LC-4759,Y-GEN-1758
FAB-W0766,LC-4760,Y-GEN-1759
FAB-W0767,LC-4761,Y-GEN-1760
FAB-W0768,LC-4762,Y-GEN-1761
FAB-W0769,LC-4763,Y-GEN-1762
FAB-W0770,LC-4764,Y-GEN-1763
FAB-W0771,LC-4765,Y-GEN-1764
FAB-W0772,LC-4766,Y-GEN-1765
FAB-W0773,LC-4767,Y-GEN-1766
FAB-W0774,LC-4768,Y-GEN-1767
FAB-W0775,LC-4769,Y-GEN-1768
FAB-W0776,LC-4770,Y-GEN-1769
FAB-W0777,LC-4771,Y-GEN-1770
FAB-W0778,LC-4772,Y-GEN-1771
FAB-W0779,LC-4773,Y-GEN-1772
FAB-W0780,LC-4774,Y-GEN-1773
FAB-W0781,LC-4775,Y-GEN-1774
FAB-W0782,LC-4776,Y-GEN-1775
FAB-W0783,LC-4777,Y-GEN-1776
FAB-W0784,LC-4778,Y-GEN-1777
FAB-W0785,LC-4779,Y-GEN-1778
FAB-W0786,LC-4780,Y-GEN-1779
FAB-W0787,LC-4781,Y-GEN-1780
FAB-W0788,LC-4782,Y-GEN-1781
FAB-W0789,LC-4783,Y-GEN-1782
FAB-W0790,LC-4784,Y-GEN-1783
FAB-W0791,LC-4785,Y-GEN-1784
FAB-W0792,LC-4786,Y-GEN-1785
FAB-W0793,LC-4787,Y-GEN-1786
FAB-W0794,LC-4788,Y-GEN-1787
FAB-W0795,LC-4789,Y-GEN-1788
FAB-W0796,LC-4790,Y-GEN-1789
FAB-W0797,LC-4791,Y-GEN-1790
FAB-W0798,LC-4792,Y-GEN-1791
FAB-W0799,LC-4793,Y-GEN-1792
FAB-W0800,LC-4794,Y-GEN-1793
FAB-W0801,LC-4795,Y-GEN-1794
FAB-W0802,LC-4796,Y-GEN-1795
FAB-W0803,LC-4797,Y-GEN-1796
FAB-W0804,LC-4798,Y-GEN-1797
FAB-W0805,LC-4799,Y-GEN-1798
FAB-W0806,LC-4800,Y-GEN-1799
FAB-W0807,LC-4801,Y-GEN-1800
FAB-W0808,LC-4802,Y-GEN-1801
FAB-W0809,LC-4803,Y-GEN-1802
FAB-W0810,LC-4804,Y-GEN-1803
FAB-W0811,LC-4805,Y-GEN-1804
FAB-W0812,LC-4806,Y-GEN-1805
FAB-W0813,LC-4807,Y-GEN-1806
FAB-W0814,LC-4808,Y-GEN-1807
FAB-W0815,LC-4809,Y-GEN-1808
FAB-W0816,LC-4810,Y-GEN-1809
FAB-W0817,LC-4811,Y-GEN-1810
FAB-W0818,LC-4812,Y-GEN-1811
FAB-W0819,LC-4813,Y-GEN-1812
FAB-W0820,LC-4814,Y-GEN-1813
FAB-W0821,LC-4815,Y-GEN-1814
FAB-W0822,LC-4816,Y-GEN-1815
FAB-W0823,LC-4817,Y-GEN-1816
FAB-W0824,LC-4818,Y-GEN-1817
FAB-W0825,LC-4819,Y-GEN-1818
FAB-W0826,LC-4820,Y-GEN-1819
FAB-W0827,LC-4821,Y-GEN-1820
FAB-W0828,LC-4822,Y-GEN-1821
FAB-W0829,LC-4823,Y-GEN-1822
FAB-W0830,LC-4824,Y-GEN-1823
FAB-W0831,LC-4825,Y-GEN-1824
FAB-W0832,LC-4826,Y-GEN-1825
FAB-W0833,LC-4827,Y-GEN-1826
FAB-W0834,LC-4828,Y-GEN-1827
FAB-W0835,LC-4829,Y-GEN-1828
FAB-W0836,LC-4830,Y-GEN-1829
FAB-W0837,LC-4831,Y-GEN-1830
FAB-W0838,LC-4832,Y-GEN-1831
FAB-W0839,LC-4833,Y-GEN-1832
FAB-W0840,LC-4834,Y-GEN-1833
FAB-W0841,LC-4835,Y-GEN-1834
FAB-W0842,LC-4836,Y-GEN-1835
FAB-W0843,LC-4837,Y-GEN-1836
FAB-W0844,LC-4838,Y-GEN-1837
FAB-W0845,LC-4839,Y-GEN-1838
FAB-W0846,LC-4840,Y-GEN-1839
FAB-W0847,LC-4841,Y-GEN-1840
FAB-W0848,LC-4842,Y-GEN-1841
FAB-W0849,LC-4843,Y-GEN-1842
FAB-W0850,LC-4844,Y-GEN-1843
FAB-W0851,LC-4845,Y-GEN-1844
FAB-W0852,LC-4846,Y-GEN-1845
FAB-W0853,LC-4847,Y-GEN-1846
FAB-W0854,LC-4848,Y-GEN-1847
FAB-W0855,LC-4849,Y-GEN-1848
FAB-W0856,LC-4850,Y-GEN-1849
FAB-W0857,LC-4851,Y-GEN-1850
FAB-W0858,LC-4852,Y-GEN-1851
FAB-W0859,LC-4853,Y-GEN-1852
FAB-W0860,LC-4854,Y-GEN-1853
FAB-W0861,LC-4855,Y-GEN-1854
FAB-W0862,LC-4856,Y-GEN-1855
FAB-W0863,LC-4857,Y-GEN-1856
FAB-W0864,LC-4858,Y-GEN-1857
FAB-W0865,LC-4859,Y-GEN-1858
FAB-W0866,LC-4860,Y-GEN-1859
FAB-W0867,LC-4861,Y-GEN-1860
FAB-W0868,LC-4862,Y-GEN-1861
FAB-W0869,LC-4863,Y-GEN-1862
FAB-W0870,LC-4864,Y-GEN-1863
FAB-W0871,LC-4865,Y-GEN-1864
FAB-W0872,LC-4866,Y-GEN-1865
FAB-W0873,LC-4867,Y-GEN-1866
FAB-W0874,LC-4868,Y-GEN-1867
FAB-W0875,LC-4869,Y-GEN-1868
FAB-W0876,LC-4870,Y-GEN-1869
FAB-W0877,LC-4871,Y-GEN-1870
FAB-W0878,LC-4872,Y-GEN-1871
FAB-W0879,LC-4873,Y-GEN-1872
FAB-W0880,LC-4874,Y-GEN-1873
FAB-W0881,LC-4875,Y-GEN-1874
FAB-W0882,LC-4876,Y-GEN-1875
FAB-W0883,LC-4877,Y-GEN-1876
FAB-W0884,LC-4878,Y-GEN-1877
FAB-W0885,LC-4879,Y-GEN-1878
FAB-W0886,LC-4880,Y-GEN-1879
FAB-W0887,LC-4881,Y-GEN-1880
FAB-W0888,LC-4882,Y-GEN-1881
FAB-W0889,LC-4883,Y-GEN-1882
FAB-W0890,LC-4884,Y-GEN-1883
FAB-W0891,LC-4885,Y-GEN-1884
FAB-W0892,LC-4886,Y-GEN-1885
FAB-W0893,LC-4887,Y-GEN-1886
FAB-W0894,LC-4888,Y-GEN-1887
FAB-W0895,LC-4889,Y-GEN-1888
FAB-W0896,LC-4890,Y-GEN-1889
FAB-W0897,LC-4891,Y-GEN-1890
FAB-W0898,LC-4892,Y-GEN-1891
FAB-W0899,LC-4893,Y-GEN-1892
FAB-W0900,LC-4894,Y-GEN-1893
FAB-W0901,LC-4895,Y-GEN-1894
FAB-W0902,LC-4896,Y-GEN-1895
FAB-W0903,LC-4897,Y-GEN-1896
FAB-W0904,LC-4898,Y-GEN-1897
FAB-W0905,LC-4899,Y-GEN-1898
FAB-W0906,LC-4900,Y-GEN-1899
FAB-W0907,LC-4901,Y-GEN-1900
FAB-W0908,LC-4902,Y-GEN-1901
FAB-W0909,LC-4903,Y-GEN-1902
FAB-W0910,LC-4904,Y-GEN-1903
FAB-W0911,LC-4905,Y-GEN-1904
FAB-W0912,LC-4906,Y-GEN-1905
FAB-W0913,LC-4907,Y-GEN-1906
FAB-W0914,LC-4908,Y-GEN-1907
FAB-W0915,LC-4909,Y-GEN-1908
FAB-W0916,LC-4910,Y-GEN-1909
FAB-W0917,LC-4911,Y-GEN-1910
FAB-W0918,LC-4912,Y-GEN-1911
FAB-W0919,LC-4913,Y-GEN-1912
FAB-W0920,LC-4914,Y-GEN-1913
FAB-W0921,LC-4915,Y-GEN-1914
FAB-W0922,LC-4916,Y-GEN-1915
FAB-W0923,LC-4917,Y-GEN-1916
FAB-W0924,LC-4918,Y-GEN-1917
FAB-W0925,LC-4919,Y-GEN-1918
FAB-W0926,LC-4920,Y-GEN-1919
FAB-W0927,LC-4921,Y-GEN-1920
FAB-W0928,LC-4922,Y-GEN-1921
FAB-W0929,LC-4923,Y-GEN-1922
FAB-W0930,LC-4924,Y-GEN-1923
FAB-W0931,LC-4925,Y-GEN-1924
FAB-W0932,LC-4926,Y-GEN-1925
FAB-W0933,LC-4927,Y-GEN-1926
FAB-W0934,LC-4928,Y-GEN-1927
FAB-W0935,LC-4929,Y-GEN-1928
FAB-W0936,LC-4930,Y-GEN-1929
FAB-W0937,LC-4931,Y-GEN-1930
FAB-W0938,LC-4932,Y-GEN-1931
FAB-W0939,LC-4933,Y-GEN-1932
FAB-W0940,LC-4934,Y-GEN-1933
FAB-W0941,LC-4935,Y-GEN-1934
FAB-W0942,LC-4936,Y-GEN-1935
FAB-W0943,LC-4937,Y-GEN-1936
FAB-W0944,LC-4938,Y-GEN-1937
FAB-W0945,LC-4939,Y-GEN-1938
FAB-W0946,LC-4940,Y-GEN-1939
FAB-W0947,LC-4941,Y-GEN-1940
FAB-W0948,LC-4942,Y-GEN-1941
FAB-W0949,LC-4943,Y-GEN-1942
FAB-W0950,LC-4944,Y-GEN-1943
FAB-W0951,LC-4945,Y-GEN-1944
FAB-W0952,LC-4946,Y-GEN-1945
FAB-W0953,LC-4947,Y-GEN-1946
FAB-W0954,LC-4948,Y-GEN-1947
FAB-W0955,LC-4949,Y-GEN-1948
FAB-W0956,LC-4950,Y-GEN-1949
FAB-W0957,LC-4951,Y-GEN-1950
FAB-W0958,LC-4952,Y-GEN-1951
FAB-W0959,LC-4953,Y-GEN-1952
FAB-W0960,LC-4954,Y-GEN-1953
FAB-W0961,LC-4955,Y-GEN-1954
FAB-W0962,LC-4956,Y-GEN-1955
FAB-W0963,LC-4957,Y-GEN-1956
FAB-W0964,LC-4958,Y-GEN-1957
FAB-W0965,LC-4959,Y-GEN-1958
FAB-W0966,LC-4960,Y-GEN-1959
FAB-W0967,LC-4961,Y-GEN-1960
FAB-W0968,LC-4962,Y-GEN-1961
FAB-W0969,LC-4963,Y-GEN-1962
FAB-W0970,LC-4964,Y-GEN-1963
FAB-W0971,LC-4965,Y-GEN-1964
FAB-W0972,LC-4966,Y-GEN-1965
FAB-W0973,LC-4967,Y-GEN-1966
FAB-W0974,LC-4968,Y-GEN-1967
FAB-W0975,LC-4969,Y-GEN-1968
FAB-W0976,LC-4970,Y-GEN-1969
FAB-W0977,LC-4971,Y-GEN-1970
FAB-W0978,LC-4972,Y-GEN-1971
FAB-W0979,LC-4973,Y-GEN-1972
FAB-W0980,LC-4974,Y-GEN-1973
FAB-W0981,LC-4975,Y-GEN-1974
FAB-W0982,LC-4976,Y-GEN-1975
FAB-W0983,LC-4977,Y-GEN-1976
FAB-W0984,LC-4978,Y-GEN-1977
FAB-W0985,LC-4979,Y-GEN-1978
FAB-W0986,LC-4980,Y-GEN-1979
FAB-W0987,LC-4981,Y-GEN-1980
FAB-W0988,LC-4982,Y-GEN-1981
FAB-W0989,LC-4983,Y-GEN-1982
FAB-W0990,LC-4984,Y-GEN-1983
FAB-W0991,LC-4985,Y-GEN-1984
FAB-W0992,LC-4986,Y-GEN-1985
FAB-W0993,LC-4987,Y-GEN-1986
FAB-W0994,LC-4988,Y-GEN-1987
FAB-W0995,LC-4989,Y-GEN-1988
FAB-W0996,LC-4990,Y-GEN-1989
FAB-W0997,LC-4991,Y-GEN-1990
FAB-W0998,LC-4992,Y-GEN-1991
FAB-W0999,LC-4993,Y-GEN-1992
FAB-W1000,LC-4994,Y-GEN-1993
FAB-W1001,LC-4995,Y-GEN-1994
FAB-W1002,LC-4996,Y-GEN-1995
FAB-W1003,LC-4997,Y-GEN-1996
FAB-W1004,LC-4998,Y-GEN-1997
FAB-W1005,LC-4999,Y-GEN-1998
FAB-W1006,LC-5000,Y-GEN-1999
FAB-W1007,LC-5001,Y-GEN-2000
FAB-W1008,LC-5002,Y-GEN-2001
FAB-W1009,LC-5003,Y-GEN-2002
FAB-W1010,LC-5004,Y-GEN-2003
FAB-W1011,LC-5005,Y-GEN-2004
FAB-W1012,LC-5006,Y-GEN-2005
FAB-W1013,LC-5007,Y-GEN-2006
FAB-W1014,LC-5008,Y-GEN-2007
FAB-W1015,LC-5009,Y-GEN-2008
FAB-W1016,LC-5010,Y-GEN-2009
FAB-W1017,LC-5011,Y-GEN-2010
FAB-W1018,LC-5012,Y-GEN-2011
FAB-W1019,LC-5013,Y-GEN-2012
FAB-W1020,LC-5014,Y-GEN-2013
FAB-W1021,LC-5015,Y-GEN-2014
FAB-W1022,LC-5016,Y-GEN-2015
FAB-W1023,LC-5017,Y-GEN-2016
FAB-W1024,LC-5018,Y-GEN-2017
FAB-W1025,LC-5019,Y-GEN-2018
FAB-W1026,LC-5020,Y-GEN-2019
FAB-W1027,LC-5021,Y-GEN-2020
FAB-W1028,LC-5022,Y-GEN-2021
FAB-W1029,LC-5023,Y-GEN-2022
FAB-W1030,LC-5024,Y-GEN-2023
FAB-W1031,LC-5025,Y-GEN-2024
FAB-W1032,LC-5026,Y-GEN-2025
FAB-W1033,LC-5027,Y-GEN-2026
FAB-W1034,LC-5028,Y-GEN-2027
FAB-W1035,LC-5029,Y-GEN-2028
FAB-W1036,LC-5030,Y-GEN-2029
FAB-W1037,LC-5031,Y-GEN-2030
FAB-W1038,LC-5032,Y-GEN-2031
FAB-W1039,LC-5033,Y-GEN-2032
FAB-W1040,LC-5034,Y-GEN-2033
FAB-W1041,LC-5035,Y-GEN-2034
FAB-W1042,LC-5036,Y-GEN-2035
FAB-W1043,LC-5037,Y-GEN-2036
FAB-W1044,LC-5038,Y-GEN-2037
FAB-W1045,LC-5039,Y-GEN-2038
FAB-W1046,LC-5040,Y-GEN-2039
FAB-W1047,LC-5041,Y-GEN-2040
FAB-W1048,LC-5042,Y-GEN-2041
FAB-W1049,LC-5043,Y-GEN-2042
FAB-W1050,LC-5044,Y-GEN-2043
FAB-W1051,LC-5045,Y-GEN-2044
FAB-W1052,LC-5046,Y-GEN-2045
FAB-W1053,LC-5047,Y-GEN-2046
FAB-W1054,LC-5048,Y-GEN-2047
FAB-W1055,LC-5049,Y-GEN-2048
FAB-W1056,LC-5050,Y-GEN-2049
FAB-W1057,LC-5051,Y-GEN-2050
FAB-W1058,LC-5052,Y-GEN-2051
FAB-W1059,LC-5053,Y-GEN-2052
FAB-W1060,LC-5054,Y-GEN-2053
FAB-W1061,LC-5055,Y-GEN-2054
FAB-W1062,LC-5056,Y-GEN-2055
FAB-W1063,LC-5057,Y-GEN-2056
FAB-W1064,LC-5058,Y-GEN-2057
FAB-W1065,LC-5059,Y-GEN-2058
FAB-W1066,LC-5060,Y-GEN-2059
FAB-W1067,LC-5061,Y-GEN-2060
FAB-W1068,LC-5062,Y-GEN-2061
FAB-W1069,LC-5063,Y-GEN-2062
FAB-W1070,LC-5064,Y-GEN-2063
FAB-W1071,LC-5065,Y-GEN-2064
FAB-W1072,LC-5066,Y-GEN-2065
FAB-W1073,LC-5067,Y-GEN-2066
FAB-W1074,LC-5068,Y-GEN-2067
FAB-W1075,LC-5069,Y-GEN-2068
FAB-W1076,LC-5070,Y-GEN-2069
FAB-W1077,LC-5071,Y-GEN-2070
FAB-W1078,LC-5072,Y-GEN-2071
FAB-W1079,LC-5073,Y-GEN-2072
FAB-W1080,LC-5074,Y-GEN-2073
FAB-W1081,LC-5075,Y-GEN-2074
FAB-W1082,LC-5076,Y-GEN-2075
FAB-W1083,LC-5077,Y-GEN-2076
FAB-W1084,LC-5078,Y-GEN-2077
FAB-W1085,LC-5079,Y-GEN-2078
FAB-W1086,LC-5080,Y-GEN-2079
FAB-W1087,LC-5081,Y-GEN-2080
FAB-W1088,LC-5082,Y-GEN-2081
FAB-W1089,LC-5083,Y-GEN-2082
FAB-W1090,LC-5084,Y-GEN-2083
FAB-W1091,LC-5085,Y-GEN-2084
FAB-W1092,LC-5086,Y-GEN-2085
FAB-W1093,LC-5087,Y-GEN-2086
FAB-W1094,LC-5088,Y-GEN-2087
FAB-W1095,LC-5089,Y-GEN-2088
FAB-W1096,LC-5090,Y-GEN-2089
FAB-W1097,LC-5091,Y-GEN-2090
FAB-W1098,LC-5092,Y-GEN-2091
FAB-W1099,LC-5093,Y-GEN-2092
FAB-W1100,LC-5094,Y-GEN-2093
FAB-W1101,LC-5095,Y-GEN-2094
FAB-W1102,LC-5096,Y-GEN-2095
FAB-W1103,LC-5097,Y-GEN-2096
FAB-W1104,LC-5098,Y-GEN-2097
FAB-W1105,LC-5099,Y-GEN-2098
FAB-W1106,LC-5100,Y-GEN-2099
FAB-W1107,LC-5101,Y-GEN-2100
FAB-W1108,LC-5102,Y-GEN-2101
FAB-W1109,LC-5103,Y-GEN-2102
FAB-W1110,LC-5104,Y-GEN-2103
FAB-W1111,LC-5105,Y-GEN-2104
FAB-W1112,LC-5106,Y-GEN-2105
FAB-W1113,LC-5107,Y-GEN-2106
FAB-W1114,LC-5108,Y-GEN-2107
FAB-W1115,LC-5109,Y-GEN-2108
FAB-W1116,LC-5110,Y-GEN-2109
FAB-W1117,LC-5111,Y-GEN-2110
FAB-W1118,LC-5112,Y-GEN-2111
FAB-W1119,LC-5113,Y-GEN-2112
FAB-W1120,LC-5114,Y-GEN-2113
FAB-W1121,LC-5115,Y-GEN-2114
FAB-W1122,LC-5116,Y-GEN-2115
FAB-W1123,LC-5117,Y-GEN-2116
FAB-W1124,LC-5118,Y-GEN-2117
FAB-W1125,LC-5119,Y-GEN-2118
FAB-W1126,LC-5120,Y-GEN-2119
FAB-W1127,LC-5121,Y-GEN-2120
FAB-W1128,LC-5122,Y-GEN-2121
FAB-W1129,LC-5123,Y-GEN-2122
FAB-W1130,LC-5124,Y-GEN-2123
FAB-W1131,LC-5125,Y-GEN-2124
FAB-W1132,LC-5126,Y-GEN-2125
FAB-W1133,LC-5127,Y-GEN-2126
FAB-W1134,LC-5128,Y-GEN-2127
FAB-W1135,LC-5129,Y-GEN-2128
FAB-W1136,LC-5130,Y-GEN-2129
FAB-W1137,LC-5131,Y-GEN-2130
FAB-W1138,LC-5132,Y-GEN-2131
FAB-W1139,LC-5133,Y-GEN-2132
FAB-W1140,LC-5134,Y-GEN-2133
FAB-W1141,LC-5135,Y-GEN-2134
FAB-W1142,LC-5136,Y-GEN-2135
FAB-W1143,LC-5137,Y-GEN-2136
FAB-W1144,LC-5138,Y-GEN-2137
FAB-W1145,LC-5139,Y-GEN-2138
FAB-W1146,LC-5140,Y-GEN-2139
FAB-W1147,LC-5141,Y-GEN-2140
FAB-W1148,LC-5142,Y-GEN-2141
FAB-W1149,LC-5143,Y-GEN-2142
FAB-W1150,LC-5144,Y-GEN-2143
FAB-W1151,LC-5145,Y-GEN-2144
FAB-W1152,LC-5146,Y-GEN-2145
FAB-W1153,LC-5147,Y-GEN-2146
FAB-W1154,LC-5148,Y-GEN-2147
FAB-W1155,LC-5149,Y-GEN-2148
FAB-W1156,LC-5150,Y-GEN-2149
FAB-W1157,LC-5151,Y-GEN-2150
FAB-W1158,LC-5152,Y-GEN-2151
FAB-W1159,LC-5153,Y-GEN-2152
FAB-W1160,LC-5154,Y-GEN-2153
FAB-W1161,LC-5155,Y-GEN-2154
FAB-W1162,LC-5156,Y-GEN-2155
FAB-W1163,LC-5157,Y-GEN-2156
FAB-W1164,LC-5158,Y-GEN-2157
FAB-W1165,LC-5159,Y-GEN-2158
FAB-W1166,LC-5160,Y-GEN-2159
FAB-W1167,LC-5161,Y-GEN-2160
FAB-W1168,LC-5162,Y-GEN-2161
FAB-W1169,LC-5163,Y-GEN-2162
FAB-W1170,LC-5164,Y-GEN-2163
FAB-W1171,LC-5165,Y-GEN-2164
FAB-W1172,LC-5166,Y-GEN-2165
FAB-W1173,LC-5167,Y-GEN-2166
FAB-W1174,LC-5168,Y-GEN-2167
FAB-W1175,LC-5169,Y-GEN-2168
FAB-W1176,LC-5170,Y-GEN-2169
FAB-W1177,LC-5171,Y-GEN-2170
FAB-W1178,LC-5172,Y-GEN-2171
FAB-W1179,LC-5173,Y-GEN-2172
FAB-W1180,LC-5174,Y-GEN-2173
FAB-W1181,LC-5175,Y-GEN-2174
FAB-W1182,LC-5176,Y-GEN-2175
FAB-W1183,LC-5177,Y-GEN-2176
FAB-W1184,LC-5178,Y-GEN-2177
FAB-W1185,LC-5179,Y-GEN-2178
FAB-W1186,LC-5180,Y-GEN-2179
FAB-W1187,LC-5181,Y-GEN-2180
FAB-W1188,LC-5182,Y-GEN-2181
FAB-W1189,LC-5183,Y-GEN-2182
FAB-W1190,LC-5184,Y-GEN-2183
FAB-W1191,LC-5185,Y-GEN-2184
FAB-W1192,LC-5186,Y-GEN-2185
FAB-W1193,LC-5187,Y-GEN-2186
FAB-W1194,LC-5188,Y-GEN-2187
FAB-W1195,LC-5189,Y-GEN-2188
FAB-W1196,LC-5190,Y-GEN-2189
FAB-W1197,LC-5191,Y-GEN-2190
FAB-W1198,LC-5192,Y-GEN-2191
FAB-W1199,LC-5193,Y-GEN-2192
FAB-W1200,LC-5194,Y-GEN-2193
FAB-W1201,LC-5195,Y-GEN-2194
FAB-W1202,LC-5196,Y-GEN-2195
FAB-W1203,LC-5197,Y-GEN-2196
FAB-W1204,LC-5198,Y-GEN-2197
FAB-W1205,LC-5199,Y-GEN-2198
FAB-W1206,LC-5200,Y-GEN-2199
FAB-W1207,LC-5201,Y-GEN-2200
FAB-W1208,LC-5202,Y-GEN-2201
FAB-W1209,LC-5203,Y-GEN-2202
FAB-W1210,LC-5204,Y-GEN-2203
FAB-W1211,LC-5205,Y-GEN-2204
FAB-W1212,LC-5206,Y-GEN-2205
FAB-W1213,LC-5207,Y-GEN-2206
FAB-W1214,LC-5208,Y-GEN-2207
FAB-W1215,LC-5209,Y-GEN-2208
FAB-W1216,LC-5210,Y-GEN-2209
FAB-W1217,LC-5211,Y-GEN-2210
FAB-W1218,LC-5212,Y-GEN-2211
FAB-W1219,LC-5213,Y-GEN-2212
FAB-W1220,LC-5214,Y-GEN-2213
FAB-W1221,LC-5215,Y-GEN-2214
FAB-W1222,LC-5216,Y-GEN-2215
FAB-W1223,LC-5217,Y-GEN-2216
FAB-W1224,LC-5218,Y-GEN-2217
FAB-W1225,LC-5219,Y-GEN-2218
FAB-W1226,LC-5220,Y-GEN-2219
FAB-W1227,LC-5221,Y-GEN-2220
FAB-W1228,LC-5222,Y-GEN-2221
FAB-W1229,LC-5223,Y-GEN-2222
FAB-W1230,LC-5224,Y-GEN-2223
FAB-W1231,LC-5225,Y-GEN-2224
FAB-W1232,LC-5226,Y-GEN-2225
FAB-W1233,LC-5227,Y-GEN-2226
FAB-W1234,LC-5228,Y-GEN-2227
FAB-W1235,LC-5229,Y-GEN-2228
FAB-W1236,LC-5230,Y-GEN-2229
FAB-W1237,LC-5231,Y-GEN-2230
FAB-W1238,LC-5232,Y-GEN-2231
FAB-W1239,LC-5233,Y-GEN-2232
FAB-W1240,LC-5234,Y-GEN-2233
FAB-W1241,LC-5235,Y-GEN-2234
FAB-W1242,LC-5236,Y-GEN-2235
FAB-W1243,LC-5237,Y-GEN-2236
FAB-W1244,LC-5238,Y-GEN-2237
FAB-W1245,LC-5239,Y-GEN-2238
FAB-W1246,LC-5240,Y-GEN-2239
FAB-W1247,LC-5241,Y-GEN-2240
FAB-W1248,LC-5242,Y-GEN-2241
FAB-W1249,LC-5243,Y-GEN-2242
FAB-W1250,LC-5244,Y-GEN-2243
FAB-W1251,LC-5245,Y-GEN-2244
FAB-W1252,LC-5246,Y-GEN-2245
FAB-W1253,LC-5247,Y-GEN-2246
FAB-W1254,LC-5248,Y-GEN-2247
FAB-W1255,LC-5249,Y-GEN-2248
FAB-W1256,LC-5250,Y-GEN-2249
FAB-W1257,LC-5251,Y-GEN-2250
FAB-W1258,LC-5252,Y-GEN-2251
FAB-W1259,LC-5253,Y-GEN-2252
FAB-W1260,LC-5254,Y-GEN-2253
FAB-W1261,LC-5255,Y-GEN-2254
FAB-W1262,LC-5256,Y-GEN-2255
FAB-W1263,LC-5257,Y-GEN-2256
FAB-W1264,LC-5258,Y-GEN-2257
FAB-W1265,LC-5259,Y-GEN-2258
FAB-W1266,LC-5260,Y-GEN-2259
FAB-W1267,LC-5261,Y-GEN-2260
FAB-W1268,LC-5262,Y-GEN-2261
FAB-W1269,LC-5263,Y-GEN-2262
FAB-W1270,LC-5264,Y-GEN-2263
FAB-W1271,LC-5265,Y-GEN-2264
FAB-W1272,LC-5266,Y-GEN-2265
FAB-W1273,LC-5267,Y-GEN-2266
FAB-W1274,LC-5268,Y-GEN-2267
FAB-W1275,LC-5269,Y-GEN-2268
FAB-W1276,LC-5270,Y-GEN-2269
FAB-W1277,LC-5271,Y-GEN-2270
FAB-W1278,LC-5272,Y-GEN-2271
FAB-W1279,LC-5273,Y-GEN-2272
FAB-W1280,LC-5274,Y-GEN-2273
FAB-W1281,LC-5275,Y-GEN-2274
FAB-W1282,LC-5276,Y-GEN-2275
FAB-W1283,LC-5277,Y-GEN-2276
FAB-W1284,LC-5278,Y-GEN-2277
FAB-W1285,LC-5279,Y-GEN-2278
FAB-W1286,LC-5280,Y-GEN-2279
FAB-W1287,LC-5281,Y-GEN-2280
FAB-W1288,LC-5282,Y-GEN-2281
FAB-W1289,LC-5283,Y-GEN-2282
FAB-W1290,LC-5284,Y-GEN-2283
FAB-W1291,LC-5285,Y-GEN-2284
FAB-W1292,LC-5286,Y-GEN-2285
FAB-W1293,LC-5287,Y-GEN-2286
FAB-W1294,LC-5288,Y-GEN-2287
FAB-W1295,LC-5289,Y-GEN-2288
FAB-W1296,LC-5290,Y-GEN-2289
FAB-W1297,LC-5291,Y-GEN-2290
FAB-W1298,LC-5292,Y-GEN-2291
FAB-W1299,LC-5293,Y-GEN-2292
FAB-W1300,LC-5294,Y-GEN-2293
FAB-W1301,LC-5295,Y-GEN-2294
FAB-W1302,LC-5296,Y-GEN-2295
FAB-W1303,LC-5297,Y-GEN-2296
FAB-W1304,LC-5298,Y-GEN-2297
FAB-W1305,LC-5299,Y-GEN-2298
FAB-W1306,LC-5300,Y-GEN-2299
FAB-W1307,LC-5301,Y-GEN-2300
FAB-W1308,LC-5302,Y-GEN-2301
FAB-W1309,LC-5303,Y-GEN-2302
FAB-W1310,LC-5304,Y-GEN-2303
FAB-W1311,LC-5305,Y-GEN-2304
FAB-W1312,LC-5306,Y-GEN-2305
FAB-W1313,LC-5307,Y-GEN-2306
FAB-W1314,LC-5308,Y-GEN-2307
FAB-W1315,LC-5309,Y-GEN-2308
FAB-W1316,LC-5310,Y-GEN-2309
FAB-W1317,LC-5311,Y-GEN-2310
FAB-W1318,LC-5312,Y-GEN-2311
FAB-W1319,LC-5313,Y-GEN-2312
FAB-W1320,LC-5314,Y-GEN-2313
FAB-W1321,LC-5315,Y-GEN-2314
FAB-W1322,LC-5316,Y-GEN-2315
FAB-W1323,LC-5317,Y-GEN-2316
FAB-W1324,LC-5318,Y-GEN-2317
FAB-W1325,LC-5319,Y-GEN-2318
FAB-W1326,LC-5320,Y-GEN-2319
FAB-W1327,LC-5321,Y-GEN-2320
FAB-W1328,LC-5322,Y-GEN-2321
FAB-W1329,LC-5323,Y-GEN-2322
FAB-W1330,LC-5324,Y-GEN-2323
FAB-W1331,LC-5325,Y-GEN-2324
FAB-W1332,LC-5326,Y-GEN-2325
FAB-W1333,LC-5327,Y-GEN-2326
FAB-W1334,LC-5328,Y-GEN-2327
FAB-W1335,LC-5329,Y-GEN-2328
FAB-W1336,LC-5330,Y-GEN-2329
FAB-W1337,LC-5331,Y-GEN-2330
FAB-W1338,LC-5332,Y-GEN-2331
FAB-W1339,LC-5333,Y-GEN-2332
FAB-W1340,LC-5334,Y-GEN-2333
FAB-W1341,LC-5335,Y-GEN-2334
FAB-W1342,LC-5336,Y-GEN-2335
FAB-W1343,LC-5337,Y-GEN-2336
FAB-W1344,LC-5338,Y-GEN-2337
FAB-W1345,LC-5339,Y-GEN-2338
FAB-W1346,LC-5340,Y-GEN-2339
FAB-W1347,LC-5341,Y-GEN-2340
FAB-W1348,LC-5342,Y-GEN-2341
FAB-W1349,LC-5343,Y-GEN-2342
FAB-W1350,LC-5344,Y-GEN-2343
FAB-W1351,LC-5345,Y-GEN-2344
FAB-W1352,LC-5346,Y-GEN-2345
FAB-W1353,LC-5347,Y-GEN-2346
FAB-W1354,LC-5348,Y-GEN-2347
FAB-W1355,LC-5349,Y-GEN-2348
FAB-W1356,LC-5350,Y-GEN-2349
FAB-W1357,LC-5351,Y-GEN-2350
FAB-W1358,LC-5352,Y-GEN-2351
FAB-W1359,LC-5353,Y-GEN-2352
FAB-W1360,LC-5354,Y-GEN-2353
FAB-W1361,LC-5355,Y-GEN-2354
FAB-W1362,LC-5356,Y-GEN-2355
FAB-W1363,LC-5357,Y-GEN-2356
FAB-W1364,LC-5358,Y-GEN-2357
FAB-W1365,LC-5359,Y-GEN-2358
FAB-W1366,LC-5360,Y-GEN-2359
FAB-W1367,LC-5361,Y-GEN-2360
FAB-W1368,LC-5362,Y-GEN-2361
FAB-W1369,LC-5363,Y-GEN-2362
FAB-W1370,LC-5364,Y-GEN-2363
FAB-W1371,LC-5365,Y-GEN-2364
FAB-W1372,LC-5366,Y-GEN-2365
FAB-W1373,LC-5367,Y-GEN-2366
FAB-W1374,LC-5368,Y-GEN-2367
FAB-W1375,LC-5369,Y-GEN-2368
FAB-W1376,LC-5370,Y-GEN-2369
FAB-W1377,LC-5371,Y-GEN-2370
FAB-W1378,LC-5372,Y-GEN-2371
FAB-W1379,LC-5373,Y-GEN-2372
FAB-W1380,LC-5374,Y-GEN-2373
FAB-W1381,LC-5375,Y-GEN-2374
FAB-W1382,LC-5376,Y-GEN-2375
FAB-W1383,LC-5377,Y-GEN-2376
FAB-W1384,LC-5378,Y-GEN-2377
FAB-W1385,LC-5379,Y-GEN-2378
FAB-W1386,LC-5380,Y-GEN-2379
FAB-W1387,LC-5381,Y-GEN-2380
FAB-W1388,LC-5382,Y-GEN-2381
FAB-W1389,LC-5383,Y-GEN-2382
FAB-W1390,LC-5384,Y-GEN-2383
FAB-W1391,LC-5385,Y-GEN-2384
FAB-W1392,LC-5386,Y-GEN-2385
FAB-W1393,LC-5387,Y-GEN-2386
FAB-W1394,LC-5388,Y-GEN-2387
FAB-W1395,LC-5389,Y-GEN-2388
FAB-W1396,LC-5390,Y-GEN-2389
FAB-W1397,LC-5391,Y-GEN-2390
FAB-W1398,LC-5392,Y-GEN-2391
FAB-W1399,LC-5393,Y-GEN-2392
FAB-W1400,LC-5394,Y-GEN-2393
FAB-W1401,LC-5395,Y-GEN-2394
FAB-W1402,LC-5396,Y-GEN-2395
FAB-W1403,LC-5397,Y-GEN-2396
FAB-W1404,LC-5398,Y-GEN-2397
FAB-W1405,LC-5399,Y-GEN-2398
FAB-W1406,LC-5400,Y-GEN-2399
FAB-W1407,LC-5401,Y-GEN-2400
FAB-W1408,LC-5402,Y-GEN-2401
FAB-W1409,LC-5403,Y-GEN-2402
FAB-W1410,LC-5404,Y-GEN-2403
FAB-W1411,LC-5405,Y-GEN-2404
FAB-W1412,LC-5406,Y-GEN-2405
FAB-W1413,LC-5407,Y-GEN-2406
FAB-W1414,LC-5408,Y-GEN-2407
FAB-W1415,LC-5409,Y-GEN-2408
FAB-W1416,LC-5410,Y-GEN-2409
FAB-W1417,LC-5411,Y-GEN-2410
FAB-W1418,LC-5412,Y-GEN-2411
FAB-W1419,LC-5413,Y-GEN-2412
FAB-W1420,LC-5414,Y-GEN-2413
FAB-W1421,LC-5415,Y-GEN-2414
FAB-W1422,LC-5416,Y-GEN-2415
FAB-W1423,LC-5417,Y-GEN-2416
FAB-W1424,LC-5418,Y-GEN-2417
FAB-W1425,LC-5419,Y-GEN-2418
FAB-W1426,LC-5420,Y-GEN-2419
FAB-W1427,LC-5421,Y-GEN-2420
FAB-W1428,LC-5422,Y-GEN-2421
FAB-W1429,LC-5423,Y-GEN-2422
FAB-W1430,LC-5424,Y-GEN-2423
FAB-W1431,LC-5425,Y-GEN-2424
FAB-W1432,LC-5426,Y-GEN-2425
FAB-W1433,LC-5427,Y-GEN-2426
FAB-W1434,LC-5428,Y-GEN-2427
FAB-W1435,LC-5429,Y-GEN-2428
FAB-W1436,LC-5430,Y-GEN-2429
FAB-W1437,LC-5431,Y-GEN-2430
FAB-W1438,LC-5432,Y-GEN-2431
FAB-W1439,LC-5433,Y-GEN-2432
FAB-W1440,LC-5434,Y-GEN-2433
FAB-W1441,LC-5435,Y-GEN-2434
FAB-W1442,LC-5436,Y-GEN-2435
FAB-W1443,LC-5437,Y-GEN-2436
FAB-W1444,LC-5438,Y-GEN-2437
FAB-W1445,LC-5439,Y-GEN-2438
FAB-W1446,LC-5440,Y-GEN-2439
FAB-W1447,LC-5441,Y-GEN-2440
FAB-W1448,LC-5442,Y-GEN-2441
FAB-W1449,LC-5443,Y-GEN-2442
FAB-W1450,LC-5444,Y-GEN-2443
FAB-W1451,LC-5445,Y-GEN-2444
FAB-W1452,LC-5446,Y-GEN-2445
FAB-W1453,LC-5447,Y-GEN-2446
FAB-W1454,LC-5448,Y-GEN-2447
FAB-W1455,LC-5449,Y-GEN-2448
FAB-W1456,LC-5450,Y-GEN-2449
FAB-W1457,LC-5451,Y-GEN-2450
FAB-W1458,LC-5452,Y-GEN-2451
FAB-W1459,LC-5453,Y-GEN-2452
FAB-W1460,LC-5454,Y-GEN-2453
FAB-W1461,LC-5455,Y-GEN-2454
FAB-W1462,LC-5456,Y-GEN-2455
FAB-W1463,LC-5457,Y-GEN-2456
FAB-W1464,LC-5458,Y-GEN-2457
FAB-W1465,LC-5459,Y-GEN-2458
FAB-W1466,LC-5460,Y-GEN-2459
FAB-W1467,LC-5461,Y-GEN-2460
FAB-W1468,LC-5462,Y-GEN-2461
FAB-W1469,LC-5463,Y-GEN-2462
FAB-W1470,LC-5464,Y-GEN-2463
FAB-W1471,LC-5465,Y-GEN-2464
FAB-W1472,LC-5466,Y-GEN-2465
FAB-W1473,LC-5467,Y-GEN-2466
FAB-W1474,LC-5468,Y-GEN-2467
FAB-W1475,LC-5469,Y-GEN-2468
FAB-W1476,LC-5470,Y-GEN-2469
FAB-W1477,LC-5471,Y-GEN-2470
FAB-W1478,LC-5472,Y-GEN-2471
FAB-W1479,LC-5473,Y-GEN-2472
FAB-W1480,LC-5474,Y-GEN-2473
FAB-W1481,LC-5475,Y-GEN-2474
FAB-W1482,LC-5476,Y-GEN-2475
FAB-W1483,LC-5477,Y-GEN-2476
FAB-W1484,LC-5478,Y-GEN-2477
FAB-W1485,LC-5479,Y-GEN-2478
FAB-W1486,LC-5480,Y-GEN-2479
FAB-W1487,LC-5481,Y-GEN-2480
FAB-W1488,LC-5482,Y-GEN-2481
FAB-W1489,LC-5483,Y-GEN-2482
FAB-W1490,LC-5484,Y-GEN-2483
FAB-W1491,LC-5485,Y-GEN-2484
FAB-W1492,LC-5486,Y-GEN-2485
FAB-W1493,LC-5487,Y-GEN-2486
FAB-W1494,LC-5488,Y-GEN-2487
FAB-W1495,LC-5489,Y-GEN-2488
FAB-W1496,LC-5490,Y-GEN-2489
FAB-W1497,LC-5491,Y-GEN-2490
FAB-W1498,LC-5492,Y-GEN-2491
FAB-W1499,LC-5493,Y-GEN-2492
FAB-W1500,LC-5494,Y-GEN-2493
FAB-W1501,LC-5495,Y-GEN-2494
FAB-W1502,LC-5496,Y-GEN-2495
FAB-W1503,LC-5497,Y-GEN-2496
FAB-W1504,LC-5498,Y-GEN-2497
FAB-W1505,LC-5499,Y-GEN-2498
FAB-W1506,LC-5500,Y-GEN-2499
FAB-W1507,LC-5501,Y-GEN-2500
FAB-W1508,LC-5502,Y-GEN-2501
FAB-W1509,LC-5503,Y-GEN-2502
FAB-W1510,LC-5504,Y-GEN-2503
FAB-W1511,LC-5505,Y-GEN-2504
FAB-W1512,LC-5506,Y-GEN-2505
FAB-W1513,LC-5507,Y-GEN-2506
FAB-W1514,LC-5508,Y-GEN-2507
FAB-W1515,LC-5509,Y-GEN-2508
FAB-W1516,LC-5510,Y-GEN-2509
FAB-W1517,LC-5511,Y-GEN-2510
FAB-W1518,LC-5512,Y-GEN-2511
FAB-W1519,LC-5513,Y-GEN-2512
FAB-W1520,LC-5514,Y-GEN-2513
FAB-W1521,LC-5515,Y-GEN-2514
FAB-W1522,LC-5516,Y-GEN-2515
FAB-W1523,LC-5517,Y-GEN-2516
FAB-W1524,LC-5518,Y-GEN-2517
FAB-W1525,LC-5519,Y-GEN-2518
FAB-W1526,LC-5520,Y-GEN-2519
FAB-W1527,LC-5521,Y-GEN-2520
FAB-W1528,LC-5522,Y-GEN-2521
FAB-W1529,LC-5523,Y-GEN-2522
FAB-W1530,LC-5524,Y-GEN-2523
FAB-W1531,LC-5525,Y-GEN-2524
FAB-W1532,LC-5526,Y-GEN-2525
FAB-W1533,LC-5527,Y-GEN-2526
FAB-W1534,LC-5528,Y-GEN-2527
FAB-W1535,LC-5529,Y-GEN-2528
FAB-W1536,LC-5530,Y-GEN-2529
FAB-W1537,LC-5531,Y-GEN-2530
FAB-W1538,LC-5532,Y-GEN-2531
FAB-W1539,LC-5533,Y-GEN-2532
FAB-W1540,LC-5534,Y-GEN-2533
FAB-W1541,LC-5535,Y-GEN-2534
FAB-W1542,LC-5536,Y-GEN-2535
FAB-W1543,LC-5537,Y-GEN-2536
FAB-W1544,LC-5538,Y-GEN-2537
FAB-W1545,LC-5539,Y-GEN-2538
FAB-W1546,LC-5540,Y-GEN-2539
FAB-W1547,LC-5541,Y-GEN-2540
FAB-W1548,LC-5542,Y-GEN-2541
FAB-W1549,LC-5543,Y-GEN-2542
FAB-W1550,LC-5544,Y-GEN-2543
FAB-W1551,LC-5545,Y-GEN-2544
FAB-W1552,LC-5546,Y-GEN-2545
FAB-W1553,LC-5547,Y-GEN-2546
FAB-W1554,LC-5548,Y-GEN-2547
FAB-W1555,LC-5549,Y-GEN-2548
FAB-W1556,LC-5550,Y-GEN-2549
FAB-W1557,LC-5551,Y-GEN-2550
FAB-W1558,LC-5552,Y-GEN-2551
FAB-W1559,LC-5553,Y-GEN-2552
FAB-W1560,LC-5554,Y-GEN-2553
FAB-W1561,LC-5555,Y-GEN-2554
FAB-W1562,LC-5556,Y-GEN-2555
FAB-W1563,LC-5557,Y-GEN-2556
FAB-W1564,LC-5558,Y-GEN-2557
FAB-W1565,LC-5559,Y-GEN-2558
FAB-W1566,LC-5560,Y-GEN-2559
FAB-W1567,LC-5561,Y-GEN-2560
FAB-W1568,LC-5562,Y-GEN-2561
FAB-W1569,LC-5563,Y-GEN-2562
FAB-W1570,LC-5564,Y-GEN-2563
FAB-W1571,LC-5565,Y-GEN-2564
FAB-W1572,LC-5566,Y-GEN-2565
FAB-W1573,LC-5567,Y-GEN-2566
FAB-W1574,LC-5568,Y-GEN-2567
FAB-W1575,LC-5569,Y-GEN-2568
FAB-W1576,LC-5570,Y-GEN-2569
FAB-W1577,LC-5571,Y-GEN-2570
FAB-W1578,LC-5572,Y-GEN-2571
FAB-W1579,LC-5573,Y-GEN-2572
FAB-W1580,LC-5574,Y-GEN-2573
FAB-W1581,LC-5575,Y-GEN-2574
FAB-W1582,LC-5576,Y-GEN-2575
FAB-W1583,LC-5577,Y-GEN-2576
FAB-W1584,LC-5578,Y-GEN-2577
FAB-W1585,LC-5579,Y-GEN-2578
FAB-W1586,LC-5580,Y-GEN-2579
FAB-W1587,LC-5581,Y-GEN-2580
FAB-W1588,LC-5582,Y-GEN-2581
FAB-W1589,LC-5583,Y-GEN-2582
FAB-W1590,LC-5584,Y-GEN-2583
FAB-W1591,LC-5585,Y-GEN-2584
FAB-W1592,LC-5586,Y-GEN-2585
FAB-W1593,LC-5587,Y-GEN-2586
FAB-W1594,LC-5588,Y-GEN-2587
FAB-W1595,LC-5589,Y-GEN-2588
FAB-W1596,LC-5590,Y-GEN-2589
FAB-W1597,LC-5591,Y-GEN-2590
FAB-W1598,LC-5592,Y-GEN-2591
FAB-W1599,LC-5593,Y-GEN-2592
FAB-W1600,LC-5594,Y-GEN-2593
FAB-W1601,LC-5595,Y-GEN-2594
FAB-W1602,LC-5596,Y-GEN-2595
FAB-W1603,LC-5597,Y-GEN-2596
FAB-W1604,LC-5598,Y-GEN-2597
FAB-W1605,LC-5599,Y-GEN-2598
FAB-W1606,LC-5600,Y-GEN-2599
FAB-W1607,LC-5601,Y-GEN-2600
FAB-W1608,LC-5602,Y-GEN-2601
FAB-W1609,LC-5603,Y-GEN-2602
FAB-W1610,LC-5604,Y-GEN-2603
FAB-W1611,LC-5605,Y-GEN-2604
FAB-W1612,LC-5606,Y-GEN-2605
FAB-W1613,LC-5607,Y-GEN-2606
FAB-W1614,LC-5608,Y-GEN-2607
FAB-W1615,LC-5609,Y-GEN-2608
FAB-W1616,LC-5610,Y-GEN-2609
FAB-W1617,LC-5611,Y-GEN-2610
FAB-W1618,LC-5612,Y-GEN-2611
FAB-W1619,LC-5613,Y-GEN-2612
FAB-W1620,LC-5614,Y-GEN-2613
FAB-W1621,LC-5615,Y-GEN-2614
FAB-W1622,LC-5616,Y-GEN-2615
FAB-W1623,LC-5617,Y-GEN-2616
FAB-W1624,LC-5618,Y-GEN-2617
FAB-W1625,LC-5619,Y-GEN-2618
FAB-W1626,LC-5620,Y-GEN-2619
FAB-W1627,LC-5621,Y-GEN-2620
FAB-W1628,LC-5622,Y-GEN-2621
FAB-W1629,LC-5623,Y-GEN-2622
FAB-W1630,LC-5624,Y-GEN-2623
FAB-W1631,LC-5625,Y-GEN-2624
FAB-W1632,LC-5626,Y-GEN-2625
FAB-W1633,LC-5627,Y-GEN-2626
FAB-W1634,LC-5628,Y-GEN-2627
FAB-W1635,LC-5629,Y-GEN-2628
FAB-W1636,LC-5630,Y-GEN-2629
FAB-W1637,LC-5631,Y-GEN-2630
FAB-W1638,LC-5632,Y-GEN-2631
FAB-W1639,LC-5633,Y-GEN-2632
FAB-W1640,LC-5634,Y-GEN-2633
FAB-W1641,LC-5635,Y-GEN-2634
FAB-W1642,LC-5636,Y-GEN-2635
FAB-W1643,LC-5637,Y-GEN-2636
FAB-W1644,LC-5638,Y-GEN-2637
FAB-W1645,LC-5639,Y-GEN-2638
FAB-W1646,LC-5640,Y-GEN-2639
FAB-W1647,LC-5641,Y-GEN-2640
FAB-W1648,LC-5642,Y-GEN-2641
FAB-W1649,LC-5643,Y-GEN-2642
FAB-W1650,LC-5644,Y-GEN-2643
FAB-W1651,LC-5645,Y-GEN-2644
FAB-W1652,LC-5646,Y-GEN-2645
FAB-W1653,LC-5647,Y-GEN-2646
FAB-W1654,LC-5648,Y-GEN-2647
FAB-W1655,LC-5649,Y-GEN-2648
FAB-W1656,LC-5650,Y-GEN-2649
FAB-W1657,LC-5651,Y-GEN-2650
FAB-W1658,LC-5652,Y-GEN-2651
FAB-W1659,LC-5653,Y-GEN-2652
FAB-W1660,LC-5654,Y-GEN-2653
FAB-W1661,LC-5655,Y-GEN-2654
FAB-W1662,LC-5656,Y-GEN-2655
FAB-W1663,LC-5657,Y-GEN-2656
FAB-W1664,LC-5658,Y-GEN-2657
FAB-W1665,LC-5659,Y-GEN-2658
FAB-W1666,LC-5660,Y-GEN-2659
FAB-W1667,LC-5661,Y-GEN-2660
FAB-W1668,LC-5662,Y-GEN-2661
FAB-W1669,LC-5663,Y-GEN-2662
FAB-W1670,LC-5664,Y-GEN-2663
FAB-W1671,LC-5665,Y-GEN-2664
FAB-W1672,LC-5666,Y-GEN-2665
FAB-W1673,LC-5667,Y-GEN-2666
FAB-W1674,LC-5668,Y-GEN-2667
FAB-W1675,LC-5669,Y-GEN-2668
FAB-W1676,LC-5670,Y-GEN-2669
FAB-W1677,LC-5671,Y-GEN-2670
FAB-W1678,LC-5672,Y-GEN-2671
FAB-W1679,LC-5673,Y-GEN-2672
FAB-W1680,LC-5674,Y-GEN-2673
FAB-W1681,LC-5675,Y-GEN-2674
FAB-W1682,LC-5676,Y-GEN-2675
FAB-W1683,LC-5677,Y-GEN-2676
FAB-W1684,LC-5678,Y-GEN-2677
FAB-W1685,LC-5679,Y-GEN-2678
FAB-W1686,LC-5680,Y-GEN-2679
FAB-W1687,LC-5681,Y-GEN-2680
FAB-W1688,LC-5682,Y-GEN-2681
FAB-W1689,LC-5683,Y-GEN-2682
FAB-W1690,LC-5684,Y-GEN-2683
FAB-W1691,LC-5685,Y-GEN-2684
FAB-W1692,LC-5686,Y-GEN-2685
FAB-W1693,LC-5687,Y-GEN-2686
FAB-W1694,LC-5688,Y-GEN-2687
FAB-W1695,LC-5689,Y-GEN-2688
FAB-W1696,LC-5690,Y-GEN-2689
FAB-W1697,LC-5691,Y-GEN-2690
FAB-W1698,LC-5692,Y-GEN-2691
FAB-W1699,LC-5693,Y-GEN-2692
FAB-W1700,LC-5694,Y-GEN-2693
FAB-W1701,LC-5695,Y-GEN-2694
FAB-W1702,LC-5696,Y-GEN-2695
FAB-W1703,LC-5697,Y-GEN-2696
FAB-W1704,LC-5698,Y-GEN-2697
FAB-W1705,LC-5699,Y-GEN-2698
FAB-W1706,LC-5700,Y-GEN-2699
FAB-W1707,LC-5701,Y-GEN-2700
FAB-W1708,LC-5702,Y-GEN-2701
FAB-W1709,LC-5703,Y-GEN-2702
FAB-W1710,LC-5704,Y-GEN-2703
FAB-W1711,LC-5705,Y-GEN-2704
FAB-W1712,LC-5706,Y-GEN-2705
FAB-W1713,LC-5707,Y-GEN-2706
FAB-W1714,LC-5708,Y-GEN-2707
FAB-W1715,LC-5709,Y-GEN-2708
FAB-W1716,LC-5710,Y-GEN-2709
FAB-W1717,LC-5711,Y-GEN-2710
FAB-W1718,LC-5712,Y-GEN-2711
FAB-W1719,LC-5713,Y-GEN-2712
FAB-W1720,LC-5714,Y-GEN-2713
FAB-W1721,LC-5715,Y-GEN-2714
FAB-W1722,LC-5716,Y-GEN-2715
FAB-W1723,LC-5717,Y-GEN-2716
FAB-W1724,LC-5718,Y-GEN-2717
FAB-W1725,LC-5719,Y-GEN-2718
FAB-W1726,LC-5720,Y-GEN-2719
FAB-W1727,LC-5721,Y-GEN-2720
FAB-W1728,LC-5722,Y-GEN-2721
FAB-W1729,LC-5723,Y-GEN-2722
FAB-W1730,LC-5724,Y-GEN-2723
FAB-W1731,LC-5725,Y-GEN-2724
FAB-W1732,LC-5726,Y-GEN-2725
FAB-W1733,LC-5727,Y-GEN-2726
FAB-W1734,LC-5728,Y-GEN-2727
FAB-W1735,LC-5729,Y-GEN-2728
FAB-W1736,LC-5730,Y-GEN-2729
FAB-W1737,LC-5731,Y-GEN-2730
FAB-W1738,LC-5732,Y-GEN-2731
FAB-W1739,LC-5733,Y-GEN-2732
FAB-W1740,LC-5734,Y-GEN-2733
FAB-W1741,LC-5735,Y-GEN-2734
FAB-W1742,LC-5736,Y-GEN-2735
FAB-W1743,LC-5737,Y-GEN-2736
FAB-W1744,LC-5738,Y-GEN-2737
FAB-W1745,LC-5739,Y-GEN-2738
FAB-W1746,LC-5740,Y-GEN-2739
FAB-W1747,LC-5741,Y-GEN-2740
FAB-W1748,LC-5742,Y-GEN-2741
FAB-W1749,LC-5743,Y-GEN-2742
FAB-W1750,LC-5744,Y-GEN-2743
FAB-W1751,LC-5745,Y-GEN-2744
FAB-W1752,LC-5746,Y-GEN-2745
FAB-W1753,LC-5747,Y-GEN-2746
FAB-W1754,LC-5748,Y-GEN-2747
FAB-W1755,LC-5749,Y-GEN-2748
FAB-W1756,LC-5750,Y-GEN-2749
FAB-W1757,LC-5751,Y-GEN-2750
FAB-W1758,LC-5752,Y-GEN-2751
FAB-W1759,LC-5753,Y-GEN-2752
FAB-W1760,LC-5754,Y-GEN-2753
FAB-W1761,LC-5755,Y-GEN-2754
FAB-W1762,LC-5756,Y-GEN-2755
FAB-W1763,LC-5757,Y-GEN-2756
FAB-W1764,LC-5758,Y-GEN-2757
FAB-W1765,LC-5759,Y-GEN-2758
FAB-W1766,LC-5760,Y-GEN-2759
FAB-W1767,LC-5761,Y-GEN-2760
FAB-W1768,LC-5762,Y-GEN-2761
FAB-W1769,LC-5763,Y-GEN-2762
FAB-W1770,LC-5764,Y-GEN-2763
FAB-W1771,LC-5765,Y-GEN-2764
FAB-W1772,LC-5766,Y-GEN-2765
FAB-W1773,LC-5767,Y-GEN-2766
FAB-W1774,LC-5768,Y-GEN-2767
FAB-W1775,LC-5769,Y-GEN-2768
FAB-W1776,LC-5770,Y-GEN-2769
FAB-W1777,LC-5771,Y-GEN-2770
FAB-W1778,LC-5772,Y-GEN-2771
FAB-W1779,LC-5773,Y-GEN-2772
FAB-W1780,LC-5774,Y-GEN-2773
FAB-W1781,LC-5775,Y-GEN-2774
FAB-W1782,LC-5776,Y-GEN-2775
FAB-W1783,LC-5777,Y-GEN-2776
FAB-W1784,LC-5778,Y-GEN-2777
FAB-W1785,LC-5779,Y-GEN-2778
FAB-W1786,LC-5780,Y-GEN-2779
FAB-W1787,LC-5781,Y-GEN-2780
FAB-W1788,LC-5782,Y-GEN-2781
FAB-W1789,LC-5783,Y-GEN-2782
FAB-W1790,LC-5784,Y-GEN-2783
FAB-W1791,LC-5785,Y-GEN-2784
FAB-W1792,LC-5786,Y-GEN-2785
FAB-W1793,LC-5787,Y-GEN-2786
FAB-W1794,LC-5788,Y-GEN-2787
FAB-W1795,LC-5789,Y-GEN-2788
FAB-W1796,LC-5790,Y-GEN-2789
FAB-W1797,LC-5791,Y-GEN-2790
FAB-W1798,LC-5792,Y-GEN-2791
FAB-W1799,LC-5793,Y-GEN-2792
FAB-W1800,LC-5794,Y-GEN-2793
FAB-W1801,LC-5795,Y-GEN-2794
FAB-W1802,LC-5796,Y-GEN-2795
FAB-W1803,LC-5797,Y-GEN-2796
FAB-W1804,LC-5798,Y-GEN-2797
FAB-W1805,LC-5799,Y-GEN-2798
FAB-W1806,LC-5800,Y-GEN-2799
FAB-W1807,LC-5801,Y-GEN-2800
FAB-W1808,LC-5802,Y-GEN-2801
FAB-W1809,LC-5803,Y-GEN-2802
FAB-W1810,LC-5804,Y-GEN-2803
FAB-W1811,LC-5805,Y-GEN-2804
FAB-W1812,LC-5806,Y-GEN-2805
FAB-W1813,LC-5807,Y-GEN-2806
FAB-W1814,LC-5808,Y-GEN-2807
FAB-W1815,LC-5809,Y-GEN-2808
FAB-W1816,LC-5810,Y-GEN-2809
FAB-W1817,LC-5811,Y-GEN-2810
FAB-W1818,LC-5812,Y-GEN-2811
FAB-W1819,LC-5813,Y-GEN-2812
FAB-W1820,LC-5814,Y-GEN-2813
FAB-W1821,LC-5815,Y-GEN-2814
FAB-W1822,LC-5816,Y-GEN-2815
FAB-W1823,LC-5817,Y-GEN-2816
FAB-W1824,LC-5818,Y-GEN-2817
FAB-W1825,LC-5819,Y-GEN-2818
FAB-W1826,LC-5820,Y-GEN-2819
FAB-W1827,LC-5821,Y-GEN-2820
FAB-W1828,LC-5822,Y-GEN-2821
FAB-W1829,LC-5823,Y-GEN-2822
FAB-W1830,LC-5824,Y-GEN-2823
FAB-W1831,LC-5825,Y-GEN-2824
FAB-W1832,LC-5826,Y-GEN-2825
FAB-W1833,LC-5827,Y-GEN-2826
FAB-W1834,LC-5828,Y-GEN-2827
FAB-W1835,LC-5829,Y-GEN-2828
FAB-W1836,LC-5830,Y-GEN-2829
FAB-W1837,LC-5831,Y-GEN-2830
FAB-W1838,LC-5832,Y-GEN-2831
FAB-W1839,LC-5833,Y-GEN-2832
FAB-W1840,LC-5834,Y-GEN-2833
FAB-W1841,LC-5835,Y-GEN-2834
FAB-W1842,LC-5836,Y-GEN-2835
FAB-W1843,LC-5837,Y-GEN-2836
FAB-W1844,LC-5838,Y-GEN-2837
FAB-W1845,LC-5839,Y-GEN-2838
FAB-W1846,LC-5840,Y-GEN-2839
FAB-W1847,LC-5841,Y-GEN-2840
FAB-W1848,LC-5842,Y-GEN-2841
FAB-W1849,LC-5843,Y-GEN-2842
FAB-W1850,LC-5844,Y-GEN-2843
FAB-W1851,LC-5845,Y-GEN-2844
FAB-W1852,LC-5846,Y-GEN-2845
FAB-W1853,LC-5847,Y-GEN-2846
FAB-W1854,LC-5848,Y-GEN-2847
FAB-W1855,LC-5849,Y-GEN-2848
FAB-W1856,LC-5850,Y-GEN-2849
FAB-W1857,LC-5851,Y-GEN-2850
FAB-W1858,LC-5852,Y-GEN-2851
FAB-W1859,LC-5853,Y-GEN-2852
FAB-W1860,LC-5854,Y-GEN-2853
FAB-W1861,LC-5855,Y-GEN-2854
FAB-W1862,LC-5856,Y-GEN-2855
FAB-W1863,LC-5857,Y-GEN-2856
FAB-W1864,LC-5858,Y-GEN-2857
FAB-W1865,LC-5859,Y-GEN-2858
FAB-W1866,LC-5860,Y-GEN-2859
FAB-W1867,LC-5861,Y-GEN-2860
FAB-W1868,LC-5862,Y-GEN-2861
FAB-W1869,LC-5863,Y-GEN-2862
FAB-W1870,LC-5864,Y-GEN-2863
FAB-W1871,LC-5865,Y-GEN-2864
FAB-W1872,LC-5866,Y-GEN-2865
FAB-W1873,LC-5867,Y-GEN-2866
FAB-W1874,LC-5868,Y-GEN-2867
FAB-W1875,LC-5869,Y-GEN-2868
FAB-W1876,LC-5870,Y-GEN-2869
FAB-W1877,LC-5871,Y-GEN-2870
FAB-W1878,LC-5872,Y-GEN-2871
FAB-W1879,LC-5873,Y-GEN-2872
FAB-W1880,LC-5874,Y-GEN-2873
FAB-W1881,LC-5875,Y-GEN-2874
FAB-W1882,LC-5876,Y-GEN-2875
FAB-W1883,LC-5877,Y-GEN-2876
FAB-W1884,LC-5878,Y-GEN-2877
FAB-W1885,LC-5879,Y-GEN-2878
FAB-W1886,LC-5880,Y-GEN-2879
FAB-W1887,LC-5881,Y-GEN-2880
FAB-W1888,LC-5882,Y-GEN-2881
FAB-W1889,LC-5883,Y-GEN-2882
FAB-W1890,LC-5884,Y-GEN-2883
FAB-W1891,LC-5885,Y-GEN-2884
FAB-W1892,LC-5886,Y-GEN-2885
FAB-W1893,LC-5887,Y-GEN-2886
FAB-W1894,LC-5888,Y-GEN-2887
FAB-W1895,LC-5889,Y-GEN-2888
FAB-W1896,LC-5890,Y-GEN-2889
FAB-W1897,LC-5891,Y-GEN-2890
FAB-W1898,LC-5892,Y-GEN-2891
FAB-W1899,LC-5893,Y-GEN-2892
FAB-W1900,LC-5894,Y-GEN-2893
FAB-W1901,LC-5895,Y-GEN-2894
FAB-W1902,LC-5896,Y-GEN-2895
FAB-W1903,LC-5897,Y-GEN-2896
FAB-W1904,LC-5898,Y-GEN-2897
FAB-W1905,LC-5899,Y-GEN-2898
FAB-W1906,LC-5900,Y-GEN-2899
FAB-W1907,LC-5901,Y-GEN-2900
FAB-W1908,LC-5902,Y-GEN-2901
FAB-W1909,LC-5903,Y-GEN-2902
FAB-W1910,LC-5904,Y-GEN-2903
FAB-W1911,LC-5905,Y-GEN-2904
FAB-W1912,LC-5906,Y-GEN-2905
FAB-W1913,LC-5907,Y-GEN-2906
FAB-W1914,LC-5908,Y-GEN-2907
FAB-W1915,LC-5909,Y-GEN-2908
FAB-W1916,LC-5910,Y-GEN-2909
FAB-W1917,LC-5911,Y-GEN-2910
FAB-W1918,LC-5912,Y-GEN-2911
FAB-W1919,LC-5913,Y-GEN-2912
FAB-W1920,LC-5914,Y-GEN-2913
FAB-W1921,LC-5915,Y-GEN-2914
FAB-W1922,LC-5916,Y-GEN-2915
FAB-W1923,LC-5917,Y-GEN-2916
FAB-W1924,LC-5918,Y-GEN-2917
FAB-W1925,LC-5919,Y-GEN-2918
FAB-W1926,LC-5920,Y-GEN-2919
FAB-W1927,LC-5921,Y-GEN-2920
FAB-W1928,LC-5922,Y-GEN-2921
FAB-W1929,LC-5923,Y-GEN-2922
FAB-W1930,LC-5924,Y-GEN-2923
FAB-W1931,LC-5925,Y-GEN-2924
FAB-W1932,LC-5926,Y-GEN-2925
FAB-W1933,LC-5927,Y-GEN-2926
FAB-W1934,LC-5928,Y-GEN-2927
FAB-W1935,LC-5929,Y-GEN-2928
FAB-W1936,LC-5930,Y-GEN-2929
FAB-W1937,LC-5931,Y-GEN-2930
FAB-W1938,LC-5932,Y-GEN-2931
FAB-W1939,LC-5933,Y-GEN-2932
FAB-W1940,LC-5934,Y-GEN-2933
FAB-W1941,LC-5935,Y-GEN-2934
FAB-W1942,LC-5936,Y-GEN-2935
FAB-W1943,LC-5937,Y-GEN-2936
FAB-W1944,LC-5938,Y-GEN-2937
FAB-W1945,LC-5939,Y-GEN-2938
FAB-W1946,LC-5940,Y-GEN-2939
FAB-W1947,LC-5941,Y-GEN-2940
FAB-W1948,LC-5942,Y-GEN-2941
FAB-W1949,LC-5943,Y-GEN-2942
FAB-W1950,LC-5944,Y-GEN-2943
FAB-W1951,LC-5945,Y-GEN-2944
FAB-W1952,LC-5946,Y-GEN-2945
FAB-W1953,LC-5947,Y-GEN-2946
FAB-W1954,LC-5948,Y-GEN-2947
FAB-W1955,LC-5949,Y-GEN-2948
FAB-W1956,LC-5950,Y-GEN-2949
FAB-W1957,LC-5951,Y-GEN-2950
FAB-W1958,LC-5952,Y-GEN-2951
FAB-W1959,LC-5953,Y-GEN-2952
FAB-W1960,LC-5954,Y-GEN-2953
FAB-W1961,LC-5955,Y-GEN-2954
FAB-W1962,LC-5956,Y-GEN-2955
FAB-W1963,LC-5957,Y-GEN-2956
FAB-W1964,LC-5958,Y-GEN-2957
FAB-W1965,LC-5959,Y-GEN-2958
FAB-W1966,LC-5960,Y-GEN-2959
FAB-W1967,LC-5961,Y-GEN-2960
FAB-W1968,LC-5962,Y-GEN-2961
FAB-W1969,LC-5963,Y-GEN-2962
FAB-W1970,LC-5964,Y-GEN-2963
FAB-W1971,LC-5965,Y-GEN-2964
FAB-W1972,LC-5966,Y-GEN-2965
FAB-W1973,LC-5967,Y-GEN-2966
FAB-W1974,LC-5968,Y-GEN-2967
FAB-W1975,LC-5969,Y-GEN-2968
FAB-W1976,LC-5970,Y-GEN-2969
FAB-W1977,LC-5971,Y-GEN-2970
FAB-W1978,LC-5972,Y-GEN-2971
FAB-W1979,LC-5973,Y-GEN-2972
FAB-W1980,LC-5974,Y-GEN-2973
FAB-W1981,LC-5975,Y-GEN-2974
FAB-W1982,LC-5976,Y-GEN-2975
FAB-W1983,LC-5977,Y-GEN-2976
FAB-W1984,LC-5978,Y-GEN-2977
FAB-W1985,LC-5979,Y-GEN-2978
FAB-W1986,LC-5980,Y-GEN-2979
FAB-W1987,LC-5981,Y-GEN-2980
FAB-W1988,LC-5982,Y-GEN-2981
FAB-W1989,LC-5983,Y-GEN-2982
FAB-W1990,LC-5984,Y-GEN-2983
FAB-W1991,LC-5985,Y-GEN-2984
FAB-W1992,LC-5986,Y-GEN-2985
FAB-W1993,LC-5987,Y-GEN-2986
FAB-W1994,LC-5988,Y-GEN-2987
FAB-W1995,LC-5989,Y-GEN-2988
FAB-W1996,LC-5990,Y-GEN-2989
FAB-W1997,LC-5991,Y-GEN-2990
FAB-W1998,LC-5992,Y-GEN-2991
FAB-W1999,LC-5993,Y-GEN-2992
FAB-W2000,LC-5994,Y-GEN-2993
FAB-W2001,LC-5995,Y-GEN-2994
FAB-W2002,LC-5996,Y-GEN-2995
FAB-W2003,LC-5997,Y-GEN-2996
FAB-W2004,LC-5998,Y-GEN-2997
FAB-W2005,LC-5999,Y-GEN-2998
FAB-W2006,LC-6000,Y-GEN-2999
FAB-W2007,LC-6001,Y-GEN-3000
FAB-W2008,LC-6002,Y-GEN-3001
FAB-W2009,LC-6003,Y-GEN-3002
FAB-W2010,LC-6004,Y-GEN-3003
FAB-W2011,LC-6005,Y-GEN-3004
FAB-W2012,LC-6006,Y-GEN-3005
FAB-W2013,LC-6007,Y-GEN-3006
FAB-W2014,LC-6008,Y-GEN-3007
FAB-W2015,LC-6009,Y-GEN-3008
FAB-W2016,LC-6010,Y-GEN-3009
FAB-W2017,LC-6011,Y-GEN-3010
FAB-W2018,LC-6012,Y-GEN-3011
FAB-W2019,LC-6013,Y-GEN-3012
FAB-W2020,LC-6014,Y-GEN-3013
FAB-W2021,LC-6015,Y-GEN-3014
FAB-W2022,LC-6016,Y-GEN-3015
FAB-W2023,LC-6017,Y-GEN-3016
FAB-W2024,LC-6018,Y-GEN-3017
FAB-W2025,LC-6019,Y-GEN-3018
FAB-W2026,LC-6020,Y-GEN-3019
FAB-W2027,LC-6021,Y-GEN-3020
FAB-W2028,LC-6022,Y-GEN-3021
FAB-W2029,LC-6023,Y-GEN-3022
FAB-W2030,LC-6024,Y-GEN-3023
FAB-W2031,LC-6025,Y-GEN-3024
FAB-W2032,LC-6026,Y-GEN-3025
FAB-W2033,LC-6027,Y-GEN-3026
FAB-W2034,LC-6028,Y-GEN-3027
FAB-W2035,LC-6029,Y-GEN-3028
FAB-W2036,LC-6030,Y-GEN-3029
FAB-W2037,LC-6031,Y-GEN-3030
FAB-W2038,LC-6032,Y-GEN-3031
FAB-W2039,LC-6033,Y-GEN-3032
FAB-W2040,LC-6034,Y-GEN-3033
FAB-W2041,LC-6035,Y-GEN-3034
FAB-W2042,LC-6036,Y-GEN-3035
FAB-W2043,LC-6037,Y-GEN-3036
FAB-W2044,LC-6038,Y-GEN-3037
FAB-W2045,LC-6039,Y-GEN-3038
FAB-W2046,LC-6040,Y-GEN-3039
FAB-W2047,LC-6041,Y-GEN-3040
FAB-W2048,LC-6042,Y-GEN-3041
FAB-W2049,LC-6043,Y-GEN-3042
FAB-W2050,LC-6044,Y-GEN-3043
FAB-W2051,LC-6045,Y-GEN-3044
FAB-W2052,LC-6046,Y-GEN-3045
FAB-W2053,LC-6047,Y-GEN-3046
FAB-W2054,LC-6048,Y-GEN-3047
FAB-W2055,LC-6049,Y-GEN-3048
FAB-W2056,LC-6050,Y-GEN-3049
FAB-W2057,LC-6051,Y-GEN-3050
FAB-W2058,LC-6052,Y-GEN-3051
FAB-W2059,LC-6053,Y-GEN-3052
FAB-W2060,LC-6054,Y-GEN-3053
FAB-W2061,LC-6055,Y-GEN-3054
FAB-W2062,LC-6056,Y-GEN-3055
FAB-W2063,LC-6057,Y-GEN-3056
FAB-W2064,LC-6058,Y-GEN-3057
FAB-W2065,LC-6059,Y-GEN-3058
FAB-W2066,LC-6060,Y-GEN-3059
FAB-W2067,LC-6061,Y-GEN-3060
FAB-W2068,LC-6062,Y-GEN-3061
FAB-W2069,LC-6063,Y-GEN-3062
FAB-W2070,LC-6064,Y-GEN-3063
FAB-W2071,LC-6065,Y-GEN-3064
FAB-W2072,LC-6066,Y-GEN-3065
FAB-W2073,LC-6067,Y-GEN-3066
FAB-W2074,LC-6068,Y-GEN-3067
FAB-W2075,LC-6069,Y-GEN-3068
FAB-W2076,LC-6070,Y-GEN-3069
FAB-W2077,LC-6071,Y-GEN-3070
FAB-W2078,LC-6072,Y-GEN-3071
FAB-W2079,LC-6073,Y-GEN-3072
FAB-W2080,LC-6074,Y-GEN-3073
FAB-W2081,LC-6075,Y-GEN-3074
FAB-W2082,LC-6076,Y-GEN-3075
FAB-W2083,LC-6077,Y-GEN-3076
FAB-W2084,LC-6078,Y-GEN-3077
FAB-W2085,LC-6079,Y-GEN-3078
FAB-W2086,LC-6080,Y-GEN-3079
FAB-W2087,LC-6081,Y-GEN-3080
FAB-W2088,LC-6082,Y-GEN-3081
FAB-W2089,LC-6083,Y-GEN-3082
FAB-W2090,LC-6084,Y-GEN-3083
FAB-W2091,LC-6085,Y-GEN-3084
FAB-W2092,LC-6086,Y-GEN-3085
FAB-W2093,LC-6087,Y-GEN-3086
FAB-W2094,LC-6088,Y-GEN-3087
FAB-W2095,LC-6089,Y-GEN-3088
FAB-W2096,LC-6090,Y-GEN-3089
FAB-W2097,LC-6091,Y-GEN-3090
FAB-W2098,LC-6092,Y-GEN-3091
FAB-W2099,LC-6093,Y-GEN-3092
FAB-W2100,LC-6094,Y-GEN-3093
FAB-W2101,LC-6095,Y-GEN-3094
FAB-W2102,LC-6096,Y-GEN-3095
FAB-W2103,LC-6097,Y-GEN-3096
FAB-W2104,LC-6098,Y-GEN-3097
FAB-W2105,LC-6099,Y-GEN-3098
FAB-W2106,LC-6100,Y-GEN-3099
FAB-W2107,LC-6101,Y-GEN-3100
FAB-W2108,LC-6102,Y-GEN-3101
FAB-W2109,LC-6103,Y-GEN-3102
FAB-W2110,LC-6104,Y-GEN-3103
FAB-W2111,LC-6105,Y-GEN-3104
FAB-W2112,LC-6106,Y-GEN-3105
FAB-W2113,LC-6107,Y-GEN-3106
FAB-W2114,LC-6108,Y-GEN-3107
FAB-W2115,LC-6109,Y-GEN-3108
FAB-W2116,LC-6110,Y-GEN-3109
FAB-W2117,LC-6111,Y-GEN-3110
FAB-W2118,LC-6112,Y-GEN-3111
FAB-W2119,LC-6113,Y-GEN-3112
FAB-W2120,LC-6114,Y-GEN-3113
FAB-W2121,LC-6115,Y-GEN-3114
FAB-W2122,LC-6116,Y-GEN-3115
FAB-W2123,LC-6117,Y-GEN-3116
FAB-W2124,LC-6118,Y-GEN-3117
FAB-W2125,LC-6119,Y-GEN-3118
FAB-W2126,LC-6120,Y-GEN-3119
FAB-W2127,LC-6121,Y-GEN-3120
FAB-W2128,LC-6122,Y-GEN-3121
FAB-W2129,LC-6123,Y-GEN-3122
FAB-W2130,LC-6124,Y-GEN-3123
FAB-W2131,LC-6125,Y-GEN-3124
FAB-W2132,LC-6126,Y-GEN-3125
FAB-W2133,LC-6127,Y-GEN-3126
FAB-W2134,LC-6128,Y-GEN-3127
FAB-W2135,LC-6129,Y-GEN-3128
FAB-W2136,LC-6130,Y-GEN-3129
FAB-W2137,LC-6131,Y-GEN-3130
FAB-W2138,LC-6132,Y-GEN-3131
FAB-W2139,LC-6133,Y-GEN-3132
FAB-W2140,LC-6134,Y-GEN-3133
FAB-W2141,LC-6135,Y-GEN-3134
FAB-W2142,LC-6136,Y-GEN-3135
FAB-W2143,LC-6137,Y-GEN-3136
FAB-W2144,LC-6138,Y-GEN-3137
FAB-W2145,LC-6139,Y-GEN-3138
FAB-W2146,LC-6140,Y-GEN-3139
FAB-W2147,LC-6141,Y-GEN-3140
FAB-W2148,LC-6142,Y-GEN-3141
FAB-W2149,LC-6143,Y-GEN-3142
FAB-W2150,LC-6144,Y-GEN-3143
FAB-W2151,LC-6145,Y-GEN-3144
FAB-W2152,LC-6146,Y-GEN-3145
FAB-W2153,LC-6147,Y-GEN-3146
FAB-W2154,LC-6148,Y-GEN-3147
FAB-W2155,LC-6149,Y-GEN-3148
FAB-W2156,LC-6150,Y-GEN-3149
FAB-W2157,LC-6151,Y-GEN-3150
FAB-W2158,LC-6152,Y-GEN-3151
FAB-W2159,LC-6153,Y-GEN-3152
FAB-W2160,LC-6154,Y-GEN-3153
FAB-W2161,LC-6155,Y-GEN-3154
FAB-W2162,LC-6156,Y-GEN-3155
FAB-W2163,LC-6157,Y-GEN-3156
FAB-W2164,LC-6158,Y-GEN-3157
FAB-W2165,LC-6159,Y-GEN-3158
FAB-W2166,LC-6160,Y-GEN-3159
FAB-W2167,LC-6161,Y-GEN-3160
FAB-W2168,LC-6162,Y-GEN-3161
FAB-W2169,LC-6163,Y-GEN-3162
FAB-W2170,LC-6164,Y-GEN-3163
FAB-W2171,LC-6165,Y-GEN-3164
FAB-W2172,LC-6166,Y-GEN-3165
FAB-W2173,LC-6167,Y-GEN-3166
FAB-W2174,LC-6168,Y-GEN-3167
FAB-W2175,LC-6169,Y-GEN-3168
FAB-W2176,LC-6170,Y-GEN-3169
FAB-W2177,LC-6171,Y-GEN-3170
FAB-W2178,LC-6172,Y-GEN-3171
FAB-W2179,LC-6173,Y-GEN-3172
FAB-W2180,LC-6174,Y-GEN-3173
FAB-W2181,LC-6175,Y-GEN-3174
FAB-W2182,LC-6176,Y-GEN-3175
FAB-W2183,LC-6177,Y-GEN-3176
FAB-W2184,LC-6178,Y-GEN-3177
FAB-W2185,LC-6179,Y-GEN-3178
FAB-W2186,LC-6180,Y-GEN-3179
FAB-W2187,LC-6181,Y-GEN-3180
FAB-W2188,LC-6182,Y-GEN-3181
FAB-W2189,LC-6183,Y-GEN-3182
FAB-W2190,LC-6184,Y-GEN-3183
FAB-W2191,LC-6185,Y-GEN-3184
FAB-W2192,LC-6186,Y-GEN-3185
FAB-W2193,LC-6187,Y-GEN-3186
FAB-W2194,LC-6188,Y-GEN-3187
FAB-W2195,LC-6189,Y-GEN-3188
FAB-W2196,LC-6190,Y-GEN-3189
FAB-W2197,LC-6191,Y-GEN-3190
FAB-W2198,LC-6192,Y-GEN-3191
FAB-W2199,LC-6193,Y-GEN-3192
FAB-W2200,LC-6194,Y-GEN-3193
FAB-W2201,LC-6195,Y-GEN-3194
FAB-W2202,LC-6196,Y-GEN-3195
FAB-W2203,LC-6197,Y-GEN-3196
FAB-W2204,LC-6198,Y-GEN-3197
FAB-W2205,LC-6199,Y-GEN-3198
FAB-W2206,LC-6200,Y-GEN-3199
FAB-W2207,LC-6201,Y-GEN-3200
FAB-W2208,LC-6202,Y-GEN-3201
FAB-W2209,LC-6203,Y-GEN-3202
FAB-W2210,LC-6204,Y-GEN-3203
FAB-W2211,LC-6205,Y-GEN-3204
FAB-W2212,LC-6206,Y-GEN-3205
FAB-W2213,LC-6207,Y-GEN-3206
FAB-W2214,LC-6208,Y-GEN-3207
FAB-W2215,LC-6209,Y-GEN-3208
FAB-W2216,LC-6210,Y-GEN-3209
FAB-W2217,LC-6211,Y-GEN-3210
FAB-W2218,LC-6212,Y-GEN-3211
FAB-W2219,LC-6213,Y-GEN-3212
FAB-W2220,LC-6214,Y-GEN-3213
FAB-W2221,LC-6215,Y-GEN-3214
FAB-W2222,LC-6216,Y-GEN-3215
FAB-W2223,LC-6217,Y-GEN-3216
FAB-W2224,LC-6218,Y-GEN-3217
FAB-W2225,LC-6219,Y-GEN-3218
FAB-W2226,LC-6220,Y-GEN-3219
FAB-W2227,LC-6221,Y-GEN-3220
FAB-W2228,LC-6222,Y-GEN-3221
FAB-W2229,LC-6223,Y-GEN-3222
FAB-W2230,LC-6224,Y-GEN-3223
FAB-W2231,LC-6225,Y-GEN-3224
FAB-W2232,LC-6226,Y-GEN-3225
FAB-W2233,LC-6227,Y-GEN-3226
FAB-W2234,LC-6228,Y-GEN-3227
FAB-W2235,LC-6229,Y-GEN-3228
FAB-W2236,LC-6230,Y-GEN-3229
FAB-W2237,LC-6231,Y-GEN-3230
FAB-W2238,LC-6232,Y-GEN-3231
FAB-W2239,LC-6233,Y-GEN-3232
FAB-W2240,LC-6234,Y-GEN-3233
FAB-W2241,LC-6235,Y-GEN-3234
FAB-W2242,LC-6236,Y-GEN-3235
FAB-W2243,LC-6237,Y-GEN-3236
FAB-W2244,LC-6238,Y-GEN-3237
FAB-W2245,LC-6239,Y-GEN-3238
FAB-W2246,LC-6240,Y-GEN-3239
FAB-W2247,LC-6241,Y-GEN-3240
FAB-W2248,LC-6242,Y-GEN-3241
FAB-W2249,LC-6243,Y-GEN-3242
FAB-W2250,LC-6244,Y-GEN-3243
FAB-W2251,LC-6245,Y-GEN-3244
FAB-W2252,LC-6246,Y-GEN-3245
FAB-W2253,LC-6247,Y-GEN-3246
FAB-W2254,LC-6248,Y-GEN-3247
FAB-W2255,LC-6249,Y-GEN-3248
FAB-W2256,LC-6250,Y-GEN-3249
FAB-W2257,LC-6251,Y-GEN-3250
FAB-W2258,LC-6252,Y-GEN-3251
FAB-W2259,LC-6253,Y-GEN-3252
FAB-W2260,LC-6254,Y-GEN-3253
FAB-W2261,LC-6255,Y-GEN-3254
FAB-W2262,LC-6256,Y-GEN-3255
FAB-W2263,LC-6257,Y-GEN-3256
FAB-W2264,LC-6258,Y-GEN-3257
FAB-W2265,LC-6259,Y-GEN-3258
FAB-W2266,LC-6260,Y-GEN-3259
FAB-W2267,LC-6261,Y-GEN-3260
FAB-W2268,LC-6262,Y-GEN-3261
FAB-W2269,LC-6263,Y-GEN-3262
FAB-W2270,LC-6264,Y-GEN-3263
FAB-W2271,LC-6265,Y-GEN-3264
FAB-W2272,LC-6266,Y-GEN-3265
FAB-W2273,LC-6267,Y-GEN-3266
FAB-W2274,LC-6268,Y-GEN-3267
FAB-W2275,LC-6269,Y-GEN-3268
FAB-W2276,LC-6270,Y-GEN-3269
FAB-W2277,LC-6271,Y-GEN-3270
FAB-W2278,LC-6272,Y-GEN-3271
FAB-W2279,LC-6273,Y-GEN-3272
FAB-W2280,LC-6274,Y-GEN-3273
FAB-W2281,LC-6275,Y-GEN-3274
FAB-W2282,LC-6276,Y-GEN-3275
FAB-W2283,LC-6277,Y-GEN-3276
FAB-W2284,LC-6278,Y-GEN-3277
FAB-W2285,LC-6279,Y-GEN-3278
FAB-W2286,LC-6280,Y-GEN-3279
FAB-W2287,LC-6281,Y-GEN-3280
FAB-W2288,LC-6282,Y-GEN-3281
FAB-W2289,LC-6283,Y-GEN-3282
FAB-W2290,LC-6284,Y-GEN-3283
FAB-W2291,LC-6285,Y-GEN-3284
FAB-W2292,LC-6286,Y-GEN-3285
FAB-W2293,LC-6287,Y-GEN-3286
FAB-W2294,LC-6288,Y-GEN-3287
FAB-W2295,LC-6289,Y-GEN-3288
FAB-W2296,LC-6290,Y-GEN-3289
FAB-W2297,LC-6291,Y-GEN-3290
FAB-W2298,LC-6292,Y-GEN-3291
FAB-W2299,LC-6293,Y-GEN-3292
FAB-W2300,LC-6294,Y-GEN-3293
FAB-W2301,LC-6295,Y-GEN-3294
FAB-W2302,LC-6296,Y-GEN-3295
FAB-W2303,LC-6297,Y-GEN-3296
FAB-W2304,LC-6298,Y-GEN-3297
FAB-W2305,LC-6299,Y-GEN-3298
FAB-W2306,LC-6300,Y-GEN-3299
FAB-W2307,LC-6301,Y-GEN-3300
FAB-W2308,LC-6302,Y-GEN-3301
FAB-W2309,LC-6303,Y-GEN-3302
FAB-W2310,LC-6304,Y-GEN-3303
FAB-W2311,LC-6305,Y-GEN-3304
FAB-W2312,LC-6306,Y-GEN-3305
FAB-W2313,LC-6307,Y-GEN-3306
FAB-W2314,LC-6308,Y-GEN-3307
FAB-W2315,LC-6309,Y-GEN-3308
FAB-W2316,LC-6310,Y-GEN-3309
FAB-W2317,LC-6311,Y-GEN-3310
FAB-W2318,LC-6312,Y-GEN-3311
FAB-W2319,LC-6313,Y-GEN-3312
FAB-W2320,LC-6314,Y-GEN-3313
FAB-W2321,LC-6315,Y-GEN-3314
FAB-W2322,LC-6316,Y-GEN-3315
FAB-W2323,LC-6317,Y-GEN-3316
FAB-W2324,LC-6318,Y-GEN-3317
FAB-W2325,LC-6319,Y-GEN-3318
FAB-W2326,LC-6320,Y-GEN-3319
FAB-W2327,LC-6321,Y-GEN-3320
FAB-W2328,LC-6322,Y-GEN-3321
FAB-W2329,LC-6323,Y-GEN-3322
FAB-W2330,LC-6324,Y-GEN-3323
FAB-W2331,LC-6325,Y-GEN-3324
FAB-W2332,LC-6326,Y-GEN-3325
FAB-W2333,LC-6327,Y-GEN-3326
FAB-W2334,LC-6328,Y-GEN-3327
FAB-W2335,LC-6329,Y-GEN-3328
FAB-W2336,LC-6330,Y-GEN-3329
FAB-W2337,LC-6331,Y-GEN-3330
FAB-W2338,LC-6332,Y-GEN-3331
FAB-W2339,LC-6333,Y-GEN-3332
FAB-W2340,LC-6334,Y-GEN-3333
FAB-W2341,LC-6335,Y-GEN-3334
FAB-W2342,LC-6336,Y-GEN-3335
FAB-W2343,LC-6337,Y-GEN-3336
FAB-W2344,LC-6338,Y-GEN-3337
FAB-W2345,LC-6339,Y-GEN-3338
FAB-W2346,LC-6340,Y-GEN-3339
FAB-W2347,LC-6341,Y-GEN-3340
FAB-W2348,LC-6342,Y-GEN-3341
FAB-W2349,LC-6343,Y-GEN-3342
FAB-W2350,LC-6344,Y-GEN-3343
FAB-W2351,LC-6345,Y-GEN-3344
FAB-W2352,LC-6346,Y-GEN-3345
FAB-W2353,LC-6347,Y-GEN-3346
FAB-W2354,LC-6348,Y-GEN-3347
FAB-W2355,LC-6349,Y-GEN-3348
FAB-W2356,LC-6350,Y-GEN-3349
FAB-W2357,LC-6351,Y-GEN-3350
FAB-W2358,LC-6352,Y-GEN-3351
FAB-W2359,LC-6353,Y-GEN-3352
FAB-W2360,LC-6354,Y-GEN-3353
FAB-W2361,LC-6355,Y-GEN-3354
FAB-W2362,LC-6356,Y-GEN-3355
FAB-W2363,LC-6357,Y-GEN-3356
FAB-W2364,LC-6358,Y-GEN-3357
FAB-W2365,LC-6359,Y-GEN-3358
FAB-W2366,LC-6360,Y-GEN-3359
FAB-W2367,LC-6361,Y-GEN-3360
FAB-W2368,LC-6362,Y-GEN-3361
FAB-W2369,LC-6363,Y-GEN-3362
FAB-W2370,LC-6364,Y-GEN-3363
FAB-W2371,LC-6365,Y-GEN-3364
FAB-W2372,LC-6366,Y-GEN-3365
FAB-W2373,LC-6367,Y-GEN-3366
FAB-W2374,LC-6368,Y-GEN-3367
FAB-W2375,LC-6369,Y-GEN-3368
FAB-W2376,LC-6370,Y-GEN-3369
FAB-W2377,LC-6371,Y-GEN-3370
FAB-W2378,LC-6372,Y-GEN-3371
FAB-W2379,LC-6373,Y-GEN-3372
FAB-W2380,LC-6374,Y-GEN-3373
FAB-W2381,LC-6375,Y-GEN-3374
FAB-W2382,LC-6376,Y-GEN-3375
FAB-W2383,LC-6377,Y-GEN-3376
FAB-W2384,LC-6378,Y-GEN-3377
FAB-W2385,LC-6379,Y-GEN-3378
FAB-W2386,LC-6380,Y-GEN-3379
FAB-W2387,LC-6381,Y-GEN-3380
FAB-W2388,LC-6382,Y-GEN-3381
FAB-W2389,LC-6383,Y-GEN-3382
FAB-W2390,LC-6384,Y-GEN-3383
FAB-W2391,LC-6385,Y-GEN-3384
FAB-W2392,LC-6386,Y-GEN-3385
FAB-W2393,LC-6387,Y-GEN-3386
FAB-W2394,LC-6388,Y-GEN-3387
FAB-W2395,LC-6389,Y-GEN-3388
FAB-W2396,LC-6390,Y-GEN-3389
FAB-W2397,LC-6391,Y-GEN-3390
FAB-W2398,LC-6392,Y-GEN-3391
FAB-W2399,LC-6393,Y-GEN-3392
FAB-W2400,LC-6394,Y-GEN-3393
FAB-W2401,LC-6395,Y-GEN-3394
FAB-W2402,LC-6396,Y-GEN-3395
FAB-W2403,LC-6397,Y-GEN-3396
FAB-W2404,LC-6398,Y-GEN-3397
FAB-W2405,LC-6399,Y-GEN-3398
FAB-W2406,LC-6400,Y-GEN-3399
FAB-W2407,LC-6401,Y-GEN-3400
FAB-W2408,LC-6402,Y-GEN-3401
FAB-W2409,LC-6403,Y-GEN-3402
FAB-W2410,LC-6404,Y-GEN-3403
FAB-W2411,LC-6405,Y-GEN-3404
FAB-W2412,LC-6406,Y-GEN-3405
FAB-W2413,LC-6407,Y-GEN-3406
FAB-W2414,LC-6408,Y-GEN-3407
FAB-W2415,LC-6409,Y-GEN-3408
FAB-W2416,LC-6410,Y-GEN-3409
FAB-W2417,LC-6411,Y-GEN-3410
FAB-W2418,LC-6412,Y-GEN-3411
FAB-W2419,LC-6413,Y-GEN-3412
FAB-W2420,LC-6414,Y-GEN-3413
FAB-W2421,LC-6415,Y-GEN-3414
FAB-W2422,LC-6416,Y-GEN-3415
FAB-W2423,LC-6417,Y-GEN-3416
FAB-W2424,LC-6418,Y-GEN-3417
FAB-W2425,LC-6419,Y-GEN-3418
FAB-W2426,LC-6420,Y-GEN-3419
FAB-W2427,LC-6421,Y-GEN-3420
FAB-W2428,LC-6422,Y-GEN-3421
FAB-W2429,LC-6423,Y-GEN-3422
FAB-W2430,LC-6424,Y-GEN-3423
FAB-W2431,LC-6425,Y-GEN-3424
FAB-W2432,LC-6426,Y-GEN-3425
FAB-W2433,LC-6427,Y-GEN-3426
FAB-W2434,LC-6428,Y-GEN-3427
FAB-W2435,LC-6429,Y-GEN-3428
FAB-W2436,LC-6430,Y-GEN-3429
FAB-W2437,LC-6431,Y-GEN-3430
FAB-W2438,LC-6432,Y-GEN-3431
FAB-W2439,LC-6433,Y-GEN-3432
FAB-W2440,LC-6434,Y-GEN-3433
FAB-W2441,LC-6435,Y-GEN-3434
FAB-W2442,LC-6436,Y-GEN-3435
FAB-W2443,LC-6437,Y-GEN-3436
FAB-W2444,LC-6438,Y-GEN-3437
FAB-W2445,LC-6439,Y-GEN-3438
FAB-W2446,LC-6440,Y-GEN-3439
FAB-W2447,LC-6441,Y-GEN-3440
FAB-W2448,LC-6442,Y-GEN-3441
FAB-W2449,LC-6443,Y-GEN-3442
FAB-W2450,LC-6444,Y-GEN-3443
FAB-W2451,LC-6445,Y-GEN-3444
FAB-W2452,LC-6446,Y-GEN-3445
FAB-W2453,LC-6447,Y-GEN-3446
FAB-W2454,LC-6448,Y-GEN-3447
FAB-W2455,LC-6449,Y-GEN-3448
FAB-W2456,LC-6450,Y-GEN-3449
FAB-W2457,LC-6451,Y-GEN-3450
FAB-W2458,LC-6452,Y-GEN-3451
FAB-W2459,LC-6453,Y-GEN-3452
FAB-W2460,LC-6454,Y-GEN-3453
FAB-W2461,LC-6455,Y-GEN-3454
FAB-W2462,LC-6456,Y-GEN-3455
FAB-W2463,LC-6457,Y-GEN-3456
FAB-W2464,LC-6458,Y-GEN-3457
FAB-W2465,LC-6459,Y-GEN-3458
FAB-W2466,LC-6460,Y-GEN-3459
FAB-W2467,LC-6461,Y-GEN-3460
FAB-W2468,LC-6462,Y-GEN-3461
FAB-W2469,LC-6463,Y-GEN-3462
FAB-W2470,LC-6464,Y-GEN-3463
FAB-W2471,LC-6465,Y-GEN-3464
FAB-W2472,LC-6466,Y-GEN-3465
FAB-W2473,LC-6467,Y-GEN-3466
FAB-W2474,LC-6468,Y-GEN-3467
FAB-W2475,LC-6469,Y-GEN-3468
FAB-W2476,LC-6470,Y-GEN-3469
FAB-W2477,LC-6471,Y-GEN-3470
FAB-W2478,LC-6472,Y-GEN-3471
FAB-W2479,LC-6473,Y-GEN-3472
FAB-W2480,LC-6474,Y-GEN-3473
FAB-W2481,LC-6475,Y-GEN-3474
FAB-W2482,LC-6476,Y-GEN-3475
FAB-W2483,LC-6477,Y-GEN-3476
FAB-W2484,LC-6478,Y-GEN-3477
FAB-W2485,LC-6479,Y-GEN-3478
FAB-W2486,LC-6480,Y-GEN-3479
FAB-W2487,LC-6481,Y-GEN-3480
FAB-W2488,LC-6482,Y-GEN-3481
FAB-W2489,LC-6483,Y-GEN-3482
FAB-W2490,LC-6484,Y-GEN-3483
FAB-W2491,LC-6485,Y-GEN-3484
FAB-W2492,LC-6486,Y-GEN-3485
FAB-W2493,LC-6487,Y-GEN-3486
FAB-W2494,LC-6488,Y-GEN-3487
FAB-W2495,LC-6489,Y-GEN-3488
FAB-W2496,LC-6490,Y-GEN-3489
FAB-W2497,LC-6491,Y-GEN-3490
FAB-W2498,LC-6492,Y-GEN-3491
FAB-W2499,LC-6493,Y-GEN-3492
FAB-W2500,LC-6494,Y-GEN-3493
FAB-W2501,LC-6495,Y-GEN-3494
FAB-W2502,LC-6496,Y-GEN-3495
FAB-W2503,LC-6497,Y-GEN-3496
FAB-W2504,LC-6498,Y-GEN-3497
FAB-W2505,LC-6499,Y-GEN-3498
FAB-W2506,LC-6500,Y-GEN-3499
FAB-W2507,LC-6501,Y-GEN-3500
FAB-W2508,LC-6502,Y-GEN-3501
FAB-W2509,LC-6503,Y-GEN-3502
FAB-W2510,LC-6504,Y-GEN-3503
FAB-W2511,LC-6505,Y-GEN-3504
FAB-W2512,LC-6506,Y-GEN-3505
FAB-W2513,LC-6507,Y-GEN-3506
FAB-W2514,LC-6508,Y-GEN-3507
FAB-W2515,LC-6509,Y-GEN-3508
FAB-W2516,LC-6510,Y-GEN-3509
FAB-W2517,LC-6511,Y-GEN-3510
FAB-W2518,LC-6512,Y-GEN-3511
FAB-W2519,LC-6513,Y-GEN-3512
FAB-W2520,LC-6514,Y-GEN-3513
FAB-W2521,LC-6515,Y-GEN-3514
FAB-W2522,LC-6516,Y-GEN-3515
FAB-W2523,LC-6517,Y-GEN-3516
FAB-W2524,LC-6518,Y-GEN-3517
FAB-W2525,LC-6519,Y-GEN-3518
FAB-W2526,LC-6520,Y-GEN-3519
FAB-W2527,LC-6521,Y-GEN-3520
FAB-W2528,LC-6522,Y-GEN-3521
FAB-W2529,LC-6523,Y-GEN-3522
FAB-W2530,LC-6524,Y-GEN-3523
FAB-W2531,LC-6525,Y-GEN-3524
FAB-W2532,LC-6526,Y-GEN-3525
FAB-W2533,LC-6527,Y-GEN-3526
FAB-W2534,LC-6528,Y-GEN-3527
FAB-W2535,LC-6529,Y-GEN-3528
FAB-W2536,LC-6530,Y-GEN-3529
FAB-W2537,LC-6531,Y-GEN-3530
FAB-W2538,LC-6532,Y-GEN-3531
FAB-W2539,LC-6533,Y-GEN-3532
FAB-W2540,LC-6534,Y-GEN-3533
FAB-W2541,LC-6535,Y-GEN-3534
FAB-W2542,LC-6536,Y-GEN-3535
FAB-W2543,LC-6537,Y-GEN-3536
FAB-W2544,LC-6538,Y-GEN-3537
FAB-W2545,LC-6539,Y-GEN-3538
FAB-W2546,LC-6540,Y-GEN-3539
FAB-W2547,LC-6541,Y-GEN-3540
FAB-W2548,LC-6542,Y-GEN-3541
FAB-W2549,LC-6543,Y-GEN-3542
FAB-W2550,LC-6544,Y-GEN-3543
FAB-W2551,LC-6545,Y-GEN-3544
FAB-W2552,LC-6546,Y-GEN-3545
FAB-W2553,LC-6547,Y-GEN-3546
FAB-W2554,LC-6548,Y-GEN-3547
FAB-W2555,LC-6549,Y-GEN-3548
FAB-W2556,LC-6550,Y-GEN-3549
FAB-W2557,LC-6551,Y-GEN-3550
FAB-W2558,LC-6552,Y-GEN-3551
FAB-W2559,LC-6553,Y-GEN-3552
FAB-W2560,LC-6554,Y-GEN-3553
FAB-W2561,LC-6555,Y-GEN-3554
FAB-W2562,LC-6556,Y-GEN-3555
FAB-W2563,LC-6557,Y-GEN-3556
FAB-W2564,LC-6558,Y-GEN-3557
FAB-W2565,LC-6559,Y-GEN-3558
FAB-W2566,LC-6560,Y-GEN-3559
FAB-W2567,LC-6561,Y-GEN-3560
FAB-W2568,LC-6562,Y-GEN-3561
FAB-W2569,LC-6563,Y-GEN-3562
FAB-W2570,LC-6564,Y-GEN-3563
FAB-W2571,LC-6565,Y-GEN-3564
FAB-W2572,LC-6566,Y-GEN-3565
FAB-W2573,LC-6567,Y-GEN-3566
FAB-W2574,LC-6568,Y-GEN-3567
FAB-W2575,LC-6569,Y-GEN-3568
FAB-W2576,LC-6570,Y-GEN-3569
FAB-W2577,LC-6571,Y-GEN-3570
FAB-W2578,LC-6572,Y-GEN-3571
FAB-W2579,LC-6573,Y-GEN-3572
FAB-W2580,LC-6574,Y-GEN-3573
FAB-W2581,LC-6575,Y-GEN-3574
FAB-W2582,LC-6576,Y-GEN-3575
FAB-W2583,LC-6577,Y-GEN-3576
FAB-W2584,LC-6578,Y-GEN-3577
FAB-W2585,LC-6579,Y-GEN-3578
FAB-W2586,LC-6580,Y-GEN-3579
FAB-W2587,LC-6581,Y-GEN-3580
FAB-W2588,LC-6582,Y-GEN-3581
FAB-W2589,LC-6583,Y-GEN-3582
FAB-W2590,LC-6584,Y-GEN-3583
FAB-W2591,LC-6585,Y-GEN-3584
FAB-W2592,LC-6586,Y-GEN-3585
FAB-W2593,LC-6587,Y-GEN-3586
FAB-W2594,LC-6588,Y-GEN-3587
FAB-W2595,LC-6589,Y-GEN-3588
FAB-W2596,LC-6590,Y-GEN-3589
FAB-W2597,LC-6591,Y-GEN-3590
FAB-W2598,LC-6592,Y-GEN-3591
FAB-W2599,LC-6593,Y-GEN-3592
FAB-W2600,LC-6594,Y-GEN-3593
FAB-W2601,LC-6595,Y-GEN-3594
FAB-W2602,LC-6596,Y-GEN-3595
FAB-W2603,LC-6597,Y-GEN-3596
FAB-W2604,LC-6598,Y-GEN-3597
FAB-W2605,LC-6599,Y-GEN-3598
FAB-W2606,LC-6600,Y-GEN-3599
FAB-W2607,LC-6601,Y-GEN-3600
FAB-W2608,LC-6602,Y-GEN-3601
FAB-W2609,LC-6603,Y-GEN-3602
FAB-W2610,LC-6604,Y-GEN-3603
FAB-W2611,LC-6605,Y-GEN-3604
FAB-W2612,LC-6606,Y-GEN-3605
FAB-W2613,LC-6607,Y-GEN-3606
FAB-W2614,LC-6608,Y-GEN-3607
FAB-W2615,LC-6609,Y-GEN-3608
FAB-W2616,LC-6610,Y-GEN-3609
FAB-W2617,LC-6611,Y-GEN-3610
FAB-W2618,LC-6612,Y-GEN-3611
FAB-W2619,LC-6613,Y-GEN-3612
FAB-W2620,LC-6614,Y-GEN-3613
FAB-W2621,LC-6615,Y-GEN-3614
FAB-W2622,LC-6616,Y-GEN-3615
FAB-W2623,LC-6617,Y-GEN-3616
FAB-W2624,LC-6618,Y-GEN-3617
FAB-W2625,LC-6619,Y-GEN-3618
FAB-W2626,LC-6620,Y-GEN-3619
FAB-W2627,LC-6621,Y-GEN-3620
FAB-W2628,LC-6622,Y-GEN-3621
FAB-W2629,LC-6623,Y-GEN-3622
FAB-W2630,LC-6624,Y-GEN-3623
FAB-W2631,LC-6625,Y-GEN-3624
FAB-W2632,LC-6626,Y-GEN-3625
FAB-W2633,LC-6627,Y-GEN-3626
FAB-W2634,LC-6628,Y-GEN-3627
FAB-W2635,LC-6629,Y-GEN-3628
FAB-W2636,LC-6630,Y-GEN-3629
FAB-W2637,LC-6631,Y-GEN-3630
FAB-W2638,LC-6632,Y-GEN-3631
FAB-W2639,LC-6633,Y-GEN-3632
FAB-W2640,LC-6634,Y-GEN-3633
FAB-W2641,LC-6635,Y-GEN-3634
FAB-W2642,LC-6636,Y-GEN-3635
FAB-W2643,LC-6637,Y-GEN-3636
FAB-W2644,LC-6638,Y-GEN-3637
FAB-W2645,LC-6639,Y-GEN-3638
FAB-W2646,LC-6640,Y-GEN-3639
FAB-W2647,LC-6641,Y-GEN-3640
FAB-W2648,LC-6642,Y-GEN-3641
FAB-W2649,LC-6643,Y-GEN-3642
FAB-W2650,LC-6644,Y-GEN-3643
FAB-W2651,LC-6645,Y-GEN-3644
FAB-W2652,LC-6646,Y-GEN-3645
FAB-W2653,LC-6647,Y-GEN-3646
FAB-W2654,LC-6648,Y-GEN-3647
FAB-W2655,LC-6649,Y-GEN-3648
FAB-W2656,LC-6650,Y-GEN-3649
FAB-W2657,LC-6651,Y-GEN-3650
FAB-W2658,LC-6652,Y-GEN-3651
FAB-W2659,LC-6653,Y-GEN-3652
FAB-W2660,LC-6654,Y-GEN-3653
FAB-W2661,LC-6655,Y-GEN-3654
FAB-W2662,LC-6656,Y-GEN-3655
FAB-W2663,LC-6657,Y-GEN-3656
FAB-W2664,LC-6658,Y-GEN-3657
FAB-W2665,LC-6659,Y-GEN-3658
FAB-W2666,LC-6660,Y-GEN-3659
FAB-W2667,LC-6661,Y-GEN-3660
FAB-W2668,LC-6662,Y-GEN-3661
FAB-W2669,LC-6663,Y-GEN-3662
FAB-W2670,LC-6664,Y-GEN-3663
FAB-W2671,LC-6665,Y-GEN-3664
FAB-W2672,LC-6666,Y-GEN-3665
FAB-W2673,LC-6667,Y-GEN-3666
FAB-W2674,LC-6668,Y-GEN-3667
FAB-W2675,LC-6669,Y-GEN-3668
FAB-W2676,LC-6670,Y-GEN-3669
FAB-W2677,LC-6671,Y-GEN-3670
FAB-W2678,LC-6672,Y-GEN-3671
FAB-W2679,LC-6673,Y-GEN-3672
FAB-W2680,LC-6674,Y-GEN-3673
FAB-W2681,LC-6675,Y-GEN-3674
FAB-W2682,LC-6676,Y-GEN-3675
FAB-W2683,LC-6677,Y-GEN-3676
FAB-W2684,LC-6678,Y-GEN-3677
FAB-W2685,LC-6679,Y-GEN-3678
FAB-W2686,LC-6680,Y-GEN-3679
FAB-W2687,LC-6681,Y-GEN-3680
FAB-W2688,LC-6682,Y-GEN-3681
FAB-W2689,LC-6683,Y-GEN-3682
FAB-W2690,LC-6684,Y-GEN-3683
FAB-W2691,LC-6685,Y-GEN-3684
FAB-W2692,LC-6686,Y-GEN-3685
FAB-W2693,LC-6687,Y-GEN-3686
FAB-W2694,LC-6688,Y-GEN-3687
FAB-W2695,LC-6689,Y-GEN-3688
FAB-W2696,LC-6690,Y-GEN-3689
FAB-W2697,LC-6691,Y-GEN-3690
FAB-W2698,LC-6692,Y-GEN-3691
FAB-W2699,LC-6693,Y-GEN-3692
FAB-W2700,LC-6694,Y-GEN-3693
FAB-W2701,LC-6695,Y-GEN-3694
FAB-W2702,LC-6696,Y-GEN-3695
FAB-W2703,LC-6697,Y-GEN-3696
FAB-W2704,LC-6698,Y-GEN-3697
FAB-W2705,LC-6699,Y-GEN-3698
FAB-W2706,LC-6700,Y-GEN-3699
FAB-W2707,LC-6701,Y-GEN-3700
FAB-W2708,LC-6702,Y-GEN-3701
FAB-W2709,LC-6703,Y-GEN-3702
FAB-W2710,LC-6704,Y-GEN-3703
FAB-W2711,LC-6705,Y-GEN-3704
FAB-W2712,LC-6706,Y-GEN-3705
FAB-W2713,LC-6707,Y-GEN-3706
FAB-W2714,LC-6708,Y-GEN-3707
FAB-W2715,LC-6709,Y-GEN-3708
FAB-W2716,LC-6710,Y-GEN-3709
FAB-W2717,LC-6711,Y-GEN-3710
FAB-W2718,LC-6712,Y-GEN-3711
FAB-W2719,LC-6713,Y-GEN-3712
FAB-W2720,LC-6714,Y-GEN-3713
FAB-W2721,LC-6715,Y-GEN-3714
FAB-W2722,LC-6716,Y-GEN-3715
FAB-W2723,LC-6717,Y-GEN-3716
FAB-W2724,LC-6718,Y-GEN-3717
FAB-W2725,LC-6719,Y-GEN-3718
FAB-W2726,LC-6720,Y-GEN-3719
FAB-W2727,LC-6721,Y-GEN-3720
FAB-W2728,LC-6722,Y-GEN-3721
FAB-W2729,LC-6723,Y-GEN-3722
FAB-W2730,LC-6724,Y-GEN-3723
FAB-W2731,LC-6725,Y-GEN-3724
FAB-W2732,LC-6726,Y-GEN-3725
FAB-W2733,LC-6727,Y-GEN-3726
FAB-W2734,LC-6728,Y-GEN-3727
FAB-W2735,LC-6729,Y-GEN-3728
FAB-W2736,LC-6730,Y-GEN-3729
FAB-W2737,LC-6731,Y-GEN-3730
FAB-W2738,LC-6732,Y-GEN-3731
FAB-W2739,LC-6733,Y-GEN-3732
FAB-W2740,LC-6734,Y-GEN-3733
FAB-W2741,LC-6735,Y-GEN-3734
FAB-W2742,LC-6736,Y-GEN-3735
FAB-W2743,LC-6737,Y-GEN-3736
FAB-W2744,LC-6738,Y-GEN-3737
FAB-W2745,LC-6739,Y-GEN-3738
FAB-W2746,LC-6740,Y-GEN-3739
FAB-W2747,LC-6741,Y-GEN-3740
FAB-W2748,LC-6742,Y-GEN-3741
FAB-W2749,LC-6743,Y-GEN-3742
FAB-W2750,LC-6744,Y-GEN-3743
FAB-W2751,LC-6745,Y-GEN-3744
FAB-W2752,LC-6746,Y-GEN-3745
FAB-W2753,LC-6747,Y-GEN-3746
FAB-W2754,LC-6748,Y-GEN-3747
FAB-W2755,LC-6749,Y-GEN-3748
FAB-W2756,LC-6750,Y-GEN-3749
FAB-W2757,LC-6751,Y-GEN-3750
FAB-W2758,LC-6752,Y-GEN-3751
FAB-W2759,LC-6753,Y-GEN-3752
FAB-W2760,LC-6754,Y-GEN-3753
FAB-W2761,LC-6755,Y-GEN-3754
FAB-W2762,LC-6756,Y-GEN-3755
FAB-W2763,LC-6757,Y-GEN-3756
FAB-W2764,LC-6758,Y-GEN-3757
FAB-W2765,LC-6759,Y-GEN-3758
FAB-W2766,LC-6760,Y-GEN-3759
FAB-W2767,LC-6761,Y-GEN-3760
FAB-W2768,LC-6762,Y-GEN-3761
FAB-W2769,LC-6763,Y-GEN-3762
FAB-W2770,LC-6764,Y-GEN-3763
FAB-W2771,LC-6765,Y-GEN-3764
FAB-W2772,LC-6766,Y-GEN-3765
FAB-W2773,LC-6767,Y-GEN-3766
FAB-W2774,LC-6768,Y-GEN-3767
FAB-W2775,LC-6769,Y-GEN-3768
FAB-W2776,LC-6770,Y-GEN-3769
FAB-W2777,LC-6771,Y-GEN-3770
FAB-W2778,LC-6772,Y-GEN-3771
FAB-W2779,LC-6773,Y-GEN-3772
FAB-W2780,LC-6774,Y-GEN-3773
FAB-W2781,LC-6775,Y-GEN-3774
FAB-W2782,LC-6776,Y-GEN-3775
FAB-W2783,LC-6777,Y-GEN-3776
FAB-W2784,LC-6778,Y-GEN-3777
FAB-W2785,LC-6779,Y-GEN-3778
FAB-W2786,LC-6780,Y-GEN-3779
FAB-W2787,LC-6781,Y-GEN-3780
FAB-W2788,LC-6782,Y-GEN-3781
FAB-W2789,LC-6783,Y-GEN-3782
FAB-W2790,LC-6784,Y-GEN-3783
FAB-W2791,LC-6785,Y-GEN-3784
FAB-W2792,LC-6786,Y-GEN-3785
FAB-W2793,LC-6787,Y-GEN-3786
FAB-W2794,LC-6788,Y-GEN-3787
FAB-W2795,LC-6789,Y-GEN-3788
FAB-W2796,LC-6790,Y-GEN-3789
FAB-W2797,LC-6791,Y-GEN-3790
FAB-W2798,LC-6792,Y-GEN-3791
FAB-W2799,LC-6793,Y-GEN-3792
FAB-W2800,LC-6794,Y-GEN-3793
FAB-W2801,LC-6795,Y-GEN-3794
FAB-W2802,LC-6796,Y-GEN-3795
FAB-W2803,LC-6797,Y-GEN-3796
FAB-W2804,LC-6798,Y-GEN-3797
FAB-W2805,LC-6799,Y-GEN-3798
FAB-W2806,LC-6800,Y-GEN-3799
FAB-W2807,LC-6801,Y-GEN-3800
FAB-W2808,LC-6802,Y-GEN-3801
FAB-W2809,LC-6803,Y-GEN-3802
FAB-W2810,LC-6804,Y-GEN-3803
FAB-W2811,LC-6805,Y-GEN-3804
FAB-W2812,LC-6806,Y-GEN-3805
FAB-W2813,LC-6807,Y-GEN-3806
FAB-W2814,LC-6808,Y-GEN-3807
FAB-W2815,LC-6809,Y-GEN-3808
FAB-W2816,LC-6810,Y-GEN-3809
FAB-W2817,LC-6811,Y-GEN-3810
FAB-W2818,LC-6812,Y-GEN-3811
FAB-W2819,LC-6813,Y-GEN-3812
FAB-W2820,LC-6814,Y-GEN-3813
FAB-W2821,LC-6815,Y-GEN-3814
FAB-W2822,LC-6816,Y-GEN-3815
FAB-W2823,LC-6817,Y-GEN-3816
FAB-W2824,LC-6818,Y-GEN-3817
FAB-W2825,LC-6819,Y-GEN-3818
FAB-W2826,LC-6820,Y-GEN-3819
FAB-W2827,LC-6821,Y-GEN-3820
FAB-W2828,LC-6822,Y-GEN-3821
FAB-W2829,LC-6823,Y-GEN-3822
FAB-W2830,LC-6824,Y-GEN-3823
FAB-W2831,LC-6825,Y-GEN-3824
FAB-W2832,LC-6826,Y-GEN-3825
FAB-W2833,LC-6827,Y-GEN-3826
FAB-W2834,LC-6828,Y-GEN-3827
FAB-W2835,LC-6829,Y-GEN-3828
FAB-W2836,LC-6830,Y-GEN-3829
FAB-W2837,LC-6831,Y-GEN-3830
FAB-W2838,LC-6832,Y-GEN-3831
FAB-W2839,LC-6833,Y-GEN-3832
FAB-W2840,LC-6834,Y-GEN-3833
FAB-W2841,LC-6835,Y-GEN-3834
FAB-W2842,LC-6836,Y-GEN-3835
FAB-W2843,LC-6837,Y-GEN-3836
FAB-W2844,LC-6838,Y-GEN-3837
FAB-W2845,LC-6839,Y-GEN-3838
FAB-W2846,LC-6840,Y-GEN-3839
FAB-W2847,LC-6841,Y-GEN-3840
FAB-W2848,LC-6842,Y-GEN-3841
FAB-W2849,LC-6843,Y-GEN-3842
FAB-W2850,LC-6844,Y-GEN-3843
FAB-W2851,LC-6845,Y-GEN-3844
FAB-W2852,LC-6846,Y-GEN-3845
FAB-W2853,LC-6847,Y-GEN-3846
FAB-W2854,LC-6848,Y-GEN-3847
FAB-W2855,LC-6849,Y-GEN-3848
FAB-W2856,LC-6850,Y-GEN-3849
FAB-W2857,LC-6851,Y-GEN-3850
FAB-W2858,LC-6852,Y-GEN-3851
FAB-W2859,LC-6853,Y-GEN-3852
FAB-W2860,LC-6854,Y-GEN-3853
FAB-W2861,LC-6855,Y-GEN-3854
FAB-W2862,LC-6856,Y-GEN-3855
FAB-W2863,LC-6857,Y-GEN-3856
FAB-W2864,LC-6858,Y-GEN-3857
FAB-W2865,LC-6859,Y-GEN-3858
FAB-W2866,LC-6860,Y-GEN-3859
FAB-W2867,LC-6861,Y-GEN-3860
FAB-W2868,LC-6862,Y-GEN-3861
FAB-W2869,LC-6863,Y-GEN-3862
FAB-W2870,LC-6864,Y-GEN-3863
FAB-W2871,LC-6865,Y-GEN-3864
FAB-W2872,LC-6866,Y-GEN-3865
FAB-W2873,LC-6867,Y-GEN-3866
FAB-W2874,LC-6868,Y-GEN-3867
FAB-W2875,LC-6869,Y-GEN-3868
FAB-W2876,LC-6870,Y-GEN-3869
FAB-W2877,LC-6871,Y-GEN-3870
FAB-W2878,LC-6872,Y-GEN-3871
FAB-W2879,LC-6873,Y-GEN-3872
FAB-W2880,LC-6874,Y-GEN-3873
FAB-W2881,LC-6875,Y-GEN-3874
FAB-W2882,LC-6876,Y-GEN-3875
FAB-W2883,LC-6877,Y-GEN-3876
FAB-W2884,LC-6878,Y-GEN-3877
FAB-W2885,LC-6879,Y-GEN-3878
FAB-W2886,LC-6880,Y-GEN-3879
FAB-W2887,LC-6881,Y-GEN-3880
FAB-W2888,LC-6882,Y-GEN-3881
FAB-W2889,LC-6883,Y-GEN-3882
FAB-W2890,LC-6884,Y-GEN-3883
FAB-W2891,LC-6885,Y-GEN-3884
FAB-W2892,LC-6886,Y-GEN-3885
FAB-W2893,LC-6887,Y-GEN-3886
FAB-W2894,LC-6888,Y-GEN-3887
FAB-W2895,LC-6889,Y-GEN-3888
FAB-W2896,LC-6890,Y-GEN-3889
FAB-W2897,LC-6891,Y-GEN-3890
FAB-W2898,LC-6892,Y-GEN-3891
FAB-W2899,LC-6893,Y-GEN-3892
FAB-W2900,LC-6894,Y-GEN-3893
FAB-W2901,LC-6895,Y-GEN-3894
FAB-W2902,LC-6896,Y-GEN-3895
FAB-W2903,LC-6897,Y-GEN-3896
FAB-W2904,LC-6898,Y-GEN-3897
FAB-W2905,LC-6899,Y-GEN-3898
FAB-W2906,LC-6900,Y-GEN-3899
FAB-W2907,LC-6901,Y-GEN-3900
FAB-W2908,LC-6902,Y-GEN-3901
FAB-W2909,LC-6903,Y-GEN-3902
FAB-W2910,LC-6904,Y-GEN-3903
FAB-W2911,LC-6905,Y-GEN-3904
FAB-W2912,LC-6906,Y-GEN-3905
FAB-W2913,LC-6907,Y-GEN-3906
FAB-W2914,LC-6908,Y-GEN-3907
FAB-W2915,LC-6909,Y-GEN-3908
FAB-W2916,LC-6910,Y-GEN-3909
FAB-W2917,LC-6911,Y-GEN-3910
FAB-W2918,LC-6912,Y-GEN-3911
FAB-W2919,LC-6913,Y-GEN-3912
FAB-W2920,LC-6914,Y-GEN-3913
FAB-W2921,LC-6915,Y-GEN-3914
FAB-W2922,LC-6916,Y-GEN-3915
FAB-W2923,LC-6917,Y-GEN-3916
FAB-W2924,LC-6918,Y-GEN-3917
FAB-W2925,LC-6919,Y-GEN-3918
FAB-W2926,LC-6920,Y-GEN-3919
FAB-W2927,LC-6921,Y-GEN-3920
FAB-W2928,LC-6922,Y-GEN-3921
FAB-W2929,LC-6923,Y-GEN-3922
FAB-W2930,LC-6924,Y-GEN-3923
FAB-W2931,LC-6925,Y-GEN-3924
FAB-W2932,LC-6926,Y-GEN-3925
FAB-W2933,LC-6927,Y-GEN-3926
FAB-W2934,LC-6928,Y-GEN-3927
FAB-W2935,LC-6929,Y-GEN-3928
FAB-W2936,LC-6930,Y-GEN-3929
FAB-W2937,LC-6931,Y-GEN-3930
FAB-W2938,LC-6932,Y-GEN-3931
FAB-W2939,LC-6933,Y-GEN-3932
FAB-W2940,LC-6934,Y-GEN-3933
FAB-W2941,LC-6935,Y-GEN-3934
FAB-W2942,LC-6936,Y-GEN-3935
FAB-W2943,LC-6937,Y-GEN-3936
FAB-W2944,LC-6938,Y-GEN-3937
FAB-W2945,LC-6939,Y-GEN-3938
FAB-W2946,LC-6940,Y-GEN-3939
FAB-W2947,LC-6941,Y-GEN-3940
FAB-W2948,LC-6942,Y-GEN-3941
FAB-W2949,LC-6943,Y-GEN-3942
FAB-W2950,LC-6944,Y-GEN-3943
FAB-W2951,LC-6945,Y-GEN-3944
FAB-W2952,LC-6946,Y-GEN-3945
FAB-W2953,LC-6947,Y-GEN-3946
FAB-W2954,LC-6948,Y-GEN-3947
FAB-W2955,LC-6949,Y-GEN-3948
FAB-W2956,LC-6950,Y-GEN-3949
FAB-W2957,LC-6951,Y-GEN-3950
FAB-W2958,LC-6952,Y-GEN-3951
FAB-W2959,LC-6953,Y-GEN-3952
FAB-W2960,LC-6954,Y-GEN-3953
FAB-W2961,LC-6955,Y-GEN-3954
FAB-W2962,LC-6956,Y-GEN-3955
FAB-W2963,LC-6957,Y-GEN-3956
FAB-W2964,LC-6958,Y-GEN-3957
FAB-W2965,LC-6959,Y-GEN-3958
FAB-W2966,LC-6960,Y-GEN-3959
FAB-W2967,LC-6961,Y-GEN-3960
FAB-W2968,LC-6962,Y-GEN-3961
FAB-W2969,LC-6963,Y-GEN-3962
FAB-W2970,LC-6964,Y-GEN-3963
FAB-W2971,LC-6965,Y-GEN-3964
FAB-W2972,LC-6966,Y-GEN-3965
FAB-W2973,LC-6967,Y-GEN-3966
FAB-W2974,LC-6968,Y-GEN-3967
FAB-W2975,LC-6969,Y-GEN-3968
FAB-W2976,LC-6970,Y-GEN-3969
FAB-W2977,LC-6971,Y-GEN-3970
FAB-W2978,LC-6972,Y-GEN-3971
FAB-W2979,LC-6973,Y-GEN-3972
FAB-W2980,LC-6974,Y-GEN-3973
FAB-W2981,LC-6975,Y-GEN-3974
FAB-W2982,LC-6976,Y-GEN-3975
FAB-W2983,LC-6977,Y-GEN-3976
FAB-W2984,LC-6978,Y-GEN-3977
FAB-W2985,LC-6979,Y-GEN-3978
FAB-W2986,LC-6980,Y-GEN-3979
FAB-W2987,LC-6981,Y-GEN-3980
FAB-W2988,LC-6982,Y-GEN-3981
FAB-W2989,LC-6983,Y-GEN-3982
FAB-W2990,LC-6984,Y-GEN-3983
FAB-W2991,LC-6985,Y-GEN-3984
FAB-W2992,LC-6986,Y-GEN-3985
FAB-W2993,LC-6987,Y-GEN-3986
FAB-W2994,LC-6988,Y-GEN-3987
FAB-W2995,LC-6989,Y-GEN-3988
FAB-W2996,LC-6990,Y-GEN-3989
FAB-W2997,LC-6991,Y-GEN-3990
FAB-W2998,LC-6992,Y-GEN-3991
FAB-W2999,LC-6993,Y-GEN-3992
FAB-W3000,LC-6994,Y-GEN-3993
FAB-W3001,LC-6995,Y-GEN-3994
FAB-W3002,LC-6996,Y-GEN-3995
FAB-W3003,LC-6997,Y-GEN-3996
FAB-W3004,LC-6998,Y-GEN-3997
FAB-W3005,LC-6999,Y-GEN-3998
FAB-W3006,LC-7000,Y-GEN-3999
FAB-W3007,LC-7001,Y-GEN-4000
FAB-W3008,LC-7002,Y-GEN-4001
FAB-W3009,LC-7003,Y-GEN-4002
FAB-W3010,LC-7004,Y-GEN-4003
FAB-W3011,LC-7005,Y-GEN-4004
FAB-W3012,LC-7006,Y-GEN-4005
FAB-W3013,LC-7007,Y-GEN-4006
FAB-W3014,LC-7008,Y-GEN-4007
FAB-W3015,LC-7009,Y-GEN-4008
FAB-W3016,LC-7010,Y-GEN-4009
FAB-W3017,LC-7011,Y-GEN-4010
FAB-W3018,LC-7012,Y-GEN-4011
FAB-W3019,LC-7013,Y-GEN-4012
FAB-W3020,LC-7014,Y-GEN-4013
FAB-W3021,LC-7015,Y-GEN-4014
FAB-W3022,LC-7016,Y-GEN-4015
FAB-W3023,LC-7017,Y-GEN-4016
FAB-W3024,LC-7018,Y-GEN-4017
FAB-W3025,LC-7019,Y-GEN-4018
FAB-W3026,LC-7020,Y-GEN-4019
FAB-W3027,LC-7021,Y-GEN-4020
FAB-W3028,LC-7022,Y-GEN-4021
FAB-W3029,LC-7023,Y-GEN-4022
FAB-W3030,LC-7024,Y-GEN-4023
FAB-W3031,LC-7025,Y-GEN-4024
FAB-W3032,LC-7026,Y-GEN-4025
FAB-W3033,LC-7027,Y-GEN-4026
FAB-W3034,LC-7028,Y-GEN-4027
FAB-W3035,LC-7029,Y-GEN-4028
FAB-W3036,LC-7030,Y-GEN-4029
FAB-W3037,LC-7031,Y-GEN-4030
FAB-W3038,LC-7032,Y-GEN-4031
FAB-W3039,LC-7033,Y-GEN-4032
FAB-W3040,LC-7034,Y-GEN-4033
FAB-W3041,LC-7035,Y-GEN-4034
FAB-W3042,LC-7036,Y-GEN-4035
FAB-W3043,LC-7037,Y-GEN-4036
FAB-W3044,LC-7038,Y-GEN-4037
FAB-W3045,LC-7039,Y-GEN-4038
FAB-W3046,LC-7040,Y-GEN-4039
FAB-W3047,LC-7041,Y-GEN-4040
FAB-W3048,LC-7042,Y-GEN-4041
FAB-W3049,LC-7043,Y-GEN-4042
FAB-W3050,LC-7044,Y-GEN-4043
FAB-W3051,LC-7045,Y-GEN-4044
FAB-W3052,LC-7046,Y-GEN-4045
FAB-W3053,LC-7047,Y-GEN-4046
FAB-W3054,LC-7048,Y-GEN-4047
FAB-W3055,LC-7049,Y-GEN-4048
FAB-W3056,LC-7050,Y-GEN-4049
FAB-W3057,LC-7051,Y-GEN-4050
FAB-W3058,LC-7052,Y-GEN-4051
FAB-W3059,LC-7053,Y-GEN-4052
FAB-W3060,LC-7054,Y-GEN-4053
FAB-W3061,LC-7055,Y-GEN-4054
FAB-W3062,LC-7056,Y-GEN-4055
FAB-W3063,LC-7057,Y-GEN-4056
FAB-W3064,LC-7058,Y-GEN-4057
FAB-W3065,LC-7059,Y-GEN-4058
FAB-W3066,LC-7060,Y-GEN-4059
FAB-W3067,LC-7061,Y-GEN-4060
FAB-W3068,LC-7062,Y-GEN-4061
FAB-W3069,LC-7063,Y-GEN-4062
FAB-W3070,LC-7064,Y-GEN-4063
FAB-W3071,LC-7065,Y-GEN-4064
FAB-W3072,LC-7066,Y-GEN-4065
FAB-W3073,LC-7067,Y-GEN-4066
FAB-W3074,LC-7068,Y-GEN-4067
FAB-W3075,LC-7069,Y-GEN-4068
FAB-W3076,LC-7070,Y-GEN-4069
FAB-W3077,LC-7071,Y-GEN-4070
FAB-W3078,LC-7072,Y-GEN-4071
FAB-W3079,LC-7073,Y-GEN-4072
FAB-W3080,LC-7074,Y-GEN-4073
FAB-W3081,LC-7075,Y-GEN-4074
FAB-W3082,LC-7076,Y-GEN-4075
FAB-W3083,LC-7077,Y-GEN-4076
FAB-W3084,LC-7078,Y-GEN-4077
FAB-W3085,LC-7079,Y-GEN-4078
FAB-W3086,LC-7080,Y-GEN-4079
FAB-W3087,LC-7081,Y-GEN-4080
FAB-W3088,LC-7082,Y-GEN-4081
FAB-W3089,LC-7083,Y-GEN-4082
FAB-W3090,LC-7084,Y-GEN-4083
FAB-W3091,LC-7085,Y-GEN-4084
FAB-W3092,LC-7086,Y-GEN-4085
FAB-W3093,LC-7087,Y-GEN-4086
FAB-W3094,LC-7088,Y-GEN-4087
FAB-W3095,LC-7089,Y-GEN-4088
FAB-W3096,LC-7090,Y-GEN-4089
FAB-W3097,LC-7091,Y-GEN-4090
FAB-W3098,LC-7092,Y-GEN-4091
FAB-W3099,LC-7093,Y-GEN-4092
FAB-W3100,LC-7094,Y-GEN-4093
FAB-W3101,LC-7095,Y-GEN-4094
FAB-W3102,LC-7096,Y-GEN-4095
FAB-W3103,LC-7097,Y-GEN-4096
FAB-W3104,LC-7098,Y-GEN-4097
FAB-W3105,LC-7099,Y-GEN-4098
FAB-W3106,LC-7100,Y-GEN-4099
FAB-W3107,LC-7101,Y-GEN-4100
FAB-W3108,LC-7102,Y-GEN-4101
FAB-W3109,LC-7103,Y-GEN-4102
FAB-W3110,LC-7104,Y-GEN-4103
FAB-W3111,LC-7105,Y-GEN-4104
FAB-W3112,LC-7106,Y-GEN-4105
FAB-W3113,LC-7107,Y-GEN-4106
FAB-W3114,LC-7108,Y-GEN-4107
FAB-W3115,LC-7109,Y-GEN-4108
FAB-W3116,LC-7110,Y-GEN-4109
FAB-W3117,LC-7111,Y-GEN-4110
FAB-W3118,LC-7112,Y-GEN-4111
FAB-W3119,LC-7113,Y-GEN-4112
FAB-W3120,LC-7114,Y-GEN-4113
FAB-W3121,LC-7115,Y-GEN-4114
FAB-W3122,LC-7116,Y-GEN-4115
FAB-W3123,LC-7117,Y-GEN-4116
FAB-W3124,LC-7118,Y-GEN-4117
FAB-W3125,LC-7119,Y-GEN-4118
FAB-W3126,LC-7120,Y-GEN-4119
FAB-W3127,LC-7121,Y-GEN-4120
FAB-W3128,LC-7122,Y-GEN-4121
FAB-W3129,LC-7123,Y-GEN-4122
FAB-W3130,LC-7124,Y-GEN-4123
FAB-W3131,LC-7125,Y-GEN-4124
FAB-W3132,LC-7126,Y-GEN-4125
FAB-W3133,LC-7127,Y-GEN-4126
FAB-W3134,LC-7128,Y-GEN-4127
FAB-W3135,LC-7129,Y-GEN-4128
FAB-W3136,LC-7130,Y-GEN-4129
FAB-W3137,LC-7131,Y-GEN-4130
FAB-W3138,LC-7132,Y-GEN-4131
FAB-W3139,LC-7133,Y-GEN-4132
FAB-W3140,LC-7134,Y-GEN-4133
FAB-W3141,LC-7135,Y-GEN-4134
FAB-W3142,LC-7136,Y-GEN-4135
FAB-W3143,LC-7137,Y-GEN-4136
FAB-W3144,LC-7138,Y-GEN-4137
FAB-W3145,LC-7139,Y-GEN-4138
FAB-W3146,LC-7140,Y-GEN-4139
FAB-W3147,LC-7141,Y-GEN-4140
FAB-W3148,LC-7142,Y-GEN-4141
FAB-W3149,LC-7143,Y-GEN-4142
FAB-W3150,LC-7144,Y-GEN-4143
FAB-W3151,LC-7145,Y-GEN-4144
FAB-W3152,LC-7146,Y-GEN-4145
FAB-W3153,LC-7147,Y-GEN-4146
FAB-W3154,LC-7148,Y-GEN-4147
FAB-W3155,LC-7149,Y-GEN-4148
FAB-W3156,LC-7150,Y-GEN-4149
FAB-W3157,LC-7151,Y-GEN-4150
FAB-W3158,LC-7152,Y-GEN-4151
FAB-W3159,LC-7153,Y-GEN-4152
FAB-W3160,LC-7154,Y-GEN-4153
FAB-W3161,LC-7155,Y-GEN-4154
FAB-W3162,LC-7156,Y-GEN-4155
FAB-W3163,LC-7157,Y-GEN-4156
FAB-W3164,LC-7158,Y-GEN-4157
FAB-W3165,LC-7159,Y-GEN-4158
FAB-W3166,LC-7160,Y-GEN-4159
FAB-W3167,LC-7161,Y-GEN-4160
FAB-W3168,LC-7162,Y-GEN-4161
FAB-W3169,LC-7163,Y-GEN-4162
FAB-W3170,LC-7164,Y-GEN-4163
FAB-W3171,LC-7165,Y-GEN-4164
FAB-W3172,LC-7166,Y-GEN-4165
FAB-W3173,LC-7167,Y-GEN-4166
FAB-W3174,LC-7168,Y-GEN-4167
FAB-W3175,LC-7169,Y-GEN-4168
FAB-W3176,LC-7170,Y-GEN-4169
FAB-W3177,LC-7171,Y-GEN-4170
FAB-W3178,LC-7172,Y-GEN-4171
FAB-W3179,LC-7173,Y-GEN-4172
FAB-W3180,LC-7174,Y-GEN-4173
FAB-W3181,LC-7175,Y-GEN-4174
FAB-W3182,LC-7176,Y-GEN-4175
FAB-W3183,LC-7177,Y-GEN-4176
FAB-W3184,LC-7178,Y-GEN-4177
FAB-W3185,LC-7179,Y-GEN-4178
FAB-W3186,LC-7180,Y-GEN-4179
FAB-W3187,LC-7181,Y-GEN-4180
FAB-W3188,LC-7182,Y-GEN-4181
FAB-W3189,LC-7183,Y-GEN-4182
FAB-W3190,LC-7184,Y-GEN-4183
FAB-W3191,LC-7185,Y-GEN-4184
FAB-W3192,LC-7186,Y-GEN-4185
FAB-W3193,LC-7187,Y-GEN-4186
FAB-W3194,LC-7188,Y-GEN-4187
FAB-W3195,LC-7189,Y-GEN-4188
FAB-W3196,LC-7190,Y-GEN-4189
FAB-W3197,LC-7191,Y-GEN-4190
FAB-W3198,LC-7192,Y-GEN-4191
FAB-W3199,LC-7193,Y-GEN-4192
FAB-W3200,LC-7194,Y-GEN-4193
FAB-W3201,LC-7195,Y-GEN-4194
FAB-W3202,LC-7196,Y-GEN-4195
FAB-W3203,LC-7197,Y-GEN-4196
FAB-W3204,LC-7198,Y-GEN-4197
FAB-W3205,LC-7199,Y-GEN-4198
FAB-W3206,LC-7200,Y-GEN-4199
FAB-W3207,LC-7201,Y-GEN-4200
FAB-W3208,LC-7202,Y-GEN-4201
FAB-W3209,LC-7203,Y-GEN-4202
FAB-W3210,LC-7204,Y-GEN-4203
FAB-W3211,LC-7205,Y-GEN-4204
FAB-W3212,LC-7206,Y-GEN-4205
FAB-W3213,LC-7207,Y-GEN-4206
FAB-W3214,LC-7208,Y-GEN-4207
FAB-W3215,LC-7209,Y-GEN-4208
FAB-W3216,LC-7210,Y-GEN-4209
FAB-W3217,LC-7211,Y-GEN-4210
FAB-W3218,LC-7212,Y-GEN-4211
FAB-W3219,LC-7213,Y-GEN-4212
FAB-W3220,LC-7214,Y-GEN-4213
FAB-W3221,LC-7215,Y-GEN-4214
FAB-W3222,LC-7216,Y-GEN-4215
FAB-W3223,LC-7217,Y-GEN-4216
FAB-W3224,LC-7218,Y-GEN-4217
FAB-W3225,LC-7219,Y-GEN-4218
FAB-W3226,LC-7220,Y-GEN-4219
FAB-W3227,LC-7221,Y-GEN-4220
FAB-W3228,LC-7222,Y-GEN-4221
FAB-W3229,LC-7223,Y-GEN-4222
FAB-W3230,LC-7224,Y-GEN-4223
FAB-W3231,LC-7225,Y-GEN-4224
FAB-W3232,LC-7226,Y-GEN-4225
FAB-W3233,LC-7227,Y-GEN-4226
FAB-W3234,LC-7228,Y-GEN-4227
FAB-W3235,LC-7229,Y-GEN-4228
FAB-W3236,LC-7230,Y-GEN-4229
FAB-W3237,LC-7231,Y-GEN-4230
FAB-W3238,LC-7232,Y-GEN-4231
FAB-W3239,LC-7233,Y-GEN-4232
FAB-W3240,LC-7234,Y-GEN-4233
FAB-W3241,LC-7235,Y-GEN-4234
FAB-W3242,LC-7236,Y-GEN-4235
FAB-W3243,LC-7237,Y-GEN-4236
FAB-W3244,LC-7238,Y-GEN-4237
FAB-W3245,LC-7239,Y-GEN-4238
FAB-W3246,LC-7240,Y-GEN-4239
FAB-W3247,LC-7241,Y-GEN-4240
FAB-W3248,LC-7242,Y-GEN-4241
FAB-W3249,LC-7243,Y-GEN-4242
FAB-W3250,LC-7244,Y-GEN-4243
FAB-W3251,LC-7245,Y-GEN-4244
FAB-W3252,LC-7246,Y-GEN-4245
FAB-W3253,LC-7247,Y-GEN-4246
FAB-W3254,LC-7248,Y-GEN-4247
FAB-W3255,LC-7249,Y-GEN-4248
FAB-W3256,LC-7250,Y-GEN-4249
FAB-W3257,LC-7251,Y-GEN-4250
FAB-W3258,LC-7252,Y-GEN-4251
FAB-W3259,LC-7253,Y-GEN-4252
FAB-W3260,LC-7254,Y-GEN-4253
FAB-W3261,LC-7255,Y-GEN-4254
FAB-W3262,LC-7256,Y-GEN-4255
FAB-W3263,LC-7257,Y-GEN-4256
FAB-W3264,LC-7258,Y-GEN-4257
FAB-W3265,LC-7259,Y-GEN-4258
FAB-W3266,LC-7260,Y-GEN-4259
FAB-W3267,LC-7261,Y-GEN-4260
FAB-W3268,LC-7262,Y-GEN-4261
FAB-W3269,LC-7263,Y-GEN-4262
FAB-W3270,LC-7264,Y-GEN-4263
FAB-W3271,LC-7265,Y-GEN-4264
FAB-W3272,LC-7266,Y-GEN-4265
FAB-W3273,LC-7267,Y-GEN-4266
FAB-W3274,LC-7268,Y-GEN-4267
FAB-W3275,LC-7269,Y-GEN-4268
FAB-W3276,LC-7270,Y-GEN-4269
FAB-W3277,LC-7271,Y-GEN-4270
FAB-W3278,LC-7272,Y-GEN-4271
FAB-W3279,LC-7273,Y-GEN-4272
FAB-W3280,LC-7274,Y-GEN-4273
FAB-W3281,LC-7275,Y-GEN-4274
FAB-W3282,LC-7276,Y-GEN-4275
FAB-W3283,LC-7277,Y-GEN-4276
FAB-W3284,LC-7278,Y-GEN-4277
FAB-W3285,LC-7279,Y-GEN-4278
FAB-W3286,LC-7280,Y-GEN-4279
FAB-W3287,LC-7281,Y-GEN-4280
FAB-W3288,LC-7282,Y-GEN-4281
FAB-W3289,LC-7283,Y-GEN-4282
FAB-W3290,LC-7284,Y-GEN-4283
FAB-W3291,LC-7285,Y-GEN-4284
FAB-W3292,LC-7286,Y-GEN-4285
FAB-W3293,LC-7287,Y-GEN-4286
FAB-W3294,LC-7288,Y-GEN-4287
FAB-W3295,LC-7289,Y-GEN-4288
FAB-W3296,LC-7290,Y-GEN-4289
FAB-W3297,LC-7291,Y-GEN-4290
FAB-W3298,LC-7292,Y-GEN-4291
FAB-W3299,LC-7293,Y-GEN-4292
FAB-W3300,LC-7294,Y-GEN-4293
FAB-W3301,LC-7295,Y-GEN-4294
FAB-W3302,LC-7296,Y-GEN-4295
FAB-W3303,LC-7297,Y-GEN-4296
FAB-W3304,LC-7298,Y-GEN-4297
FAB-W3305,LC-7299,Y-GEN-4298
FAB-W3306,LC-7300,Y-GEN-4299
FAB-W3307,LC-7301,Y-GEN-4300
FAB-W3308,LC-7302,Y-GEN-4301
FAB-W3309,LC-7303,Y-GEN-4302
FAB-W3310,LC-7304,Y-GEN-4303
FAB-W3311,LC-7305,Y-GEN-4304
FAB-W3312,LC-7306,Y-GEN-4305
FAB-W3313,LC-7307,Y-GEN-4306
FAB-W3314,LC-7308,Y-GEN-4307
FAB-W3315,LC-7309,Y-GEN-4308
FAB-W3316,LC-7310,Y-GEN-4309
FAB-W3317,LC-7311,Y-GEN-4310
FAB-W3318,LC-7312,Y-GEN-4311
FAB-W3319,LC-7313,Y-GEN-4312
FAB-W3320,LC-7314,Y-GEN-4313
FAB-W3321,LC-7315,Y-GEN-4314
FAB-W3322,LC-7316,Y-GEN-4315
FAB-W3323,LC-7317,Y-GEN-4316
FAB-W3324,LC-7318,Y-GEN-4317
FAB-W3325,LC-7319,Y-GEN-4318
FAB-W3326,LC-7320,Y-GEN-4319
FAB-W3327,LC-7321,Y-GEN-4320
FAB-W3328,LC-7322,Y-GEN-4321
FAB-W3329,LC-7323,Y-GEN-4322
FAB-W3330,LC-7324,Y-GEN-4323
FAB-W3331,LC-7325,Y-GEN-4324
FAB-W3332,LC-7326,Y-GEN-4325
FAB-W3333,LC-7327,Y-GEN-4326
FAB-W3334,LC-7328,Y-GEN-4327
FAB-W3335,LC-7329,Y-GEN-4328
FAB-W3336,LC-7330,Y-GEN-4329
FAB-W3337,LC-7331,Y-GEN-4330
FAB-W3338,LC-7332,Y-GEN-4331
FAB-W3339,LC-7333,Y-GEN-4332
FAB-W3340,LC-7334,Y-GEN-4333
FAB-W3341,LC-7335,Y-GEN-4334
FAB-W3342,LC-7336,Y-GEN-4335
FAB-W3343,LC-7337,Y-GEN-4336
FAB-W3344,LC-7338,Y-GEN-4337
FAB-W3345,LC-7339,Y-GEN-4338
FAB-W3346,LC-7340,Y-GEN-4339
FAB-W3347,LC-7341,Y-GEN-4340
FAB-W3348,LC-7342,Y-GEN-4341
FAB-W3349,LC-7343,Y-GEN-4342
FAB-W3350,LC-7344,Y-GEN-4343
FAB-W3351,LC-7345,Y-GEN-4344
FAB-W3352,LC-7346,Y-GEN-4345
FAB-W3353,LC-7347,Y-GEN-4346
FAB-W3354,LC-7348,Y-GEN-4347
FAB-W3355,LC-7349,Y-GEN-4348
FAB-W3356,LC-7350,Y-GEN-4349
FAB-W3357,LC-7351,Y-GEN-4350
FAB-W3358,LC-7352,Y-GEN-4351
FAB-W3359,LC-7353,Y-GEN-4352
FAB-W3360,LC-7354,Y-GEN-4353
FAB-W3361,LC-7355,Y-GEN-4354
FAB-W3362,LC-7356,Y-GEN-4355
FAB-W3363,LC-7357,Y-GEN-4356
FAB-W3364,LC-7358,Y-GEN-4357
FAB-W3365,LC-7359,Y-GEN-4358
FAB-W3366,LC-7360,Y-GEN-4359
FAB-W3367,LC-7361,Y-GEN-4360
FAB-W3368,LC-7362,Y-GEN-4361
FAB-W3369,LC-7363,Y-GEN-4362
FAB-W3370,LC-7364,Y-GEN-4363
FAB-W3371,LC-7365,Y-GEN-4364
FAB-W3372,LC-7366,Y-GEN-4365
FAB-W3373,LC-7367,Y-GEN-4366
FAB-W3374,LC-7368,Y-GEN-4367
FAB-W3375,LC-7369,Y-GEN-4368
FAB-W3376,LC-7370,Y-GEN-4369
FAB-W3377,LC-7371,Y-GEN-4370
FAB-W3378,LC-7372,Y-GEN-4371
FAB-W3379,LC-7373,Y-GEN-4372
FAB-W3380,LC-7374,Y-GEN-4373
FAB-W3381,LC-7375,Y-GEN-4374
FAB-W3382,LC-7376,Y-GEN-4375
FAB-W3383,LC-7377,Y-GEN-4376
FAB-W3384,LC-7378,Y-GEN-4377
FAB-W3385,LC-7379,Y-GEN-4378
FAB-W3386,LC-7380,Y-GEN-4379
FAB-W3387,LC-7381,Y-GEN-4380
FAB-W3388,LC-7382,Y-GEN-4381
FAB-W3389,LC-7383,Y-GEN-4382
FAB-W3390,LC-7384,Y-GEN-4383
FAB-W3391,LC-7385,Y-GEN-4384
FAB-W3392,LC-7386,Y-GEN-4385
FAB-W3393,LC-7387,Y-GEN-4386
FAB-W3394,LC-7388,Y-GEN-4387
FAB-W3395,LC-7389,Y-GEN-4388
FAB-W3396,LC-7390,Y-GEN-4389
FAB-W3397,LC-7391,Y-GEN-4390
FAB-W3398,LC-7392,Y-GEN-4391
FAB-W3399,LC-7393,Y-GEN-4392
FAB-W3400,LC-7394,Y-GEN-4393
FAB-W3401,LC-7395,Y-GEN-4394
FAB-W3402,LC-7396,Y-GEN-4395
FAB-W3403,LC-7397,Y-GEN-4396
FAB-W3404,LC-7398,Y-GEN-4397
FAB-W3405,LC-7399,Y-GEN-4398
FAB-W3406,LC-7400,Y-GEN-4399
FAB-W3407,LC-7401,Y-GEN-4400
FAB-W3408,LC-7402,Y-GEN-4401
FAB-W3409,LC-7403,Y-GEN-4402
FAB-W3410,LC-7404,Y-GEN-4403
FAB-W3411,LC-7405,Y-GEN-4404
FAB-W3412,LC-7406,Y-GEN-4405
FAB-W3413,LC-7407,Y-GEN-4406
FAB-W3414,LC-7408,Y-GEN-4407
FAB-W3415,LC-7409,Y-GEN-4408
FAB-W3416,LC-7410,Y-GEN-4409
FAB-W3417,LC-7411,Y-GEN-4410
FAB-W3418,LC-7412,Y-GEN-4411
FAB-W3419,LC-7413,Y-GEN-4412
FAB-W3420,LC-7414,Y-GEN-4413
FAB-W3421,LC-7415,Y-GEN-4414
FAB-W3422,LC-7416,Y-GEN-4415
FAB-W3423,LC-7417,Y-GEN-4416
FAB-W3424,LC-7418,Y-GEN-4417
FAB-W3425,LC-7419,Y-GEN-4418
FAB-W3426,LC-7420,Y-GEN-4419
FAB-W3427,LC-7421,Y-GEN-4420
FAB-W3428,LC-7422,Y-GEN-4421
FAB-W3429,LC-7423,Y-GEN-4422
FAB-W3430,LC-7424,Y-GEN-4423
FAB-W3431,LC-7425,Y-GEN-4424
FAB-W3432,LC-7426,Y-GEN-4425
FAB-W3433,LC-7427,Y-GEN-4426
FAB-W3434,LC-7428,Y-GEN-4427
FAB-W3435,LC-7429,Y-GEN-4428
FAB-W3436,LC-7430,Y-GEN-4429
FAB-W3437,LC-7431,Y-GEN-4430
FAB-W3438,LC-7432,Y-GEN-4431
FAB-W3439,LC-7433,Y-GEN-4432
FAB-W3440,LC-7434,Y-GEN-4433
FAB-W3441,LC-7435,Y-GEN-4434
FAB-W3442,LC-7436,Y-GEN-4435
FAB-W3443,LC-7437,Y-GEN-4436
FAB-W3444,LC-7438,Y-GEN-4437
FAB-W3445,LC-7439,Y-GEN-4438
FAB-W3446,LC-7440,Y-GEN-4439
FAB-W3447,LC-7441,Y-GEN-4440
FAB-W3448,LC-7442,Y-GEN-4441
FAB-W3449,LC-7443,Y-GEN-4442
FAB-W3450,LC-7444,Y-GEN-4443
FAB-W3451,LC-7445,Y-GEN-4444
FAB-W3452,LC-7446,Y-GEN-4445
FAB-W3453,LC-7447,Y-GEN-4446
FAB-W3454,LC-7448,Y-GEN-4447
FAB-W3455,LC-7449,Y-GEN-4448
FAB-W3456,LC-7450,Y-GEN-4449
FAB-W3457,LC-7451,Y-GEN-4450
FAB-W3458,LC-7452,Y-GEN-4451
FAB-W3459,LC-7453,Y-GEN-4452
FAB-W3460,LC-7454,Y-GEN-4453
FAB-W3461,LC-7455,Y-GEN-4454
FAB-W3462,LC-7456,Y-GEN-4455
FAB-W3463,LC-7457,Y-GEN-4456
FAB-W3464,LC-7458,Y-GEN-4457
FAB-W3465,LC-7459,Y-GEN-4458
FAB-W3466,LC-7460,Y-GEN-4459
FAB-W3467,LC-7461,Y-GEN-4460
FAB-W3468,LC-7462,Y-GEN-4461
FAB-W3469,LC-7463,Y-GEN-4462
FAB-W3470,LC-7464,Y-GEN-4463
FAB-W3471,LC-7465,Y-GEN-4464
FAB-W3472,LC-7466,Y-GEN-4465
FAB-W3473,LC-7467,Y-GEN-4466
FAB-W3474,LC-7468,Y-GEN-4467
FAB-W3475,LC-7469,Y-GEN-4468
FAB-W3476,LC-7470,Y-GEN-4469
FAB-W3477,LC-7471,Y-GEN-4470
FAB-W3478,LC-7472,Y-GEN-4471
FAB-W3479,LC-7473,Y-GEN-4472
FAB-W3480,LC-7474,Y-GEN-4473
FAB-W3481,LC-7475,Y-GEN-4474
FAB-W3482,LC-7476,Y-GEN-4475
FAB-W3483,LC-7477,Y-GEN-4476
FAB-W3484,LC-7478,Y-GEN-4477
FAB-W3485,LC-7479,Y-GEN-4478
FAB-W3486,LC-7480,Y-GEN-4479
FAB-W3487,LC-7481,Y-GEN-4480
FAB-W3488,LC-7482,Y-GEN-4481
FAB-W3489,LC-7483,Y-GEN-4482
FAB-W3490,LC-7484,Y-GEN-4483
FAB-W3491,LC-7485,Y-GEN-4484
FAB-W3492,LC-7486,Y-GEN-4485
FAB-W3493,LC-7487,Y-GEN-4486
FAB-W3494,LC-7488,Y-GEN-4487
FAB-W3495,LC-7489,Y-GEN-4488
FAB-W3496,LC-7490,Y-GEN-4489
FAB-W3497,LC-7491,Y-GEN-4490
FAB-W3498,LC-7492,Y-GEN-4491
FAB-W3499,LC-7493,Y-GEN-4492
FAB-W3500,LC-7494,Y-GEN-4493
FAB-W3501,LC-7495,Y-GEN-4494
FAB-W3502,LC-7496,Y-GEN-4495
FAB-W3503,LC-7497,Y-GEN-4496
FAB-W3504,LC-7498,Y-GEN-4497
FAB-W3505,LC-7499,Y-GEN-4498
FAB-W3506,LC-7500,Y-GEN-4499
FAB-W3507,LC-7501,Y-GEN-4500
FAB-W3508,LC-7502,Y-GEN-4501
FAB-W3509,LC-7503,Y-GEN-4502
FAB-W3510,LC-7504,Y-GEN-4503
FAB-W3511,LC-7505,Y-GEN-4504
FAB-W3512,LC-7506,Y-GEN-4505
FAB-W3513,LC-7507,Y-GEN-4506
FAB-W3514,LC-7508,Y-GEN-4507
FAB-W3515,LC-7509,Y-GEN-4508
FAB-W3516,LC-7510,Y-GEN-4509
FAB-W3517,LC-7511,Y-GEN-4510
FAB-W3518,LC-7512,Y-GEN-4511
FAB-W3519,LC-7513,Y-GEN-4512
FAB-W3520,LC-7514,Y-GEN-4513
FAB-W3521,LC-7515,Y-GEN-4514
FAB-W3522,LC-7516,Y-GEN-4515
FAB-W3523,LC-7517,Y-GEN-4516
FAB-W3524,LC-7518,Y-GEN-4517
FAB-W3525,LC-7519,Y-GEN-4518
FAB-W3526,LC-7520,Y-GEN-4519
FAB-W3527,LC-7521,Y-GEN-4520
FAB-W3528,LC-7522,Y-GEN-4521
FAB-W3529,LC-7523,Y-GEN-4522
FAB-W3530,LC-7524,Y-GEN-4523
FAB-W3531,LC-7525,Y-GEN-4524
FAB-W3532,LC-7526,Y-GEN-4525
FAB-W3533,LC-7527,Y-GEN-4526
FAB-W3534,LC-7528,Y-GEN-4527
FAB-W3535,LC-7529,Y-GEN-4528
FAB-W3536,LC-7530,Y-GEN-4529
FAB-W3537,LC-7531,Y-GEN-4530
FAB-W3538,LC-7532,Y-GEN-4531
FAB-W3539,LC-7533,Y-GEN-4532
FAB-W3540,LC-7534,Y-GEN-4533
FAB-W3541,LC-7535,Y-GEN-4534
FAB-W3542,LC-7536,Y-GEN-4535
FAB-W3543,LC-7537,Y-GEN-4536
FAB-W3544,LC-7538,Y-GEN-4537
FAB-W3545,LC-7539,Y-GEN-4538
FAB-W3546,LC-7540,Y-GEN-4539
FAB-W3547,LC-7541,Y-GEN-4540
FAB-W3548,LC-7542,Y-GEN-4541
FAB-W3549,LC-7543,Y-GEN-4542
FAB-W3550,LC-7544,Y-GEN-4543
FAB-W3551,LC-7545,Y-GEN-4544
FAB-W3552,LC-7546,Y-GEN-4545
FAB-W3553,LC-7547,Y-GEN-4546
FAB-W3554,LC-7548,Y-GEN-4547
FAB-W3555,LC-7549,Y-GEN-4548
FAB-W3556,LC-7550,Y-GEN-4549
FAB-W3557,LC-7551,Y-GEN-4550
FAB-W3558,LC-7552,Y-GEN-4551
FAB-W3559,LC-7553,Y-GEN-4552
FAB-W3560,LC-7554,Y-GEN-4553
FAB-W3561,LC-7555,Y-GEN-4554
FAB-W3562,LC-7556,Y-GEN-4555
FAB-W3563,LC-7557,Y-GEN-4556
FAB-W3564,LC-7558,Y-GEN-4557
FAB-W3565,LC-7559,Y-GEN-4558
FAB-W3566,LC-7560,Y-GEN-4559
FAB-W3567,LC-7561,Y-GEN-4560
FAB-W3568,LC-7562,Y-GEN-4561
FAB-W3569,LC-7563,Y-GEN-4562
FAB-W3570,LC-7564,Y-GEN-4563
FAB-W3571,LC-7565,Y-GEN-4564
FAB-W3572,LC-7566,Y-GEN-4565
FAB-W3573,LC-7567,Y-GEN-4566
FAB-W3574,LC-7568,Y-GEN-4567
FAB-W3575,LC-7569,Y-GEN-4568
FAB-W3576,LC-7570,Y-GEN-4569
FAB-W3577,LC-7571,Y-GEN-4570
FAB-W3578,LC-7572,Y-GEN-4571
FAB-W3579,LC-7573,Y-GEN-4572
FAB-W3580,LC-7574,Y-GEN-4573
FAB-W3581,LC-7575,Y-GEN-4574
FAB-W3582,LC-7576,Y-GEN-4575
FAB-W3583,LC-7577,Y-GEN-4576
FAB-W3584,LC-7578,Y-GEN-4577
FAB-W3585,LC-7579,Y-GEN-4578
FAB-W3586,LC-7580,Y-GEN-4579
FAB-W3587,LC-7581,Y-GEN-4580
FAB-W3588,LC-7582,Y-GEN-4581
FAB-W3589,LC-7583,Y-GEN-4582
FAB-W3590,LC-7584,Y-GEN-4583
FAB-W3591,LC-7585,Y-GEN-4584
FAB-W3592,LC-7586,Y-GEN-4585
FAB-W3593,LC-7587,Y-GEN-4586
FAB-W3594,LC-7588,Y-GEN-4587
FAB-W3595,LC-7589,Y-GEN-4588
FAB-W3596,LC-7590,Y-GEN-4589
FAB-W3597,LC-7591,Y-GEN-4590
FAB-W3598,LC-7592,Y-GEN-4591
FAB-W3599,LC-7593,Y-GEN-4592
FAB-W3600,LC-7594,Y-GEN-4593
FAB-W3601,LC-7595,Y-GEN-4594
FAB-W3602,LC-7596,Y-GEN-4595
FAB-W3603,LC-7597,Y-GEN-4596
FAB-W3604,LC-7598,Y-GEN-4597
FAB-W3605,LC-7599,Y-GEN-4598
FAB-W3606,LC-7600,Y-GEN-4599
FAB-W3607,LC-7601,Y-GEN-4600
FAB-W3608,LC-7602,Y-GEN-4601
FAB-W3609,LC-7603,Y-GEN-4602
FAB-W3610,LC-7604,Y-GEN-4603
FAB-W3611,LC-7605,Y-GEN-4604
FAB-W3612,LC-7606,Y-GEN-4605
FAB-W3613,LC-7607,Y-GEN-4606
FAB-W3614,LC-7608,Y-GEN-4607
FAB-W3615,LC-7609,Y-GEN-4608
FAB-W3616,LC-7610,Y-GEN-4609
FAB-W3617,LC-7611,Y-GEN-4610
FAB-W3618,LC-7612,Y-GEN-4611
FAB-W3619,LC-7613,Y-GEN-4612
FAB-W3620,LC-7614,Y-GEN-4613
FAB-W3621,LC-7615,Y-GEN-4614
FAB-W3622,LC-7616,Y-GEN-4615
FAB-W3623,LC-7617,Y-GEN-4616
FAB-W3624,LC-7618,Y-GEN-4617
FAB-W3625,LC-7619,Y-GEN-4618
FAB-W3626,LC-7620,Y-GEN-4619
FAB-W3627,LC-7621,Y-GEN-4620
FAB-W3628,LC-7622,Y-GEN-4621
FAB-W3629,LC-7623,Y-GEN-4622
FAB-W3630,LC-7624,Y-GEN-4623
FAB-W3631,LC-7625,Y-GEN-4624
FAB-W3632,LC-7626,Y-GEN-4625
FAB-W3633,LC-7627,Y-GEN-4626
FAB-W3634,LC-7628,Y-GEN-4627
FAB-W3635,LC-7629,Y-GEN-4628
FAB-W3636,LC-7630,Y-GEN-4629
FAB-W3637,LC-7631,Y-GEN-4630
FAB-W3638,LC-7632,Y-GEN-4631
FAB-W3639,LC-7633,Y-GEN-4632
FAB-W3640,LC-7634,Y-GEN-4633
FAB-W3641,LC-7635,Y-GEN-4634
FAB-W3642,LC-7636,Y-GEN-4635
FAB-W3643,LC-7637,Y-GEN-4636
FAB-W3644,LC-7638,Y-GEN-4637
FAB-W3645,LC-7639,Y-GEN-4638
FAB-W3646,LC-7640,Y-GEN-4639
FAB-W3647,LC-7641,Y-GEN-4640
FAB-W3648,LC-7642,Y-GEN-4641
FAB-W3649,LC-7643,Y-GEN-4642
FAB-W3650,LC-7644,Y-GEN-4643
FAB-W3651,LC-7645,Y-GEN-4644
FAB-W3652,LC-7646,Y-GEN-4645
FAB-W3653,LC-7647,Y-GEN-4646
FAB-W3654,LC-7648,Y-GEN-4647
FAB-W3655,LC-7649,Y-GEN-4648
FAB-W3656,LC-7650,Y-GEN-4649
FAB-W3657,LC-7651,Y-GEN-4650
FAB-W3658,LC-7652,Y-GEN-4651
FAB-W3659,LC-7653,Y-GEN-4652
FAB-W3660,LC-7654,Y-GEN-4653
FAB-W3661,LC-7655,Y-GEN-4654
FAB-W3662,LC-7656,Y-GEN-4655
FAB-W3663,LC-7657,Y-GEN-4656
FAB-W3664,LC-7658,Y-GEN-4657
FAB-W3665,LC-7659,Y-GEN-4658
FAB-W3666,LC-7660,Y-GEN-4659
FAB-W3667,LC-7661,Y-GEN-4660
FAB-W3668,LC-7662,Y-GEN-4661
FAB-W3669,LC-7663,Y-GEN-4662
FAB-W3670,LC-7664,Y-GEN-4663
FAB-W3671,LC-7665,Y-GEN-4664
FAB-W3672,LC-7666,Y-GEN-4665
FAB-W3673,LC-7667,Y-GEN-4666
FAB-W3674,LC-7668,Y-GEN-4667
FAB-W3675,LC-7669,Y-GEN-4668
FAB-W3676,LC-7670,Y-GEN-4669
FAB-W3677,LC-7671,Y-GEN-4670
FAB-W3678,LC-7672,Y-GEN-4671
FAB-W3679,LC-7673,Y-GEN-4672
FAB-W3680,LC-7674,Y-GEN-4673
FAB-W3681,LC-7675,Y-GEN-4674
FAB-W3682,LC-7676,Y-GEN-4675
FAB-W3683,LC-7677,Y-GEN-4676
FAB-W3684,LC-7678,Y-GEN-4677
FAB-W3685,LC-7679,Y-GEN-4678
FAB-W3686,LC-7680,Y-GEN-4679
FAB-W3687,LC-7681,Y-GEN-4680
FAB-W3688,LC-7682,Y-GEN-4681
FAB-W3689,LC-7683,Y-GEN-4682
FAB-W3690,LC-7684,Y-GEN-4683
FAB-W3691,LC-7685,Y-GEN-4684
FAB-W3692,LC-7686,Y-GEN-4685
FAB-W3693,LC-7687,Y-GEN-4686
FAB-W3694,LC-7688,Y-GEN-4687
FAB-W3695,LC-7689,Y-GEN-4688
FAB-W3696,LC-7690,Y-GEN-4689
FAB-W3697,LC-7691,Y-GEN-4690
FAB-W3698,LC-7692,Y-GEN-4691
FAB-W3699,LC-7693,Y-GEN-4692
FAB-W3700,LC-7694,Y-GEN-4693
FAB-W3701,LC-7695,Y-GEN-4694
FAB-W3702,LC-7696,Y-GEN-4695
FAB-W3703,LC-7697,Y-GEN-4696
FAB-W3704,LC-7698,Y-GEN-4697
FAB-W3705,LC-7699,Y-GEN-4698
FAB-W3706,LC-7700,Y-GEN-4699
FAB-W3707,LC-7701,Y-GEN-4700
FAB-W3708,LC-7702,Y-GEN-4701
FAB-W3709,LC-7703,Y-GEN-4702
FAB-W3710,LC-7704,Y-GEN-4703
FAB-W3711,LC-7705,Y-GEN-4704
FAB-W3712,LC-7706,Y-GEN-4705
FAB-W3713,LC-7707,Y-GEN-4706
FAB-W3714,LC-7708,Y-GEN-4707
FAB-W3715,LC-7709,Y-GEN-4708
FAB-W3716,LC-7710,Y-GEN-4709
FAB-W3717,LC-7711,Y-GEN-4710
FAB-W3718,LC-7712,Y-GEN-4711
FAB-W3719,LC-7713,Y-GEN-4712
FAB-W3720,LC-7714,Y-GEN-4713
FAB-W3721,LC-7715,Y-GEN-4714
FAB-W3722,LC-7716,Y-GEN-4715
FAB-W3723,LC-7717,Y-GEN-4716
FAB-W3724,LC-7718,Y-GEN-4717
FAB-W3725,LC-7719,Y-GEN-4718
FAB-W3726,LC-7720,Y-GEN-4719
FAB-W3727,LC-7721,Y-GEN-4720
FAB-W3728,LC-7722,Y-GEN-4721
FAB-W3729,LC-7723,Y-GEN-4722
FAB-W3730,LC-7724,Y-GEN-4723
FAB-W3731,LC-7725,Y-GEN-4724
FAB-W3732,LC-7726,Y-GEN-4725
FAB-W3733,LC-7727,Y-GEN-4726
FAB-W3734,LC-7728,Y-GEN-4727
FAB-W3735,LC-7729,Y-GEN-4728
FAB-W3736,LC-7730,Y-GEN-4729
FAB-W3737,LC-7731,Y-GEN-4730
FAB-W3738,LC-7732,Y-GEN-4731
FAB-W3739,LC-7733,Y-GEN-4732
FAB-W3740,LC-7734,Y-GEN-4733
FAB-W3741,LC-7735,Y-GEN-4734
FAB-W3742,LC-7736,Y-GEN-4735
FAB-W3743,LC-7737,Y-GEN-4736
FAB-W3744,LC-7738,Y-GEN-4737
FAB-W3745,LC-7739,Y-GEN-4738
FAB-W3746,LC-7740,Y-GEN-4739
FAB-W3747,LC-7741,Y-GEN-4740
FAB-W3748,LC-7742,Y-GEN-4741
FAB-W3749,LC-7743,Y-GEN-4742
FAB-W3750,LC-7744,Y-GEN-4743
FAB-W3751,LC-7745,Y-GEN-4744
FAB-W3752,LC-7746,Y-GEN-4745
FAB-W3753,LC-7747,Y-GEN-4746
FAB-W3754,LC-7748,Y-GEN-4747
FAB-W3755,LC-7749,Y-GEN-4748
FAB-W3756,LC-7750,Y-GEN-4749
FAB-W3757,LC-7751,Y-GEN-4750
FAB-W3758,LC-7752,Y-GEN-4751
FAB-W3759,LC-7753,Y-GEN-4752
FAB-W3760,LC-7754,Y-GEN-4753
FAB-W3761,LC-7755,Y-GEN-4754
FAB-W3762,LC-7756,Y-GEN-4755
FAB-W3763,LC-7757,Y-GEN-4756
FAB-W3764,LC-7758,Y-GEN-4757
FAB-W3765,LC-7759,Y-GEN-4758
FAB-W3766,LC-7760,Y-GEN-4759
FAB-W3767,LC-7761,Y-GEN-4760
FAB-W3768,LC-7762,Y-GEN-4761
FAB-W3769,LC-7763,Y-GEN-4762
FAB-W3770,LC-7764,Y-GEN-4763
FAB-W3771,LC-7765,Y-GEN-4764
FAB-W3772,LC-7766,Y-GEN-4765
FAB-W3773,LC-7767,Y-GEN-4766
FAB-W3774,LC-7768,Y-GEN-4767
FAB-W3775,LC-7769,Y-GEN-4768
FAB-W3776,LC-7770,Y-GEN-4769
FAB-W3777,LC-7771,Y-GEN-4770
FAB-W3778,LC-7772,Y-GEN-4771
FAB-W3779,LC-7773,Y-GEN-4772
FAB-W3780,LC-7774,Y-GEN-4773
FAB-W3781,LC-7775,Y-GEN-4774
FAB-W3782,LC-7776,Y-GEN-4775
FAB-W3783,LC-7777,Y-GEN-4776
FAB-W3784,LC-7778,Y-GEN-4777
FAB-W3785,LC-7779,Y-GEN-4778
FAB-W3786,LC-7780,Y-GEN-4779
FAB-W3787,LC-7781,Y-GEN-4780
FAB-W3788,LC-7782,Y-GEN-4781
FAB-W3789,LC-7783,Y-GEN-4782
FAB-W3790,LC-7784,Y-GEN-4783
FAB-W3791,LC-7785,Y-GEN-4784
FAB-W3792,LC-7786,Y-GEN-4785
FAB-W3793,LC-7787,Y-GEN-4786
FAB-W3794,LC-7788,Y-GEN-4787
FAB-W3795,LC-7789,Y-GEN-4788
FAB-W3796,LC-7790,Y-GEN-4789
FAB-W3797,LC-7791,Y-GEN-4790
FAB-W3798,LC-7792,Y-GEN-4791
FAB-W3799,LC-7793,Y-GEN-4792
FAB-W3800,LC-7794,Y-GEN-4793
FAB-W3801,LC-7795,Y-GEN-4794
FAB-W3802,LC-7796,Y-GEN-4795
FAB-W3803,LC-7797,Y-GEN-4796
FAB-W3804,LC-7798,Y-GEN-4797
FAB-W3805,LC-7799,Y-GEN-4798
FAB-W3806,LC-7800,Y-GEN-4799
FAB-W3807,LC-7801,Y-GEN-4800
FAB-W3808,LC-7802,Y-GEN-4801
FAB-W3809,LC-7803,Y-GEN-4802
FAB-W3810,LC-7804,Y-GEN-4803
FAB-W3811,LC-7805,Y-GEN-4804
FAB-W3812,LC-7806,Y-GEN-4805
FAB-W3813,LC-7807,Y-GEN-4806
FAB-W3814,LC-7808,Y-GEN-4807
FAB-W3815,LC-7809,Y-GEN-4808
FAB-W3816,LC-7810,Y-GEN-4809
FAB-W3817,LC-7811,Y-GEN-4810
FAB-W3818,LC-7812,Y-GEN-4811
FAB-W3819,LC-7813,Y-GEN-4812
FAB-W3820,LC-7814,Y-GEN-4813
FAB-W3821,LC-7815,Y-GEN-4814
FAB-W3822,LC-7816,Y-GEN-4815
FAB-W3823,LC-7817,Y-GEN-4816
FAB-W3824,LC-7818,Y-GEN-4817
FAB-W3825,LC-7819,Y-GEN-4818
FAB-W3826,LC-7820,Y-GEN-4819
FAB-W3827,LC-7821,Y-GEN-4820
FAB-W3828,LC-7822,Y-GEN-4821
FAB-W3829,LC-7823,Y-GEN-4822
FAB-W3830,LC-7824,Y-GEN-4823
FAB-W3831,LC-7825,Y-GEN-4824
FAB-W3832,LC-7826,Y-GEN-4825
FAB-W3833,LC-7827,Y-GEN-4826
FAB-W3834,LC-7828,Y-GEN-4827
FAB-W3835,LC-7829,Y-GEN-4828
FAB-W3836,LC-7830,Y-GEN-4829
FAB-W3837,LC-7831,Y-GEN-4830
FAB-W3838,LC-7832,Y-GEN-4831
FAB-W3839,LC-7833,Y-GEN-4832
FAB-W3840,LC-7834,Y-GEN-4833
FAB-W3841,LC-7835,Y-GEN-4834
FAB-W3842,LC-7836,Y-GEN-4835
FAB-W3843,LC-7837,Y-GEN-4836
FAB-W3844,LC-7838,Y-GEN-4837
FAB-W3845,LC-7839,Y-GEN-4838
FAB-W3846,LC-7840,Y-GEN-4839
FAB-W3847,LC-7841,Y-GEN-4840
FAB-W3848,LC-7842,Y-GEN-4841
FAB-W3849,LC-7843,Y-GEN-4842
FAB-W3850,LC-7844,Y-GEN-4843
FAB-W3851,LC-7845,Y-GEN-4844
FAB-W3852,LC-7846,Y-GEN-4845
FAB-W3853,LC-7847,Y-GEN-4846
FAB-W3854,LC-7848,Y-GEN-4847
FAB-W3855,LC-7849,Y-GEN-4848
FAB-W3856,LC-7850,Y-GEN-4849
FAB-W3857,LC-7851,Y-GEN-4850
FAB-W3858,LC-7852,Y-GEN-4851
FAB-W3859,LC-7853,Y-GEN-4852
FAB-W3860,LC-7854,Y-GEN-4853
FAB-W3861,LC-7855,Y-GEN-4854
FAB-W3862,LC-7856,Y-GEN-4855
FAB-W3863,LC-7857,Y-GEN-4856
FAB-W3864,LC-7858,Y-GEN-4857
FAB-W3865,LC-7859,Y-GEN-4858
FAB-W3866,LC-7860,Y-GEN-4859
FAB-W3867,LC-7861,Y-GEN-4860
FAB-W3868,LC-7862,Y-GEN-4861
FAB-W3869,LC-7863,Y-GEN-4862
FAB-W3870,LC-7864,Y-GEN-4863
FAB-W3871,LC-7865,Y-GEN-4864
FAB-W3872,LC-7866,Y-GEN-4865
FAB-W3873,LC-7867,Y-GEN-4866
FAB-W3874,LC-7868,Y-GEN-4867
FAB-W3875,LC-7869,Y-GEN-4868
FAB-W3876,LC-7870,Y-GEN-4869
FAB-W3877,LC-7871,Y-GEN-4870
FAB-W3878,LC-7872,Y-GEN-4871
FAB-W3879,LC-7873,Y-GEN-4872
FAB-W3880,LC-7874,Y-GEN-4873
FAB-W3881,LC-7875,Y-GEN-4874
FAB-W3882,LC-7876,Y-GEN-4875
FAB-W3883,LC-7877,Y-GEN-4876
FAB-W3884,LC-7878,Y-GEN-4877
FAB-W3885,LC-7879,Y-GEN-4878
FAB-W3886,LC-7880,Y-GEN-4879
FAB-W3887,LC-7881,Y-GEN-4880
FAB-W3888,LC-7882,Y-GEN-4881
FAB-W3889,LC-7883,Y-GEN-4882
FAB-W3890,LC-7884,Y-GEN-4883
FAB-W3891,LC-7885,Y-GEN-4884
FAB-W3892,LC-7886,Y-GEN-4885
FAB-W3893,LC-7887,Y-GEN-4886
FAB-W3894,LC-7888,Y-GEN-4887
FAB-W3895,LC-7889,Y-GEN-4888
FAB-W3896,LC-7890,Y-GEN-4889
FAB-W3897,LC-7891,Y-GEN-4890
FAB-W3898,LC-7892,Y-GEN-4891
FAB-W3899,LC-7893,Y-GEN-4892
FAB-W3900,LC-7894,Y-GEN-4893
FAB-W3901,LC-7895,Y-GEN-4894
FAB-W3902,LC-7896,Y-GEN-4895
FAB-W3903,LC-7897,Y-GEN-4896
FAB-W3904,LC-7898,Y-GEN-4897
FAB-W3905,LC-7899,Y-GEN-4898
FAB-W3906,LC-7900,Y-GEN-4899
FAB-W3907,LC-7901,Y-GEN-4900
FAB-W3908,LC-7902,Y-GEN-4901
FAB-W3909,LC-7903,Y-GEN-4902
FAB-W3910,LC-7904,Y-GEN-4903
FAB-W3911,LC-7905,Y-GEN-4904
FAB-W3912,LC-7906,Y-GEN-4905
FAB-W3913,LC-7907,Y-GEN-4906
FAB-W3914,LC-7908,Y-GEN-4907
FAB-W3915,LC-7909,Y-GEN-4908
FAB-W3916,LC-7910,Y-GEN-4909
FAB-W3917,LC-7911,Y-GEN-4910
FAB-W3918,LC-7912,Y-GEN-4911
FAB-W3919,LC-7913,Y-GEN-4912
FAB-W3920,LC-7914,Y-GEN-4913
FAB-W3921,LC-7915,Y-GEN-4914
FAB-W3922,LC-7916,Y-GEN-4915
FAB-W3923,LC-7917,Y-GEN-4916
FAB-W3924,LC-7918,Y-GEN-4917
FAB-W3925,LC-7919,Y-GEN-4918
FAB-W3926,LC-7920,Y-GEN-4919
FAB-W3927,LC-7921,Y-GEN-4920
FAB-W3928,LC-7922,Y-GEN-4921
FAB-W3929,LC-7923,Y-GEN-4922
FAB-W3930,LC-7924,Y-GEN-4923
FAB-W3931,LC-7925,Y-GEN-4924
FAB-W3932,LC-7926,Y-GEN-4925
FAB-W3933,LC-7927,Y-GEN-4926
FAB-W3934,LC-7928,Y-GEN-4927
FAB-W3935,LC-7929,Y-GEN-4928
FAB-W3936,LC-7930,Y-GEN-4929
FAB-W3937,LC-7931,Y-GEN-4930
FAB-W3938,LC-7932,Y-GEN-4931
FAB-W3939,LC-7933,Y-GEN-4932
FAB-W3940,LC-7934,Y-GEN-4933
FAB-W3941,LC-7935,Y-GEN-4934
FAB-W3942,LC-7936,Y-GEN-4935
FAB-W3943,LC-7937,Y-GEN-4936
FAB-W3944,LC-7938,Y-GEN-4937
FAB-W3945,LC-7939,Y-GEN-4938
FAB-W3946,LC-7940,Y-GEN-4939
FAB-W3947,LC-7941,Y-GEN-4940
FAB-W3948,LC-7942,Y-GEN-4941
FAB-W3949,LC-7943,Y-GEN-4942
FAB-W3950,LC-7944,Y-GEN-4943
FAB-W3951,LC-7945,Y-GEN-4944
FAB-W3952,LC-7946,Y-GEN-4945
FAB-W3953,LC-7947,Y-GEN-4946
FAB-W3954,LC-7948,Y-GEN-4947
FAB-W3955,LC-7949,Y-GEN-4948
FAB-W3956,LC-7950,Y-GEN-4949
FAB-W3957,LC-7951,Y-GEN-4950
FAB-W3958,LC-7952,Y-GEN-4951
FAB-W3959,LC-7953,Y-GEN-4952
FAB-W3960,LC-7954,Y-GEN-4953
FAB-W3961,LC-7955,Y-GEN-4954
FAB-W3962,LC-7956,Y-GEN-4955
FAB-W3963,LC-7957,Y-GEN-4956
FAB-W3964,LC-7958,Y-GEN-4957
FAB-W3965,LC-7959,Y-GEN-4958
FAB-W3966,LC-7960,Y-GEN-4959
FAB-W3967,LC-7961,Y-GEN-4960
FAB-W3968,LC-7962,Y-GEN-4961
FAB-W3969,LC-7963,Y-GEN-4962
FAB-W3970,LC-7964,Y-GEN-4963
FAB-W3971,LC-7965,Y-GEN-4964
FAB-W3972,LC-7966,Y-GEN-4965
FAB-W3973,LC-7967,Y-GEN-4966
FAB-W3974,LC-7968,Y-GEN-4967
FAB-W3975,LC-7969,Y-GEN-4968
FAB-W3976,LC-7970,Y-GEN-4969
FAB-W3977,LC-7971,Y-GEN-4970
FAB-W3978,LC-7972,Y-GEN-4971
FAB-W3979,LC-7973,Y-GEN-4972
FAB-W3980,LC-7974,Y-GEN-4973
FAB-W3981,LC-7975,Y-GEN-4974
FAB-W3982,LC-7976,Y-GEN-4975
FAB-W3983,LC-7977,Y-GEN-4976
FAB-W3984,LC-7978,Y-GEN-4977
FAB-W3985,LC-7979,Y-GEN-4978
FAB-W3986,LC-7980,Y-GEN-4979
FAB-W3987,LC-7981,Y-GEN-4980
FAB-W3988,LC-7982,Y-GEN-4981
FAB-W3989,LC-7983,Y-GEN-4982
FAB-W3990,LC-7984,Y-GEN-4983
FAB-W3991,LC-7985,Y-GEN-4984
FAB-W3992,LC-7986,Y-GEN-4985
FAB-W3993,LC-7987,Y-GEN-4986
FAB-W3994,LC-7988,Y-GEN-4987
FAB-W3995,LC-7989,Y-GEN-4988
FAB-W3996,LC-7990,Y-GEN-4989
FAB-W3997,LC-7991,Y-GEN-4990
FAB-W3998,LC-7992,Y-GEN-4991
FAB-W3999,LC-7993,Y-GEN-4992
FAB-W4000,LC-7994,Y-GEN-4993
FAB-W4001,LC-7995,Y-GEN-4994
FAB-W4002,LC-7996,Y-GEN-4995
FAB-W4003,LC-7997,Y-GEN-4996
FAB-W4004,LC-7998,Y-GEN-4997
FAB-W4005,LC-7999,Y-GEN-4998
FAB-W4006,LC-8000,Y-GEN-4999
FAB-W4007,LC-8001,Y-GEN-5000
FAB-W4008,LC-8002,Y-GEN-5001
FAB-W4009,LC-8003,Y-GEN-5002
FAB-W4010,LC-8004,Y-GEN-5003
FAB-W4011,LC-8005,Y-GEN-5004
FAB-W4012,LC-8006,Y-GEN-5005
FAB-W4013,LC-8007,Y-GEN-5006
FAB-W4014,LC-8008,Y-GEN-5007
FAB-W4015,LC-8009,Y-GEN-5008
FAB-W4016,LC-8010,Y-GEN-5009
FAB-W4017,LC-8011,Y-GEN-5010
FAB-W4018,LC-8012,Y-GEN-5011
FAB-W4019,LC-8013,Y-GEN-5012
FAB-W4020,LC-8014,Y-GEN-5013
FAB-W4021,LC-8015,Y-GEN-5014
FAB-W4022,LC-8016,Y-GEN-5015
FAB-W4023,LC-8017,Y-GEN-5016
FAB-W4024,LC-8018,Y-GEN-5017
FAB-W4025,LC-8019,Y-GEN-5018
FAB-W4026,LC-8020,Y-GEN-5019
FAB-W4027,LC-8021,Y-GEN-5020
FAB-W4028,LC-8022,Y-GEN-5021
FAB-W4029,LC-8023,Y-GEN-5022
FAB-W4030,LC-8024,Y-GEN-5023
FAB-W4031,LC-8025,Y-GEN-5024
FAB-W4032,LC-8026,Y-GEN-5025
FAB-W4033,LC-8027,Y-GEN-5026
FAB-W4034,LC-8028,Y-GEN-5027
FAB-W4035,LC-8029,Y-GEN-5028
FAB-W4036,LC-8030,Y-GEN-5029
FAB-W4037,LC-8031,Y-GEN-5030
FAB-W4038,LC-8032,Y-GEN-5031
FAB-W4039,LC-8033,Y-GEN-5032
FAB-W4040,LC-8034,Y-GEN-5033
FAB-W4041,LC-8035,Y-GEN-5034
FAB-W4042,LC-8036,Y-GEN-5035
FAB-W4043,LC-8037,Y-GEN-5036
FAB-W4044,LC-8038,Y-GEN-5037
FAB-W4045,LC-8039,Y-GEN-5038
FAB-W4046,LC-8040,Y-GEN-5039
FAB-W4047,LC-8041,Y-GEN-5040
FAB-W4048,LC-8042,Y-GEN-5041
FAB-W4049,LC-8043,Y-GEN-5042
FAB-W4050,LC-8044,Y-GEN-5043
FAB-W4051,LC-8045,Y-GEN-5044
FAB-W4052,LC-8046,Y-GEN-5045
FAB-W4053,LC-8047,Y-GEN-5046
FAB-W4054,LC-8048,Y-GEN-5047
FAB-W4055,LC-8049,Y-GEN-5048
FAB-W4056,LC-8050,Y-GEN-5049
FAB-W4057,LC-8051,Y-GEN-5050
FAB-W4058,LC-8052,Y-GEN-5051
FAB-W4059,LC-8053,Y-GEN-5052
FAB-W4060,LC-8054,Y-GEN-5053
FAB-W4061,LC-8055,Y-GEN-5054
FAB-W4062,LC-8056,Y-GEN-5055
FAB-W4063,LC-8057,Y-GEN-5056
FAB-W4064,LC-8058,Y-GEN-5057
FAB-W4065,LC-8059,Y-GEN-5058
FAB-W4066,LC-8060,Y-GEN-5059
FAB-W4067,LC-8061,Y-GEN-5060
FAB-W4068,LC-8062,Y-GEN-5061
FAB-W4069,LC-8063,Y-GEN-5062
FAB-W4070,LC-8064,Y-GEN-5063
FAB-W4071,LC-8065,Y-GEN-5064
FAB-W4072,LC-8066,Y-GEN-5065
FAB-W4073,LC-8067,Y-GEN-5066
FAB-W4074,LC-8068,Y-GEN-5067
FAB-W4075,LC-8069,Y-GEN-5068
FAB-W4076,LC-8070,Y-GEN-5069
FAB-W4077,LC-8071,Y-GEN-5070
FAB-W4078,LC-8072,Y-GEN-5071
FAB-W4079,LC-8073,Y-GEN-5072
FAB-W4080,LC-8074,Y-GEN-5073
FAB-W4081,LC-8075,Y-GEN-5074
FAB-W4082,LC-8076,Y-GEN-5075
FAB-W4083,LC-8077,Y-GEN-5076
FAB-W4084,LC-8078,Y-GEN-5077
FAB-W4085,LC-8079,Y-GEN-5078
FAB-W4086,LC-8080,Y-GEN-5079
FAB-W4087,LC-8081,Y-GEN-5080
FAB-W4088,LC-8082,Y-GEN-5081
FAB-W4089,LC-8083,Y-GEN-5082
FAB-W4090,LC-8084,Y-GEN-5083
FAB-W4091,LC-8085,Y-GEN-5084
FAB-W4092,LC-8086,Y-GEN-5085
FAB-W4093,LC-8087,Y-GEN-5086
FAB-W4094,LC-8088,Y-GEN-5087
FAB-W4095,LC-8089,Y-GEN-5088
FAB-W4096,LC-8090,Y-GEN-5089
FAB-W4097,LC-8091,Y-GEN-5090
FAB-W4098,LC-8092,Y-GEN-5091
FAB-W4099,LC-8093,Y-GEN-5092
FAB-W4100,LC-8094,Y-GEN-5093
FAB-W4101,LC-8095,Y-GEN-5094
FAB-W4102,LC-8096,Y-GEN-5095
FAB-W4103,LC-8097,Y-GEN-5096
FAB-W4104,LC-8098,Y-GEN-5097
FAB-W4105,LC-8099,Y-GEN-5098
FAB-W4106,LC-8100,Y-GEN-5099
FAB-W4107,LC-8101,Y-GEN-5100
FAB-W4108,LC-8102,Y-GEN-5101
FAB-W4109,LC-8103,Y-GEN-5102
FAB-W4110,LC-8104,Y-GEN-5103
FAB-W4111,LC-8105,Y-GEN-5104
FAB-W4112,LC-8106,Y-GEN-5105
FAB-W4113,LC-8107,Y-GEN-5106
FAB-W4114,LC-8108,Y-GEN-5107
FAB-W4115,LC-8109,Y-GEN-5108
FAB-W4116,LC-8110,Y-GEN-5109
FAB-W4117,LC-8111,Y-GEN-5110
FAB-W4118,LC-8112,Y-GEN-5111
FAB-W4119,LC-8113,Y-GEN-5112
FAB-W4120,LC-8114,Y-GEN-5113
FAB-W4121,LC-8115,Y-GEN-5114
FAB-W4122,LC-8116,Y-GEN-5115
FAB-W4123,LC-8117,Y-GEN-5116
FAB-W4124,LC-8118,Y-GEN-5117
FAB-W4125,LC-8119,Y-GEN-5118
FAB-W4126,LC-8120,Y-GEN-5119
FAB-W4127,LC-8121,Y-GEN-5120
FAB-W4128,LC-8122,Y-GEN-5121
FAB-W4129,LC-8123,Y-GEN-5122
FAB-W4130,LC-8124,Y-GEN-5123
FAB-W4131,LC-8125,Y-GEN-5124
FAB-W4132,LC-8126,Y-GEN-5125
FAB-W4133,LC-8127,Y-GEN-5126
FAB-W4134,LC-8128,Y-GEN-5127
FAB-W4135,LC-8129,Y-GEN-5128
FAB-W4136,LC-8130,Y-GEN-5129
FAB-W4137,LC-8131,Y-GEN-5130
FAB-W4138,LC-8132,Y-GEN-5131
FAB-W4139,LC-8133,Y-GEN-5132
FAB-W4140,LC-8134,Y-GEN-5133
FAB-W4141,LC-8135,Y-GEN-5134
FAB-W4142,LC-8136,Y-GEN-5135
FAB-W4143,LC-8137,Y-GEN-5136
FAB-W4144,LC-8138,Y-GEN-5137
FAB-W4145,LC-8139,Y-GEN-5138
FAB-W4146,LC-8140,Y-GEN-5139
FAB-W4147,LC-8141,Y-GEN-5140
FAB-W4148,LC-8142,Y-GEN-5141
FAB-W4149,LC-8143,Y-GEN-5142
FAB-W4150,LC-8144,Y-GEN-5143
FAB-W4151,LC-8145,Y-GEN-5144
FAB-W4152,LC-8146,Y-GEN-5145
FAB-W4153,LC-8147,Y-GEN-5146
FAB-W4154,LC-8148,Y-GEN-5147
FAB-W4155,LC-8149,Y-GEN-5148
FAB-W4156,LC-8150,Y-GEN-5149
FAB-W4157,LC-8151,Y-GEN-5150
FAB-W4158,LC-8152,Y-GEN-5151
FAB-W4159,LC-8153,Y-GEN-5152
FAB-W4160,LC-8154,Y-GEN-5153
FAB-W4161,LC-8155,Y-GEN-5154
FAB-W4162,LC-8156,Y-GEN-5155
FAB-W4163,LC-8157,Y-GEN-5156
FAB-W4164,LC-8158,Y-GEN-5157
FAB-W4165,LC-8159,Y-GEN-5158
FAB-W4166,LC-8160,Y-GEN-5159
FAB-W4167,LC-8161,Y-GEN-5160
FAB-W4168,LC-8162,Y-GEN-5161
FAB-W4169,LC-8163,Y-GEN-5162
FAB-W4170,LC-8164,Y-GEN-5163
FAB-W4171,LC-8165,Y-GEN-5164
FAB-W4172,LC-8166,Y-GEN-5165
FAB-W4173,LC-8167,Y-GEN-5166
FAB-W4174,LC-8168,Y-GEN-5167
FAB-W4175,LC-8169,Y-GEN-5168
FAB-W4176,LC-8170,Y-GEN-5169
FAB-W4177,LC-8171,Y-GEN-5170
FAB-W4178,LC-8172,Y-GEN-5171
FAB-W4179,LC-8173,Y-GEN-5172
FAB-W4180,LC-8174,Y-GEN-5173
FAB-W4181,LC-8175,Y-GEN-5174
FAB-W4182,LC-8176,Y-GEN-5175
FAB-W4183,LC-8177,Y-GEN-5176
FAB-W4184,LC-8178,Y-GEN-5177
FAB-W4185,LC-8179,Y-GEN-5178
FAB-W4186,LC-8180,Y-GEN-5179
FAB-W4187,LC-8181,Y-GEN-5180
FAB-W4188,LC-8182,Y-GEN-5181
FAB-W4189,LC-8183,Y-GEN-5182
FAB-W4190,LC-8184,Y-GEN-5183
FAB-W4191,LC-8185,Y-GEN-5184
FAB-W4192,LC-8186,Y-GEN-5185
FAB-W4193,LC-8187,Y-GEN-5186
FAB-W4194,LC-8188,Y-GEN-5187
FAB-W4195,LC-8189,Y-GEN-5188
FAB-W4196,LC-8190,Y-GEN-5189
FAB-W4197,LC-8191,Y-GEN-5190
FAB-W4198,LC-8192,Y-GEN-5191
FAB-W4199,LC-8193,Y-GEN-5192
FAB-W4200,LC-8194,Y-GEN-5193
FAB-W4201,LC-8195,Y-GEN-5194
FAB-W4202,LC-8196,Y-GEN-5195
FAB-W4203,LC-8197,Y-GEN-5196
FAB-W4204,LC-8198,Y-GEN-5197
FAB-W4205,LC-8199,Y-GEN-5198
FAB-W4206,LC-8200,Y-GEN-5199
FAB-W4207,LC-8201,Y-GEN-5200
FAB-W4208,LC-8202,Y-GEN-5201
FAB-W4209,LC-8203,Y-GEN-5202
FAB-W4210,LC-8204,Y-GEN-5203
FAB-W4211,LC-8205,Y-GEN-5204
FAB-W4212,LC-8206,Y-GEN-5205
FAB-W4213,LC-8207,Y-GEN-5206
FAB-W4214,LC-8208,Y-GEN-5207
FAB-W4215,LC-8209,Y-GEN-5208
FAB-W4216,LC-8210,Y-GEN-5209
FAB-W4217,LC-8211,Y-GEN-5210
FAB-W4218,LC-8212,Y-GEN-5211
FAB-W4219,LC-8213,Y-GEN-5212
FAB-W4220,LC-8214,Y-GEN-5213
FAB-W4221,LC-8215,Y-GEN-5214
FAB-W4222,LC-8216,Y-GEN-5215
FAB-W4223,LC-8217,Y-GEN-5216
FAB-W4224,LC-8218,Y-GEN-5217
FAB-W4225,LC-8219,Y-GEN-5218
FAB-W4226,LC-8220,Y-GEN-5219
FAB-W4227,LC-8221,Y-GEN-5220
FAB-W4228,LC-8222,Y-GEN-5221
FAB-W4229,LC-8223,Y-GEN-5222
FAB-W4230,LC-8224,Y-GEN-5223
FAB-W4231,LC-8225,Y-GEN-5224
FAB-W4232,LC-8226,Y-GEN-5225
FAB-W4233,LC-8227,Y-GEN-5226
FAB-W4234,LC-8228,Y-GEN-5227
FAB-W4235,LC-8229,Y-GEN-5228
FAB-W4236,LC-8230,Y-GEN-5229
FAB-W4237,LC-8231,Y-GEN-5230
FAB-W4238,LC-8232,Y-GEN-5231
FAB-W4239,LC-8233,Y-GEN-5232
FAB-W4240,LC-8234,Y-GEN-5233
FAB-W4241,LC-8235,Y-GEN-5234
FAB-W4242,LC-8236,Y-GEN-5235
FAB-W4243,LC-8237,Y-GEN-5236
FAB-W4244,LC-8238,Y-GEN-5237
FAB-W4245,LC-8239,Y-GEN-5238
FAB-W4246,LC-8240,Y-GEN-5239
FAB-W4247,LC-8241,Y-GEN-5240
FAB-W4248,LC-8242,Y-GEN-5241
FAB-W4249,LC-8243,Y-GEN-5242
FAB-W4250,LC-8244,Y-GEN-5243
FAB-W4251,LC-8245,Y-GEN-5244
FAB-W4252,LC-8246,Y-GEN-5245
FAB-W4253,LC-8247,Y-GEN-5246
FAB-W4254,LC-8248,Y-GEN-5247
FAB-W4255,LC-8249,Y-GEN-5248
FAB-W4256,LC-8250,Y-GEN-5249
FAB-W4257,LC-8251,Y-GEN-5250
FAB-W4258,LC-8252,Y-GEN-5251
FAB-W4259,LC-8253,Y-GEN-5252
FAB-W4260,LC-8254,Y-GEN-5253
FAB-W4261,LC-8255,Y-GEN-5254
FAB-W4262,LC-8256,Y-GEN-5255
FAB-W4263,LC-8257,Y-GEN-5256
FAB-W4264,LC-8258,Y-GEN-5257
FAB-W4265,LC-8259,Y-GEN-5258
FAB-W4266,LC-8260,Y-GEN-5259
FAB-W4267,LC-8261,Y-GEN-5260
FAB-W4268,LC-8262,Y-GEN-5261
FAB-W4269,LC-8263,Y-GEN-5262
FAB-W4270,LC-8264,Y-GEN-5263
FAB-W4271,LC-8265,Y-GEN-5264
FAB-W4272,LC-8266,Y-GEN-5265
FAB-W4273,LC-8267,Y-GEN-5266
FAB-W4274,LC-8268,Y-GEN-5267
FAB-W4275,LC-8269,Y-GEN-5268
FAB-W4276,LC-8270,Y-GEN-5269
FAB-W4277,LC-8271,Y-GEN-5270
FAB-W4278,LC-8272,Y-GEN-5271
FAB-W4279,LC-8273,Y-GEN-5272
FAB-W4280,LC-8274,Y-GEN-5273
FAB-W4281,LC-8275,Y-GEN-5274
FAB-W4282,LC-8276,Y-GEN-5275
FAB-W4283,LC-8277,Y-GEN-5276
FAB-W4284,LC-8278,Y-GEN-5277
FAB-W4285,LC-8279,Y-GEN-5278
FAB-W4286,LC-8280,Y-GEN-5279
FAB-W4287,LC-8281,Y-GEN-5280
FAB-W4288,LC-8282,Y-GEN-5281
FAB-W4289,LC-8283,Y-GEN-5282
FAB-W4290,LC-8284,Y-GEN-5283
FAB-W4291,LC-8285,Y-GEN-5284
FAB-W4292,LC-8286,Y-GEN-5285
FAB-W4293,LC-8287,Y-GEN-5286
FAB-W4294,LC-8288,Y-GEN-5287
FAB-W4295,LC-8289,Y-GEN-5288
FAB-W4296,LC-8290,Y-GEN-5289
FAB-W4297,LC-8291,Y-GEN-5290
FAB-W4298,LC-8292,Y-GEN-5291
FAB-W4299,LC-8293,Y-GEN-5292
FAB-W4300,LC-8294,Y-GEN-5293
FAB-W4301,LC-8295,Y-GEN-5294
FAB-W4302,LC-8296,Y-GEN-5295
FAB-W4303,LC-8297,Y-GEN-5296
FAB-W4304,LC-8298,Y-GEN-5297
FAB-W4305,LC-8299,Y-GEN-5298
FAB-W4306,LC-8300,Y-GEN-5299
FAB-W4307,LC-8301,Y-GEN-5300
FAB-W4308,LC-8302,Y-GEN-5301
FAB-W4309,LC-8303,Y-GEN-5302
FAB-W4310,LC-8304,Y-GEN-5303
FAB-W4311,LC-8305,Y-GEN-5304
FAB-W4312,LC-8306,Y-GEN-5305
FAB-W4313,LC-8307,Y-GEN-5306
FAB-W4314,LC-8308,Y-GEN-5307
FAB-W4315,LC-8309,Y-GEN-5308
FAB-W4316,LC-8310,Y-GEN-5309
FAB-W4317,LC-8311,Y-GEN-5310
FAB-W4318,LC-8312,Y-GEN-5311
FAB-W4319,LC-8313,Y-GEN-5312
FAB-W4320,LC-8314,Y-GEN-5313
FAB-W4321,LC-8315,Y-GEN-5314
FAB-W4322,LC-8316,Y-GEN-5315
FAB-W4323,LC-8317,Y-GEN-5316
FAB-W4324,LC-8318,Y-GEN-5317
FAB-W4325,LC-8319,Y-GEN-5318
FAB-W4326,LC-8320,Y-GEN-5319
FAB-W4327,LC-8321,Y-GEN-5320
FAB-W4328,LC-8322,Y-GEN-5321
FAB-W4329,LC-8323,Y-GEN-5322
FAB-W4330,LC-8324,Y-GEN-5323
FAB-W4331,LC-8325,Y-GEN-5324
FAB-W4332,LC-8326,Y-GEN-5325
FAB-W4333,LC-8327,Y-GEN-5326
FAB-W4334,LC-8328,Y-GEN-5327
FAB-W4335,LC-8329,Y-GEN-5328
FAB-W4336,LC-8330,Y-GEN-5329
FAB-W4337,LC-8331,Y-GEN-5330
FAB-W4338,LC-8332,Y-GEN-5331
FAB-W4339,LC-8333,Y-GEN-5332
FAB-W4340,LC-8334,Y-GEN-5333
FAB-W4341,LC-8335,Y-GEN-5334
FAB-W4342,LC-8336,Y-GEN-5335
FAB-W4343,LC-8337,Y-GEN-5336
FAB-W4344,LC-8338,Y-GEN-5337
FAB-W4345,LC-8339,Y-GEN-5338
FAB-W4346,LC-8340,Y-GEN-5339
FAB-W4347,LC-8341,Y-GEN-5340
FAB-W4348,LC-8342,Y-GEN-5341
FAB-W4349,LC-8343,Y-GEN-5342
FAB-W4350,LC-8344,Y-GEN-5343
FAB-W4351,LC-8345,Y-GEN-5344
FAB-W4352,LC-8346,Y-GEN-5345
FAB-W4353,LC-8347,Y-GEN-5346
FAB-W4354,LC-8348,Y-GEN-5347
FAB-W4355,LC-8349,Y-GEN-5348
FAB-W4356,LC-8350,Y-GEN-5349
FAB-W4357,LC-8351,Y-GEN-5350
FAB-W4358,LC-8352,Y-GEN-5351
FAB-W4359,LC-8353,Y-GEN-5352
FAB-W4360,LC-8354,Y-GEN-5353
FAB-W4361,LC-8355,Y-GEN-5354
FAB-W4362,LC-8356,Y-GEN-5355
FAB-W4363,LC-8357,Y-GEN-5356
FAB-W4364,LC-8358,Y-GEN-5357
FAB-W4365,LC-8359,Y-GEN-5358
FAB-W4366,LC-8360,Y-GEN-5359
FAB-W4367,LC-8361,Y-GEN-5360
FAB-W4368,LC-8362,Y-GEN-5361
FAB-W4369,LC-8363,Y-GEN-5362
FAB-W4370,LC-8364,Y-GEN-5363
FAB-W4371,LC-8365,Y-GEN-5364
FAB-W4372,LC-8366,Y-GEN-5365
FAB-W4373,LC-8367,Y-GEN-5366
FAB-W4374,LC-8368,Y-GEN-5367
FAB-W4375,LC-8369,Y-GEN-5368
FAB-W4376,LC-8370,Y-GEN-5369
FAB-W4377,LC-8371,Y-GEN-5370
FAB-W4378,LC-8372,Y-GEN-5371
FAB-W4379,LC-8373,Y-GEN-5372
FAB-W4380,LC-8374,Y-GEN-5373
FAB-W4381,LC-8375,Y-GEN-5374
FAB-W4382,LC-8376,Y-GEN-5375
FAB-W4383,LC-8377,Y-GEN-5376
FAB-W4384,LC-8378,Y-GEN-5377
FAB-W4385,LC-8379,Y-GEN-5378
FAB-W4386,LC-8380,Y-GEN-5379
FAB-W4387,LC-8381,Y-GEN-5380
FAB-W4388,LC-8382,Y-GEN-5381
FAB-W4389,LC-8383,Y-GEN-5382
FAB-W4390,LC-8384,Y-GEN-5383
FAB-W4391,LC-8385,Y-GEN-5384
FAB-W4392,LC-8386,Y-GEN-5385
FAB-W4393,LC-8387,Y-GEN-5386
FAB-W4394,LC-8388,Y-GEN-5387
FAB-W4395,LC-8389,Y-GEN-5388
FAB-W4396,LC-8390,Y-GEN-5389
FAB-W4397,LC-8391,Y-GEN-5390
FAB-W4398,LC-8392,Y-GEN-5391
FAB-W4399,LC-8393,Y-GEN-5392
FAB-W4400,LC-8394,Y-GEN-5393
FAB-W4401,LC-8395,Y-GEN-5394
FAB-W4402,LC-8396,Y-GEN-5395
FAB-W4403,LC-8397,Y-GEN-5396
FAB-W4404,LC-8398,Y-GEN-5397
FAB-W4405,LC-8399,Y-GEN-5398
FAB-W4406,LC-8400,Y-GEN-5399
FAB-W4407,LC-8401,Y-GEN-5400
FAB-W4408,LC-8402,Y-GEN-5401
FAB-W4409,LC-8403,Y-GEN-5402
FAB-W4410,LC-8404,Y-GEN-5403
FAB-W4411,LC-8405,Y-GEN-5404
FAB-W4412,LC-8406,Y-GEN-5405
FAB-W4413,LC-8407,Y-GEN-5406
FAB-W4414,LC-8408,Y-GEN-5407
FAB-W4415,LC-8409,Y-GEN-5408
FAB-W4416,LC-8410,Y-GEN-5409
FAB-W4417,LC-8411,Y-GEN-5410
FAB-W4418,LC-8412,Y-GEN-5411
FAB-W4419,LC-8413,Y-GEN-5412
FAB-W4420,LC-8414,Y-GEN-5413
FAB-W4421,LC-8415,Y-GEN-5414
FAB-W4422,LC-8416,Y-GEN-5415
FAB-W4423,LC-8417,Y-GEN-5416
FAB-W4424,LC-8418,Y-GEN-5417
FAB-W4425,LC-8419,Y-GEN-5418
FAB-W4426,LC-8420,Y-GEN-5419
FAB-W4427,LC-8421,Y-GEN-5420
FAB-W4428,LC-8422,Y-GEN-5421
FAB-W4429,LC-8423,Y-GEN-5422
FAB-W4430,LC-8424,Y-GEN-5423
FAB-W4431,LC-8425,Y-GEN-5424
FAB-W4432,LC-8426,Y-GEN-5425
FAB-W4433,LC-8427,Y-GEN-5426
FAB-W4434,LC-8428,Y-GEN-5427
FAB-W4435,LC-8429,Y-GEN-5428
FAB-W4436,LC-8430,Y-GEN-5429
FAB-W4437,LC-8431,Y-GEN-5430
FAB-W4438,LC-8432,Y-GEN-5431
FAB-W4439,LC-8433,Y-GEN-5432
FAB-W4440,LC-8434,Y-GEN-5433
FAB-W4441,LC-8435,Y-GEN-5434
FAB-W4442,LC-8436,Y-GEN-5435
FAB-W4443,LC-8437,Y-GEN-5436
FAB-W4444,LC-8438,Y-GEN-5437
FAB-W4445,LC-8439,Y-GEN-5438
FAB-W4446,LC-8440,Y-GEN-5439
FAB-W4447,LC-8441,Y-GEN-5440
FAB-W4448,LC-8442,Y-GEN-5441
FAB-W4449,LC-8443,Y-GEN-5442
FAB-W4450,LC-8444,Y-GEN-5443
FAB-W4451,LC-8445,Y-GEN-5444
FAB-W4452,LC-8446,Y-GEN-5445
FAB-W4453,LC-8447,Y-GEN-5446
FAB-W4454,LC-8448,Y-GEN-5447
FAB-W4455,LC-8449,Y-GEN-5448
FAB-W4456,LC-8450,Y-GEN-5449
FAB-W4457,LC-8451,Y-GEN-5450
FAB-W4458,LC-8452,Y-GEN-5451
FAB-W4459,LC-8453,Y-GEN-5452
FAB-W4460,LC-8454,Y-GEN-5453
FAB-W4461,LC-8455,Y-GEN-5454
FAB-W4462,LC-8456,Y-GEN-5455
FAB-W4463,LC-8457,Y-GEN-5456
FAB-W4464,LC-8458,Y-GEN-5457
FAB-W4465,LC-8459,Y-GEN-5458
FAB-W4466,LC-8460,Y-GEN-5459
FAB-W4467,LC-8461,Y-GEN-5460
FAB-W4468,LC-8462,Y-GEN-5461
FAB-W4469,LC-8463,Y-GEN-5462
FAB-W4470,LC-8464,Y-GEN-5463
FAB-W4471,LC-8465,Y-GEN-5464
FAB-W4472,LC-8466,Y-GEN-5465
FAB-W4473,LC-8467,Y-GEN-5466
FAB-W4474,LC-8468,Y-GEN-5467
FAB-W4475,LC-8469,Y-GEN-5468
FAB-W4476,LC-8470,Y-GEN-5469
FAB-W4477,LC-8471,Y-GEN-5470
FAB-W4478,LC-8472,Y-GEN-5471
FAB-W4479,LC-8473,Y-GEN-5472
FAB-W4480,LC-8474,Y-GEN-5473
FAB-W4481,LC-8475,Y-GEN-5474
FAB-W4482,LC-8476,Y-GEN-5475
FAB-W4483,LC-8477,Y-GEN-5476
FAB-W4484,LC-8478,Y-GEN-5477
FAB-W4485,LC-8479,Y-GEN-5478
FAB-W4486,LC-8480,Y-GEN-5479
FAB-W4487,LC-8481,Y-GEN-5480
FAB-W4488,LC-8482,Y-GEN-5481
FAB-W4489,LC-8483,Y-GEN-5482
FAB-W4490,LC-8484,Y-GEN-5483
FAB-W4491,LC-8485,Y-GEN-5484
FAB-W4492,LC-8486,Y-GEN-5485
FAB-W4493,LC-8487,Y-GEN-5486
FAB-W4494,LC-8488,Y-GEN-5487
FAB-W4495,LC-8489,Y-GEN-5488
FAB-W4496,LC-8490,Y-GEN-5489
FAB-W4497,LC-8491,Y-GEN-5490
FAB-W4498,LC-8492,Y-GEN-5491
FAB-W4499,LC-8493,Y-GEN-5492
FAB-W4500,LC-8494,Y-GEN-5493
FAB-W4501,LC-8495,Y-GEN-5494
FAB-W4502,LC-8496,Y-GEN-5495
FAB-W4503,LC-8497,Y-GEN-5496
FAB-W4504,LC-8498,Y-GEN-5497
FAB-W4505,LC-8499,Y-GEN-5498
FAB-W4506,LC-8500,Y-GEN-5499
FAB-W4507,LC-8501,Y-GEN-5500
FAB-W4508,LC-8502,Y-GEN-5501
FAB-W4509,LC-8503,Y-GEN-5502
FAB-W4510,LC-8504,Y-GEN-5503
FAB-W4511,LC-8505,Y-GEN-5504
FAB-W4512,LC-8506,Y-GEN-5505
FAB-W4513,LC-8507,Y-GEN-5506
FAB-W4514,LC-8508,Y-GEN-5507
FAB-W4515,LC-8509,Y-GEN-5508
FAB-W4516,LC-8510,Y-GEN-5509
FAB-W4517,LC-8511,Y-GEN-5510
FAB-W4518,LC-8512,Y-GEN-5511
FAB-W4519,LC-8513,Y-GEN-5512
FAB-W4520,LC-8514,Y-GEN-5513
FAB-W4521,LC-8515,Y-GEN-5514
FAB-W4522,LC-8516,Y-GEN-5515
FAB-W4523,LC-8517,Y-GEN-5516
FAB-W4524,LC-8518,Y-GEN-5517
FAB-W4525,LC-8519,Y-GEN-5518
FAB-W4526,LC-8520,Y-GEN-5519
FAB-W4527,LC-8521,Y-GEN-5520
FAB-W4528,LC-8522,Y-GEN-5521
FAB-W4529,LC-8523,Y-GEN-5522
FAB-W4530,LC-8524,Y-GEN-5523
FAB-W4531,LC-8525,Y-GEN-5524
FAB-W4532,LC-8526,Y-GEN-5525
FAB-W4533,LC-8527,Y-GEN-5526
FAB-W4534,LC-8528,Y-GEN-5527
FAB-W4535,LC-8529,Y-GEN-5528
FAB-W4536,LC-8530,Y-GEN-5529
FAB-W4537,LC-8531,Y-GEN-5530
FAB-W4538,LC-8532,Y-GEN-5531
FAB-W4539,LC-8533,Y-GEN-5532
FAB-W4540,LC-8534,Y-GEN-5533
FAB-W4541,LC-8535,Y-GEN-5534
FAB-W4542,LC-8536,Y-GEN-5535
FAB-W4543,LC-8537,Y-GEN-5536
FAB-W4544,LC-8538,Y-GEN-5537
FAB-W4545,LC-8539,Y-GEN-5538
FAB-W4546,LC-8540,Y-GEN-5539
FAB-W4547,LC-8541,Y-GEN-5540
FAB-W4548,LC-8542,Y-GEN-5541
FAB-W4549,LC-8543,Y-GEN-5542
FAB-W4550,LC-8544,Y-GEN-5543
FAB-W4551,LC-8545,Y-GEN-5544
FAB-W4552,LC-8546,Y-GEN-5545
FAB-W4553,LC-8547,Y-GEN-5546
FAB-W4554,LC-8548,Y-GEN-5547
FAB-W4555,LC-8549,Y-GEN-5548
FAB-W4556,LC-8550,Y-GEN-5549
FAB-W4557,LC-8551,Y-GEN-5550
FAB-W4558,LC-8552,Y-GEN-5551
FAB-W4559,LC-8553,Y-GEN-5552
FAB-W4560,LC-8554,Y-GEN-5553
FAB-W4561,LC-8555,Y-GEN-5554
FAB-W4562,LC-8556,Y-GEN-5555
FAB-W4563,LC-8557,Y-GEN-5556
FAB-W4564,LC-8558,Y-GEN-5557
FAB-W4565,LC-8559,Y-GEN-5558
FAB-W4566,LC-8560,Y-GEN-5559
FAB-W4567,LC-8561,Y-GEN-5560
FAB-W4568,LC-8562,Y-GEN-5561
FAB-W4569,LC-8563,Y-GEN-5562
FAB-W4570,LC-8564,Y-GEN-5563
FAB-W4571,LC-8565,Y-GEN-5564
FAB-W4572,LC-8566,Y-GEN-5565
FAB-W4573,LC-8567,Y-GEN-5566
FAB-W4574,LC-8568,Y-GEN-5567
FAB-W4575,LC-8569,Y-GEN-5568
FAB-W4576,LC-8570,Y-GEN-5569
FAB-W4577,LC-8571,Y-GEN-5570
FAB-W4578,LC-8572,Y-GEN-5571
FAB-W4579,LC-8573,Y-GEN-5572
FAB-W4580,LC-8574,Y-GEN-5573
FAB-W4581,LC-8575,Y-GEN-5574
FAB-W4582,LC-8576,Y-GEN-5575
FAB-W4583,LC-8577,Y-GEN-5576
FAB-W4584,LC-8578,Y-GEN-5577
FAB-W4585,LC-8579,Y-GEN-5578
FAB-W4586,LC-8580,Y-GEN-5579
FAB-W4587,LC-8581,Y-GEN-5580
FAB-W4588,LC-8582,Y-GEN-5581
FAB-W4589,LC-8583,Y-GEN-5582
FAB-W4590,LC-8584,Y-GEN-5583
FAB-W4591,LC-8585,Y-GEN-5584
FAB-W4592,LC-8586,Y-GEN-5585
FAB-W4593,LC-8587,Y-GEN-5586
FAB-W4594,LC-8588,Y-GEN-5587
FAB-W4595,LC-8589,Y-GEN-5588
FAB-W4596,LC-8590,Y-GEN-5589
FAB-W4597,LC-8591,Y-GEN-5590
FAB-W4598,LC-8592,Y-GEN-5591
FAB-W4599,LC-8593,Y-GEN-5592
FAB-W4600,LC-8594,Y-GEN-5593
FAB-W4601,LC-8595,Y-GEN-5594
FAB-W4602,LC-8596,Y-GEN-5595
FAB-W4603,LC-8597,Y-GEN-5596
FAB-W4604,LC-8598,Y-GEN-5597
FAB-W4605,LC-8599,Y-GEN-5598
FAB-W4606,LC-8600,Y-GEN-5599
FAB-W4607,LC-8601,Y-GEN-5600
FAB-W4608,LC-8602,Y-GEN-5601
FAB-W4609,LC-8603,Y-GEN-5602
FAB-W4610,LC-8604,Y-GEN-5603
FAB-W4611,LC-8605,Y-GEN-5604
FAB-W4612,LC-8606,Y-GEN-5605
FAB-W4613,LC-8607,Y-GEN-5606
FAB-W4614,LC-8608,Y-GEN-5607
FAB-W4615,LC-8609,Y-GEN-5608
FAB-W4616,LC-8610,Y-GEN-5609
FAB-W4617,LC-8611,Y-GEN-5610
FAB-W4618,LC-8612,Y-GEN-5611
FAB-W4619,LC-8613,Y-GEN-5612
FAB-W4620,LC-8614,Y-GEN-5613
FAB-W4621,LC-8615,Y-GEN-5614
FAB-W4622,LC-8616,Y-GEN-5615
FAB-W4623,LC-8617,Y-GEN-5616
FAB-W4624,LC-8618,Y-GEN-5617
FAB-W4625,LC-8619,Y-GEN-5618
FAB-W4626,LC-8620,Y-GEN-5619
FAB-W4627,LC-8621,Y-GEN-5620
FAB-W4628,LC-8622,Y-GEN-5621
FAB-W4629,LC-8623,Y-GEN-5622
FAB-W4630,LC-8624,Y-GEN-5623
FAB-W4631,LC-8625,Y-GEN-5624
FAB-W4632,LC-8626,Y-GEN-5625
FAB-W4633,LC-8627,Y-GEN-5626
FAB-W4634,LC-8628,Y-GEN-5627
FAB-W4635,LC-8629,Y-GEN-5628
FAB-W4636,LC-8630,Y-GEN-5629
FAB-W4637,LC-8631,Y-GEN-5630
FAB-W4638,LC-8632,Y-GEN-5631
FAB-W4639,LC-8633,Y-GEN-5632
FAB-W4640,LC-8634,Y-GEN-5633
FAB-W4641,LC-8635,Y-GEN-5634
FAB-W4642,LC-8636,Y-GEN-5635
FAB-W4643,LC-8637,Y-GEN-5636
FAB-W4644,LC-8638,Y-GEN-5637
FAB-W4645,LC-8639,Y-GEN-5638
FAB-W4646,LC-8640,Y-GEN-5639
FAB-W4647,LC-8641,Y-GEN-5640
FAB-W4648,LC-8642,Y-GEN-5641
FAB-W4649,LC-8643,Y-GEN-5642
FAB-W4650,LC-8644,Y-GEN-5643
FAB-W4651,LC-8645,Y-GEN-5644
FAB-W4652,LC-8646,Y-GEN-5645
FAB-W4653,LC-8647,Y-GEN-5646
FAB-W4654,LC-8648,Y-GEN-5647
FAB-W4655,LC-8649,Y-GEN-5648
FAB-W4656,LC-8650,Y-GEN-5649
FAB-W4657,LC-8651,Y-GEN-5650
FAB-W4658,LC-8652,Y-GEN-5651
FAB-W4659,LC-8653,Y-GEN-5652
FAB-W4660,LC-8654,Y-GEN-5653
FAB-W4661,LC-8655,Y-GEN-5654
FAB-W4662,LC-8656,Y-GEN-5655
FAB-W4663,LC-8657,Y-GEN-5656
FAB-W4664,LC-8658,Y-GEN-5657
FAB-W4665,LC-8659,Y-GEN-5658
FAB-W4666,LC-8660,Y-GEN-5659
FAB-W4667,LC-8661,Y-GEN-5660
FAB-W4668,LC-8662,Y-GEN-5661
FAB-W4669,LC-8663,Y-GEN-5662
FAB-W4670,LC-8664,Y-GEN-5663
FAB-W4671,LC-8665,Y-GEN-5664
FAB-W4672,LC-8666,Y-GEN-5665
FAB-W4673,LC-8667,Y-GEN-5666
FAB-W4674,LC-8668,Y-GEN-5667
FAB-W4675,LC-8669,Y-GEN-5668
FAB-W4676,LC-8670,Y-GEN-5669
FAB-W4677,LC-8671,Y-GEN-5670
FAB-W4678,LC-8672,Y-GEN-5671
FAB-W4679,LC-8673,Y-GEN-5672
FAB-W4680,LC-8674,Y-GEN-5673
FAB-W4681,LC-8675,Y-GEN-5674
FAB-W4682,LC-8676,Y-GEN-5675
FAB-W4683,LC-8677,Y-GEN-5676
FAB-W4684,LC-8678,Y-GEN-5677
FAB-W4685,LC-8679,Y-GEN-5678
FAB-W4686,LC-8680,Y-GEN-5679
FAB-W4687,LC-8681,Y-GEN-5680
FAB-W4688,LC-8682,Y-GEN-5681
FAB-W4689,LC-8683,Y-GEN-5682
FAB-W4690,LC-8684,Y-GEN-5683
FAB-W4691,LC-8685,Y-GEN-5684
FAB-W4692,LC-8686,Y-GEN-5685
FAB-W4693,LC-8687,Y-GEN-5686
FAB-W4694,LC-8688,Y-GEN-5687
FAB-W4695,LC-8689,Y-GEN-5688
FAB-W4696,LC-8690,Y-GEN-5689
FAB-W4697,LC-8691,Y-GEN-5690
FAB-W4698,LC-8692,Y-GEN-5691
FAB-W4699,LC-8693,Y-GEN-5692
FAB-W4700,LC-8694,Y-GEN-5693
FAB-W4701,LC-8695,Y-GEN-5694
FAB-W4702,LC-8696,Y-GEN-5695
FAB-W4703,LC-8697,Y-GEN-5696
FAB-W4704,LC-8698,Y-GEN-5697
FAB-W4705,LC-8699,Y-GEN-5698
FAB-W4706,LC-8700,Y-GEN-5699
FAB-W4707,LC-8701,Y-GEN-5700
FAB-W4708,LC-8702,Y-GEN-5701
FAB-W4709,LC-8703,Y-GEN-5702
FAB-W4710,LC-8704,Y-GEN-5703
FAB-W4711,LC-8705,Y-GEN-5704
FAB-W4712,LC-8706,Y-GEN-5705
FAB-W4713,LC-8707,Y-GEN-5706
FAB-W4714,LC-8708,Y-GEN-5707
FAB-W4715,LC-8709,Y-GEN-5708
FAB-W4716,LC-8710,Y-GEN-5709
FAB-W4717,LC-8711,Y-GEN-5710
FAB-W4718,LC-8712,Y-GEN-5711
FAB-W4719,LC-8713,Y-GEN-5712
FAB-W4720,LC-8714,Y-GEN-5713
FAB-W4721,LC-8715,Y-GEN-5714
FAB-W4722,LC-8716,Y-GEN-5715
FAB-W4723,LC-8717,Y-GEN-5716
FAB-W4724,LC-8718,Y-GEN-5717
FAB-W4725,LC-8719,Y-GEN-5718
FAB-W4726,LC-8720,Y-GEN-5719
FAB-W4727,LC-8721,Y-GEN-5720
FAB-W4728,LC-8722,Y-GEN-5721
FAB-W4729,LC-8723,Y-GEN-5722
FAB-W4730,LC-8724,Y-GEN-5723
FAB-W4731,LC-8725,Y-GEN-5724
FAB-W4732,LC-8726,Y-GEN-5725
FAB-W4733,LC-8727,Y-GEN-5726
FAB-W4734,LC-8728,Y-GEN-5727
FAB-W4735,LC-8729,Y-GEN-5728
FAB-W4736,LC-8730,Y-GEN-5729
FAB-W4737,LC-8731,Y-GEN-5730
FAB-W4738,LC-8732,Y-GEN-5731
FAB-W4739,LC-8733,Y-GEN-5732
FAB-W4740,LC-8734,Y-GEN-5733
FAB-W4741,LC-8735,Y-GEN-5734
FAB-W4742,LC-8736,Y-GEN-5735
FAB-W4743,LC-8737,Y-GEN-5736
FAB-W4744,LC-8738,Y-GEN-5737
FAB-W4745,LC-8739,Y-GEN-5738
FAB-W4746,LC-8740,Y-GEN-5739
FAB-W4747,LC-8741,Y-GEN-5740
FAB-W4748,LC-8742,Y-GEN-5741
FAB-W4749,LC-8743,Y-GEN-5742
FAB-W4750,LC-8744,Y-GEN-5743
FAB-W4751,LC-8745,Y-GEN-5744
FAB-W4752,LC-8746,Y-GEN-5745
FAB-W4753,LC-8747,Y-GEN-5746
FAB-W4754,LC-8748,Y-GEN-5747
FAB-W4755,LC-8749,Y-GEN-5748
FAB-W4756,LC-8750,Y-GEN-5749
FAB-W4757,LC-8751,Y-GEN-5750
FAB-W4758,LC-8752,Y-GEN-5751
FAB-W4759,LC-8753,Y-GEN-5752
FAB-W4760,LC-8754,Y-GEN-5753
FAB-W4761,LC-8755,Y-GEN-5754
FAB-W4762,LC-8756,Y-GEN-5755
FAB-W4763,LC-8757,Y-GEN-5756
FAB-W4764,LC-8758,Y-GEN-5757
FAB-W4765,LC-8759,Y-GEN-5758
FAB-W4766,LC-8760,Y-GEN-5759
FAB-W4767,LC-8761,Y-GEN-5760
FAB-W4768,LC-8762,Y-GEN-5761
FAB-W4769,LC-8763,Y-GEN-5762
FAB-W4770,LC-8764,Y-GEN-5763
FAB-W4771,LC-8765,Y-GEN-5764
FAB-W4772,LC-8766,Y-GEN-5765
FAB-W4773,LC-8767,Y-GEN-5766
FAB-W4774,LC-8768,Y-GEN-5767
FAB-W4775,LC-8769,Y-GEN-5768
FAB-W4776,LC-8770,Y-GEN-5769
FAB-W4777,LC-8771,Y-GEN-5770
FAB-W4778,LC-8772,Y-GEN-5771
FAB-W4779,LC-8773,Y-GEN-5772
FAB-W4780,LC-8774,Y-GEN-5773
FAB-W4781,LC-8775,Y-GEN-5774
FAB-W4782,LC-8776,Y-GEN-5775
FAB-W4783,LC-8777,Y-GEN-5776
FAB-W4784,LC-8778,Y-GEN-5777
FAB-W4785,LC-8779,Y-GEN-5778
FAB-W4786,LC-8780,Y-GEN-5779
FAB-W4787,LC-8781,Y-GEN-5780
FAB-W4788,LC-8782,Y-GEN-5781
FAB-W4789,LC-8783,Y-GEN-5782
FAB-W4790,LC-8784,Y-GEN-5783
FAB-W4791,LC-8785,Y-GEN-5784
FAB-W4792,LC-8786,Y-GEN-5785
FAB-W4793,LC-8787,Y-GEN-5786
FAB-W4794,LC-8788,Y-GEN-5787
FAB-W4795,LC-8789,Y-GEN-5788
FAB-W4796,LC-8790,Y-GEN-5789
FAB-W4797,LC-8791,Y-GEN-5790
FAB-W4798,LC-8792,Y-GEN-5791
FAB-W4799,LC-8793,Y-GEN-5792
FAB-W4800,LC-8794,Y-GEN-5793
FAB-W4801,LC-8795,Y-GEN-5794
FAB-W4802,LC-8796,Y-GEN-5795
FAB-W4803,LC-8797,Y-GEN-5796
FAB-W4804,LC-8798,Y-GEN-5797
FAB-W4805,LC-8799,Y-GEN-5798
FAB-W4806,LC-8800,Y-GEN-5799
FAB-W4807,LC-8801,Y-GEN-5800
FAB-W4808,LC-8802,Y-GEN-5801
FAB-W4809,LC-8803,Y-GEN-5802
FAB-W4810,LC-8804,Y-GEN-5803
FAB-W4811,LC-8805,Y-GEN-5804
FAB-W4812,LC-8806,Y-GEN-5805
FAB-W4813,LC-8807,Y-GEN-5806
FAB-W4814,LC-8808,Y-GEN-5807
FAB-W4815,LC-8809,Y-GEN-5808
FAB-W4816,LC-8810,Y-GEN-5809
FAB-W4817,LC-8811,Y-GEN-5810
FAB-W4818,LC-8812,Y-GEN-5811
FAB-W4819,LC-8813,Y-GEN-5812
FAB-W4820,LC-8814,Y-GEN-5813
FAB-W4821,LC-8815,Y-GEN-5814
FAB-W4822,LC-8816,Y-GEN-5815
FAB-W4823,LC-8817,Y-GEN-5816
FAB-W4824,LC-8818,Y-GEN-5817
FAB-W4825,LC-8819,Y-GEN-5818
FAB-W4826,LC-8820,Y-GEN-5819
FAB-W4827,LC-8821,Y-GEN-5820
FAB-W4828,LC-8822,Y-GEN-5821
FAB-W4829,LC-8823,Y-GEN-5822
FAB-W4830,LC-8824,Y-GEN-5823
FAB-W4831,LC-8825,Y-GEN-5824
FAB-W4832,LC-8826,Y-GEN-5825
FAB-W4833,LC-8827,Y-GEN-5826
FAB-W4834,LC-8828,Y-GEN-5827
FAB-W4835,LC-8829,Y-GEN-5828
FAB-W4836,LC-8830,Y-GEN-5829
FAB-W4837,LC-8831,Y-GEN-5830
FAB-W4838,LC-8832,Y-GEN-5831
FAB-W4839,LC-8833,Y-GEN-5832
FAB-W4840,LC-8834,Y-GEN-5833
FAB-W4841,LC-8835,Y-GEN-5834
FAB-W4842,LC-8836,Y-GEN-5835
FAB-W4843,LC-8837,Y-GEN-5836
FAB-W4844,LC-8838,Y-GEN-5837
FAB-W4845,LC-8839,Y-GEN-5838
FAB-W4846,LC-8840,Y-GEN-5839
FAB-W4847,LC-8841,Y-GEN-5840
FAB-W4848,LC-8842,Y-GEN-5841
FAB-W4849,LC-8843,Y-GEN-5842
FAB-W4850,LC-8844,Y-GEN-5843
FAB-W4851,LC-8845,Y-GEN-5844
FAB-W4852,LC-8846,Y-GEN-5845
FAB-W4853,LC-8847,Y-GEN-5846
FAB-W4854,LC-8848,Y-GEN-5847
FAB-W4855,LC-8849,Y-GEN-5848
FAB-W4856,LC-8850,Y-GEN-5849
FAB-W4857,LC-8851,Y-GEN-5850
FAB-W4858,LC-8852,Y-GEN-5851
FAB-W4859,LC-8853,Y-GEN-5852
FAB-W4860,LC-8854,Y-GEN-5853
FAB-W4861,LC-8855,Y-GEN-5854
FAB-W4862,LC-8856,Y-GEN-5855
FAB-W4863,LC-8857,Y-GEN-5856
FAB-W4864,LC-8858,Y-GEN-5857
FAB-W4865,LC-8859,Y-GEN-5858
FAB-W4866,LC-8860,Y-GEN-5859
FAB-W4867,LC-8861,Y-GEN-5860
FAB-W4868,LC-8862,Y-GEN-5861
FAB-W4869,LC-8863,Y-GEN-5862
FAB-W4870,LC-8864,Y-GEN-5863
FAB-W4871,LC-8865,Y-GEN-5864
FAB-W4872,LC-8866,Y-GEN-5865
FAB-W4873,LC-8867,Y-GEN-5866
FAB-W4874,LC-8868,Y-GEN-5867
FAB-W4875,LC-8869,Y-GEN-5868
FAB-W4876,LC-8870,Y-GEN-5869
FAB-W4877,LC-8871,Y-GEN-5870
FAB-W4878,LC-8872,Y-GEN-5871
FAB-W4879,LC-8873,Y-GEN-5872
FAB-W4880,LC-8874,Y-GEN-5873
FAB-W4881,LC-8875,Y-GEN-5874
FAB-W4882,LC-8876,Y-GEN-5875
FAB-W4883,LC-8877,Y-GEN-5876
FAB-W4884,LC-8878,Y-GEN-5877
FAB-W4885,LC-8879,Y-GEN-5878
FAB-W4886,LC-8880,Y-GEN-5879
FAB-W4887,LC-8881,Y-GEN-5880
FAB-W4888,LC-8882,Y-GEN-5881
FAB-W4889,LC-8883,Y-GEN-5882
FAB-W4890,LC-8884,Y-GEN-5883
FAB-W4891,LC-8885,Y-GEN-5884
FAB-W4892,LC-8886,Y-GEN-5885
FAB-W4893,LC-8887,Y-GEN-5886
FAB-W4894,LC-8888,Y-GEN-5887
FAB-W4895,LC-8889,Y-GEN-5888
FAB-W4896,LC-8890,Y-GEN-5889
FAB-W4897,LC-8891,Y-GEN-5890
FAB-W4898,LC-8892,Y-GEN-5891
FAB-W4899,LC-8893,Y-GEN-5892
FAB-W4900,LC-8894,Y-GEN-5893
FAB-W4901,LC-8895,Y-GEN-5894
FAB-W4902,LC-8896,Y-GEN-5895
FAB-W4903,LC-8897,Y-GEN-5896
FAB-W4904,LC-8898,Y-GEN-5897
FAB-W4905,LC-8899,Y-GEN-5898
FAB-W4906,LC-8900,Y-GEN-5899
FAB-W4907,LC-8901,Y-GEN-5900
FAB-W4908,LC-8902,Y-GEN-5901
FAB-W4909,LC-8903,Y-GEN-5902
FAB-W4910,LC-8904,Y-GEN-5903
FAB-W4911,LC-8905,Y-GEN-5904
FAB-W4912,LC-8906,Y-GEN-5905
FAB-W4913,LC-8907,Y-GEN-5906
FAB-W4914,LC-8908,Y-GEN-5907
FAB-W4915,LC-8909,Y-GEN-5908
FAB-W4916,LC-8910,Y-GEN-5909
FAB-W4917,LC-8911,Y-GEN-5910
FAB-W4918,LC-8912,Y-GEN-5911
FAB-W4919,LC-8913,Y-GEN-5912
FAB-W4920,LC-8914,Y-GEN-5913
FAB-W4921,LC-8915,Y-GEN-5914
FAB-W4922,LC-8916,Y-GEN-5915
FAB-W4923,LC-8917,Y-GEN-5916
FAB-W4924,LC-8918,Y-GEN-5917
FAB-W4925,LC-8919,Y-GEN-5918
FAB-W4926,LC-8920,Y-GEN-5919
FAB-W4927,LC-8921,Y-GEN-5920
FAB-W4928,LC-8922,Y-GEN-5921
FAB-W4929,LC-8923,Y-GEN-5922
FAB-W4930,LC-8924,Y-GEN-5923
FAB-W4931,LC-8925,Y-GEN-5924
FAB-W4932,LC-8926,Y-GEN-5925
FAB-W4933,LC-8927,Y-GEN-5926
FAB-W4934,LC-8928,Y-GEN-5927
FAB-W4935,LC-8929,Y-GEN-5928
FAB-W4936,LC-8930,Y-GEN-5929
FAB-W4937,LC-8931,Y-GEN-5930
FAB-W4938,LC-8932,Y-GEN-5931
FAB-W4939,LC-8933,Y-GEN-5932
FAB-W4940,LC-8934,Y-GEN-5933
FAB-W4941,LC-8935,Y-GEN-5934
FAB-W4942,LC-8936,Y-GEN-5935
FAB-W4943,LC-8937,Y-GEN-5936
FAB-W4944,LC-8938,Y-GEN-5937
FAB-W4945,LC-8939,Y-GEN-5938
FAB-W4946,LC-8940,Y-GEN-5939
FAB-W4947,LC-8941,Y-GEN-5940
FAB-W4948,LC-8942,Y-GEN-5941
FAB-W4949,LC-8943,Y-GEN-5942
FAB-W4950,LC-8944,Y-GEN-5943
FAB-W4951,LC-8945,Y-GEN-5944
FAB-W4952,LC-8946,Y-GEN-5945
FAB-W4953,LC-8947,Y-GEN-5946
FAB-W4954,LC-8948,Y-GEN-5947
FAB-W4955,LC-8949,Y-GEN-5948
FAB-W4956,LC-8950,Y-GEN-5949
FAB-W4957,LC-8951,Y-GEN-5950
FAB-W4958,LC-8952,Y-GEN-5951
FAB-W4959,LC-8953,Y-GEN-5952
FAB-W4960,LC-8954,Y-GEN-5953
FAB-W4961,LC-8955,Y-GEN-5954
FAB-W4962,LC-8956,Y-GEN-5955
FAB-W4963,LC-8957,Y-GEN-5956
FAB-W4964,LC-8958,Y-GEN-5957
FAB-W4965,LC-8959,Y-GEN-5958
FAB-W4966,LC-8960,Y-GEN-5959
FAB-W4967,LC-8961,Y-GEN-5960
FAB-W4968,LC-8962,Y-GEN-5961
FAB-W4969,LC-8963,Y-GEN-5962
FAB-W4970,LC-8964,Y-GEN-5963
FAB-W4971,LC-8965,Y-GEN-5964
FAB-W4972,LC-8966,Y-GEN-5965
FAB-W4973,LC-8967,Y-GEN-5966
FAB-W4974,LC-8968,Y-GEN-5967
FAB-W4975,LC-8969,Y-GEN-5968
FAB-W4976,LC-8970,Y-GEN-5969
FAB-W4977,LC-8971,Y-GEN-5970
FAB-W4978,LC-8972,Y-GEN-5971
FAB-W4979,LC-8973,Y-GEN-5972
FAB-W4980,LC-8974,Y-GEN-5973
FAB-W4981,LC-8975,Y-GEN-5974
FAB-W4982,LC-8976,Y-GEN-5975
FAB-W4983,LC-8977,Y-GEN-5976
FAB-W4984,LC-8978,Y-GEN-5977
FAB-W4985,LC-8979,Y-GEN-5978
FAB-W4986,LC-8980,Y-GEN-5979
FAB-W4987,LC-8981,Y-GEN-5980
FAB-W4988,LC-8982,Y-GEN-5981
FAB-W4989,LC-8983,Y-GEN-5982
FAB-W4990,LC-8984,Y-GEN-5983
FAB-W4991,LC-8985,Y-GEN-5984
FAB-W4992,LC-8986,Y-GEN-5985
FAB-W4993,LC-8987,Y-GEN-5986
FAB-W4994,LC-8988,Y-GEN-5987
FAB-W4995,LC-8989,Y-GEN-5988
FAB-W4996,LC-8990,Y-GEN-5989
FAB-W4997,LC-8991,Y-GEN-5990
FAB-W4998,LC-8992,Y-GEN-5991
FAB-W4999,LC-8993,Y-GEN-5992
FAB-W5000,LC-8994,Y-GEN-5993
FAB-W5001,LC-8995,Y-GEN-5994
FAB-W5002,LC-8996,Y-GEN-5995
FAB-W5003,LC-8997,Y-GEN-5996
FAB-W5004,LC-8998,Y-GEN-5997
FAB-W5005,LC-8999,Y-GEN-5998
FAB-W5006,LC-9000,Y-GEN-5999
FAB-W5007,LC-9001,Y-GEN-6000
FAB-W5008,LC-9002,Y-GEN-6001
FAB-W5009,LC-9003,Y-GEN-6002
FAB-W5010,LC-9004,Y-GEN-6003
FAB-W5011,LC-9005,Y-GEN-6004
FAB-W5012,LC-9006,Y-GEN-6005
FAB-W5013,LC-9007,Y-GEN-6006
FAB-W5014,LC-9008,Y-GEN-6007
FAB-W5015,LC-9009,Y-GEN-6008
FAB-W5016,LC-9010,Y-GEN-6009
FAB-W5017,LC-9011,Y-GEN-6010
FAB-W5018,LC-9012,Y-GEN-6011
FAB-W5019,LC-9013,Y-GEN-6012
FAB-W5020,LC-9014,Y-GEN-6013
FAB-W5021,LC-9015,Y-GEN-6014
FAB-W5022,LC-9016,Y-GEN-6015
FAB-W5023,LC-9017,Y-GEN-6016
FAB-W5024,LC-9018,Y-GEN-6017
FAB-W5025,LC-9019,Y-GEN-6018
FAB-W5026,LC-9020,Y-GEN-6019
FAB-W5027,LC-9021,Y-GEN-6020
FAB-W5028,LC-9022,Y-GEN-6021
FAB-W5029,LC-9023,Y-GEN-6022
FAB-W5030,LC-9024,Y-GEN-6023
FAB-W5031,LC-9025,Y-GEN-6024
FAB-W5032,LC-9026,Y-GEN-6025
FAB-W5033,LC-9027,Y-GEN-6026
FAB-W5034,LC-9028,Y-GEN-6027
FAB-W5035,LC-9029,Y-GEN-6028
FAB-W5036,LC-9030,Y-GEN-6029
FAB-W5037,LC-9031,Y-GEN-6030
FAB-W5038,LC-9032,Y-GEN-6031
FAB-W5039,LC-9033,Y-GEN-6032
FAB-W5040,LC-9034,Y-GEN-6033
FAB-W5041,LC-9035,Y-GEN-6034
FAB-W5042,LC-9036,Y-GEN-6035
FAB-W5043,LC-9037,Y-GEN-6036
FAB-W5044,LC-9038,Y-GEN-6037
FAB-W5045,LC-9039,Y-GEN-6038
FAB-W5046,LC-9040,Y-GEN-6039
FAB-W5047,LC-9041,Y-GEN-6040
FAB-W5048,LC-9042,Y-GEN-6041
FAB-W5049,LC-9043,Y-GEN-6042
FAB-W5050,LC-9044,Y-GEN-6043
FAB-W5051,LC-9045,Y-GEN-6044
FAB-W5052,LC-9046,Y-GEN-6045
FAB-W5053,LC-9047,Y-GEN-6046
FAB-W5054,LC-9048,Y-GEN-6047
FAB-W5055,LC-9049,Y-GEN-6048
FAB-W5056,LC-9050,Y-GEN-6049
FAB-W5057,LC-9051,Y-GEN-6050
FAB-W5058,LC-9052,Y-GEN-6051
FAB-W5059,LC-9053,Y-GEN-6052
FAB-W5060,LC-9054,Y-GEN-6053
FAB-W5061,LC-9055,Y-GEN-6054
FAB-W5062,LC-9056,Y-GEN-6055
FAB-W5063,LC-9057,Y-GEN-6056
FAB-W5064,LC-9058,Y-GEN-6057
FAB-W5065,LC-9059,Y-GEN-6058
FAB-W5066,LC-9060,Y-GEN-6059
FAB-W5067,LC-9061,Y-GEN-6060
FAB-W5068,LC-9062,Y-GEN-6061
FAB-W5069,LC-9063,Y-GEN-6062
FAB-W5070,LC-9064,Y-GEN-6063
FAB-W5071,LC-9065,Y-GEN-6064
FAB-W5072,LC-9066,Y-GEN-6065
FAB-W5073,LC-9067,Y-GEN-6066
FAB-W5074,LC-9068,Y-GEN-6067
FAB-W5075,LC-9069,Y-GEN-6068
FAB-W5076,LC-9070,Y-GEN-6069
FAB-W5077,LC-9071,Y-GEN-6070
FAB-W5078,LC-9072,Y-GEN-6071
FAB-W5079,LC-9073,Y-GEN-6072
FAB-W5080,LC-9074,Y-GEN-6073
FAB-W5081,LC-9075,Y-GEN-6074
FAB-W5082,LC-9076,Y-GEN-6075
FAB-W5083,LC-9077,Y-GEN-6076
FAB-W5084,LC-9078,Y-GEN-6077
FAB-W5085,LC-9079,Y-GEN-6078
FAB-W5086,LC-9080,Y-GEN-6079
FAB-W5087,LC-9081,Y-GEN-6080
FAB-W5088,LC-9082,Y-GEN-6081
FAB-W5089,LC-9083,Y-GEN-6082
FAB-W5090,LC-9084,Y-GEN-6083
FAB-W5091,LC-9085,Y-GEN-6084
FAB-W5092,LC-9086,Y-GEN-6085
FAB-W5093,LC-9087,Y-GEN-6086
FAB-W5094,LC-9088,Y-GEN-6087
FAB-W5095,LC-9089,Y-GEN-6088
FAB-W5096,LC-9090,Y-GEN-6089
FAB-W5097,LC-9091,Y-GEN-6090
FAB-W5098,LC-9092,Y-GEN-6091
FAB-W5099,LC-9093,Y-GEN-6092
FAB-W5100,LC-9094,Y-GEN-6093
FAB-W5101,LC-9095,Y-GEN-6094
FAB-W5102,LC-9096,Y-GEN-6095
FAB-W5103,LC-9097,Y-GEN-6096
FAB-W5104,LC-9098,Y-GEN-6097
FAB-W5105,LC-9099,Y-GEN-6098
FAB-W5106,LC-9100,Y-GEN-6099
FAB-W5107,LC-9101,Y-GEN-6100
FAB-W5108,LC-9102,Y-GEN-6101
FAB-W5109,LC-9103,Y-GEN-6102
FAB-W5110,LC-9104,Y-GEN-6103
FAB-W5111,LC-9105,Y-GEN-6104
FAB-W5112,LC-9106,Y-GEN-6105
FAB-W5113,LC-9107,Y-GEN-6106
FAB-W5114,LC-9108,Y-GEN-6107
FAB-W5115,LC-9109,Y-GEN-6108
FAB-W5116,LC-9110,Y-GEN-6109
FAB-W5117,LC-9111,Y-GEN-6110
FAB-W5118,LC-9112,Y-GEN-6111
FAB-W5119,LC-9113,Y-GEN-6112
FAB-W5120,LC-9114,Y-GEN-6113
FAB-W5121,LC-9115,Y-GEN-6114
FAB-W5122,LC-9116,Y-GEN-6115
FAB-W5123,LC-9117,Y-GEN-6116
FAB-W5124,LC-9118,Y-GEN-6117
FAB-W5125,LC-9119,Y-GEN-6118
FAB-W5126,LC-9120,Y-GEN-6119
FAB-W5127,LC-9121,Y-GEN-6120
FAB-W5128,LC-9122,Y-GEN-6121
FAB-W5129,LC-9123,Y-GEN-6122
FAB-W5130,LC-9124,Y-GEN-6123
FAB-W5131,LC-9125,Y-GEN-6124
FAB-W5132,LC-9126,Y-GEN-6125
FAB-W5133,LC-9127,Y-GEN-6126
FAB-W5134,LC-9128,Y-GEN-6127
FAB-W5135,LC-9129,Y-GEN-6128
FAB-W5136,LC-9130,Y-GEN-6129
FAB-W5137,LC-9131,Y-GEN-6130
FAB-W5138,LC-9132,Y-GEN-6131
FAB-W5139,LC-9133,Y-GEN-6132
FAB-W5140,LC-9134,Y-GEN-6133
FAB-W5141,LC-9135,Y-GEN-6134
FAB-W5142,LC-9136,Y-GEN-6135
FAB-W5143,LC-9137,Y-GEN-6136
FAB-W5144,LC-9138,Y-GEN-6137
FAB-W5145,LC-9139,Y-GEN-6138
FAB-W5146,LC-9140,Y-GEN-6139
FAB-W5147,LC-9141,Y-GEN-6140
FAB-W5148,LC-9142,Y-GEN-6141
FAB-W5149,LC-9143,Y-GEN-6142
FAB-W5150,LC-9144,Y-GEN-6143
FAB-W5151,LC-9145,Y-GEN-6144
FAB-W5152,LC-9146,Y-GEN-6145
FAB-W5153,LC-9147,Y-GEN-6146
FAB-W5154,LC-9148,Y-GEN-6147
FAB-W5155,LC-9149,Y-GEN-6148
FAB-W5156,LC-9150,Y-GEN-6149
FAB-W5157,LC-9151,Y-GEN-6150
FAB-W5158,LC-9152,Y-GEN-6151
FAB-W5159,LC-9153,Y-GEN-6152
FAB-W5160,LC-9154,Y-GEN-6153
FAB-W5161,LC-9155,Y-GEN-6154
FAB-W5162,LC-9156,Y-GEN-6155
FAB-W5163,LC-9157,Y-GEN-6156
FAB-W5164,LC-9158,Y-GEN-6157
FAB-W5165,LC-9159,Y-GEN-6158
FAB-W5166,LC-9160,Y-GEN-6159
FAB-W5167,LC-9161,Y-GEN-6160
FAB-W5168,LC-9162,Y-GEN-6161
FAB-W5169,LC-9163,Y-GEN-6162
FAB-W5170,LC-9164,Y-GEN-6163
FAB-W5171,LC-9165,Y-GEN-6164
FAB-W5172,LC-9166,Y-GEN-6165
FAB-W5173,LC-9167,Y-GEN-6166
FAB-W5174,LC-9168,Y-GEN-6167
FAB-W5175,LC-9169,Y-GEN-6168
FAB-W5176,LC-9170,Y-GEN-6169
FAB-W5177,LC-9171,Y-GEN-6170
FAB-W5178,LC-9172,Y-GEN-6171
FAB-W5179,LC-9173,Y-GEN-6172
FAB-W5180,LC-9174,Y-GEN-6173
FAB-W5181,LC-9175,Y-GEN-6174
FAB-W5182,LC-9176,Y-GEN-6175
FAB-W5183,LC-9177,Y-GEN-6176
FAB-W5184,LC-9178,Y-GEN-6177
FAB-W5185,LC-9179,Y-GEN-6178
FAB-W5186,LC-9180,Y-GEN-6179
FAB-W5187,LC-9181,Y-GEN-6180
FAB-W5188,LC-9182,Y-GEN-6181
FAB-W5189,LC-9183,Y-GEN-6182
FAB-W5190,LC-9184,Y-GEN-6183
FAB-W5191,LC-9185,Y-GEN-6184
FAB-W5192,LC-9186,Y-GEN-6185
FAB-W5193,LC-9187,Y-GEN-6186
FAB-W5194,LC-9188,Y-GEN-6187
FAB-W5195,LC-9189,Y-GEN-6188
FAB-W5196,LC-9190,Y-GEN-6189
FAB-W5197,LC-9191,Y-GEN-6190
FAB-W5198,LC-9192,Y-GEN-6191
FAB-W5199,LC-9193,Y-GEN-6192
FAB-W5200,LC-9194,Y-GEN-6193
FAB-W5201,LC-9195,Y-GEN-6194
FAB-W5202,LC-9196,Y-GEN-6195
FAB-W5203,LC-9197,Y-GEN-6196
FAB-W5204,LC-9198,Y-GEN-6197
FAB-W5205,LC-9199,Y-GEN-6198
FAB-W5206,LC-9200,Y-GEN-6199
