plant_code,report_period,loom_code,cut_weight_ppc
6100,202310,LC-1001,1.185
6100,202312,LC-1001,1.2
6100,202401,LC-1001,1.215
6100,202311,LC-1002,0.965
6100,202401,LC-1002,0.98
7100,202312,LC-2001,1.49
7100,202401,LC-2001,1.5
7100,202310,LC-2002,0.84
7100,202401,LC-2002,0.85
9100,202312,LC-3001,1.09
9100,202401,LC-3001,1.1
9100,202401,LC-3002,0.75
6100,202403,LC-4001,1.1525
6100,202404,LC-4001,1.1434
7100,202403,LC-4002,1.1976
7100,202404,LC-4002,1.2333
9100,202403,LC-4003,0.8406
9100,202404,LC-4003,0.8425
6100,202403,LC-4004,1.2718
6100,202404,LC-4004,1.3022
7100,202403,LC-4005,1.4929
7100,202404,LC-4005,1.5632
9100,202403,LC-4006,1.4134
9100,202404,LC-4006,1.3987
6100,202403,LC-4007,1.3551
6100,202404,LC-4007,1.4206
7100,202403,LC-4008,0.9752
7100,202404,LC-4008,0.9681
9100,202403,LC-4009,1.4449
9100,202404,LC-4009,1.475
6100,202403,LC-4010,1.4827
6100,202404,LC-4010,1.5483
7100,202403,LC-4011,1.2292
7100,202404,LC-4011,1.2756
9100,202403,LC-4012,1.5591
9100,202404,LC-4012,1.537
6100,202403,LC-4013,0.8691
6100,202404,LC-4013,0.9119
7100,202403,LC-4014,1.4012
7100,202404,LC-4014,1.3996
9100,202403,LC-4015,0.7278
9100,202404,LC-4015,0.7228
6100,202403,LC-4016,1.1699
6100,202404,LC-4016,1.1912
7100,202403,LC-4017,1.5249
7100,202404,LC-4017,1.5642
9100,202403,LC-4018,1.3192
9100,202404,LC-4018,1.3838
6100,202403,LC-4019,1.1549
6100,202404,LC-4019,1.1567
7100,202403,LC-4020,0.9886
7100,202404,LC-4020,0.9925
9100,202403,LC-4021,1.1609
9100,202404,LC-4021,1.1653
6100,202403,LC-4022,1.5433
6100,202404,LC-4022,1.5243
7100,202403,LC-4023,0.7195
7100,202404,LC-4023,0.7433
9100,202403,LC-4024,1.3945
9100,202404,LC-4024,1.3932
6100,202403,LC-4025,0.9369
6100,202404,LC-4025,0.9713
7100,202403,LC-4026,1.5624
7100,202404,LC-4026,1.6258
9100,202403,LC-4027,0.7185
9100,202404,LC-4027,0.754
6100,202403,LC-4028,0.8653
6100,202404,LC-4028,0.8818
7100,202403,LC-4029,1.5375
7100,202404,LC-4029,1.614
9100,202403,LC-4030,1.4917
9100,202404,LC-4030,1.5109
6100,202403,LC-4031,0.967
6100,202404,LC-4031,0.984
7100,202403,LC-4032,1.0597
7100,202404,LC-4032,1.0848
9100,202403,LC-4033,0.7617
9100,202404,LC-4033,0.7504
6100,202403,LC-4034,1.076
6100,202404,LC-4034,1.1225
7100,202403,LC-4035,1.176
7100,202404,LC-4035,1.1698
9100,202403,LC-4036,1.1186
9100,202404,LC-4036,1.1154
6100,202403,LC-4037,1.4828
6100,202404,LC-4037,1.5463
7100,202403,LC-4038,1.5627
7100,202404,LC-4038,1.5545
9100,202403,LC-4039,0.9334
9100,202404,LC-4039,0.9269
6100,202403,LC-4040,1.268
6100,202404,LC-4040,1.2473
7100,202403,LC-4041,1.2667
7100,202404,LC-4041,1.2673
9100,202403,LC-4042,1.1293
9100,202404,LC-4042,1.1235
6100,202403,LC-4043,1.103
6100,202404,LC-4043,1.089
7100,202403,LC-4044,1.5599
7100,202404,LC-4044,1.5645
9100,202403,LC-4045,1.33
9100,202404,LC-4045,1.3169
6100,202403,LC-4046,1.2386
6100,202404,LC-4046,1.2436
7100,202403,LC-4047,1.3037
7100,202404,LC-4047,1.3289
9100,202403,LC-4048,0.91
9100,202404,LC-4048,0.9545
6100,202403,LC-4049,0.8758
6100,202404,LC-4049,0.8765
7100,202403,LC-4050,1.417
7100,202404,LC-4050,1.4626
9100,202403,LC-4051,1.3155
9100,202404,LC-4051,1.3576
6100,202403,LC-4052,1.341
6100,202404,LC-4052,1.3474
7100,202403,LC-4053,0.9293
7100,202404,LC-4053,0.972
9100,202403,LC-4054,1.042
9100,202404,LC-4054,1.0535
6100,202403,LC-4055,0.9459
6100,202404,LC-4055,0.953
7100,202403,LC-4056,1.3719
7100,202404,LC-4056,1.3808
9100,202403,LC-4057,1.4013
9100,202404,LC-4057,1.3834
6100,202403,LC-4058,0.7573
6100,202404,LC-4058,0.7793
7100,202403,LC-4059,0.7427
7100,202404,LC-4059,0.7398
9100,202403,LC-4060,1.3572
9100,202404,LC-4060,1.3677
6100,202403,LC-4061,0.9207
6100,202404,LC-4061,0.9175
7100,202403,LC-4062,1.5359
7100,202404,LC-4062,1.6013
9100,202403,LC-4063,1.4719
9100,202404,LC-4063,1.4975
6100,202403,LC-4064,0.7457
6100,202404,LC-4064,0.7801
7100,202403,LC-4065,1.5021
7100,202404,LC-4065,1.491
9100,202403,LC-4066,0.9196
9100,202404,LC-4066,0.9251
6100,202403,LC-4067,1.3815
6100,202404,LC-4067,1.4173
7100,202403,LC-4068,1.2625
7100,202404,LC-4068,1.2955
9100,202403,LC-4069,0.7374
9100,202404,LC-4069,0.7423
6100,202403,LC-4070,1.3373
6100,202404,LC-4070,1.3138
7100,202403,LC-4071,1.2461
7100,202404,LC-4071,1.2382
9100,202403,LC-4072,1.3929
9100,202404,LC-4072,1.3947
6100,202403,LC-4073,0.8938
6100,202404,LC-4073,0.9028
7100,202403,LC-4074,1.3212
7100,202404,LC-4074,1.3843
9100,202403,LC-4075,1.3794
9100,202404,LC-4075,1.3731
6100,202403,LC-4076,1.1473
6100,202404,LC-4076,1.1965
7100,202403,LC-4077,1.413
7100,202404,LC-4077,1.4473
9100,202403,LC-4078,0.9887
9100,202404,LC-4078,1.0162
6100,202403,LC-4079,1.0159
6100,202404,LC-4079,1.0011
7100,202403,LC-4080,1.2856
7100,202404,LC-4080,1.3431
9100,202403,LC-4081,1.1344
9100,202404,LC-4081,1.1159
6100,202403,LC-4082,1.369
6100,202404,LC-4082,1.3741
7100,202403,LC-4083,0.7908
7100,202404,LC-4083,0.7807
9100,202403,LC-4084,1.3655
9100,202404,LC-4084,1.3594
6100,202403,LC-4085,1.1764
6100,202404,LC-4085,1.1739
7100,202403,LC-4086,0.8991
7100,202404,LC-4086,0.9394
9100,202403,LC-4087,1.338
9100,202404,LC-4087,1.3495
6100,202403,LC-4088,0.7663
6100,202404,LC-4088,0.7951
7100,202403,LC-4089,0.875
7100,202404,LC-4089,0.8998
9100,202403,LC-4090,1.481
9100,202404,LC-4090,1.5299
6100,202403,LC-4091,1.2676
6100,202404,LC-4091,1.2912
7100,202403,LC-4092,1.0223
7100,202404,LC-4092,1.0676
9100,202403,LC-4093,1.2931
9100,202404,LC-4093,1.2962
6100,202403,LC-4094,1.5568
6100,202404,LC-4094,1.5943
7100,202403,LC-4095,1.1083
7100,202404,LC-4095,1.1134
9100,202403,LC-4096,1.397
9100,202404,LC-4096,1.4293
6100,202403,LC-4097,1.1905
6100,202404,LC-4097,1.2369
7100,202403,LC-4098,0.7066
7100,202404,LC-4098,0.7383
9100,202403,LC-4099,0.7693
9100,202404,LC-4099,0.7579
6100,202403,LC-4100,0.7923
6100,202404,LC-4100,0.795
7100,202403,LC-4101,0.7261
7100,202404,LC-4101,0.7203
9100,202403,LC-4102,1.002
9100,202404,LC-4102,1.0212
6100,202403,LC-4103,1.2284
6100,202404,LC-4103,1.2659
7100,202403,LC-4104,0.7393
7100,202404,LC-4104,0.7326
9100,202403,LC-4105,0.7105
9100,202404,LC-4105,0.7249
6100,202403,LC-4106,1.316
6100,202404,LC-4106,1.3363
7100,202403,LC-4107,1.1306
7100,202404,LC-4107,1.1786
9100,202403,LC-4108,1.2289
9100,202404,LC-4108,1.2519
6100,202403,LC-4109,0.7385
6100,202404,LC-4109,0.7752
7100,202403,LC-4110,0.9675
7100,202404,LC-4110,0.9757
9100,202403,LC-4111,0.9474
9100,202404,LC-4111,0.9703
6100,202403,LC-4112,1.4615
6100,202404,LC-4112,1.4778
7100,202403,LC-4113,1.3647
7100,202404,LC-4113,1.39
9100,202403,LC-4114,0.7547
9100,202404,LC-4114,0.7699
6100,202403,LC-4115,1.3787
6100,202404,LC-4115,1.3916
7100,202403,LC-4116,0.907
7100,202404,LC-4116,0.9127
9100,202403,LC-4117,1.2654
9100,202404,LC-4117,1.2781
6100,202403,LC-4118,0.839
6100,202404,LC-4118,0.8308
7100,202403,LC-4119,1.4023
7100,202404,LC-4119,1.4397
9100,202403,LC-4120,1.3295
9100,202404,LC-4120,1.3111
6100,202403,LC-4121,1.1982
6100,202404,LC-4121,1.2566
7100,202403,LC-4122,0.8644
7100,202404,LC-4122,0.8754
9100,202403,LC-4123,1.5441
9100,202404,LC-4123,1.6042
6100,202403,LC-4124,1.3841
6100,202404,LC-4124,1.4238
7100,202403,LC-4125,1.4555
7100,202404,LC-4125,1.4345
9100,202403,LC-4126,1.2979
9100,202404,LC-4126,1.3424
6100,202403,LC-4127,0.8521
6100,202404,LC-4127,0.8772
7100,202403,LC-4128,0.7815
7100,202404,LC-4128,0.7703
9100,202403,LC-4129,1.3467
9100,202404,LC-4129,1.3712
6100,202403,LC-4130,1.573
6100,202404,LC-4130,1.5974
7100,202403,LC-4131,0.9024
7100,202404,LC-4131,0.9405
9100,202403,LC-4132,0.8932
9100,202404,LC-4132,0.8932
6100,202403,LC-4133,0.8297
6100,202404,LC-4133,0.8369
7100,202403,LC-4134,0.9262
7100,202404,LC-4134,0.9241
9100,202403,LC-4135,1.4319
9100,202404,LC-4135,1.4791
6100,202403,LC-4136,0.7949
6100,202404,LC-4136,0.8059
7100,202403,LC-4137,1.4289
7100,202404,LC-4137,1.4366
9100,202403,LC-4138,0.7897
9100,202404,LC-4138,0.8121
6100,202403,LC-4139,1.5749
6100,202404,LC-4139,1.5697
7100,202403,LC-4140,0.8805
7100,202404,LC-4140,0.8766
9100,202403,LC-4141,1.477
9100,202404,LC-4141,1.4888
6100,202403,LC-4142,1.5028
6100,202404,LC-4142,1.5196
7100,202403,LC-4143,0.8459
7100,202404,LC-4143,0.8863
9100,202403,LC-4144,1.1658
9100,202404,LC-4144,1.1981
6100,202403,LC-4145,1.3852
6100,202404,LC-4145,1.4151
7100,202403,LC-4146,1.222
7100,202404,LC-4146,1.2655
9100,202403,LC-4147,0.7171
9100,202404,LC-4147,0.7096
6100,202403,LC-4148,1.4371
6100,202404,LC-4148,1.5054
7100,202403,LC-4149,0.9811
7100,202404,LC-4149,1.0
9100,202403,LC-4150,0.9656
9100,202404,LC-4150,1.0023
6100,202403,LC-4151,1.099
6100,202404,LC-4151,1.1365
7100,202403,LC-4152,0.7979
7100,202404,LC-4152,0.784
9100,202403,LC-4153,1.1002
9100,202404,LC-4153,1.1349
6100,202403,LC-4154,1.2021
6100,202404,LC-4154,1.2232
7100,202403,LC-4155,1.0723
7100,202404,LC-4155,1.0914
9100,202403,LC-4156,1.3082
9100,202404,LC-4156,1.332
6100,202403,LC-4157,1.5955
6100,202404,LC-4157,1.5771
7100,202403,LC-4158,0.953
7100,202404,LC-4158,0.9372
9100,202403,LC-4159,1.5605
9100,202404,LC-4159,1.5626
6100,202403,LC-4160,1.464
6100,202404,LC-4160,1.4545
7100,202403,LC-4161,1.1588
7100,202404,LC-4161,1.1817
9100,202403,LC-4162,1.4847
9100,202404,LC-4162,1.4895
6100,202403,LC-4163,1.2801
6100,202404,LC-4163,1.3353
7100,202403,LC-4164,1.1251
7100,202404,LC-4164,1.1792
9100,202403,LC-4165,1.4893
9100,202404,LC-4165,1.482
6100,202403,LC-4166,1.1018
6100,202404,LC-4166,1.1348
7100,202403,LC-4167,1.1073
7100,202404,LC-4167,1.1212
9100,202403,LC-4168,1.4021
9100,202404,LC-4168,1.4564
6100,202403,LC-4169,1.2714
6100,202404,LC-4169,1.2554
7100,202403,LC-4170,1.5644
7100,202404,LC-4170,1.6279
9100,202403,LC-4171,1.3076
9100,202404,LC-4171,1.338
6100,202403,LC-4172,1.4744
6100,202404,LC-4172,1.4654
7100,202403,LC-4173,1.4103
7100,202404,LC-4173,1.4067
9100,202403,LC-4174,1.0414
9100,202404,LC-4174,1.0249
6100,202403,LC-4175,1.2118
6100,202404,LC-4175,1.2568
7100,202403,LC-4176,1.1391
7100,202404,LC-4176,1.193
9100,202403,LC-4177,1.5901
9100,202404,LC-4177,1.6558
6100,202403,LC-4178,1.5708
6100,202404,LC-4178,1.5569
7100,202403,LC-4179,1.5742
7100,202404,LC-4179,1.5576
9100,202403,LC-4180,0.9428
9100,202404,LC-4180,0.9487
6100,202403,LC-4181,1.4227
6100,202404,LC-4181,1.476
7100,202403,LC-4182,1.2569
7100,202404,LC-4182,1.3085
9100,202403,LC-4183,0.8759
9100,202404,LC-4183,0.9172
6100,202403,LC-4184,1.5279
6100,202404,LC-4184,1.5718
7100,202403,LC-4185,1.0413
7100,202404,LC-4185,1.0617
9100,202403,LC-4186,1.2408
9100,202404,LC-4186,1.2496
6100,202403,LC-4187,1.2119
6100,202404,LC-4187,1.2044
7100,202403,LC-4188,0.8766
7100,202404,LC-4188,0.8702
9100,202403,LC-4189,0.9592
9100,202404,LC-4189,0.9462
6100,202403,LC-4190,1.3854
6100,202404,LC-4190,1.4179
7100,202403,LC-4191,0.9328
7100,202404,LC-4191,0.9318
9100,202403,LC-4192,1.0893
9100,202404,LC-4192,1.1201
6100,202403,LC-4193,0.9319
6100,202404,LC-4193,0.9564
7100,202403,LC-4194,1.4094
7100,202404,LC-4194,1.4258
9100,202403,LC-4195,1.5021
9100,202404,LC-4195,1.5612
6100,202403,LC-4196,1.1475
6100,202404,LC-4196,1.1846
7100,202403,LC-4197,1.2151
7100,202404,LC-4197,1.2152
9100,202403,LC-4198,1.1593
9100,202404,LC-4198,1.1879
6100,202403,LC-4199,0.9755
6100,202404,LC-4199,1.0229
7100,202403,LC-4200,0.925
7100,202404,LC-4200,0.9698
9100,202403,LC-4201,0.7175
9100,202404,LC-4201,0.7429
6100,202403,LC-4202,1.1532
6100,202404,LC-4202,1.1908
7100,202403,LC-4203,1.1952
7100,202404,LC-4203,1.1986
9100,202403,LC-4204,0.7469
9100,202404,LC-4204,0.7518
6100,202403,LC-4205,0.9641
6100,202404,LC-4205,0.9999
7100,202403,LC-4206,0.8937
7100,202404,LC-4206,0.921
9100,202403,LC-4207,1.0192
9100,202404,LC-4207,1.0262
6100,202403,LC-4208,0.8472
6100,202404,LC-4208,0.887
7100,202403,LC-4209,1.3938
7100,202404,LC-4209,1.4321
9100,202403,LC-4210,0.7428
9100,202404,LC-4210,0.7463
6100,202403,LC-4211,1.5098
6100,202404,LC-4211,1.5155
7100,202403,LC-4212,1.5925
7100,202404,LC-4212,1.5707
9100,202403,LC-4213,1.3781
9100,202404,LC-4213,1.4085
6100,202403,LC-4214,1.1095
6100,202404,LC-4214,1.1639
7100,202403,LC-4215,1.3171
7100,202404,LC-4215,1.3425
9100,202403,LC-4216,1.0407
9100,202404,LC-4216,1.0224
6100,202403,LC-4217,1.5904
6100,202404,LC-4217,1.6277
7100,202403,LC-4218,1.0775
7100,202404,LC-4218,1.0804
9100,202403,LC-4219,1.0458
9100,202404,LC-4219,1.0307
6100,202403,LC-4220,1.0748
6100,202404,LC-4220,1.088
7100,202403,LC-4221,1.1966
7100,202404,LC-4221,1.2396
9100,202403,LC-4222,0.7637
9100,202404,LC-4222,0.775
6100,202403,LC-4223,1.1099
6100,202404,LC-4223,1.1557
7100,202403,LC-4224,1.3798
7100,202404,LC-4224,1.364
9100,202403,LC-4225,1.1939
9100,202404,LC-4225,1.1831
6100,202403,LC-4226,1.4108
6100,202404,LC-4226,1.4744
7100,202403,LC-4227,1.4436
7100,202404,LC-4227,1.4524
9100,202403,LC-4228,1.4397
9100,202404,LC-4228,1.415
6100,202403,LC-4229,1.3038
6100,202404,LC-4229,1.2794
7100,202403,LC-4230,0.8391
7100,202404,LC-4230,0.825
9100,202403,LC-4231,1.5342
9100,202404,LC-4231,1.5103
6100,202403,LC-4232,1.1072
6100,202404,LC-4232,1.0959
7100,202403,LC-4233,0.7226
7100,202404,LC-4233,0.7209
9100,202403,LC-4234,1.308
9100,202404,LC-4234,1.36
6100,202403,LC-4235,1.3749
6100,202404,LC-4235,1.4216
7100,202403,LC-4236,1.0156
7100,202404,LC-4236,1.0221
9100,202403,LC-4237,1.0892
9100,202404,LC-4237,1.1126
6100,202403,LC-4238,1.05
6100,202404,LC-4238,1.07
7100,202403,LC-4239,1.3582
7100,202404,LC-4239,1.3882
9100,202403,LC-4240,1.0262
9100,202404,LC-4240,1.0209
6100,202403,LC-4241,0.8386
6100,202404,LC-4241,0.8461
7100,202403,LC-4242,1.0575
7100,202404,LC-4242,1.0572
9100,202403,LC-4243,1.5284
9100,202404,LC-4243,1.5606
6100,202403,LC-4244,1.5311
6100,202404,LC-4244,1.5063
7100,202403,LC-4245,1.4084
7100,202404,LC-4245,1.3909
9100,202403,LC-4246,0.7443
9100,202404,LC-4246,0.7791
6100,202403,LC-4247,1.1786
6100,202404,LC-4247,1.1654
7100,202403,LC-4248,0.7944
7100,202404,LC-4248,0.7845
9100,202403,LC-4249,1.1295
9100,202404,LC-4249,1.1285
6100,202403,LC-4250,1.2964
6100,202404,LC-4250,1.3456
7100,202403,LC-4251,1.2296
7100,202404,LC-4251,1.2423
9100,202403,LC-4252,1.0565
9100,202404,LC-4252,1.0618
6100,202403,LC-4253,0.9377
6100,202404,LC-4253,0.9643
7100,202403,LC-4254,1.0253
7100,202404,LC-4254,1.0393
9100,202403,LC-4255,1.2854
9100,202404,LC-4255,1.2754
6100,202403,LC-4256,1.1013
6100,202404,LC-4256,1.1434
7100,202403,LC-4257,1.0188
7100,202404,LC-4257,1.051
9100,202403,LC-4258,1.1285
9100,202404,LC-4258,1.1251
6100,202403,LC-4259,1.2861
6100,202404,LC-4259,1.276
7100,202403,LC-4260,1.4088
7100,202404,LC-4260,1.4274
9100,202403,LC-4261,0.9252
9100,202404,LC-4261,0.9165
6100,202403,LC-4262,1.1646
6100,202404,LC-4262,1.1886
7100,202403,LC-4263,0.7205
7100,202404,LC-4263,0.726
9100,202403,LC-4264,0.9726
9100,202404,LC-4264,1.0108
6100,202403,LC-4265,1.5592
6100,202404,LC-4265,1.5986
7100,202403,LC-4266,0.9693
7100,202404,LC-4266,0.964
9100,202403,LC-4267,0.9946
9100,202404,LC-4267,0.9941
6100,202403,LC-4268,1.1861
6100,202404,LC-4268,1.2094
7100,202403,LC-4269,1.1241
7100,202404,LC-4269,1.1166
9100,202403,LC-4270,1.3639
9100,202404,LC-4270,1.3409
6100,202403,LC-4271,1.2037
6100,202404,LC-4271,1.2405
7100,202403,LC-4272,1.3098
7100,202404,LC-4272,1.3279
9100,202403,LC-4273,1.1177
9100,202404,LC-4273,1.1338
6100,202403,LC-4274,0.7475
6100,202404,LC-4274,0.7376
7100,202403,LC-4275,0.9844
7100,202404,LC-4275,0.9822
9100,202403,LC-4276,0.8194
9100,202404,LC-4276,0.836
6100,202403,LC-4277,1.5759
6100,202404,LC-4277,1.5607
7100,202403,LC-4278,1.0218
7100,202404,LC-4278,1.0526
9100,202403,LC-4279,1.2463
9100,202404,LC-4279,1.2579
6100,202403,LC-4280,1.2764
6100,202404,LC-4280,1.2639
7100,202403,LC-4281,0.8644
7100,202404,LC-4281,0.8764
9100,202403,LC-4282,0.7461
9100,202404,LC-4282,0.7769
6100,202403,LC-4283,1.1347
6100,202404,LC-4283,1.1705
7100,202403,LC-4284,1.2568
7100,202404,LC-4284,1.2527
9100,202403,LC-4285,1.1034
9100,202404,LC-4285,1.0838
6100,202403,LC-4286,1.1357
6100,202404,LC-4286,1.1354
7100,202403,LC-4287,0.9911
7100,202404,LC-4287,1.0242
9100,202403,LC-4288,1.0763
9100,202404,LC-4288,1.0798
6100,202403,LC-4289,0.9767
6100,202404,LC-4289,1.021
7100,202403,LC-4290,1.2101
7100,202404,LC-4290,1.1862
9100,202403,LC-4291,0.7507
9100,202404,LC-4291,0.7709
6100,202403,LC-4292,1.1298
6100,202404,LC-4292,1.1539
7100,202403,LC-4293,0.8976
7100,202404,LC-4293,0.9014
9100,202403,LC-4294,1.4164
9100,202404,LC-4294,1.4035
6100,202403,LC-4295,1.4946
6100,202404,LC-4295,1.5393
7100,202403,LC-4296,1.0365
7100,202404,LC-4296,1.0296
9100,202403,LC-4297,0.7682
9100,202404,LC-4297,0.774
6100,202403,LC-4298,1.4634
6100,202404,LC-4298,1.4399
7100,202403,LC-4299,1.5123
7100,202404,LC-4299,1.5855
9100,202403,LC-4300,1.4576
9100,202404,LC-4300,1.4835
6100,202403,LC-4301,1.0606
6100,202404,LC-4301,1.0933
7100,202403,LC-4302,1.4767
7100,202404,LC-4302,1.4586
9100,202403,LC-4303,0.7967
9100,202404,LC-4303,0.8056
6100,202403,LC-4304,1.115
6100,202404,LC-4304,1.1245
7100,202403,LC-4305,0.913
7100,202404,LC-4305,0.9065
9100,202403,LC-4306,0.9529
9100,202404,LC-4306,0.9989
6100,202403,LC-4307,1.5144
6100,202404,LC-4307,1.5448
7100,202403,LC-4308,1.152
7100,202404,LC-4308,1.2034
9100,202403,LC-4309,1.4686
9100,202404,LC-4309,1.461
6100,202403,LC-4310,1.4811
6100,202404,LC-4310,1.4561
7100,202403,LC-4311,1.3446
7100,202404,LC-4311,1.3315
9100,202403,LC-4312,1.3532
9100,202404,LC-4312,1.3944
6100,202403,LC-4313,1.1321
6100,202404,LC-4313,1.1226
7100,202403,LC-4314,1.0674
7100,202404,LC-4314,1.0593
9100,202403,LC-4315,0.985
9100,202404,LC-4315,1.0019
6100,202403,LC-4316,0.8065
6100,202404,LC-4316,0.8404
7100,202403,LC-4317,1.5699
7100,202404,LC-4317,1.6171
9100,202403,LC-4318,1.2123
9100,202404,LC-4318,1.1912
6100,202403,LC-4319,1.5799
6100,202404,LC-4319,1.5589
7100,202403,LC-4320,1.2397
7100,202404,LC-4320,1.2614
9100,202403,LC-4321,1.0257
9100,202404,LC-4321,1.0666
6100,202403,LC-4322,1.0143
6100,202404,LC-4322,0.9983
7100,202403,LC-4323,1.4795
7100,202404,LC-4323,1.4869
9100,202403,LC-4324,1.2609
9100,202404,LC-4324,1.2426
6100,202403,LC-4325,1.5359
6100,202404,LC-4325,1.5363
7100,202403,LC-4326,1.1929
7100,202404,LC-4326,1.2052
9100,202403,LC-4327,1.5054
9100,202404,LC-4327,1.5478
6100,202403,LC-4328,0.7983
6100,202404,LC-4328,0.833
7100,202403,LC-4329,0.9129
7100,202404,LC-4329,0.9117
9100,202403,LC-4330,1.1156
9100,202404,LC-4330,1.0947
6100,202403,LC-4331,0.7925
6100,202404,LC-4331,0.7886
7100,202403,LC-4332,1.5881
7100,202404,LC-4332,1.5739
9100,202403,LC-4333,0.713
9100,202404,LC-4333,0.7139
6100,202403,LC-4334,0.9654
6100,202404,LC-4334,0.9598
7100,202403,LC-4335,1.1821
7100,202404,LC-4335,1.169
9100,202403,LC-4336,1.4062
9100,202404,LC-4336,1.3869
6100,202403,LC-4337,0.747
6100,202404,LC-4337,0.7579
7100,202403,LC-4338,1.4975
7100,202404,LC-4338,1.5417
9100,202403,LC-4339,1.4722
9100,202404,LC-4339,1.4484
6100,202403,LC-4340,1.1309
6100,202404,LC-4340,1.1361
7100,202403,LC-4341,1.14
7100,202404,LC-4341,1.1893
9100,202403,LC-4342,1.566
9100,202404,LC-4342,1.6441
6100,202403,LC-4343,1.1223
6100,202404,LC-4343,1.1149
7100,202403,LC-4344,0.8935
7100,202404,LC-4344,0.9157
9100,202403,LC-4345,1.0779
9100,202404,LC-4345,1.0904
6100,202403,LC-4346,1.4551
6100,202404,LC-4346,1.4859
7100,202403,LC-4347,1.0511
7100,202404,LC-4347,1.039
9100,202403,LC-4348,0.8349
9100,202404,LC-4348,0.8763
6100,202403,LC-4349,1.4455
6100,202404,LC-4349,1.4707
7100,202403,LC-4350,1.427
7100,202404,LC-4350,1.4326
9100,202403,LC-4351,1.5573
9100,202404,LC-4351,1.5905
6100,202403,LC-4352,1.3309
6100,202404,LC-4352,1.3846
7100,202403,LC-4353,1.2713
7100,202404,LC-4353,1.266
9100,202403,LC-4354,1.2522
9100,202404,LC-4354,1.2709
6100,202403,LC-4355,0.862
6100,202404,LC-4355,0.8705
7100,202403,LC-4356,1.4643
7100,202404,LC-4356,1.4841
9100,202403,LC-4357,1.1263
9100,202404,LC-4357,1.1689
6100,202403,LC-4358,0.8635
6100,202404,LC-4358,0.9014
7100,202403,LC-4359,1.2608
7100,202404,LC-4359,1.2838
9100,202403,LC-4360,0.9172
9100,202404,LC-4360,0.941
6100,202403,LC-4361,1.3422
6100,202404,LC-4361,1.3656
7100,202403,LC-4362,0.7753
7100,202404,LC-4362,0.7802
9100,202403,LC-4363,1.1292
9100,202404,LC-4363,1.1349
6100,202403,LC-4364,1.1032
6100,202404,LC-4364,1.0988
7100,202403,LC-4365,1.1624
7100,202404,LC-4365,1.1732
9100,202403,LC-4366,1.363
9100,202404,LC-4366,1.4229
6100,202403,LC-4367,1.2041
6100,202404,LC-4367,1.2324
7100,202403,LC-4368,0.8032
7100,202404,LC-4368,0.7987
9100,202403,LC-4369,0.9951
9100,202404,LC-4369,1.0029
6100,202403,LC-4370,1.0631
6100,202404,LC-4370,1.0674
7100,202403,LC-4371,0.8328
7100,202404,LC-4371,0.8464
9100,202403,LC-4372,1.1139
9100,202404,LC-4372,1.1183
6100,202403,LC-4373,0.9017
6100,202404,LC-4373,0.8993
7100,202403,LC-4374,1.4257
7100,202404,LC-4374,1.4751
9100,202403,LC-4375,1.2051
9100,202404,LC-4375,1.2168
6100,202403,LC-4376,0.76
6100,202404,LC-4376,0.7965
7100,202403,LC-4377,1.5086
7100,202404,LC-4377,1.5143
9100,202403,LC-4378,1.3069
9100,202404,LC-4378,1.3599
6100,202403,LC-4379,1.1736
6100,202404,LC-4379,1.2011
7100,202403,LC-4380,1.3648
7100,202404,LC-4380,1.4036
9100,202403,LC-4381,1.3743
9100,202404,LC-4381,1.4018
6100,202403,LC-4382,1.4632
6100,202404,LC-4382,1.5133
7100,202403,LC-4383,0.9549
7100,202404,LC-4383,0.9703
9100,202403,LC-4384,1.2168
9100,202404,LC-4384,1.2444
6100,202403,LC-4385,1.4724
6100,202404,LC-4385,1.5433
7100,202403,LC-4386,0.8769
7100,202404,LC-4386,0.8673
9100,202403,LC-4387,1.12
9100,202404,LC-4387,1.124
6100,202403,LC-4388,0.944
6100,202404,LC-4388,0.9262
7100,202403,LC-4389,0.9954
7100,202404,LC-4389,1.0005
9100,202403,LC-4390,0.7359
9100,202404,LC-4390,0.7625
6100,202403,LC-4391,1.2702
6100,202404,LC-4391,1.3118
7100,202403,LC-4392,1.5331
7100,202404,LC-4392,1.532
9100,202403,LC-4393,0.8871
9100,202404,LC-4393,0.9191
6100,202403,LC-4394,1.1983
6100,202404,LC-4394,1.2263
7100,202403,LC-4395,0.9912
7100,202404,LC-4395,0.9929
9100,202403,LC-4396,0.934
9100,202404,LC-4396,0.9523
6100,202403,LC-4397,0.8127
6100,202404,LC-4397,0.8377
7100,202403,LC-4398,1.1334
7100,202404,LC-4398,1.1565
9100,202403,LC-4399,1.5886
9100,202404,LC-4399,1.6392
6100,202403,LC-4400,1.1699
6100,202404,LC-4400,1.2225
7100,202403,LC-4401,1.5492
7100,202404,LC-4401,1.5337
9100,202403,LC-4402,0.7813
9100,202404,LC-4402,0.8047
6100,202403,LC-4403,0.9854
6100,202404,LC-4403,1.0254
7100,202403,LC-4404,0.9999
7100,202404,LC-4404,1.0371
9100,202403,LC-4405,1.2418
9100,202404,LC-4405,1.297
6100,202403,LC-4406,1.528
6100,202404,LC-4406,1.581
7100,202403,LC-4407,1.4591
7100,202404,LC-4407,1.4677
9100,202403,LC-4408,1.3187
9100,202404,LC-4408,1.3797
6100,202403,LC-4409,1.048
6100,202404,LC-4409,1.079
7100,202403,LC-4410,1.4442
7100,202404,LC-4410,1.4983
9100,202403,LC-4411,1.2403
9100,202404,LC-4411,1.2728
6100,202403,LC-4412,0.8179
6100,202404,LC-4412,0.853
7100,202403,LC-4413,1.506
7100,202404,LC-4413,1.4822
9100,202403,LC-4414,1.176
9100,202404,LC-4414,1.1565
6100,202403,LC-4415,0.7319
6100,202404,LC-4415,0.7295
7100,202403,LC-4416,1.1922
7100,202404,LC-4416,1.1775
9100,202403,LC-4417,1.3935
9100,202404,LC-4417,1.4098
6100,202403,LC-4418,1.5134
6100,202404,LC-4418,1.5016
7100,202403,LC-4419,1.2871
7100,202404,LC-4419,1.2657
9100,202403,LC-4420,1.436
9100,202404,LC-4420,1.4163
6100,202403,LC-4421,0.9011
6100,202404,LC-4421,0.8918
7100,202403,LC-4422,0.7418
7100,202404,LC-4422,0.7616
9100,202403,LC-4423,0.8279
9100,202404,LC-4423,0.8523
6100,202403,LC-4424,1.2493
6100,202404,LC-4424,1.291
7100,202403,LC-4425,1.4269
7100,202404,LC-4425,1.4712
9100,202403,LC-4426,1.3774
9100,202404,LC-4426,1.3744
6100,202403,LC-4427,1.5552
6100,202404,LC-4427,1.5417
7100,202403,LC-4428,0.8596
7100,202404,LC-4428,0.9025
9100,202403,LC-4429,1.2589
9100,202404,LC-4429,1.2588
6100,202403,LC-4430,1.1486
6100,202404,LC-4430,1.1451
7100,202403,LC-4431,1.1905
7100,202404,LC-4431,1.1853
9100,202403,LC-4432,0.7788
9100,202404,LC-4432,0.785
6100,202403,LC-4433,0.9048
6100,202404,LC-4433,0.9079
7100,202403,LC-4434,1.0278
7100,202404,LC-4434,1.0626
9100,202403,LC-4435,1.4036
9100,202404,LC-4435,1.3767
6100,202403,LC-4436,1.5079
6100,202404,LC-4436,1.5444
7100,202403,LC-4437,1.1502
7100,202404,LC-4437,1.1567
9100,202403,LC-4438,0.7041
9100,202404,LC-4438,0.6956
6100,202403,LC-4439,0.8517
6100,202404,LC-4439,0.8896
7100,202403,LC-4440,1.2567
7100,202404,LC-4440,1.2991
9100,202403,LC-4441,1.1382
9100,202404,LC-4441,1.1161
6100,202403,LC-4442,0.7726
6100,202404,LC-4442,0.7957
7100,202403,LC-4443,0.8293
7100,202404,LC-4443,0.865
9100,202403,LC-4444,1.5612
9100,202404,LC-4444,1.5861
6100,202403,LC-4445,0.91
6100,202404,LC-4445,0.9094
7100,202403,LC-4446,1.3052
7100,202404,LC-4446,1.3394
9100,202403,LC-4447,0.9084
9100,202404,LC-4447,0.906
6100,202403,LC-4448,1.0334
6100,202404,LC-4448,1.028
7100,202403,LC-4449,1.0279
7100,202404,LC-4449,1.0563
9100,202403,LC-4450,0.9915
9100,202404,LC-4450,1.0244
6100,202403,LC-4451,0.8332
6100,202404,LC-4451,0.8488
7100,202403,LC-4452,1.3066
7100,202404,LC-4452,1.2974
9100,202403,LC-4453,1.1477
9100,202404,LC-4453,1.1909
6100,202403,LC-4454,1.3622
6100,202404,LC-4454,1.3928
7100,202403,LC-4455,0.9171
7100,202404,LC-4455,0.9038
9100,202403,LC-4456,1.2406
9100,202404,LC-4456,1.2981
6100,202403,LC-4457,1.3639
6100,202404,LC-4457,1.4104
7100,202403,LC-4458,0.7871
7100,202404,LC-4458,0.7765
9100,202403,LC-4459,1.1613
9100,202404,LC-4459,1.1993
6100,202403,LC-4460,1.4012
6100,202404,LC-4460,1.453
7100,202403,LC-4461,1.146
7100,202404,LC-4461,1.1918
9100,202403,LC-4462,0.9342
9100,202404,LC-4462,0.9615
6100,202403,LC-4463,1.0538
6100,202404,LC-4463,1.0695
7100,202403,LC-4464,1.2679
7100,202404,LC-4464,1.3046
9100,202403,LC-4465,1.3979
9100,202404,LC-4465,1.4334
6100,202403,LC-4466,0.8474
6100,202404,LC-4466,0.854
7100,202403,LC-4467,1.4481
7100,202404,LC-4467,1.5146
9100,202403,LC-4468,1.5467
9100,202404,LC-4468,1.6149
6100,202403,LC-4469,1.1788
6100,202404,LC-4469,1.2242
7100,202403,LC-4470,1.5937
7100,202404,LC-4470,1.6068
9100,202403,LC-4471,1.5382
9100,202404,LC-4471,1.5166
6100,202403,LC-4472,1.4226
6100,202404,LC-4472,1.4203
7100,202403,LC-4473,0.9137
7100,202404,LC-4473,0.9069
9100,202403,LC-4474,0.7718
9100,202404,LC-4474,0.7789
6100,202403,LC-4475,1.5254
6100,202404,LC-4475,1.5534
7100,202403,LC-4476,1.3292
7100,202404,LC-4476,1.3564
9100,202403,LC-4477,1.3231
9100,202404,LC-4477,1.3032
6100,202403,LC-4478,1.1936
6100,202404,LC-4478,1.2502
7100,202403,LC-4479,1.1354
7100,202404,LC-4479,1.1782
9100,202403,LC-4480,1.2848
9100,202404,LC-4480,1.2696
6100,202403,LC-4481,1.5371
6100,202404,LC-4481,1.5715
7100,202403,LC-4482,1.5383
7100,202404,LC-4482,1.5853
9100,202403,LC-4483,1.103
9100,202404,LC-4483,1.1411
6100,202403,LC-4484,0.9684
6100,202404,LC-4484,0.9674
7100,202403,LC-4485,1.5555
7100,202404,LC-4485,1.5971
9100,202403,LC-4486,0.9335
9100,202404,LC-4486,0.9457
6100,202403,LC-4487,1.3611
6100,202404,LC-4487,1.4211
7100,202403,LC-4488,0.8281
7100,202404,LC-4488,0.8591
9100,202403,LC-4489,1.5351
9100,202404,LC-4489,1.5769
6100,202403,LC-4490,0.8946
6100,202404,LC-4490,0.9263
7100,202403,LC-4491,0.8038
7100,202404,LC-4491,0.8082
9100,202403,LC-4492,0.7087
9100,202404,LC-4492,0.7149
6100,202403,LC-4493,1.3377
6100,202404,LC-4493,1.371
7100,202403,LC-4494,1.3159
7100,202404,LC-4494,1.3472
9100,202403,LC-4495,0.7147
9100,202404,LC-4495,0.7144
6100,202403,LC-4496,1.0794
6100,202404,LC-4496,1.1272
7100,202403,LC-4497,0.839
7100,202404,LC-4497,0.8661
9100,202403,LC-4498,1.0083
9100,202404,LC-4498,1.0463
6100,202403,LC-4499,0.8298
6100,202404,LC-4499,0.833
7100,202403,LC-4500,1.5426
7100,202404,LC-4500,1.585
9100,202403,LC-4501,0.8678
9100,202404,LC-4501,0.8971
6100,202403,LC-4502,1.5774
6100,202404,LC-4502,1.6225
7100,202403,LC-4503,1.4068
7100,202404,LC-4503,1.4695
9100,202403,LC-4504,0.7103
9100,202404,LC-4504,0.7037
6100,202403,LC-4505,1.273
6100,202404,LC-4505,1.295
7100,202403,LC-4506,1.3401
7100,202404,LC-4506,1.3407
9100,202403,LC-4507,0.8585
9100,202404,LC-4507,0.8774
6100,202403,LC-4508,0.7811
6100,202404,LC-4508,0.8049
7100,202403,LC-4509,1.5786
7100,202404,LC-4509,1.6425
9100,202403,LC-4510,0.7338
9100,202404,LC-4510,0.7445
6100,202403,LC-4511,0.8401
6100,202404,LC-4511,0.838
7100,202403,LC-4512,1.5265
7100,202404,LC-4512,1.5258
9100,202403,LC-4513,1.0589
9100,202404,LC-4513,1.0541
6100,202403,LC-4514,0.865
6100,202404,LC-4514,0.8758
7100,202403,LC-4515,1.1985
7100,202404,LC-4515,1.2336
9100,202403,LC-4516,1.3647
9100,202404,LC-4516,1.3645
6100,202403,LC-4517,1.4168
6100,202404,LC-4517,1.4102
7100,202403,LC-4518,0.9944
7100,202404,LC-4518,1.0049
9100,202403,LC-4519,1.2952
9100,202404,LC-4519,1.3196
6100,202403,LC-4520,1.0369
6100,202404,LC-4520,1.0682
7100,202403,LC-4521,0.8354
7100,202404,LC-4521,0.8391
9100,202403,LC-4522,1.5641
9100,202404,LC-4522,1.5627
6100,202403,LC-4523,1.2356
6100,202404,LC-4523,1.2777
7100,202403,LC-4524,1.2086
7100,202404,LC-4524,1.2271
9100,202403,LC-4525,1.0759
9100,202404,LC-4525,1.1282
6100,202403,LC-4526,1.3841
6100,202404,LC-4526,1.3606
7100,202403,LC-4527,1.3318
7100,202404,LC-4527,1.3586
9100,202403,LC-4528,0.9306
9100,202404,LC-4528,0.952
6100,202403,LC-4529,0.8023
6100,202404,LC-4529,0.8306
7100,202403,LC-4530,0.965
7100,202404,LC-4530,0.9906
9100,202403,LC-4531,1.3474
9100,202404,LC-4531,1.4005
6100,202403,LC-4532,1.1075
6100,202404,LC-4532,1.0915
7100,202403,LC-4533,1.5116
7100,202404,LC-4533,1.5121
9100,202403,LC-4534,1.0039
9100,202404,LC-4534,1.0473
6100,202403,LC-4535,0.7593
6100,202404,LC-4535,0.7465
7100,202403,LC-4536,1.0131
7100,202404,LC-4536,1.0602
9100,202403,LC-4537,1.5894
9100,202404,LC-4537,1.6119
6100,202403,LC-4538,0.9957
6100,202404,LC-4538,1.0413
7100,202403,LC-4539,1.1636
7100,202404,LC-4539,1.1711
9100,202403,LC-4540,1.284
9100,202404,LC-4540,1.2797
6100,202403,LC-4541,1.0353
6100,202404,LC-4541,1.0794
7100,202403,LC-4542,1.3155
7100,202404,LC-4542,1.377
9100,202403,LC-4543,1.1069
9100,202404,LC-4543,1.1144
6100,202403,LC-4544,1.0543
6100,202404,LC-4544,1.0369
7100,202403,LC-4545,1.2262
7100,202404,LC-4545,1.2089
9100,202403,LC-4546,1.252
9100,202404,LC-4546,1.2648
6100,202403,LC-4547,1.3897
6100,202404,LC-4547,1.3846
7100,202403,LC-4548,1.3947
7100,202404,LC-4548,1.3823
9100,202403,LC-4549,0.8695
9100,202404,LC-4549,0.884
6100,202403,LC-4550,0.8913
6100,202404,LC-4550,0.9282
7100,202403,LC-4551,0.7547
7100,202404,LC-4551,0.7728
9100,202403,LC-4552,0.8897
9100,202404,LC-4552,0.9136
6100,202403,LC-4553,1.3487
6100,202404,LC-4553,1.3854
7100,202403,LC-4554,1.3983
7100,202404,LC-4554,1.4087
9100,202403,LC-4555,1.2016
9100,202404,LC-4555,1.2579
6100,202403,LC-4556,1.1014
6100,202404,LC-4556,1.0833
7100,202403,LC-4557,0.9205
7100,202404,LC-4557,0.9448
9100,202403,LC-4558,1.3811
9100,202404,LC-4558,1.3758
6100,202403,LC-4559,1.0816
6100,202404,LC-4559,1.1032
7100,202403,LC-4560,1.0027
7100,202404,LC-4560,1.0108
9100,202403,LC-4561,1.5098
9100,202404,LC-4561,1.5403
6100,202403,LC-4562,1.4378
6100,202404,LC-4562,1.4934
7100,202403,LC-4563,0.733
7100,202404,LC-4563,0.7465
9100,202403,LC-4564,0.7136
9100,202404,LC-4564,0.7434
6100,202403,LC-4565,0.7498
6100,202404,LC-4565,0.7764
7100,202403,LC-4566,1.3507
7100,202404,LC-4566,1.4065
9100,202403,LC-4567,1.0762
9100,202404,LC-4567,1.0631
6100,202403,LC-4568,1.2575
6100,202404,LC-4568,1.2629
7100,202403,LC-4569,1.1262
7100,202404,LC-4569,1.1247
9100,202403,LC-4570,0.7567
9100,202404,LC-4570,0.7462
6100,202403,LC-4571,0.7715
6100,202404,LC-4571,0.7692
7100,202403,LC-4572,1.2154
7100,202404,LC-4572,1.2523
9100,202403,LC-4573,0.71
9100,202404,LC-4573,0.7396
6100,202403,LC-4574,1.4116
6100,202404,LC-4574,1.4639
7100,202403,LC-4575,0.7694
7100,202404,LC-4575,0.7574
9100,202403,LC-4576,1.4682
9100,202404,LC-4576,1.5196
6100,202403,LC-4577,1.0469
6100,202404,LC-4577,1.0651
7100,202403,LC-4578,1.4017
7100,202404,LC-4578,1.4458
9100,202403,LC-4579,1.0864
9100,202404,LC-4579,1.1091
6100,202403,LC-4580,1.3236
6100,202404,LC-4580,1.3077
7100,202403,LC-4581,1.0999
7100,202404,LC-4581,1.1329
9100,202403,LC-4582,1.0449
9100,202404,LC-4582,1.0413
6100,202403,LC-4583,1.5527
6100,202404,LC-4583,1.6287
7100,202403,LC-4584,0.833
7100,202404,LC-4584,0.8653
9100,202403,LC-4585,0.7948
9100,202404,LC-4585,0.7892
6100,202403,LC-4586,0.8979
6100,202404,LC-4586,0.9138
7100,202403,LC-4587,1.2704
7100,202404,LC-4587,1.2679
9100,202403,LC-4588,0.9487
9100,202404,LC-4588,0.9422
6100,202403,LC-4589,1.537
6100,202404,LC-4589,1.5176
7100,202403,LC-4590,1.5753
7100,202404,LC-4590,1.5703
9100,202403,LC-4591,0.9675
9100,202404,LC-4591,0.951
6100,202403,LC-4592,1.4424
6100,202404,LC-4592,1.445
7100,202403,LC-4593,1.241
7100,202404,LC-4593,1.2434
9100,202403,LC-4594,1.5931
9100,202404,LC-4594,1.6053
6100,202403,LC-4595,1.3206
6100,202404,LC-4595,1.3322
7100,202403,LC-4596,1.0319
7100,202404,LC-4596,1.0307
9100,202403,LC-4597,1.5145
9100,202404,LC-4597,1.4973
6100,202403,LC-4598,0.7895
6100,202404,LC-4598,0.809
7100,202403,LC-4599,1.3939
7100,202404,LC-4599,1.4268
9100,202403,LC-4600,1.5301
9100,202404,LC-4600,1.5468
6100,202403,LC-4601,0.965
6100,202404,LC-4601,0.9977
7100,202403,LC-4602,1.264
7100,202404,LC-4602,1.3195
9100,202403,LC-4603,1.5695
9100,202404,LC-4603,1.6049
6100,202403,LC-4604,0.9377
6100,202404,LC-4604,0.9814
7100,202403,LC-4605,1.1571
7100,202404,LC-4605,1.1445
9100,202403,LC-4606,0.7334
9100,202404,LC-4606,0.759
6100,202403,LC-4607,0.9103
6100,202404,LC-4607,0.8926
7100,202403,LC-4608,0.7052
7100,202404,LC-4608,0.7349
9100,202403,LC-4609,0.9086
9100,202404,LC-4609,0.9504
6100,202403,LC-4610,0.727
6100,202404,LC-4610,0.7262
7100,202403,LC-4611,1.0956
7100,202404,LC-4611,1.0844
9100,202403,LC-4612,1.1227
9100,202404,LC-4612,1.1157
6100,202403,LC-4613,1.3671
6100,202404,LC-4613,1.3841
7100,202403,LC-4614,1.559
7100,202404,LC-4614,1.5497
9100,202403,LC-4615,1.2707
9100,202404,LC-4615,1.283
6100,202403,LC-4616,0.9848
6100,202404,LC-4616,1.0151
7100,202403,LC-4617,1.1327
7100,202404,LC-4617,1.1618
9100,202403,LC-4618,0.981
9100,202404,LC-4618,1.0025
6100,202403,LC-4619,1.165
6100,202404,LC-4619,1.2163
7100,202403,LC-4620,1.0045
7100,202404,LC-4620,1.0361
9100,202403,LC-4621,1.2597
9100,202404,LC-4621,1.2455
6100,202403,LC-4622,1.098
6100,202404,LC-4622,1.095
7100,202403,LC-4623,1.4492
7100,202404,LC-4623,1.4614
9100,202403,LC-4624,1.0857
9100,202404,LC-4624,1.092
6100,202403,LC-4625,0.8844
6100,202404,LC-4625,0.8951
7100,202403,LC-4626,0.844
7100,202404,LC-4626,0.8459
9100,202403,LC-4627,1.4335
9100,202404,LC-4627,1.4314
6100,202403,LC-4628,0.8056
6100,202404,LC-4628,0.8346
7100,202403,LC-4629,0.889
7100,202404,LC-4629,0.8946
9100,202403,LC-4630,1.0564
9100,202404,LC-4630,1.0377
6100,202403,LC-4631,1.4027
6100,202404,LC-4631,1.379
7100,202403,LC-4632,0.9755
7100,202404,LC-4632,0.9968
9100,202403,LC-4633,0.9286
9100,202404,LC-4633,0.9514
6100,202403,LC-4634,1.2034
6100,202404,LC-4634,1.1867
7100,202403,LC-4635,1.5031
7100,202404,LC-4635,1.504
9100,202403,LC-4636,1.2209
9100,202404,LC-4636,1.2739
6100,202403,LC-4637,1.1138
6100,202404,LC-4637,1.1659
7100,202403,LC-4638,1.1887
7100,202404,LC-4638,1.2455
9100,202403,LC-4639,1.3325
9100,202404,LC-4639,1.3335
6100,202403,LC-4640,1.0438
6100,202404,LC-4640,1.0606
7100,202403,LC-4641,1.3016
7100,202404,LC-4641,1.3572
9100,202403,LC-4642,1.3707
9100,202404,LC-4642,1.3658
6100,202403,LC-4643,1.2572
6100,202404,LC-4643,1.2495
7100,202403,LC-4644,0.7832
7100,202404,LC-4644,0.7885
9100,202403,LC-4645,1.124
9100,202404,LC-4645,1.127
6100,202403,LC-4646,0.7273
6100,202404,LC-4646,0.7234
7100,202403,LC-4647,1.3914
7100,202404,LC-4647,1.4587
9100,202403,LC-4648,1.5347
9100,202404,LC-4648,1.5698
6100,202403,LC-4649,1.1764
6100,202404,LC-4649,1.1977
7100,202403,LC-4650,0.8645
7100,202404,LC-4650,0.8692
9100,202403,LC-4651,0.8725
9100,202404,LC-4651,0.8928
6100,202403,LC-4652,1.1254
6100,202404,LC-4652,1.1618
7100,202403,LC-4653,1.0592
7100,202404,LC-4653,1.1107
9100,202403,LC-4654,1.177
9100,202404,LC-4654,1.2085
6100,202403,LC-4655,1.5869
6100,202404,LC-4655,1.6404
7100,202403,LC-4656,1.5393
7100,202404,LC-4656,1.5716
9100,202403,LC-4657,1.0694
9100,202404,LC-4657,1.0602
6100,202403,LC-4658,0.883
6100,202404,LC-4658,0.8816
7100,202403,LC-4659,1.5803
7100,202404,LC-4659,1.5601
9100,202403,LC-4660,1.5954
9100,202404,LC-4660,1.6575
6100,202403,LC-4661,0.8598
6100,202404,LC-4661,0.8625
7100,202403,LC-4662,1.5973
7100,202404,LC-4662,1.6641
9100,202403,LC-4663,0.9464
9100,202404,LC-4663,0.9448
6100,202403,LC-4664,1.2689
6100,202404,LC-4664,1.2436
7100,202403,LC-4665,1.1121
7100,202404,LC-4665,1.1
9100,202403,LC-4666,0.7799
9100,202404,LC-4666,0.7683
6100,202403,LC-4667,1.4372
6100,202404,LC-4667,1.4209
7100,202403,LC-4668,0.858
7100,202404,LC-4668,0.8761
9100,202403,LC-4669,1.5031
9100,202404,LC-4669,1.5148
6100,202403,LC-4670,1.5372
6100,202404,LC-4670,1.5551
7100,202403,LC-4671,1.2166
7100,202404,LC-4671,1.2524
9100,202403,LC-4672,1.0697
9100,202404,LC-4672,1.0576
6100,202403,LC-4673,1.2494
6100,202404,LC-4673,1.2869
7100,202403,LC-4674,0.9159
7100,202404,LC-4674,0.9021
9100,202403,LC-4675,0.895
9100,202404,LC-4675,0.9023
6100,202403,LC-4676,1.5517
6100,202404,LC-4676,1.5439
7100,202403,LC-4677,1.0002
7100,202404,LC-4677,1.0143
9100,202403,LC-4678,1.3762
9100,202404,LC-4678,1.3946
6100,202403,LC-4679,1.1534
6100,202404,LC-4679,1.1909
7100,202403,LC-4680,1.4034
7100,202404,LC-4680,1.4237
9100,202403,LC-4681,1.4866
9100,202404,LC-4681,1.4675
6100,202403,LC-4682,1.0939
6100,202404,LC-4682,1.14
7100,202403,LC-4683,1.0774
7100,202404,LC-4683,1.0644
9100,202403,LC-4684,1.3951
9100,202404,LC-4684,1.4348
6100,202403,LC-4685,0.844
6100,202404,LC-4685,0.8702
7100,202403,LC-4686,1.4324
7100,202404,LC-4686,1.4146
9100,202403,LC-4687,0.7543
9100,202404,LC-4687,0.7696
6100,202403,LC-4688,1.2436
6100,202404,LC-4688,1.2204
7100,202403,LC-4689,0.9449
7100,202404,LC-4689,0.9599
9100,202403,LC-4690,0.761
9100,202404,LC-4690,0.7794
6100,202403,LC-4691,1.0717
6100,202404,LC-4691,1.1156
7100,202403,LC-4692,0.7317
7100,202404,LC-4692,0.7368
9100,202403,LC-4693,1.0837
9100,202404,LC-4693,1.0626
6100,202403,LC-4694,0.8523
6100,202404,LC-4694,0.8376
7100,202403,LC-4695,0.7827
7100,202404,LC-4695,0.7918
9100,202403,LC-4696,1.0294
9100,202404,LC-4696,1.0574
6100,202403,LC-4697,1.3727
6100,202404,LC-4697,1.4073
7100,202403,LC-4698,1.5922
7100,202404,LC-4698,1.6442
9100,202403,LC-4699,0.9207
9100,202404,LC-4699,0.9311
6100,202403,LC-4700,0.8993
6100,202404,LC-4700,0.8849
7100,202403,LC-4701,0.7711
7100,202404,LC-4701,0.7574
9100,202403,LC-4702,0.7461
9100,202404,LC-4702,0.7433
6100,202403,LC-4703,1.3746
6100,202404,LC-4703,1.3982
7100,202403,LC-4704,1.2259
7100,202404,LC-4704,1.2206
9100,202403,LC-4705,0.7395
9100,202404,LC-4705,0.7307
6100,202403,LC-4706,1.4549
6100,202404,LC-4706,1.4592
7100,202403,LC-4707,1.0173
7100,202404,LC-4707,1.0382
9100,202403,LC-4708,1.5223
9100,202404,LC-4708,1.5155
6100,202403,LC-4709,1.4077
6100,202404,LC-4709,1.4527
7100,202403,LC-4710,0.846
7100,202404,LC-4710,0.837
9100,202403,LC-4711,1.0893
9100,202404,LC-4711,1.1319
6100,202403,LC-4712,0.7385
6100,202404,LC-4712,0.7699
7100,202403,LC-4713,0.7233
7100,202404,LC-4713,0.7331
9100,202403,LC-4714,1.4485
9100,202404,LC-4714,1.4928
6100,202403,LC-4715,1.4333
6100,202404,LC-4715,1.4738
7100,202403,LC-4716,1.0757
7100,202404,LC-4716,1.1237
9100,202403,LC-4717,0.9656
9100,202404,LC-4717,0.9953
6100,202403,LC-4718,0.7333
6100,202404,LC-4718,0.7354
7100,202403,LC-4719,1.4265
7100,202404,LC-4719,1.4751
9100,202403,LC-4720,0.9471
9100,202404,LC-4720,0.936
6100,202403,LC-4721,1.2673
6100,202404,LC-4721,1.2733
7100,202403,LC-4722,0.8578
7100,202404,LC-4722,0.8434
9100,202403,LC-4723,1.4737
9100,202404,LC-4723,1.4797
6100,202403,LC-4724,1.4384
6100,202404,LC-4724,1.4414
7100,202403,LC-4725,0.8587
7100,202404,LC-4725,0.8744
9100,202403,LC-4726,0.8993
9100,202404,LC-4726,0.906
6100,202403,LC-4727,1.0906
6100,202404,LC-4727,1.1075
7100,202403,LC-4728,1.033
7100,202404,LC-4728,1.052
9100,202403,LC-4729,1.599
9100,202404,LC-4729,1.6363
6100,202403,LC-4730,1.4387
6100,202404,LC-4730,1.4358
7100,202403,LC-4731,1.398
7100,202404,LC-4731,1.3729
9100,202403,LC-4732,1.1061
9100,202404,LC-4732,1.1317
6100,202403,LC-4733,0.7873
6100,202404,LC-4733,0.7969
7100,202403,LC-4734,1.5059
7100,202404,LC-4734,1.5108
9100,202403,LC-4735,1.0931
9100,202404,LC-4735,1.1192
6100,202403,LC-4736,0.9989
6100,202404,LC-4736,0.9904
7100,202403,LC-4737,1.0361
7100,202404,LC-4737,1.0181
9100,202403,LC-4738,1.1572
9100,202404,LC-4738,1.1969
6100,202403,LC-4739,1.015
6100,202404,LC-4739,1.0461
7100,202403,LC-4740,1.0826
7100,202404,LC-4740,1.1319
9100,202403,LC-4741,1.1845
9100,202404,LC-4741,1.2345
6100,202403,LC-4742,1.0093
6100,202404,LC-4742,0.9939
7100,202403,LC-4743,1.3951
7100,202404,LC-4743,1.4574
9100,202403,LC-4744,1.338
9100,202404,LC-4744,1.3271
6100,202403,LC-4745,0.9555
6100,202404,LC-4745,0.965
7100,202403,LC-4746,1.5516
7100,202404,LC-4746,1.5722
9100,202403,LC-4747,1.4615
9100,202404,LC-4747,1.4401
6100,202403,LC-4748,1.2047
6100,202404,LC-4748,1.2425
7100,202403,LC-4749,0.8829
7100,202404,LC-4749,0.9025
9100,202403,LC-4750,0.9035
9100,202404,LC-4750,0.9394
6100,202403,LC-4751,1.4464
6100,202404,LC-4751,1.4621
7100,202403,LC-4752,1.1929
7100,202404,LC-4752,1.2414
9100,202403,LC-4753,1.0981
9100,202404,LC-4753,1.1428
6100,202403,LC-4754,0.7021
6100,202404,LC-4754,0.7027
7100,202403,LC-4755,1.0382
7100,202404,LC-4755,1.0366
9100,202403,LC-4756,0.9401
9100,202404,LC-4756,0.9435
6100,202403,LC-4757,0.7737
6100,202404,LC-4757,0.8077
7100,202403,LC-4758,1.1502
7100,202404,LC-4758,1.1608
9100,202403,LC-4759,1.1683
9100,202404,LC-4759,1.1612
6100,202403,LC-4760,0.8602
6100,202404,LC-4760,0.8841
7100,202403,LC-4761,1.5899
7100,202404,LC-4761,1.6299
9100,202403,LC-4762,0.9447
9100,202404,LC-4762,0.9896
6100,202403,LC-4763,0.8329
6100,202404,LC-4763,0.8281
7100,202403,LC-4764,1.1282
7100,202404,LC-4764,1.129
9100,202403,LC-4765,0.9819
9100,202404,LC-4765,0.9685
6100,202403,LC-4766,1.3346
6100,202404,LC-4766,1.3146
7100,202403,LC-4767,1.0951
7100,202404,LC-4767,1.1101
9100,202403,LC-4768,1.2873
9100,202404,LC-4768,1.2825
6100,202403,LC-4769,0.8317
6100,202404,LC-4769,0.8263
7100,202403,LC-4770,0.799
7100,202404,LC-4770,0.8121
9100,202403,LC-4771,0.9777
9100,202404,LC-4771,0.9592
6100,202403,LC-4772,1.4021
6100,202404,LC-4772,1.3869
7100,202403,LC-4773,1.1346
7100,202404,LC-4773,1.1875
9100,202403,LC-4774,1.3185
9100,202404,LC-4774,1.3588
6100,202403,LC-4775,1.5438
6100,202404,LC-4775,1.5571
7100,202403,LC-4776,1.1352
7100,202404,LC-4776,1.1391
9100,202403,LC-4777,0.8395
9100,202404,LC-4777,0.843
6100,202403,LC-4778,0.8153
6100,202404,LC-4778,0.8467
7100,202403,LC-4779,0.9649
7100,202404,LC-4779,0.986
9100,202403,LC-4780,0.8305
9100,202404,LC-4780,0.8406
6100,202403,LC-4781,1.3338
6100,202404,LC-4781,1.3817
7100,202403,LC-4782,1.4644
7100,202404,LC-4782,1.4403
9100,202403,LC-4783,0.8199
9100,202404,LC-4783,0.8424
6100,202403,LC-4784,0.7229
6100,202404,LC-4784,0.7261
7100,202403,LC-4785,1.4608
7100,202404,LC-4785,1.5241
9100,202403,LC-4786,1.3715
9100,202404,LC-4786,1.3869
6100,202403,LC-4787,1.2874
6100,202404,LC-4787,1.2684
7100,202403,LC-4788,0.7887
7100,202404,LC-4788,0.7743
9100,202403,LC-4789,0.7713
9100,202404,LC-4789,0.8013
6100,202403,LC-4790,0.9592
6100,202404,LC-4790,1.0048
7100,202403,LC-4791,0.7129
7100,202404,LC-4791,0.7081
9100,202403,LC-4792,0.749
9100,202404,LC-4792,0.756
6100,202403,LC-4793,1.1859
6100,202404,LC-4793,1.2012
7100,202403,LC-4794,0.8
7100,202404,LC-4794,0.8285
9100,202403,LC-4795,1.0997
9100,202404,LC-4795,1.1053
6100,202403,LC-4796,1.1718
6100,202404,LC-4796,1.1963
7100,202403,LC-4797,1.1279
7100,202404,LC-4797,1.162
9100,202403,LC-4798,1.4111
9100,202404,LC-4798,1.4629
6100,202403,LC-4799,0.8436
6100,202404,LC-4799,0.8764
7100,202403,LC-4800,1.4204
7100,202404,LC-4800,1.4574
9100,202403,LC-4801,1.34
9100,202404,LC-4801,1.3329
6100,202403,LC-4802,1.2534
6100,202404,LC-4802,1.2859
7100,202403,LC-4803,1.161
7100,202404,LC-4803,1.1704
9100,202403,LC-4804,1.0272
9100,202404,LC-4804,1.02
6100,202403,LC-4805,0.7842
6100,202404,LC-4805,0.7817
7100,202403,LC-4806,1.5709
7100,202404,LC-4806,1.5963
9100,202403,LC-4807,1.0774
9100,202404,LC-4807,1.0862
6100,202403,LC-4808,1.4408
6100,202404,LC-4808,1.4139
7100,202403,LC-4809,1.4551
7100,202404,LC-4809,1.4594
9100,202403,LC-4810,1.3891
9100,202404,LC-4810,1.4478
6100,202403,LC-4811,1.5858
6100,202404,LC-4811,1.6437
7100,202403,LC-4812,1.4699
7100,202404,LC-4812,1.4797
9100,202403,LC-4813,0.744
9100,202404,LC-4813,0.7316
6100,202403,LC-4814,1.0652
6100,202404,LC-4814,1.0592
7100,202403,LC-4815,1.2606
7100,202404,LC-4815,1.2355
9100,202403,LC-4816,0.9804
9100,202404,LC-4816,1.0133
6100,202403,LC-4817,0.7938
6100,202404,LC-4817,0.8105
7100,202403,LC-4818,1.1825
7100,202404,LC-4818,1.2405
9100,202403,LC-4819,1.2122
9100,202404,LC-4819,1.265
6100,202403,LC-4820,1.0485
6100,202404,LC-4820,1.0821
7100,202403,LC-4821,1.1413
7100,202404,LC-4821,1.1337
9100,202403,LC-4822,0.8647
9100,202404,LC-4822,0.8728
6100,202403,LC-4823,1.3625
6100,202404,LC-4823,1.3421
7100,202403,LC-4824,0.938
7100,202404,LC-4824,0.9292
9100,202403,LC-4825,1.0458
9100,202404,LC-4825,1.0331
6100,202403,LC-4826,1.3919
6100,202404,LC-4826,1.3791
7100,202403,LC-4827,1.2188
7100,202404,LC-4827,1.251
9100,202403,LC-4828,1.4385
9100,202404,LC-4828,1.4669
6100,202403,LC-4829,1.4638
6100,202404,LC-4829,1.5013
7100,202403,LC-4830,1.3186
7100,202404,LC-4830,1.302
9100,202403,LC-4831,1.1459
9100,202404,LC-4831,1.1912
6100,202403,LC-4832,1.2916
6100,202404,LC-4832,1.2947
7100,202403,LC-4833,0.8362
7100,202404,LC-4833,0.8267
9100,202403,LC-4834,1.1841
9100,202404,LC-4834,1.2289
6100,202403,LC-4835,0.9641
6100,202404,LC-4835,0.9988
7100,202403,LC-4836,1.029
7100,202404,LC-4836,1.0755
9100,202403,LC-4837,1.4578
9100,202404,LC-4837,1.4756
6100,202403,LC-4838,1.5923
6100,202404,LC-4838,1.6002
7100,202403,LC-4839,1.3095
7100,202404,LC-4839,1.3575
9100,202403,LC-4840,1.4315
9100,202404,LC-4840,1.4979
6100,202403,LC-4841,1.0235
6100,202404,LC-4841,1.0572
7100,202403,LC-4842,1.4379
7100,202404,LC-4842,1.5053
9100,202403,LC-4843,0.8479
9100,202404,LC-4843,0.8821
6100,202403,LC-4844,0.9408
6100,202404,LC-4844,0.9741
7100,202403,LC-4845,1.0216
7100,202404,LC-4845,1.0243
9100,202403,LC-4846,1.05
9100,202404,LC-4846,1.0511
6100,202403,LC-4847,1.2211
6100,202404,LC-4847,1.2475
7100,202403,LC-4848,1.5513
7100,202404,LC-4848,1.5879
9100,202403,LC-4849,1.2927
9100,202404,LC-4849,1.314
6100,202403,LC-4850,1.1113
6100,202404,LC-4850,1.1021
7100,202403,LC-4851,1.2051
7100,202404,LC-4851,1.2553
9100,202403,LC-4852,0.8619
9100,202404,LC-4852,0.8521
6100,202403,LC-4853,0.7359
6100,202404,LC-4853,0.7681
7100,202403,LC-4854,0.819
7100,202404,LC-4854,0.8206
9100,202403,LC-4855,1.0218
9100,202404,LC-4855,1.0121
6100,202403,LC-4856,0.9654
6100,202404,LC-4856,0.9913
7100,202403,LC-4857,0.7725
7100,202404,LC-4857,0.8043
9100,202403,LC-4858,0.8178
9100,202404,LC-4858,0.8329
6100,202403,LC-4859,1.3505
6100,202404,LC-4859,1.3723
7100,202403,LC-4860,1.1662
7100,202404,LC-4860,1.1992
9100,202403,LC-4861,1.5728
9100,202404,LC-4861,1.551
6100,202403,LC-4862,0.7183
6100,202404,LC-4862,0.7244
7100,202403,LC-4863,1.4939
7100,202404,LC-4863,1.5065
9100,202403,LC-4864,1.2891
9100,202404,LC-4864,1.2922
6100,202403,LC-4865,0.7712
6100,202404,LC-4865,0.771
7100,202403,LC-4866,1.4048
7100,202404,LC-4866,1.4176
9100,202403,LC-4867,1.0929
9100,202404,LC-4867,1.1351
6100,202403,LC-4868,0.8222
6100,202404,LC-4868,0.8571
7100,202403,LC-4869,1.4648
7100,202404,LC-4869,1.4698
9100,202403,LC-4870,1.2921
9100,202404,LC-4870,1.3187
6100,202403,LC-4871,1.5688
6100,202404,LC-4871,1.5782
7100,202403,LC-4872,0.9056
7100,202404,LC-4872,0.9003
9100,202403,LC-4873,0.9291
9100,202404,LC-4873,0.9482
6100,202403,LC-4874,1.0918
6100,202404,LC-4874,1.0787
7100,202403,LC-4875,1.2472
7100,202404,LC-4875,1.2525
9100,202403,LC-4876,1.3178
9100,202404,LC-4876,1.3636
6100,202403,LC-4877,0.8076
6100,202404,LC-4877,0.8125
7100,202403,LC-4878,1.5207
7100,202404,LC-4878,1.5644
9100,202403,LC-4879,0.8702
9100,202404,LC-4879,0.9109
6100,202403,LC-4880,0.9593
6100,202404,LC-4880,0.9691
7100,202403,LC-4881,1.2897
7100,202404,LC-4881,1.2954
9100,202403,LC-4882,1.2998
9100,202404,LC-4882,1.3213
6100,202403,LC-4883,1.1178
6100,202404,LC-4883,1.1126
7100,202403,LC-4884,1.5769
7100,202404,LC-4884,1.6082
9100,202403,LC-4885,0.8542
9100,202404,LC-4885,0.8811
6100,202403,LC-4886,1.0878
6100,202404,LC-4886,1.0709
7100,202403,LC-4887,1.5252
7100,202404,LC-4887,1.5162
9100,202403,LC-4888,1.347
9100,202404,LC-4888,1.3565
6100,202403,LC-4889,1.491
6100,202404,LC-4889,1.5486
7100,202403,LC-4890,1.3678
7100,202404,LC-4890,1.4004
9100,202403,LC-4891,1.1509
9100,202404,LC-4891,1.1615
6100,202403,LC-4892,1.3623
6100,202404,LC-4892,1.3353
7100,202403,LC-4893,0.9452
7100,202404,LC-4893,0.9879
9100,202403,LC-4894,1.5279
9100,202404,LC-4894,1.5035
6100,202403,LC-4895,1.5037
6100,202404,LC-4895,1.5774
7100,202403,LC-4896,1.1021
7100,202404,LC-4896,1.0926
9100,202403,LC-4897,1.1709
9100,202404,LC-4897,1.1709
6100,202403,LC-4898,1.5907
6100,202404,LC-4898,1.5602
7100,202403,LC-4899,1.093
7100,202404,LC-4899,1.127
9100,202403,LC-4900,1.0528
9100,202404,LC-4900,1.0955
6100,202403,LC-4901,1.3006
6100,202404,LC-4901,1.3346
7100,202403,LC-4902,0.73
7100,202404,LC-4902,0.7371
9100,202403,LC-4903,1.5397
9100,202404,LC-4903,1.5266
6100,202403,LC-4904,0.7525
6100,202404,LC-4904,0.7752
7100,202403,LC-4905,1.5261
7100,202404,LC-4905,1.5515
9100,202403,LC-4906,0.8857
9100,202404,LC-4906,0.9234
6100,202403,LC-4907,1.4379
6100,202404,LC-4907,1.4842
7100,202403,LC-4908,0.9943
7100,202404,LC-4908,1.0132
9100,202403,LC-4909,0.756
9100,202404,LC-4909,0.7894
6100,202403,LC-4910,1.3511
6100,202404,LC-4910,1.3293
7100,202403,LC-4911,1.3977
7100,202404,LC-4911,1.4312
9100,202403,LC-4912,1.1615
9100,202404,LC-4912,1.1666
6100,202403,LC-4913,0.8999
6100,202404,LC-4913,0.9083
7100,202403,LC-4914,0.7256
7100,202404,LC-4914,0.7501
9100,202403,LC-4915,0.882
9100,202404,LC-4915,0.8824
6100,202403,LC-4916,0.7215
6100,202404,LC-4916,0.7502
7100,202403,LC-4917,0.886
7100,202404,LC-4917,0.8977
9100,202403,LC-4918,0.7092
9100,202404,LC-4918,0.7062
6100,202403,LC-4919,1.1986
6100,202404,LC-4919,1.242
7100,202403,LC-4920,1.0043
7100,202404,LC-4920,1.0035
9100,202403,LC-4921,1.2764
9100,202404,LC-4921,1.2717
6100,202403,LC-4922,1.4824
6100,202404,LC-4922,1.5187
7100,202403,LC-4923,1.3849
7100,202404,LC-4923,1.4153
9100,202403,LC-4924,0.8935
9100,202404,LC-4924,0.9051
6100,202403,LC-4925,1.2774
6100,202404,LC-4925,1.2888
7100,202403,LC-4926,1.5975
7100,202404,LC-4926,1.6216
9100,202403,LC-4927,0.9956
9100,202404,LC-4927,1.0048
6100,202403,LC-4928,1.1642
6100,202404,LC-4928,1.2031
7100,202403,LC-4929,1.5864
7100,202404,LC-4929,1.6244
9100,202403,LC-4930,0.8693
9100,202404,LC-4930,0.8922
6100,202403,LC-4931,1.0576
6100,202404,LC-4931,1.0581
7100,202403,LC-4932,1.1397
7100,202404,LC-4932,1.1369
9100,202403,LC-4933,1.3721
9100,202404,LC-4933,1.3525
6100,202403,LC-4934,0.7758
6100,202404,LC-4934,0.7621
7100,202403,LC-4935,0.9404
7100,202404,LC-4935,0.934
9100,202403,LC-4936,1.4835
9100,202404,LC-4936,1.5504
6100,202403,LC-4937,0.7481
6100,202404,LC-4937,0.7376
7100,202403,LC-4938,1.3895
7100,202404,LC-4938,1.4226
9100,202403,LC-4939,0.9233
9100,202404,LC-4939,0.9383
6100,202403,LC-4940,1.0173
6100,202404,LC-4940,1.0152
7100,202403,LC-4941,0.7181
7100,202404,LC-4941,0.7065
9100,202403,LC-4942,0.8261
9100,202404,LC-4942,0.8213
6100,202403,LC-4943,0.7113
6100,202404,LC-4943,0.7347
7100,202403,LC-4944,1.0252
7100,202404,LC-4944,1.0555
9100,202403,LC-4945,1.1639
9100,202404,LC-4945,1.1637
6100,202403,LC-4946,0.9171
6100,202404,LC-4946,0.945
7100,202403,LC-4947,0.9756
7100,202404,LC-4947,0.9984
9100,202403,LC-4948,1.352
9100,202404,LC-4948,1.3937
6100,202403,LC-4949,1.0282
6100,202404,LC-4949,1.0653
7100,202403,LC-4950,1.4911
7100,202404,LC-4950,1.4616
9100,202403,LC-4951,1.5191
9100,202404,LC-4951,1.5377
6100,202403,LC-4952,1.5587
6100,202404,LC-4952,1.5666
7100,202403,LC-4953,0.8723
7100,202404,LC-4953,0.8741
9100,202403,LC-4954,0.929
9100,202404,LC-4954,0.9749
6100,202403,LC-4955,0.8127
6100,202404,LC-4955,0.8481
7100,202403,LC-4956,0.9012
7100,202404,LC-4956,0.8865
9100,202403,LC-4957,1.4078
9100,202404,LC-4957,1.4522
6100,202403,LC-4958,1.4746
6100,202404,LC-4958,1.5179
7100,202403,LC-4959,0.8713
7100,202404,LC-4959,0.8763
9100,202403,LC-4960,1.5226
9100,202404,LC-4960,1.585
6100,202403,LC-4961,1.0727
6100,202404,LC-4961,1.101
7100,202403,LC-4962,0.7063
7100,202404,LC-4962,0.7199
9100,202403,LC-4963,1.3476
9100,202404,LC-4963,1.3731
6100,202403,LC-4964,1.5807
6100,202404,LC-4964,1.5879
7100,202403,LC-4965,1.2611
7100,202404,LC-4965,1.3059
9100,202403,LC-4966,1.2654
9100,202404,LC-4966,1.2754
6100,202403,LC-4967,1.188
6100,202404,LC-4967,1.1693
7100,202403,LC-4968,1.3125
7100,202404,LC-4968,1.3253
9100,202403,LC-4969,0.9483
9100,202404,LC-4969,0.9313
6100,202403,LC-4970,1.1047
6100,202404,LC-4970,1.1225
7100,202403,LC-4971,0.9824
7100,202404,LC-4971,0.973
9100,202403,LC-4972,1.4585
9100,202404,LC-4972,1.4851
6100,202403,LC-4973,1.2772
6100,202404,LC-4973,1.2689
7100,202403,LC-4974,1.0504
7100,202404,LC-4974,1.0855
9100,202403,LC-4975,0.7856
9100,202404,LC-4975,0.7862
6100,202403,LC-4976,0.7638
6100,202404,LC-4976,0.773
7100,202403,LC-4977,1.4713
7100,202404,LC-4977,1.4762
9100,202403,LC-4978,1.4484
9100,202404,LC-4978,1.4489
6100,202403,LC-4979,1.2036
6100,202404,LC-4979,1.2533
7100,202403,LC-4980,1.2294
7100,202404,LC-4980,1.2119
9100,202403,LC-4981,1.041
9100,202404,LC-4981,1.0554
6100,202403,LC-4982,1.2849
6100,202404,LC-4982,1.3223
7100,202403,LC-4983,1.1436
7100,202404,LC-4983,1.135
9100,202403,LC-4984,1.4255
9100,202404,LC-4984,1.4549
6100,202403,LC-4985,0.7633
6100,202404,LC-4985,0.7585
7100,202403,LC-4986,1.0228
7100,202404,LC-4986,1.0678
9100,202403,LC-4987,1.3067
9100,202404,LC-4987,1.3208
6100,202403,LC-4988,1.5528
6100,202404,LC-4988,1.5741
7100,202403,LC-4989,1.2728
7100,202404,LC-4989,1.2513
9100,202403,LC-4990,1.2747
9100,202404,LC-4990,1.3174
6100,202403,LC-4991,1.2793
6100,202404,LC-4991,1.2731
7100,202403,LC-4992,1.2465
7100,202404,LC-4992,1.2533
9100,202403,LC-4993,1.2506
9100,202404,LC-4993,1.2863
6100,202403,LC-4994,0.7744
6100,202404,LC-4994,0.8114
7100,202403,LC-4995,1.4471
7100,202404,LC-4995,1.4415
9100,202403,LC-4996,1.1589
9100,202404,LC-4996,1.1693
6100,202403,LC-4997,1.1938
6100,202404,LC-4997,1.2167
7100,202403,LC-4998,1.4658
7100,202404,LC-4998,1.4941
9100,202403,LC-4999,1.3509
9100,202404,LC-4999,1.381
6100,202403,LC-5000,0.9082
6100,202404,LC-5000,0.9246
7100,202403,LC-5001,0.931
7100,202404,LC-5001,0.9152
9100,202403,LC-5002,0.7495
9100,202404,LC-5002,0.7588
6100,202403,LC-5003,1.46
6100,202404,LC-5003,1.4732
7100,202403,LC-5004,1.2984
7100,202404,LC-5004,1.3276
9100,202403,LC-5005,1.57
9100,202404,LC-5005,1.6133
6100,202403,LC-5006,0.8534
6100,202404,LC-5006,0.8869
7100,202403,LC-5007,0.9325
7100,202404,LC-5007,0.9207
9100,202403,LC-5008,1.2305
9100,202404,LC-5008,1.2143
6100,202403,LC-5009,1.2742
6100,202404,LC-5009,1.3094
7100,202403,LC-5010,0.8596
7100,202404,LC-5010,0.8938
9100,202403,LC-5011,1.2289
9100,202404,LC-5011,1.2127
6100,202403,LC-5012,0.9021
6100,202404,LC-5012,0.9377
7100,202403,LC-5013,1.5567
7100,202404,LC-5013,1.5622
9100,202403,LC-5014,1.3733
9100,202404,LC-5014,1.3745
6100,202403,LC-5015,1.2765
6100,202404,LC-5015,1.2527
7100,202403,LC-5016,1.0323
7100,202404,LC-5016,1.062
9100,202403,LC-5017,1.5761
9100,202404,LC-5017,1.6403
6100,202403,LC-5018,0.7637
6100,202404,LC-5018,0.7769
7100,202403,LC-5019,0.8101
7100,202404,LC-5019,0.845
9100,202403,LC-5020,1.4882
9100,202404,LC-5020,1.4821
6100,202403,LC-5021,1.373
6100,202404,LC-5021,1.3798
7100,202403,LC-5022,1.4031
7100,202404,LC-5022,1.377
9100,202403,LC-5023,0.9272
9100,202404,LC-5023,0.9561
6100,202403,LC-5024,1.1814
6100,202404,LC-5024,1.1804
7100,202403,LC-5025,1.3917
7100,202404,LC-5025,1.4328
9100,202403,LC-5026,0.8892
9100,202404,LC-5026,0.9152
6100,202403,LC-5027,1.147
6100,202404,LC-5027,1.2026
7100,202403,LC-5028,1.0193
7100,202404,LC-5028,1.0631
9100,202403,LC-5029,1.564
9100,202404,LC-5029,1.6179
6100,202403,LC-5030,0.9993
6100,202404,LC-5030,1.0234
7100,202403,LC-5031,1.3823
7100,202404,LC-5031,1.4166
9100,202403,LC-5032,1.302
9100,202404,LC-5032,1.305
6100,202403,LC-5033,1.0378
6100,202404,LC-5033,1.0392
7100,202403,LC-5034,0.9847
7100,202404,LC-5034,0.9926
9100,202403,LC-5035,1.0524
9100,202404,LC-5035,1.0331
6100,202403,LC-5036,0.8481
6100,202404,LC-5036,0.8731
7100,202403,LC-5037,0.782
7100,202404,LC-5037,0.803
9100,202403,LC-5038,1.4879
9100,202404,LC-5038,1.4694
6100,202403,LC-5039,0.7884
6100,202404,LC-5039,0.7966
7100,202403,LC-5040,1.5819
7100,202404,LC-5040,1.6073
9100,202403,LC-5041,0.9467
9100,202404,LC-5041,0.9423
6100,202403,LC-5042,1.4744
6100,202404,LC-5042,1.4954
7100,202403,LC-5043,1.0024
7100,202404,LC-5043,1.0312
9100,202403,LC-5044,1.5961
9100,202404,LC-5044,1.626
6100,202403,LC-5045,1.448
6100,202404,LC-5045,1.5008
7100,202403,LC-5046,1.1729
7100,202404,LC-5046,1.1536
9100,202403,LC-5047,0.844
9100,202404,LC-5047,0.8508
6100,202403,LC-5048,0.9104
6100,202404,LC-5048,0.933
7100,202403,LC-5049,0.8871
7100,202404,LC-5049,0.9078
9100,202403,LC-5050,1.0675
9100,202404,LC-5050,1.0523
6100,202403,LC-5051,1.3667
6100,202404,LC-5051,1.4268
7100,202403,LC-5052,0.7081
7100,202404,LC-5052,0.6961
9100,202403,LC-5053,1.2517
9100,202404,LC-5053,1.2607
6100,202403,LC-5054,0.9641
6100,202404,LC-5054,0.9588
7100,202403,LC-5055,1.2437
7100,202404,LC-5055,1.2466
9100,202403,LC-5056,1.176
9100,202404,LC-5056,1.1544
6100,202403,LC-5057,1.1898
6100,202404,LC-5057,1.2394
7100,202403,LC-5058,0.7889
7100,202404,LC-5058,0.8258
9100,202403,LC-5059,1.1273
9100,202404,LC-5059,1.1288
6100,202403,LC-5060,1.3593
6100,202404,LC-5060,1.3765
7100,202403,LC-5061,1.3906
7100,202404,LC-5061,1.3781
9100,202403,LC-5062,0.917
9100,202404,LC-5062,0.9002
6100,202403,LC-5063,1.5442
6100,202404,LC-5063,1.6195
7100,202403,LC-5064,1.4278
7100,202404,LC-5064,1.4588
9100,202403,LC-5065,1.0626
9100,202404,LC-5065,1.0738
6100,202403,LC-5066,1.2581
6100,202404,LC-5066,1.2393
7100,202403,LC-5067,1.4498
7100,202404,LC-5067,1.4676
9100,202403,LC-5068,1.167
9100,202404,LC-5068,1.1719
6100,202403,LC-5069,1.2761
6100,202404,LC-5069,1.2751
7100,202403,LC-5070,0.948
7100,202404,LC-5070,0.9352
9100,202403,LC-5071,1.1226
9100,202404,LC-5071,1.16
6100,202403,LC-5072,0.756
6100,202404,LC-5072,0.7636
7100,202403,LC-5073,0.8494
7100,202404,LC-5073,0.8372
9100,202403,LC-5074,0.8939
9100,202404,LC-5074,0.8978
6100,202403,LC-5075,0.8089
6100,202404,LC-5075,0.8191
7100,202403,LC-5076,1.2415
7100,202404,LC-5076,1.2234
9100,202403,LC-5077,1.5369
9100,202404,LC-5077,1.5892
6100,202403,LC-5078,1.1636
6100,202404,LC-5078,1.2217
7100,202403,LC-5079,1.5143
7100,202404,LC-5079,1.5673
9100,202403,LC-5080,1.4174
9100,202404,LC-5080,1.4295
6100,202403,LC-5081,1.4168
6100,202404,LC-5081,1.4186
7100,202403,LC-5082,1.4455
7100,202404,LC-5082,1.4732
9100,202403,LC-5083,1.0838
9100,202404,LC-5083,1.0723
6100,202403,LC-5084,0.952
6100,202404,LC-5084,0.9368
7100,202403,LC-5085,0.7385
7100,202404,LC-5085,0.769
9100,202403,LC-5086,0.8146
9100,202404,LC-5086,0.8401
6100,202403,LC-5087,0.8303
6100,202404,LC-5087,0.8352
7100,202403,LC-5088,1.2333
7100,202404,LC-5088,1.216
9100,202403,LC-5089,0.8763
9100,202404,LC-5089,0.8686
6100,202403,LC-5090,1.3503
6100,202404,LC-5090,1.3863
7100,202403,LC-5091,0.7923
7100,202404,LC-5091,0.7922
9100,202403,LC-5092,1.1082
9100,202404,LC-5092,1.1414
6100,202403,LC-5093,1.2172
6100,202404,LC-5093,1.2625
7100,202403,LC-5094,0.7638
7100,202404,LC-5094,0.7775
9100,202403,LC-5095,1.5862
9100,202404,LC-5095,1.6542
6100,202403,LC-5096,0.8033
6100,202404,LC-5096,0.8431
7100,202403,LC-5097,1.1723
7100,202404,LC-5097,1.1911
9100,202403,LC-5098,1.547
9100,202404,LC-5098,1.5267
6100,202403,LC-5099,0.7615
6100,202404,LC-5099,0.7945
7100,202403,LC-5100,0.9408
7100,202404,LC-5100,0.923
9100,202403,LC-5101,0.8064
9100,202404,LC-5101,0.8128
6100,202403,LC-5102,1.4163
6100,202404,LC-5102,1.4241
7100,202403,LC-5103,0.8083
7100,202404,LC-5103,0.8056
9100,202403,LC-5104,1.2717
9100,202404,LC-5104,1.2921
6100,202403,LC-5105,0.819
6100,202404,LC-5105,0.8418
7100,202403,LC-5106,0.8905
7100,202404,LC-5106,0.8988
9100,202403,LC-5107,0.8917
9100,202404,LC-5107,0.8798
6100,202403,LC-5108,1.2966
6100,202404,LC-5108,1.3295
7100,202403,LC-5109,1.5821
7100,202404,LC-5109,1.6134
9100,202403,LC-5110,0.8957
9100,202404,LC-5110,0.8848
6100,202403,LC-5111,1.2768
6100,202404,LC-5111,1.2597
7100,202403,LC-5112,1.5188
7100,202404,LC-5112,1.5751
9100,202403,LC-5113,1.5651
9100,202404,LC-5113,1.6074
6100,202403,LC-5114,1.2353
6100,202404,LC-5114,1.2601
7100,202403,LC-5115,0.7064
7100,202404,LC-5115,0.7086
9100,202403,LC-5116,1.1256
9100,202404,LC-5116,1.1742
6100,202403,LC-5117,1.5233
6100,202404,LC-5117,1.5945
7100,202403,LC-5118,1.1539
7100,202404,LC-5118,1.164
9100,202403,LC-5119,1.4593
9100,202404,LC-5119,1.492
6100,202403,LC-5120,1.1483
6100,202404,LC-5120,1.1567
7100,202403,LC-5121,1.1835
7100,202404,LC-5121,1.2233
9100,202403,LC-5122,0.7471
9100,202404,LC-5122,0.7419
6100,202403,LC-5123,0.7893
6100,202404,LC-5123,0.7786
7100,202403,LC-5124,1.3443
7100,202404,LC-5124,1.3379
9100,202403,LC-5125,1.2957
9100,202404,LC-5125,1.2809
6100,202403,LC-5126,1.0588
6100,202404,LC-5126,1.0536
7100,202403,LC-5127,0.7866
7100,202404,LC-5127,0.8038
9100,202403,LC-5128,0.8982
9100,202404,LC-5128,0.9101
6100,202403,LC-5129,1.0619
6100,202404,LC-5129,1.0775
7100,202403,LC-5130,1.2185
7100,202404,LC-5130,1.2191
9100,202403,LC-5131,1.2758
9100,202404,LC-5131,1.3022
6100,202403,LC-5132,1.536
6100,202404,LC-5132,1.5926
7100,202403,LC-5133,1.0345
7100,202404,LC-5133,1.0793
9100,202403,LC-5134,0.9774
9100,202404,LC-5134,0.9762
6100,202403,LC-5135,1.006
6100,202404,LC-5135,0.9944
7100,202403,LC-5136,0.8249
7100,202404,LC-5136,0.8525
9100,202403,LC-5137,1.1478
9100,202404,LC-5137,1.1836
6100,202403,LC-5138,1.258
6100,202404,LC-5138,1.3032
7100,202403,LC-5139,1.4199
7100,202404,LC-5139,1.4593
9100,202403,LC-5140,0.9628
9100,202404,LC-5140,0.9949
6100,202403,LC-5141,1.4027
6100,202404,LC-5141,1.4588
7100,202403,LC-5142,1.2763
7100,202404,LC-5142,1.3053
9100,202403,LC-5143,1.5311
9100,202404,LC-5143,1.5501
6100,202403,LC-5144,0.7216
6100,202404,LC-5144,0.729
7100,202403,LC-5145,1.3978
7100,202404,LC-5145,1.4412
9100,202403,LC-5146,1.5634
9100,202404,LC-5146,1.538
6100,202403,LC-5147,1.3915
6100,202404,LC-5147,1.3905
7100,202403,LC-5148,1.5698
7100,202404,LC-5148,1.547
9100,202403,LC-5149,0.9245
9100,202404,LC-5149,0.9093
6100,202403,LC-5150,1.2723
6100,202404,LC-5150,1.2883
7100,202403,LC-5151,1.5015
7100,202404,LC-5151,1.4889
9100,202403,LC-5152,1.0562
9100,202404,LC-5152,1.0432
6100,202403,LC-5153,1.0488
6100,202404,LC-5153,1.0452
7100,202403,LC-5154,1.0043
7100,202404,LC-5154,1.0167
9100,202403,LC-5155,1.079
9100,202404,LC-5155,1.084
6100,202403,LC-5156,0.9594
6100,202404,LC-5156,0.9984
7100,202403,LC-5157,0.9
7100,202404,LC-5157,0.9026
9100,202403,LC-5158,0.7972
9100,202404,LC-5158,0.7938
6100,202403,LC-5159,0.9318
6100,202404,LC-5159,0.9522
7100,202403,LC-5160,1.2647
7100,202404,LC-5160,1.3235
9100,202403,LC-5161,1.5719
9100,202404,LC-5161,1.5827
6100,202403,LC-5162,1.2595
6100,202404,LC-5162,1.2592
7100,202403,LC-5163,1.0345
7100,202404,LC-5163,1.024
9100,202403,LC-5164,1.3611
9100,202404,LC-5164,1.3937
6100,202403,LC-5165,1.0959
6100,202404,LC-5165,1.0865
7100,202403,LC-5166,1.2708
7100,202404,LC-5166,1.2712
9100,202403,LC-5167,1.1413
9100,202404,LC-5167,1.1877
6100,202403,LC-5168,0.7733
6100,202404,LC-5168,0.791
7100,202403,LC-5169,1.1049
7100,202404,LC-5169,1.0905
9100,202403,LC-5170,0.7453
9100,202404,LC-5170,0.7763
6100,202403,LC-5171,1.3686
6100,202404,LC-5171,1.4003
7100,202403,LC-5172,1.4835
7100,202404,LC-5172,1.5364
9100,202403,LC-5173,1.492
9100,202404,LC-5173,1.5508
6100,202403,LC-5174,1.1565
6100,202404,LC-5174,1.2007
7100,202403,LC-5175,1.0513
7100,202404,LC-5175,1.1037
9100,202403,LC-5176,0.7294
9100,202404,LC-5176,0.7358
6100,202403,LC-5177,1.449
6100,202404,LC-5177,1.464
7100,202403,LC-5178,0.8868
7100,202404,LC-5178,0.8851
9100,202403,LC-5179,1.3564
9100,202404,LC-5179,1.4185
6100,202403,LC-5180,1.3874
6100,202404,LC-5180,1.4187
7100,202403,LC-5181,1.5395
7100,202404,LC-5181,1.5759
9100,202403,LC-5182,1.5359
9100,202404,LC-5182,1.5543
6100,202403,LC-5183,1.4375
6100,202404,LC-5183,1.4182
7100,202403,LC-5184,1.4788
7100,202404,LC-5184,1.4949
9100,202403,LC-5185,0.7409
9100,202404,LC-5185,0.7514
6100,202403,LC-5186,1.2939
6100,202404,LC-5186,1.2696
7100,202403,LC-5187,1.364
7100,202404,LC-5187,1.3454
9100,202403,LC-5188,1.5703
9100,202404,LC-5188,1.5993
6100,202403,LC-5189,0.7196
6100,202404,LC-5189,0.7203
7100,202403,LC-5190,0.7622
7100,202404,LC-5190,0.7925
9100,202403,LC-5191,1.4338
9100,202404,LC-5191,1.4995
6100,202403,LC-5192,0.7137
6100,202404,LC-5192,0.7247
7100,202403,LC-5193,0.8449
7100,202404,LC-5193,0.866
9100,202403,LC-5194,1.3276
9100,202404,LC-5194,1.3925
6100,202403,LC-5195,0.8923
6100,202404,LC-5195,0.8882
7100,202403,LC-5196,1.005
7100,202404,LC-5196,1.0461
9100,202403,LC-5197,1.2514
9100,202404,LC-5197,1.2515
6100,202403,LC-5198,0.711
6100,202404,LC-5198,0.7248
7100,202403,LC-5199,1.2786
7100,202404,LC-5199,1.2695
9100,202403,LC-5200,0.9106
9100,202404,LC-5200,0.9135
6100,202403,LC-5201,1.2113
6100,202404,LC-5201,1.2154
7100,202403,LC-5202,1.1159
7100,202404,LC-5202,1.1424
9100,202403,LC-5203,1.4632
9100,202404,LC-5203,1.4404
6100,202403,LC-5204,1.338
6100,202404,LC-5204,1.3922
7100,202403,LC-5205,1.4044
7100,202404,LC-5205,1.4512
9100,202403,LC-5206,1.1614
9100,202404,LC-5206,1.2162
6100,202403,LC-5207,1.0343
6100,202404,LC-5207,1.033
7100,202403,LC-5208,1.2194
7100,202404,LC-5208,1.2207
9100,202403,LC-5209,0.8473
9100,202404,LC-5209,0.8626
6100,202403,LC-5210,1.3955
6100,202404,LC-5210,1.3831
7100,202403,LC-5211,1.3765
7100,202404,LC-5211,1.3535
9100,202403,LC-5212,1.1907
9100,202404,LC-5212,1.2417
6100,202403,LC-5213,0.8987
6100,202404,LC-5213,0.8935
7100,202403,LC-5214,1.558
7100,202404,LC-5214,1.6056
9100,202403,LC-5215,1.1188
9100,202404,LC-5215,1.0997
6100,202403,LC-5216,1.2105
6100,202404,LC-5216,1.1994
7100,202403,LC-5217,1.4718
7100,202404,LC-5217,1.533
9100,202403,LC-5218,1.0266
9100,202404,LC-5218,1.0448
6100,202403,LC-5219,1.2238
6100,202404,LC-5219,1.2376
7100,202403,LC-5220,1.5434
7100,202404,LC-5220,1.5682
9100,202403,LC-5221,1.2552
9100,202404,LC-5221,1.2691
6100,202403,LC-5222,1.0048
6100,202404,LC-5222,1.0257
7100,202403,LC-5223,1.5163
7100,202404,LC-5223,1.506
9100,202403,LC-5224,1.3025
9100,202404,LC-5224,1.3203
6100,202403,LC-5225,1.0723
6100,202404,LC-5225,1.1005
7100,202403,LC-5226,0.9208
7100,202404,LC-5226,0.9571
9100,202403,LC-5227,1.337
9100,202404,LC-5227,1.3362
6100,202403,LC-5228,0.7326
6100,202404,LC-5228,0.7341
7100,202403,LC-5229,1.1377
7100,202404,LC-5229,1.1551
9100,202403,LC-5230,1.1737
9100,202404,LC-5230,1.1969
6100,202403,LC-5231,1.3003
6100,202404,LC-5231,1.3574
7100,202403,LC-5232,0.9746
7100,202404,LC-5232,0.9552
9100,202403,LC-5233,1.3277
9100,202404,LC-5233,1.3876
6100,202403,LC-5234,0.7407
6100,202404,LC-5234,0.7604
7100,202403,LC-5235,1.2794
7100,202404,LC-5235,1.2951
9100,202403,LC-5236,1.0079
9100,202404,LC-5236,0.9911
6100,202403,LC-5237,0.7661
6100,202404,LC-5237,0.7856
7100,202403,LC-5238,0.745
7100,202404,LC-5238,0.7501
9100,202403,LC-5239,1.5919
9100,202404,LC-5239,1.6266
6100,202403,LC-5240,0.7459
6100,202404,LC-5240,0.7784
7100,202403,LC-5241,1.5563
7100,202404,LC-5241,1.5823
9100,202403,LC-5242,0.7009
9100,202404,LC-5242,0.6966
6100,202403,LC-5243,1.187
6100,202404,LC-5243,1.238
7100,202403,LC-5244,1.4822
7100,202404,LC-5244,1.458
9100,202403,LC-5245,0.7436
9100,202404,LC-5245,0.7544
6100,202403,LC-5246,0.9734
6100,202404,LC-5246,1.0205
7100,202403,LC-5247,1.5942
7100,202404,LC-5247,1.6686
9100,202403,LC-5248,0.8387
9100,202404,LC-5248,0.8459
6100,202403,LC-5249,0.8468
6100,202404,LC-5249,0.8669
7100,202403,LC-5250,1.385
7100,202404,LC-5250,1.3761
9100,202403,LC-5251,1.4673
9100,202404,LC-5251,1.5065
6100,202403,LC-5252,1.1432
6100,202404,LC-5252,1.1799
7100,202403,LC-5253,1.5197
7100,202404,LC-5253,1.5848
9100,202403,LC-5254,1.033
9100,202404,LC-5254,1.0513
6100,202403,LC-5255,1.017
6100,202404,LC-5255,1.0426
7100,202403,LC-5256,1.4956
7100,202404,LC-5256,1.4836
9100,202403,LC-5257,1.1461
9100,202404,LC-5257,1.1594
6100,202403,LC-5258,0.7276
6100,202404,LC-5258,0.7604
7100,202403,LC-5259,1.213
7100,202404,LC-5259,1.2125
9100,202403,LC-5260,0.9968
9100,202404,LC-5260,0.978
6100,202403,LC-5261,1.2534
6100,202404,LC-5261,1.2608
7100,202403,LC-5262,1.2202
7100,202404,LC-5262,1.2292
9100,202403,LC-5263,1.1835
9100,202404,LC-5263,1.2032
6100,202403,LC-5264,1.1167
6100,202404,LC-5264,1.1032
7100,202403,LC-5265,0.9166
7100,202404,LC-5265,0.9207
9100,202403,LC-5266,0.7257
9100,202404,LC-5266,0.7456
6100,202403,LC-5267,1.3102
6100,202404,LC-5267,1.3754
7100,202403,LC-5268,0.9411
7100,202404,LC-5268,0.9352
9100,202403,LC-5269,1.0539
9100,202404,LC-5269,1.1009
6100,202403,LC-5270,1.1652
6100,202404,LC-5270,1.194
7100,202403,LC-5271,0.7648
7100,202404,LC-5271,0.7877
9100,202403,LC-5272,0.8541
9100,202404,LC-5272,0.892
6100,202403,LC-5273,1.244
6100,202404,LC-5273,1.2568
7100,202403,LC-5274,1.5006
7100,202404,LC-5274,1.4895
9100,202403,LC-5275,0.7893
9100,202404,LC-5275,0.7829
6100,202403,LC-5276,1.3113
6100,202404,LC-5276,1.3725
7100,202403,LC-5277,1.5411
7100,202404,LC-5277,1.5585
9100,202403,LC-5278,1.1816
9100,202404,LC-5278,1.1754
6100,202403,LC-5279,1.1118
6100,202404,LC-5279,1.1331
7100,202403,LC-5280,0.7066
7100,202404,LC-5280,0.7372
9100,202403,LC-5281,1.1579
9100,202404,LC-5281,1.1695
6100,202403,LC-5282,0.7348
6100,202404,LC-5282,0.7547
7100,202403,LC-5283,0.8363
7100,202404,LC-5283,0.8579
9100,202403,LC-5284,0.994
9100,202404,LC-5284,1.0365
6100,202403,LC-5285,0.831
6100,202404,LC-5285,0.8669
7100,202403,LC-5286,1.4873
7100,202404,LC-5286,1.4843
9100,202403,LC-5287,1.3374
9100,202404,LC-5287,1.3411
6100,202403,LC-5288,1.0561
6100,202404,LC-5288,1.0572
7100,202403,LC-5289,1.2172
7100,202404,LC-5289,1.2559
9100,202403,LC-5290,1.0178
9100,202404,LC-5290,0.9976
6100,202403,LC-5291,1.0287
6100,202404,LC-5291,1.0705
7100,202403,LC-5292,1.1649
7100,202404,LC-5292,1.1725
9100,202403,LC-5293,1.2668
9100,202404,LC-5293,1.322
6100,202403,LC-5294,0.9207
6100,202404,LC-5294,0.9587
7100,202403,LC-5295,1.3986
7100,202404,LC-5295,1.4327
9100,202403,LC-5296,0.8507
9100,202404,LC-5296,0.8535
6100,202403,LC-5297,1.5212
6100,202404,LC-5297,1.5757
7100,202403,LC-5298,1.3946
7100,202404,LC-5298,1.4247
9100,202403,LC-5299,1.4203
9100,202404,LC-5299,1.4629
6100,202403,LC-5300,1.248
6100,202404,LC-5300,1.3098
7100,202403,LC-5301,0.8892
7100,202404,LC-5301,0.878
9100,202403,LC-5302,0.82
9100,202404,LC-5302,0.8407
6100,202403,LC-5303,1.4655
6100,202404,LC-5303,1.4486
7100,202403,LC-5304,1.4082
7100,202404,LC-5304,1.4151
9100,202403,LC-5305,0.9202
9100,202404,LC-5305,0.9504
6100,202403,LC-5306,0.708
6100,202404,LC-5306,0.6949
7100,202403,LC-5307,1.5189
7100,202404,LC-5307,1.5337
9100,202403,LC-5308,1.0693
9100,202404,LC-5308,1.0744
6100,202403,LC-5309,1.4356
6100,202404,LC-5309,1.5003
7100,202403,LC-5310,1.4271
7100,202404,LC-5310,1.4053
9100,202403,LC-5311,0.9478
9100,202404,LC-5311,0.9514
6100,202403,LC-5312,1.5459
6100,202404,LC-5312,1.5466
7100,202403,LC-5313,1.2593
7100,202404,LC-5313,1.3073
9100,202403,LC-5314,1.1653
9100,202404,LC-5314,1.1762
6100,202403,LC-5315,0.962
6100,202404,LC-5315,0.977
7100,202403,LC-5316,1.4441
7100,202404,LC-5316,1.4993
9100,202403,LC-5317,1.5362
9100,202404,LC-5317,1.5344
6100,202403,LC-5318,1.4983
6100,202404,LC-5318,1.542
7100,202403,LC-5319,0.8068
7100,202404,LC-5319,0.8404
9100,202403,LC-5320,0.9984
9100,202404,LC-5320,0.9794
6100,202403,LC-5321,0.9269
6100,202404,LC-5321,0.9129
7100,202403,LC-5322,0.9466
7100,202404,LC-5322,0.9397
9100,202403,LC-5323,1.4865
9100,202404,LC-5323,1.5164
6100,202403,LC-5324,1.4835
6100,202404,LC-5324,1.4883
7100,202403,LC-5325,0.9508
7100,202404,LC-5325,0.9417
9100,202403,LC-5326,1.151
9100,202404,LC-5326,1.1823
6100,202403,LC-5327,1.2425
6100,202404,LC-5327,1.2869
7100,202403,LC-5328,0.877
7100,202404,LC-5328,0.8803
9100,202403,LC-5329,1.3777
9100,202404,LC-5329,1.3706
6100,202403,LC-5330,1.5774
6100,202404,LC-5330,1.6176
7100,202403,LC-5331,1.2339
7100,202404,LC-5331,1.2448
9100,202403,LC-5332,0.957
9100,202404,LC-5332,0.9389
6100,202403,LC-5333,0.9472
6100,202404,LC-5333,0.9341
7100,202403,LC-5334,0.9866
7100,202404,LC-5334,1.0351
9100,202403,LC-5335,1.4307
9100,202404,LC-5335,1.4243
6100,202403,LC-5336,0.997
6100,202404,LC-5336,0.9816
7100,202403,LC-5337,1.2768
7100,202404,LC-5337,1.2754
9100,202403,LC-5338,1.085
9100,202404,LC-5338,1.0949
6100,202403,LC-5339,1.5936
6100,202404,LC-5339,1.6607
7100,202403,LC-5340,0.7232
7100,202404,LC-5340,0.7362
9100,202403,LC-5341,0.7839
9100,202404,LC-5341,0.7823
6100,202403,LC-5342,1.5353
6100,202404,LC-5342,1.575
7100,202403,LC-5343,0.8781
7100,202404,LC-5343,0.8607
9100,202403,LC-5344,1.3492
9100,202404,LC-5344,1.3368
6100,202403,LC-5345,1.4417
6100,202404,LC-5345,1.4721
7100,202403,LC-5346,1.2136
7100,202404,LC-5346,1.2201
9100,202403,LC-5347,1.5971
9100,202404,LC-5347,1.5728
6100,202403,LC-5348,1.1014
6100,202404,LC-5348,1.0926
7100,202403,LC-5349,1.3385
7100,202404,LC-5349,1.321
9100,202403,LC-5350,1.2022
9100,202404,LC-5350,1.227
6100,202403,LC-5351,1.0987
6100,202404,LC-5351,1.1027
7100,202403,LC-5352,1.5515
7100,202404,LC-5352,1.5602
9100,202403,LC-5353,1.0736
9100,202404,LC-5353,1.0717
6100,202403,LC-5354,0.806
6100,202404,LC-5354,0.8211
7100,202403,LC-5355,1.3459
7100,202404,LC-5355,1.4084
9100,202403,LC-5356,1.1739
9100,202404,LC-5356,1.1961
6100,202403,LC-5357,1.002
6100,202404,LC-5357,1.0452
7100,202403,LC-5358,1.3349
7100,202404,LC-5358,1.3652
9100,202403,LC-5359,1.5145
9100,202404,LC-5359,1.5624
6100,202403,LC-5360,1.5216
6100,202404,LC-5360,1.5735
7100,202403,LC-5361,1.338
7100,202404,LC-5361,1.3677
9100,202403,LC-5362,1.4875
9100,202404,LC-5362,1.471
6100,202403,LC-5363,1.5587
6100,202404,LC-5363,1.5856
7100,202403,LC-5364,1.2742
7100,202404,LC-5364,1.266
9100,202403,LC-5365,0.8202
9100,202404,LC-5365,0.833
6100,202403,LC-5366,1.0393
6100,202404,LC-5366,1.067
7100,202403,LC-5367,1.3985
7100,202404,LC-5367,1.4078
9100,202403,LC-5368,1.0893
9100,202404,LC-5368,1.084
6100,202403,LC-5369,0.791
6100,202404,LC-5369,0.8101
7100,202403,LC-5370,1.189
7100,202404,LC-5370,1.1876
9100,202403,LC-5371,1.1195
9100,202404,LC-5371,1.1633
6100,202403,LC-5372,1.418
6100,202404,LC-5372,1.4506
7100,202403,LC-5373,1.0431
7100,202404,LC-5373,1.0629
9100,202403,LC-5374,0.7728
9100,202404,LC-5374,0.8052
6100,202403,LC-5375,1.3403
6100,202404,LC-5375,1.3142
7100,202403,LC-5376,1.058
7100,202404,LC-5376,1.0636
9100,202403,LC-5377,1.037
9100,202404,LC-5377,1.0812
6100,202403,LC-5378,0.723
6100,202404,LC-5378,0.7479
7100,202403,LC-5379,0.9958
7100,202404,LC-5379,1.0453
9100,202403,LC-5380,0.8986
9100,202404,LC-5380,0.9054
6100,202403,LC-5381,1.0685
6100,202404,LC-5381,1.0796
7100,202403,LC-5382,1.547
7100,202404,LC-5382,1.5732
9100,202403,LC-5383,0.9792
9100,202404,LC-5383,1.0111
6100,202403,LC-5384,0.9354
6100,202404,LC-5384,0.9247
7100,202403,LC-5385,0.9143
7100,202404,LC-5385,0.9382
9100,202403,LC-5386,1.3958
9100,202404,LC-5386,1.4294
6100,202403,LC-5387,1.4203
6100,202404,LC-5387,1.4086
7100,202403,LC-5388,1.557
7100,202404,LC-5388,1.5785
9100,202403,LC-5389,0.7054
9100,202404,LC-5389,0.7232
6100,202403,LC-5390,1.2369
6100,202404,LC-5390,1.2798
7100,202403,LC-5391,0.7779
7100,202404,LC-5391,0.7708
9100,202403,LC-5392,0.7526
9100,202404,LC-5392,0.7879
6100,202403,LC-5393,0.9566
6100,202404,LC-5393,0.9395
7100,202403,LC-5394,1.0435
7100,202404,LC-5394,1.0439
9100,202403,LC-5395,1.0634
9100,202404,LC-5395,1.0617
6100,202403,LC-5396,1.3897
6100,202404,LC-5396,1.4194
7100,202403,LC-5397,1.1861
7100,202404,LC-5397,1.2332
9100,202403,LC-5398,1.2281
9100,202404,LC-5398,1.2826
6100,202403,LC-5399,0.7884
6100,202404,LC-5399,0.8195
7100,202403,LC-5400,1.1336
7100,202404,LC-5400,1.1304
9100,202403,LC-5401,0.7465
9100,202404,LC-5401,0.7357
6100,202403,LC-5402,1.1432
6100,202404,LC-5402,1.1253
7100,202403,LC-5403,0.8527
7100,202404,LC-5403,0.8604
9100,202403,LC-5404,0.8983
9100,202404,LC-5404,0.8972
6100,202403,LC-5405,1.5635
6100,202404,LC-5405,1.5507
7100,202403,LC-5406,0.9752
7100,202404,LC-5406,1.0192
9100,202403,LC-5407,1.0814
9100,202404,LC-5407,1.0798
6100,202403,LC-5408,0.7777
6100,202404,LC-5408,0.8044
7100,202403,LC-5409,1.5063
7100,202404,LC-5409,1.4869
9100,202403,LC-5410,1.2021
9100,202404,LC-5410,1.2135
6100,202403,LC-5411,1.2736
6100,202404,LC-5411,1.2566
7100,202403,LC-5412,1.096
7100,202404,LC-5412,1.0828
9100,202403,LC-5413,0.9732
9100,202404,LC-5413,0.9777
6100,202403,LC-5414,1.2564
6100,202404,LC-5414,1.3004
7100,202403,LC-5415,0.7598
7100,202404,LC-5415,0.7976
9100,202403,LC-5416,0.9251
9100,202404,LC-5416,0.9584
6100,202403,LC-5417,1.169
6100,202404,LC-5417,1.1752
7100,202403,LC-5418,1.0407
7100,202404,LC-5418,1.0512
9100,202403,LC-5419,1.4772
9100,202404,LC-5419,1.5432
6100,202403,LC-5420,1.4638
6100,202404,LC-5420,1.4626
7100,202403,LC-5421,1.5938
7100,202404,LC-5421,1.6504
9100,202403,LC-5422,1.5014
9100,202404,LC-5422,1.525
6100,202403,LC-5423,1.2592
6100,202404,LC-5423,1.2532
7100,202403,LC-5424,0.9088
7100,202404,LC-5424,0.8933
9100,202403,LC-5425,1.3426
9100,202404,LC-5425,1.3917
6100,202403,LC-5426,0.9568
6100,202404,LC-5426,0.9875
7100,202403,LC-5427,0.7609
7100,202404,LC-5427,0.7842
9100,202403,LC-5428,1.3276
9100,202404,LC-5428,1.3759
6100,202403,LC-5429,1.452
6100,202404,LC-5429,1.4344
7100,202403,LC-5430,1.4555
7100,202404,LC-5430,1.4481
9100,202403,LC-5431,1.2732
9100,202404,LC-5431,1.3082
6100,202403,LC-5432,1.435
6100,202404,LC-5432,1.4457
7100,202403,LC-5433,0.8975
7100,202404,LC-5433,0.9168
9100,202403,LC-5434,1.2395
9100,202404,LC-5434,1.2171
6100,202403,LC-5435,1.1739
6100,202404,LC-5435,1.2097
7100,202403,LC-5436,1.2899
7100,202404,LC-5436,1.3114
9100,202403,LC-5437,0.9613
9100,202404,LC-5437,0.9812
6100,202403,LC-5438,0.7324
6100,202404,LC-5438,0.7284
7100,202403,LC-5439,1.3629
7100,202404,LC-5439,1.4007
9100,202403,LC-5440,1.5626
9100,202404,LC-5440,1.5731
6100,202403,LC-5441,0.7924
6100,202404,LC-5441,0.8207
7100,202403,LC-5442,1.3016
7100,202404,LC-5442,1.3059
9100,202403,LC-5443,1.2812
9100,202404,LC-5443,1.2648
6100,202403,LC-5444,1.3009
6100,202404,LC-5444,1.3175
7100,202403,LC-5445,1.0824
7100,202404,LC-5445,1.101
9100,202403,LC-5446,1.3032
9100,202404,LC-5446,1.3558
6100,202403,LC-5447,1.2978
6100,202404,LC-5447,1.3561
7100,202403,LC-5448,0.9154
7100,202404,LC-5448,0.8983
9100,202403,LC-5449,1.1979
9100,202404,LC-5449,1.2042
6100,202403,LC-5450,1.3001
6100,202404,LC-5450,1.3215
7100,202403,LC-5451,0.932
7100,202404,LC-5451,0.9314
9100,202403,LC-5452,0.8079
9100,202404,LC-5452,0.8001
6100,202403,LC-5453,1.1545
6100,202404,LC-5453,1.1704
7100,202403,LC-5454,0.7782
7100,202404,LC-5454,0.7786
9100,202403,LC-5455,0.7787
9100,202404,LC-5455,0.7703
6100,202403,LC-5456,1.1638
6100,202404,LC-5456,1.1786
7100,202403,LC-5457,1.0649
7100,202404,LC-5457,1.1101
9100,202403,LC-5458,1.4091
9100,202404,LC-5458,1.3987
6100,202403,LC-5459,1.5384
6100,202404,LC-5459,1.5356
7100,202403,LC-5460,1.351
7100,202404,LC-5460,1.3382
9100,202403,LC-5461,1.5692
9100,202404,LC-5461,1.5958
6100,202403,LC-5462,0.9656
6100,202404,LC-5462,0.9542
7100,202403,LC-5463,1.4976
7100,202404,LC-5463,1.5067
9100,202403,LC-5464,1.1834
9100,202404,LC-5464,1.2136
6100,202403,LC-5465,1.3174
6100,202404,LC-5465,1.2954
7100,202403,LC-5466,1.3467
7100,202404,LC-5466,1.4129
9100,202403,LC-5467,1.0027
9100,202404,LC-5467,1.0488
6100,202403,LC-5468,1.1519
6100,202404,LC-5468,1.1301
7100,202403,LC-5469,0.8246
7100,202404,LC-5469,0.8579
9100,202403,LC-5470,0.92
9100,202404,LC-5470,0.9656
6100,202403,LC-5471,0.8123
6100,202404,LC-5471,0.8218
7100,202403,LC-5472,1.4752
7100,202404,LC-5472,1.4918
9100,202403,LC-5473,0.8348
9100,202404,LC-5473,0.849
6100,202403,LC-5474,1.1587
6100,202404,LC-5474,1.1503
7100,202403,LC-5475,1.1024
7100,202404,LC-5475,1.1104
9100,202403,LC-5476,0.9821
9100,202404,LC-5476,1.0188
6100,202403,LC-5477,1.2749
6100,202404,LC-5477,1.2962
7100,202403,LC-5478,1.0877
7100,202404,LC-5478,1.1321
9100,202403,LC-5479,1.4173
9100,202404,LC-5479,1.4722
6100,202403,LC-5480,1.3686
6100,202404,LC-5480,1.3903
7100,202403,LC-5481,0.8467
7100,202404,LC-5481,0.847
9100,202403,LC-5482,1.1398
9100,202404,LC-5482,1.1314
6100,202403,LC-5483,1.5363
6100,202404,LC-5483,1.6032
7100,202403,LC-5484,1.0943
7100,202404,LC-5484,1.1276
9100,202403,LC-5485,0.8214
9100,202404,LC-5485,0.8427
6100,202403,LC-5486,0.7373
6100,202404,LC-5486,0.7485
7100,202403,LC-5487,1.5771
7100,202404,LC-5487,1.6295
9100,202403,LC-5488,1.447
9100,202404,LC-5488,1.4711
6100,202403,LC-5489,1.5405
6100,202404,LC-5489,1.5411
7100,202403,LC-5490,1.2576
7100,202404,LC-5490,1.3093
9100,202403,LC-5491,1.5167
9100,202404,LC-5491,1.4877
6100,202403,LC-5492,1.2665
6100,202404,LC-5492,1.254
7100,202403,LC-5493,1.3722
7100,202404,LC-5493,1.3977
9100,202403,LC-5494,0.7733
9100,202404,LC-5494,0.7887
6100,202403,LC-5495,0.9541
6100,202404,LC-5495,0.9399
7100,202403,LC-5496,1.0578
7100,202404,LC-5496,1.089
9100,202403,LC-5497,1.2087
9100,202404,LC-5497,1.2195
6100,202403,LC-5498,1.2627
6100,202404,LC-5498,1.2898
7100,202403,LC-5499,0.9525
7100,202404,LC-5499,0.9698
9100,202403,LC-5500,1.3046
9100,202404,LC-5500,1.3213
6100,202403,LC-5501,1.3036
6100,202404,LC-5501,1.3322
7100,202403,LC-5502,1.3466
7100,202404,LC-5502,1.3739
9100,202403,LC-5503,0.9901
9100,202404,LC-5503,0.9962
6100,202403,LC-5504,0.7484
6100,202404,LC-5504,0.7777
7100,202403,LC-5505,1.2857
7100,202404,LC-5505,1.3382
9100,202403,LC-5506,0.7212
9100,202404,LC-5506,0.719
6100,202403,LC-5507,0.7406
6100,202404,LC-5507,0.7306
7100,202403,LC-5508,1.2897
7100,202404,LC-5508,1.2836
9100,202403,LC-5509,1.1753
9100,202404,LC-5509,1.1633
6100,202403,LC-5510,1.4036
6100,202404,LC-5510,1.4712
7100,202403,LC-5511,1.2026
7100,202404,LC-5511,1.2588
9100,202403,LC-5512,1.2054
9100,202404,LC-5512,1.2232
6100,202403,LC-5513,0.9035
6100,202404,LC-5513,0.9226
7100,202403,LC-5514,1.2524
7100,202404,LC-5514,1.2783
9100,202403,LC-5515,1.1164
9100,202404,LC-5515,1.1293
6100,202403,LC-5516,0.8138
6100,202404,LC-5516,0.7989
7100,202403,LC-5517,1.3556
7100,202404,LC-5517,1.3774
9100,202403,LC-5518,1.4413
9100,202404,LC-5518,1.424
6100,202403,LC-5519,1.4352
6100,202404,LC-5519,1.4914
7100,202403,LC-5520,1.1293
7100,202404,LC-5520,1.1079
9100,202403,LC-5521,0.8029
9100,202404,LC-5521,0.8369
6100,202403,LC-5522,1.4224
6100,202404,LC-5522,1.4789
7100,202403,LC-5523,1.1603
7100,202404,LC-5523,1.1524
9100,202403,LC-5524,1.1395
9100,202404,LC-5524,1.1817
6100,202403,LC-5525,1.4295
6100,202404,LC-5525,1.4358
7100,202403,LC-5526,1.4685
7100,202404,LC-5526,1.5332
9100,202403,LC-5527,1.5271
9100,202404,LC-5527,1.5497
6100,202403,LC-5528,1.2623
6100,202404,LC-5528,1.2631
7100,202403,LC-5529,1.4189
7100,202404,LC-5529,1.4242
9100,202403,LC-5530,1.0037
9100,202404,LC-5530,1.0222
6100,202403,LC-5531,0.7718
6100,202404,LC-5531,0.7967
7100,202403,LC-5532,1.0709
7100,202404,LC-5532,1.0534
9100,202403,LC-5533,1.1876
9100,202404,LC-5533,1.2375
6100,202403,LC-5534,0.7235
6100,202404,LC-5534,0.7366
7100,202403,LC-5535,1.5905
7100,202404,LC-5535,1.5819
9100,202403,LC-5536,1.0266
9100,202404,LC-5536,1.0471
6100,202403,LC-5537,1.0395
6100,202404,LC-5537,1.0329
7100,202403,LC-5538,0.984
7100,202404,LC-5538,0.9854
9100,202403,LC-5539,1.1011
9100,202404,LC-5539,1.144
6100,202403,LC-5540,1.2514
6100,202404,LC-5540,1.2966
7100,202403,LC-5541,1.3932
7100,202404,LC-5541,1.3852
9100,202403,LC-5542,1.1482
9100,202404,LC-5542,1.1357
6100,202403,LC-5543,1.2106
6100,202404,LC-5543,1.2265
7100,202403,LC-5544,0.7329
7100,202404,LC-5544,0.735
9100,202403,LC-5545,1.2242
9100,202404,LC-5545,1.2781
6100,202403,LC-5546,1.047
6100,202404,LC-5546,1.0948
7100,202403,LC-5547,0.7046
7100,202404,LC-5547,0.6978
9100,202403,LC-5548,1.188
9100,202404,LC-5548,1.1948
6100,202403,LC-5549,0.8267
6100,202404,LC-5549,0.8543
7100,202403,LC-5550,1.4716
7100,202404,LC-5550,1.4948
9100,202403,LC-5551,0.7362
9100,202404,LC-5551,0.7673
6100,202403,LC-5552,1.4331
6100,202404,LC-5552,1.4854
7100,202403,LC-5553,0.7584
7100,202404,LC-5553,0.7472
9100,202403,LC-5554,0.8151
9100,202404,LC-5554,0.8182
6100,202403,LC-5555,1.2035
6100,202404,LC-5555,1.2009
7100,202403,LC-5556,1.2995
7100,202404,LC-5556,1.355
9100,202403,LC-5557,1.4533
9100,202404,LC-5557,1.4608
6100,202403,LC-5558,0.8022
6100,202404,LC-5558,0.7863
7100,202403,LC-5559,1.028
7100,202404,LC-5559,1.0358
9100,202403,LC-5560,1.1382
9100,202404,LC-5560,1.1748
6100,202403,LC-5561,0.8203
6100,202404,LC-5561,0.8337
7100,202403,LC-5562,1.1815
7100,202404,LC-5562,1.1643
9100,202403,LC-5563,1.1764
9100,202404,LC-5563,1.231
6100,202403,LC-5564,1.0499
6100,202404,LC-5564,1.0865
7100,202403,LC-5565,1.3932
7100,202404,LC-5565,1.4155
9100,202403,LC-5566,1.3511
9100,202404,LC-5566,1.3406
6100,202403,LC-5567,0.7964
6100,202404,LC-5567,0.7898
7100,202403,LC-5568,1.2269
7100,202404,LC-5568,1.2385
9100,202403,LC-5569,1.2799
9100,202404,LC-5569,1.2982
6100,202403,LC-5570,0.8663
6100,202404,LC-5570,0.9021
7100,202403,LC-5571,0.9272
7100,202404,LC-5571,0.9647
9100,202403,LC-5572,0.932
9100,202404,LC-5572,0.9257
6100,202403,LC-5573,0.7482
6100,202404,LC-5573,0.7565
7100,202403,LC-5574,0.9536
7100,202404,LC-5574,0.9466
9100,202403,LC-5575,0.9647
9100,202404,LC-5575,0.9679
6100,202403,LC-5576,1.4646
6100,202404,LC-5576,1.4399
7100,202403,LC-5577,0.9765
7100,202404,LC-5577,0.9878
9100,202403,LC-5578,0.9329
9100,202404,LC-5578,0.9734
6100,202403,LC-5579,1.4174
6100,202404,LC-5579,1.4823
7100,202403,LC-5580,1.5089
7100,202404,LC-5580,1.5495
9100,202403,LC-5581,1.0681
9100,202404,LC-5581,1.0698
6100,202403,LC-5582,0.7885
6100,202404,LC-5582,0.8185
7100,202403,LC-5583,1.3278
7100,202404,LC-5583,1.3463
9100,202403,LC-5584,1.3065
9100,202404,LC-5584,1.3654
6100,202403,LC-5585,1.1683
6100,202404,LC-5585,1.161
7100,202403,LC-5586,1.0923
7100,202404,LC-5586,1.1375
9100,202403,LC-5587,1.5939
9100,202404,LC-5587,1.601
6100,202403,LC-5588,0.8556
6100,202404,LC-5588,0.8894
7100,202403,LC-5589,1.2004
7100,202404,LC-5589,1.2366
9100,202403,LC-5590,1.0859
9100,202404,LC-5590,1.1165
6100,202403,LC-5591,0.9325
6100,202404,LC-5591,0.9306
7100,202403,LC-5592,1.2847
7100,202404,LC-5592,1.2822
9100,202403,LC-5593,1.2007
9100,202404,LC-5593,1.2249
6100,202403,LC-5594,1.0749
6100,202404,LC-5594,1.0712
7100,202403,LC-5595,1.1361
7100,202404,LC-5595,1.1361
9100,202403,LC-5596,0.7575
9100,202404,LC-5596,0.7825
6100,202403,LC-5597,0.8788
6100,202404,LC-5597,0.8772
7100,202403,LC-5598,1.4843
7100,202404,LC-5598,1.5284
9100,202403,LC-5599,0.8701
9100,202404,LC-5599,0.9019
6100,202403,LC-5600,1.41
6100,202404,LC-5600,1.4769
7100,202403,LC-5601,1.3735
7100,202404,LC-5601,1.4041
9100,202403,LC-5602,1.2553
9100,202404,LC-5602,1.2808
6100,202403,LC-5603,0.9112
6100,202404,LC-5603,0.906
7100,202403,LC-5604,1.3755
7100,202404,LC-5604,1.4174
9100,202403,LC-5605,1.1295
9100,202404,LC-5605,1.109
6100,202403,LC-5606,1.2483
6100,202404,LC-5606,1.2596
7100,202403,LC-5607,0.8409
7100,202404,LC-5607,0.8718
9100,202403,LC-5608,1.4706
9100,202404,LC-5608,1.4924
6100,202403,LC-5609,1.0294
6100,202404,LC-5609,1.019
7100,202403,LC-5610,0.9349
7100,202404,LC-5610,0.9475
9100,202403,LC-5611,0.9327
9100,202404,LC-5611,0.923
6100,202403,LC-5612,1.5919
6100,202404,LC-5612,1.5653
7100,202403,LC-5613,1.2963
7100,202404,LC-5613,1.309
9100,202403,LC-5614,1.0513
9100,202404,LC-5614,1.0619
6100,202403,LC-5615,1.0946
6100,202404,LC-5615,1.103
7100,202403,LC-5616,1.5266
7100,202404,LC-5616,1.5461
9100,202403,LC-5617,1.393
9100,202404,LC-5617,1.3668
6100,202403,LC-5618,1.3319
6100,202404,LC-5618,1.3326
7100,202403,LC-5619,0.7558
7100,202404,LC-5619,0.7477
9100,202403,LC-5620,1.365
9100,202404,LC-5620,1.4141
6100,202403,LC-5621,1.2856
6100,202404,LC-5621,1.2909
7100,202403,LC-5622,1.1844
7100,202404,LC-5622,1.1913
9100,202403,LC-5623,0.8125
9100,202404,LC-5623,0.8094
6100,202403,LC-5624,1.2004
6100,202404,LC-5624,1.1868
7100,202403,LC-5625,1.3395
7100,202404,LC-5625,1.3655
9100,202403,LC-5626,1.1036
9100,202404,LC-5626,1.1241
6100,202403,LC-5627,0.9766
6100,202404,LC-5627,1.0004
7100,202403,LC-5628,0.7256
7100,202404,LC-5628,0.7394
9100,202403,LC-5629,1.1353
9100,202404,LC-5629,1.154
6100,202403,LC-5630,0.8029
6100,202404,LC-5630,0.7997
7100,202403,LC-5631,1.3237
7100,202404,LC-5631,1.3036
9100,202403,LC-5632,1.5492
9100,202404,LC-5632,1.604
6100,202403,LC-5633,0.9101
6100,202404,LC-5633,0.9167
7100,202403,LC-5634,0.7766
7100,202404,LC-5634,0.7936
9100,202403,LC-5635,1.3647
9100,202404,LC-5635,1.3993
6100,202403,LC-5636,1.3105
6100,202404,LC-5636,1.3075
7100,202403,LC-5637,1.5138
7100,202404,LC-5637,1.5473
9100,202403,LC-5638,0.871
9100,202404,LC-5638,0.8779
6100,202403,LC-5639,0.8091
6100,202404,LC-5639,0.8384
7100,202403,LC-5640,1.0829
7100,202404,LC-5640,1.098
9100,202403,LC-5641,0.9338
9100,202404,LC-5641,0.9754
6100,202403,LC-5642,1.1205
6100,202404,LC-5642,1.1036
7100,202403,LC-5643,1.2755
7100,202404,LC-5643,1.2739
9100,202403,LC-5644,1.5261
9100,202404,LC-5644,1.5066
6100,202403,LC-5645,1.4143
6100,202404,LC-5645,1.3906
7100,202403,LC-5646,1.4333
7100,202404,LC-5646,1.4181
9100,202403,LC-5647,1.3498
9100,202404,LC-5647,1.3464
6100,202403,LC-5648,1.3584
6100,202404,LC-5648,1.3855
7100,202403,LC-5649,0.9183
7100,202404,LC-5649,0.9498
9100,202403,LC-5650,1.156
9100,202404,LC-5650,1.165
6100,202403,LC-5651,1.4612
6100,202404,LC-5651,1.4386
7100,202403,LC-5652,1.2884
7100,202404,LC-5652,1.2909
9100,202403,LC-5653,0.7515
9100,202404,LC-5653,0.779
6100,202403,LC-5654,0.9412
6100,202404,LC-5654,0.9351
7100,202403,LC-5655,1.23
7100,202404,LC-5655,1.2176
9100,202403,LC-5656,1.4463
9100,202404,LC-5656,1.4853
6100,202403,LC-5657,1.3093
6100,202404,LC-5657,1.3142
7100,202403,LC-5658,1.245
7100,202404,LC-5658,1.271
9100,202403,LC-5659,0.8684
9100,202404,LC-5659,0.9075
6100,202403,LC-5660,0.8896
6100,202404,LC-5660,0.9175
7100,202403,LC-5661,1.1199
7100,202404,LC-5661,1.1253
9100,202403,LC-5662,0.8629
9100,202404,LC-5662,0.8893
6100,202403,LC-5663,1.542
6100,202404,LC-5663,1.6044
7100,202403,LC-5664,1.0133
7100,202404,LC-5664,1.0184
9100,202403,LC-5665,1.5003
9100,202404,LC-5665,1.5068
6100,202403,LC-5666,1.3604
6100,202404,LC-5666,1.4216
7100,202403,LC-5667,0.8106
7100,202404,LC-5667,0.8024
9100,202403,LC-5668,1.2791
9100,202404,LC-5668,1.3234
6100,202403,LC-5669,0.9528
6100,202404,LC-5669,0.9881
7100,202403,LC-5670,1.0794
7100,202404,LC-5670,1.0847
9100,202403,LC-5671,1.019
9100,202404,LC-5671,1.0658
6100,202403,LC-5672,1.1778
6100,202404,LC-5672,1.1731
7100,202403,LC-5673,1.0423
7100,202404,LC-5673,1.0906
9100,202403,LC-5674,1.3238
9100,202404,LC-5674,1.3021
6100,202403,LC-5675,0.8016
6100,202404,LC-5675,0.8286
7100,202403,LC-5676,0.7645
7100,202404,LC-5676,0.7552
9100,202403,LC-5677,1.0614
9100,202404,LC-5677,1.1073
6100,202403,LC-5678,0.7012
6100,202404,LC-5678,0.7251
7100,202403,LC-5679,0.8051
7100,202404,LC-5679,0.8075
9100,202403,LC-5680,1.0182
9100,202404,LC-5680,1.01
6100,202403,LC-5681,0.7449
6100,202404,LC-5681,0.7627
7100,202403,LC-5682,0.9703
7100,202404,LC-5682,0.96
9100,202403,LC-5683,1.3024
9100,202404,LC-5683,1.2784
6100,202403,LC-5684,1.1447
6100,202404,LC-5684,1.1795
7100,202403,LC-5685,1.383
7100,202404,LC-5685,1.4384
9100,202403,LC-5686,1.2082
9100,202404,LC-5686,1.1868
6100,202403,LC-5687,0.7402
6100,202404,LC-5687,0.7693
7100,202403,LC-5688,0.9726
7100,202404,LC-5688,0.9842
9100,202403,LC-5689,1.0285
9100,202404,LC-5689,1.0293
6100,202403,LC-5690,1.4605
6100,202404,LC-5690,1.4368
7100,202403,LC-5691,1.0541
7100,202404,LC-5691,1.0629
9100,202403,LC-5692,0.9493
9100,202404,LC-5692,0.9819
6100,202403,LC-5693,0.8359
6100,202404,LC-5693,0.8739
7100,202403,LC-5694,1.0773
7100,202404,LC-5694,1.1307
9100,202403,LC-5695,1.5667
9100,202404,LC-5695,1.5501
6100,202403,LC-5696,1.517
6100,202404,LC-5696,1.5038
7100,202403,LC-5697,0.848
7100,202404,LC-5697,0.882
9100,202403,LC-5698,1.0345
9100,202404,LC-5698,1.027
6100,202403,LC-5699,1.4589
6100,202404,LC-5699,1.4844
7100,202403,LC-5700,0.8354
7100,202404,LC-5700,0.8513
9100,202403,LC-5701,1.2608
9100,202404,LC-5701,1.2734
6100,202403,LC-5702,1.3848
6100,202404,LC-5702,1.4508
7100,202403,LC-5703,1.5079
7100,202404,LC-5703,1.5616
9100,202403,LC-5704,1.0012
9100,202404,LC-5704,1.0145
6100,202403,LC-5705,1.5861
6100,202404,LC-5705,1.6232
7100,202403,LC-5706,1.4517
7100,202404,LC-5706,1.4825
9100,202403,LC-5707,1.4532
9100,202404,LC-5707,1.4671
6100,202403,LC-5708,1.1543
6100,202404,LC-5708,1.1801
7100,202403,LC-5709,1.5685
7100,202404,LC-5709,1.5676
9100,202403,LC-5710,1.1702
9100,202404,LC-5710,1.2096
6100,202403,LC-5711,1.0843
6100,202404,LC-5711,1.0838
7100,202403,LC-5712,1.0888
7100,202404,LC-5712,1.0908
9100,202403,LC-5713,1.3947
9100,202404,LC-5713,1.4023
6100,202403,LC-5714,1.537
6100,202404,LC-5714,1.5625
7100,202403,LC-5715,1.1341
7100,202404,LC-5715,1.1193
9100,202403,LC-5716,0.8467
9100,202404,LC-5716,0.8681
6100,202403,LC-5717,1.5965
6100,202404,LC-5717,1.6391
7100,202403,LC-5718,1.4926
7100,202404,LC-5718,1.475
9100,202403,LC-5719,0.7902
9100,202404,LC-5719,0.782
6100,202403,LC-5720,1.2744
6100,202404,LC-5720,1.3161
7100,202403,LC-5721,1.1005
7100,202404,LC-5721,1.1159
9100,202403,LC-5722,1.3437
9100,202404,LC-5722,1.3923
6100,202403,LC-5723,1.2372
6100,202404,LC-5723,1.2907
7100,202403,LC-5724,1.034
7100,202404,LC-5724,1.0626
9100,202403,LC-5725,0.7668
9100,202404,LC-5725,0.796
6100,202403,LC-5726,0.8558
6100,202404,LC-5726,0.8671
7100,202403,LC-5727,1.5549
7100,202404,LC-5727,1.6244
9100,202403,LC-5728,1.086
9100,202404,LC-5728,1.1211
6100,202403,LC-5729,1.455
6100,202404,LC-5729,1.4917
7100,202403,LC-5730,1.5274
7100,202404,LC-5730,1.5209
9100,202403,LC-5731,0.7112
9100,202404,LC-5731,0.7362
6100,202403,LC-5732,1.3494
6100,202404,LC-5732,1.3335
7100,202403,LC-5733,1.1762
7100,202404,LC-5733,1.2324
9100,202403,LC-5734,1.1758
9100,202404,LC-5734,1.154
6100,202403,LC-5735,0.9828
6100,202404,LC-5735,1.023
7100,202403,LC-5736,0.923
7100,202404,LC-5736,0.9171
9100,202403,LC-5737,1.1116
9100,202404,LC-5737,1.142
6100,202403,LC-5738,1.1439
6100,202404,LC-5738,1.1386
7100,202403,LC-5739,0.8398
7100,202404,LC-5739,0.8392
9100,202403,LC-5740,1.1022
9100,202404,LC-5740,1.126
6100,202403,LC-5741,0.921
6100,202404,LC-5741,0.9079
7100,202403,LC-5742,1.3742
7100,202404,LC-5742,1.3604
9100,202403,LC-5743,1.0641
9100,202404,LC-5743,1.062
6100,202403,LC-5744,0.9285
6100,202404,LC-5744,0.9285
7100,202403,LC-5745,1.0045
7100,202404,LC-5745,0.9852
9100,202403,LC-5746,1.1196
9100,202404,LC-5746,1.1174
6100,202403,LC-5747,1.4832
6100,202404,LC-5747,1.5031
7100,202403,LC-5748,1.1488
7100,202404,LC-5748,1.1842
9100,202403,LC-5749,0.7247
9100,202404,LC-5749,0.7277
6100,202403,LC-5750,1.1245
6100,202404,LC-5750,1.1155
7100,202403,LC-5751,1.0017
7100,202404,LC-5751,1.0074
9100,202403,LC-5752,1.3157
9100,202404,LC-5752,1.307
6100,202403,LC-5753,1.5417
6100,202404,LC-5753,1.5762
7100,202403,LC-5754,1.4177
7100,202404,LC-5754,1.4445
9100,202403,LC-5755,1.2447
9100,202404,LC-5755,1.2544
6100,202403,LC-5756,1.0625
6100,202404,LC-5756,1.0971
7100,202403,LC-5757,1.2021
7100,202404,LC-5757,1.1787
9100,202403,LC-5758,1.0897
9100,202404,LC-5758,1.0854
6100,202403,LC-5759,0.7156
6100,202404,LC-5759,0.7254
7100,202403,LC-5760,1.5667
7100,202404,LC-5760,1.6412
9100,202403,LC-5761,0.7871
9100,202404,LC-5761,0.8184
6100,202403,LC-5762,1.3834
6100,202404,LC-5762,1.4225
7100,202403,LC-5763,0.9223
7100,202404,LC-5763,0.9573
9100,202403,LC-5764,1.4681
9100,202404,LC-5764,1.4621
6100,202403,LC-5765,0.8451
6100,202404,LC-5765,0.8825
7100,202403,LC-5766,0.7973
7100,202404,LC-5766,0.8117
9100,202403,LC-5767,1.5989
9100,202404,LC-5767,1.6126
6100,202403,LC-5768,1.4546
6100,202404,LC-5768,1.5254
7100,202403,LC-5769,1.2558
7100,202404,LC-5769,1.2546
9100,202403,LC-5770,1.4254
9100,202404,LC-5770,1.4143
6100,202403,LC-5771,1.4419
6100,202404,LC-5771,1.46
7100,202403,LC-5772,1.2207
7100,202404,LC-5772,1.2799
9100,202403,LC-5773,0.9945
9100,202404,LC-5773,1.0145
6100,202403,LC-5774,0.8045
6100,202404,LC-5774,0.8228
7100,202403,LC-5775,1.3684
7100,202404,LC-5775,1.3905
9100,202403,LC-5776,1.1223
9100,202404,LC-5776,1.1734
6100,202403,LC-5777,1.1387
6100,202404,LC-5777,1.1867
7100,202403,LC-5778,1.3676
7100,202404,LC-5778,1.3819
9100,202403,LC-5779,1.2312
9100,202404,LC-5779,1.2924
6100,202403,LC-5780,1.2159
6100,202404,LC-5780,1.2604
7100,202403,LC-5781,1.2041
7100,202404,LC-5781,1.2553
9100,202403,LC-5782,1.2494
9100,202404,LC-5782,1.2786
6100,202403,LC-5783,0.8839
6100,202404,LC-5783,0.8828
7100,202403,LC-5784,0.8454
7100,202404,LC-5784,0.8821
9100,202403,LC-5785,1.5058
9100,202404,LC-5785,1.5391
6100,202403,LC-5786,0.775
6100,202404,LC-5786,0.8095
7100,202403,LC-5787,1.2704
7100,202404,LC-5787,1.2482
9100,202403,LC-5788,1.1023
9100,202404,LC-5788,1.0903
6100,202403,LC-5789,1.5458
6100,202404,LC-5789,1.5863
7100,202403,LC-5790,1.3018
7100,202404,LC-5790,1.3324
9100,202403,LC-5791,1.4674
9100,202404,LC-5791,1.4822
6100,202403,LC-5792,1.2226
6100,202404,LC-5792,1.2073
7100,202403,LC-5793,1.5647
7100,202404,LC-5793,1.5374
9100,202403,LC-5794,0.801
9100,202404,LC-5794,0.8329
6100,202403,LC-5795,0.8115
6100,202404,LC-5795,0.8434
7100,202403,LC-5796,0.8761
7100,202404,LC-5796,0.8777
9100,202403,LC-5797,1.4354
9100,202404,LC-5797,1.4098
6100,202403,LC-5798,1.246
6100,202404,LC-5798,1.2311
7100,202403,LC-5799,0.717
7100,202404,LC-5799,0.7209
9100,202403,LC-5800,1.0252
9100,202404,LC-5800,1.0066
6100,202403,LC-5801,0.999
6100,202404,LC-5801,1.0324
7100,202403,LC-5802,1.4435
7100,202404,LC-5802,1.4352
9100,202403,LC-5803,1.1594
9100,202404,LC-5803,1.1687
6100,202403,LC-5804,0.9604
6100,202404,LC-5804,0.9924
7100,202403,LC-5805,0.717
7100,202404,LC-5805,0.7081
9100,202403,LC-5806,1.3788
9100,202404,LC-5806,1.3644
6100,202403,LC-5807,1.2903
6100,202404,LC-5807,1.3138
7100,202403,LC-5808,0.9185
7100,202404,LC-5808,0.9531
9100,202403,LC-5809,1.1996
9100,202404,LC-5809,1.2286
6100,202403,LC-5810,0.7136
6100,202404,LC-5810,0.7195
7100,202403,LC-5811,1.0157
7100,202404,LC-5811,1.0168
9100,202403,LC-5812,0.9463
9100,202404,LC-5812,0.9783
6100,202403,LC-5813,1.4884
6100,202404,LC-5813,1.4658
7100,202403,LC-5814,1.1077
7100,202404,LC-5814,1.153
9100,202403,LC-5815,1.2077
9100,202404,LC-5815,1.1922
6100,202403,LC-5816,0.8311
6100,202404,LC-5816,0.8242
7100,202403,LC-5817,1.3995
7100,202404,LC-5817,1.4348
9100,202403,LC-5818,0.8575
9100,202404,LC-5818,0.8464
6100,202403,LC-5819,1.0942
6100,202404,LC-5819,1.091
7100,202403,LC-5820,1.3902
7100,202404,LC-5820,1.3666
9100,202403,LC-5821,0.8751
9100,202404,LC-5821,0.9046
6100,202403,LC-5822,1.2265
6100,202404,LC-5822,1.2238
7100,202403,LC-5823,0.8496
7100,202404,LC-5823,0.8902
9100,202403,LC-5824,1.2527
9100,202404,LC-5824,1.2291
6100,202403,LC-5825,0.9908
6100,202404,LC-5825,0.9913
7100,202403,LC-5826,1.3972
7100,202404,LC-5826,1.3759
9100,202403,LC-5827,0.845
9100,202404,LC-5827,0.8547
6100,202403,LC-5828,1.021
6100,202404,LC-5828,1.0269
7100,202403,LC-5829,1.4674
7100,202404,LC-5829,1.4992
9100,202403,LC-5830,0.9072
9100,202404,LC-5830,0.9333
6100,202403,LC-5831,1.3577
6100,202404,LC-5831,1.3626
7100,202403,LC-5832,1.5837
7100,202404,LC-5832,1.619
9100,202403,LC-5833,0.8137
9100,202404,LC-5833,0.833
6100,202403,LC-5834,1.3471
6100,202404,LC-5834,1.3858
7100,202403,LC-5835,1.5521
7100,202404,LC-5835,1.6094
9100,202403,LC-5836,1.4022
9100,202404,LC-5836,1.4696
6100,202403,LC-5837,1.1247
6100,202404,LC-5837,1.1804
7100,202403,LC-5838,1.0434
7100,202404,LC-5838,1.0493
9100,202403,LC-5839,0.7795
9100,202404,LC-5839,0.7769
6100,202403,LC-5840,1.0619
6100,202404,LC-5840,1.0659
7100,202403,LC-5841,1.3029
7100,202404,LC-5841,1.2987
9100,202403,LC-5842,1.4668
9100,202404,LC-5842,1.4792
6100,202403,LC-5843,0.8276
6100,202404,LC-5843,0.8117
7100,202403,LC-5844,1.2662
7100,202404,LC-5844,1.315
9100,202403,LC-5845,1.2177
9100,202404,LC-5845,1.2019
6100,202403,LC-5846,1.4439
6100,202404,LC-5846,1.5035
7100,202403,LC-5847,0.8212
7100,202404,LC-5847,0.826
9100,202403,LC-5848,1.0012
9100,202404,LC-5848,1.0345
6100,202403,LC-5849,1.4115
6100,202404,LC-5849,1.3863
7100,202403,LC-5850,0.744
7100,202404,LC-5850,0.7322
9100,202403,LC-5851,0.9631
9100,202404,LC-5851,0.9668
6100,202403,LC-5852,1.1358
6100,202404,LC-5852,1.1888
7100,202403,LC-5853,1.0852
7100,202404,LC-5853,1.0844
9100,202403,LC-5854,0.9002
9100,202404,LC-5854,0.8986
6100,202403,LC-5855,1.3869
6100,202404,LC-5855,1.3728
7100,202403,LC-5856,1.0628
7100,202404,LC-5856,1.0515
9100,202403,LC-5857,0.8316
9100,202404,LC-5857,0.8481
6100,202403,LC-5858,1.2003
6100,202404,LC-5858,1.2539
7100,202403,LC-5859,1.5547
7100,202404,LC-5859,1.5843
9100,202403,LC-5860,1.153
9100,202404,LC-5860,1.2063
6100,202403,LC-5861,1.1542
6100,202404,LC-5861,1.1903
7100,202403,LC-5862,1.4936
7100,202404,LC-5862,1.4844
9100,202403,LC-5863,1.3902
9100,202404,LC-5863,1.4383
6100,202403,LC-5864,0.766
6100,202404,LC-5864,0.7939
7100,202403,LC-5865,1.0946
7100,202404,LC-5865,1.094
9100,202403,LC-5866,0.873
9100,202404,LC-5866,0.8947
6100,202403,LC-5867,0.9313
6100,202404,LC-5867,0.9757
7100,202403,LC-5868,0.8174
7100,202404,LC-5868,0.8052
9100,202403,LC-5869,0.7501
9100,202404,LC-5869,0.7657
6100,202403,LC-5870,1.3464
6100,202404,LC-5870,1.3944
7100,202403,LC-5871,1.3348
7100,202404,LC-5871,1.3224
9100,202403,LC-5872,0.9377
9100,202404,LC-5872,0.9753
6100,202403,LC-5873,0.793
6100,202404,LC-5873,0.8165
7100,202403,LC-5874,1.2418
7100,202404,LC-5874,1.2856
9100,202403,LC-5875,1.4059
9100,202404,LC-5875,1.4058
6100,202403,LC-5876,0.848
6100,202404,LC-5876,0.8401
7100,202403,LC-5877,0.9447
7100,202404,LC-5877,0.9618
9100,202403,LC-5878,0.7549
9100,202404,LC-5878,0.7531
6100,202403,LC-5879,0.7097
6100,202404,LC-5879,0.7379
7100,202403,LC-5880,1.5567
7100,202404,LC-5880,1.5857
9100,202403,LC-5881,1.0835
9100,202404,LC-5881,1.0776
6100,202403,LC-5882,0.8537
6100,202404,LC-5882,0.8771
7100,202403,LC-5883,1.3465
7100,202404,LC-5883,1.3605
9100,202403,LC-5884,0.896
9100,202404,LC-5884,0.9071
6100,202403,LC-5885,0.7502
6100,202404,LC-5885,0.7594
7100,202403,LC-5886,1.5665
7100,202404,LC-5886,1.5972
9100,202403,LC-5887,0.8726
9100,202404,LC-5887,0.8953
6100,202403,LC-5888,0.7083
6100,202404,LC-5888,0.7408
7100,202403,LC-5889,1.5024
7100,202404,LC-5889,1.5685
9100,202403,LC-5890,0.7783
9100,202404,LC-5890,0.8164
6100,202403,LC-5891,1.4452
6100,202404,LC-5891,1.493
7100,202403,LC-5892,1.016
7100,202404,LC-5892,0.9985
9100,202403,LC-5893,1.5288
9100,202404,LC-5893,1.5887
6100,202403,LC-5894,0.9791
6100,202404,LC-5894,1.0159
7100,202403,LC-5895,1.0422
7100,202404,LC-5895,1.0706
9100,202403,LC-5896,0.7849
9100,202404,LC-5896,0.8027
6100,202403,LC-5897,1.0747
6100,202404,LC-5897,1.0592
7100,202403,LC-5898,1.1322
7100,202404,LC-5898,1.1409
9100,202403,LC-5899,1.3939
9100,202404,LC-5899,1.4416
6100,202403,LC-5900,1.48
6100,202404,LC-5900,1.5416
7100,202403,LC-5901,1.1089
7100,202404,LC-5901,1.1093
9100,202403,LC-5902,1.2658
9100,202404,LC-5902,1.2785
6100,202403,LC-5903,1.4201
6100,202404,LC-5903,1.459
7100,202403,LC-5904,0.9343
7100,202404,LC-5904,0.9419
9100,202403,LC-5905,0.9484
9100,202404,LC-5905,0.9811
6100,202403,LC-5906,1.3406
6100,202404,LC-5906,1.3638
7100,202403,LC-5907,1.3718
7100,202404,LC-5907,1.4358
9100,202403,LC-5908,0.9444
9100,202404,LC-5908,0.9763
6100,202403,LC-5909,0.7293
6100,202404,LC-5909,0.7173
7100,202403,LC-5910,0.7904
7100,202404,LC-5910,0.8272
9100,202403,LC-5911,0.7617
9100,202404,LC-5911,0.7619
6100,202403,LC-5912,1.4495
6100,202404,LC-5912,1.4212
7100,202403,LC-5913,1.5347
7100,202404,LC-5913,1.6061
9100,202403,LC-5914,1.4894
9100,202404,LC-5914,1.5379
6100,202403,LC-5915,1.5187
6100,202404,LC-5915,1.5401
7100,202403,LC-5916,0.8613
7100,202404,LC-5916,0.8922
9100,202403,LC-5917,0.7817
9100,202404,LC-5917,0.7897
6100,202403,LC-5918,1.1915
6100,202404,LC-5918,1.2189
7100,202403,LC-5919,1.3108
7100,202404,LC-5919,1.2948
9100,202403,LC-5920,0.9554
9100,202404,LC-5920,0.9659
6100,202403,LC-5921,1.1717
6100,202404,LC-5921,1.1712
7100,202403,LC-5922,1.0633
7100,202404,LC-5922,1.1125
9100,202403,LC-5923,1.1887
9100,202404,LC-5923,1.184
6100,202403,LC-5924,1.1917
6100,202404,LC-5924,1.2452
7100,202403,LC-5925,1.29
7100,202404,LC-5925,1.3425
9100,202403,LC-5926,1.3158
9100,202404,LC-5926,1.2961
6100,202403,LC-5927,1.5305
6100,202404,LC-5927,1.5316
7100,202403,LC-5928,0.9995
7100,202404,LC-5928,1.0278
9100,202403,LC-5929,1.5837
9100,202404,LC-5929,1.6497
6100,202403,LC-5930,1.3249
6100,202404,LC-5930,1.3323
7100,202403,LC-5931,0.8388
7100,202404,LC-5931,0.8378
9100,202403,LC-5932,0.8012
9100,202404,LC-5932,0.8287
6100,202403,LC-5933,1.2085
6100,202404,LC-5933,1.2074
7100,202403,LC-5934,0.8087
7100,202404,LC-5934,0.8387
9100,202403,LC-5935,1.3603
9100,202404,LC-5935,1.4226
6100,202403,LC-5936,1.0361
6100,202404,LC-5936,1.0715
7100,202403,LC-5937,1.5495
7100,202404,LC-5937,1.5522
9100,202403,LC-5938,0.8549
9100,202404,LC-5938,0.8876
6100,202403,LC-5939,1.218
6100,202404,LC-5939,1.1945
7100,202403,LC-5940,1.4781
7100,202404,LC-5940,1.5513
9100,202403,LC-5941,0.8662
9100,202404,LC-5941,0.9081
6100,202403,LC-5942,0.8423
6100,202404,LC-5942,0.8446
7100,202403,LC-5943,1.4564
7100,202404,LC-5943,1.507
9100,202403,LC-5944,1.501
9100,202404,LC-5944,1.4901
6100,202403,LC-5945,1.5107
6100,202404,LC-5945,1.5058
7100,202403,LC-5946,1.58
7100,202404,LC-5946,1.5585
9100,202403,LC-5947,0.7778
9100,202404,LC-5947,0.7724
6100,202403,LC-5948,1.506
6100,202404,LC-5948,1.498
7100,202403,LC-5949,0.8254
7100,202404,LC-5949,0.8638
9100,202403,LC-5950,1.0912
9100,202404,LC-5950,1.1399
6100,202403,LC-5951,1.1098
6100,202404,LC-5951,1.1315
7100,202403,LC-5952,1.1294
7100,202404,LC-5952,1.1753
9100,202403,LC-5953,1.5651
9100,202404,LC-5953,1.6282
6100,202403,LC-5954,1.255
6100,202404,LC-5954,1.2787
7100,202403,LC-5955,0.9402
7100,202404,LC-5955,0.9323
9100,202403,LC-5956,1.5388
9100,202404,LC-5956,1.5112
6100,202403,LC-5957,1.2158
6100,202404,LC-5957,1.2324
7100,202403,LC-5958,1.2393
7100,202404,LC-5958,1.2978
9100,202403,LC-5959,1.1787
9100,202404,LC-5959,1.178
6100,202403,LC-5960,1.3634
6100,202404,LC-5960,1.3712
7100,202403,LC-5961,0.9735
7100,202404,LC-5961,1.0019
9100,202403,LC-5962,1.3512
9100,202404,LC-5962,1.3245
6100,202403,LC-5963,1.1656
6100,202404,LC-5963,1.1758
7100,202403,LC-5964,0.9096
7100,202404,LC-5964,0.9315
9100,202403,LC-5965,1.4238
9100,202404,LC-5965,1.4458
6100,202403,LC-5966,0.7679
6100,202404,LC-5966,0.7805
7100,202403,LC-5967,0.9056
7100,202404,LC-5967,0.9443
9100,202403,LC-5968,0.8059
9100,202404,LC-5968,0.8221
6100,202403,LC-5969,1.1126
6100,202404,LC-5969,1.124
7100,202403,LC-5970,1.4204
7100,202404,LC-5970,1.4582
9100,202403,LC-5971,1.4914
9100,202404,LC-5971,1.5117
6100,202403,LC-5972,1.4345
6100,202404,LC-5972,1.461
7100,202403,LC-5973,1.1182
7100,202404,LC-5973,1.1705
9100,202403,LC-5974,1.007
9100,202404,LC-5974,0.9933
6100,202403,LC-5975,0.8217
6100,202404,LC-5975,0.8312
7100,202403,LC-5976,1.4302
7100,202404,LC-5976,1.4879
9100,202403,LC-5977,1.1505
9100,202404,LC-5977,1.1391
6100,202403,LC-5978,1.4155
6100,202404,LC-5978,1.4709
7100,202403,LC-5979,1.0859
7100,202404,LC-5979,1.0906
9100,202403,LC-5980,1.5709
9100,202404,LC-5980,1.5774
6100,202403,LC-5981,1.3972
6100,202404,LC-5981,1.3906
7100,202403,LC-5982,0.7645
7100,202404,LC-5982,0.7825
9100,202403,LC-5983,0.9981
9100,202404,LC-5983,1.0027
6100,202403,LC-5984,0.9903
6100,202404,LC-5984,1.0038
7100,202403,LC-5985,1.1913
7100,202404,LC-5985,1.1771
9100,202403,LC-5986,1.1794
9100,202404,LC-5986,1.2335
6100,202403,LC-5987,1.2381
6100,202404,LC-5987,1.2996
7100,202403,LC-5988,1.0802
7100,202404,LC-5988,1.1299
9100,202403,LC-5989,1.5757
9100,202404,LC-5989,1.6232
6100,202403,LC-5990,1.2545
6100,202404,LC-5990,1.2618
7100,202403,LC-5991,1.0188
7100,202404,LC-5991,1.0435
9100,202403,LC-5992,1.2287
9100,202404,LC-5992,1.2327
6100,202403,LC-5993,1.0947
6100,202404,LC-5993,1.131
7100,202403,LC-5994,0.7691
7100,202404,LC-5994,0.7885
9100,202403,LC-5995,0.8003
9100,202404,LC-5995,0.8105
6100,202403,LC-5996,0.8358
6100,202404,LC-5996,0.8637
7100,202403,LC-5997,0.8045
7100,202404,LC-5997,0.8278
9100,202403,LC-5998,0.9383
9100,202404,LC-5998,0.9412
6100,202403,LC-5999,1.0148
6100,202404,LC-5999,1.0572
7100,202403,LC-6000,0.7898
7100,202404,LC-6000,0.8
9100,202403,LC-6001,0.8629
9100,202404,LC-6001,0.9006
6100,202403,LC-6002,1.5392
6100,202404,LC-6002,1.6121
7100,202403,LC-6003,1.5768
7100,202404,LC-6003,1.6095
9100,202403,LC-6004,1.2905
9100,202404,LC-6004,1.2698
6100,202403,LC-6005,1.4479
6100,202404,LC-6005,1.5183
7100,202403,LC-6006,1.0058
7100,202404,LC-6006,0.9974
9100,202403,LC-6007,1.2508
9100,202404,LC-6007,1.3016
6100,202403,LC-6008,1.1055
6100,202404,LC-6008,1.1514
7100,202403,LC-6009,0.9566
7100,202404,LC-6009,0.9418
9100,202403,LC-6010,0.7949
9100,202404,LC-6010,0.8308
6100,202403,LC-6011,1.4891
6100,202404,LC-6011,1.5284
7100,202403,LC-6012,1.3976
7100,202404,LC-6012,1.4362
9100,202403,LC-6013,0.7409
9100,202404,LC-6013,0.7508
6100,202403,LC-6014,0.7582
6100,202404,LC-6014,0.759
7100,202403,LC-6015,1.4093
7100,202404,LC-6015,1.4557
9100,202403,LC-6016,0.749
9100,202404,LC-6016,0.7716
6100,202403,LC-6017,1.0761
6100,202404,LC-6017,1.0889
7100,202403,LC-6018,0.7697
7100,202404,LC-6018,0.7841
9100,202403,LC-6019,1.4242
9100,202404,LC-6019,1.4105
6100,202403,LC-6020,1.3356
6100,202404,LC-6020,1.3589
7100,202403,LC-6021,0.8843
7100,202404,LC-6021,0.8871
9100,202403,LC-6022,1.1205
9100,202404,LC-6022,1.1584
6100,202403,LC-6023,1.4519
6100,202404,LC-6023,1.511
7100,202403,LC-6024,0.8744
7100,202404,LC-6024,0.8803
9100,202403,LC-6025,0.7985
9100,202404,LC-6025,0.806
6100,202403,LC-6026,1.2383
6100,202404,LC-6026,1.257
7100,202403,LC-6027,0.7034
7100,202404,LC-6027,0.7292
9100,202403,LC-6028,1.2807
9100,202404,LC-6028,1.3289
6100,202403,LC-6029,0.9693
6100,202404,LC-6029,1.0167
7100,202403,LC-6030,0.904
7100,202404,LC-6030,0.9286
9100,202403,LC-6031,1.5266
9100,202404,LC-6031,1.536
6100,202403,LC-6032,1.2438
6100,202404,LC-6032,1.248
7100,202403,LC-6033,1.3644
7100,202404,LC-6033,1.3542
9100,202403,LC-6034,1.0259
9100,202404,LC-6034,1.0063
6100,202403,LC-6035,1.3063
6100,202404,LC-6035,1.3279
7100,202403,LC-6036,0.9368
7100,202404,LC-6036,0.9272
9100,202403,LC-6037,1.4262
9100,202404,LC-6037,1.4118
6100,202403,LC-6038,1.2277
6100,202404,LC-6038,1.2365
7100,202403,LC-6039,0.8219
7100,202404,LC-6039,0.8226
9100,202403,LC-6040,1.2328
9100,202404,LC-6040,1.2319
6100,202403,LC-6041,1.4292
6100,202404,LC-6041,1.4463
7100,202403,LC-6042,1.0391
7100,202404,LC-6042,1.0317
9100,202403,LC-6043,1.2546
9100,202404,LC-6043,1.2661
6100,202403,LC-6044,0.8154
6100,202404,LC-6044,0.8227
7100,202403,LC-6045,0.9931
7100,202404,LC-6045,1.0368
9100,202403,LC-6046,0.7529
9100,202404,LC-6046,0.7774
6100,202403,LC-6047,0.8282
6100,202404,LC-6047,0.8198
7100,202403,LC-6048,1.5082
7100,202404,LC-6048,1.484
9100,202403,LC-6049,0.7109
9100,202404,LC-6049,0.7241
6100,202403,LC-6050,0.94
6100,202404,LC-6050,0.9522
7100,202403,LC-6051,0.7423
7100,202404,LC-6051,0.7714
9100,202403,LC-6052,0.7843
9100,202404,LC-6052,0.8127
6100,202403,LC-6053,0.9056
6100,202404,LC-6053,0.8932
7100,202403,LC-6054,0.7517
7100,202404,LC-6054,0.7803
9100,202403,LC-6055,0.9345
9100,202404,LC-6055,0.9638
6100,202403,LC-6056,0.7391
6100,202404,LC-6056,0.7347
7100,202403,LC-6057,1.1039
7100,202404,LC-6057,1.0989
9100,202403,LC-6058,1.0031
9100,202404,LC-6058,1.0122
6100,202403,LC-6059,1.4089
6100,202404,LC-6059,1.4691
7100,202403,LC-6060,1.5988
7100,202404,LC-6060,1.6653
9100,202403,LC-6061,0.7739
9100,202404,LC-6061,0.7671
6100,202403,LC-6062,0.8907
6100,202404,LC-6062,0.9276
7100,202403,LC-6063,0.9201
7100,202404,LC-6063,0.931
9100,202403,LC-6064,1.2023
9100,202404,LC-6064,1.1987
6100,202403,LC-6065,1.1966
6100,202404,LC-6065,1.1925
7100,202403,LC-6066,1.1599
7100,202404,LC-6066,1.1676
9100,202403,LC-6067,0.9171
9100,202404,LC-6067,0.9027
6100,202403,LC-6068,1.4922
6100,202404,LC-6068,1.4734
7100,202403,LC-6069,1.4913
7100,202404,LC-6069,1.5134
9100,202403,LC-6070,1.2634
9100,202404,LC-6070,1.2398
6100,202403,LC-6071,1.2415
6100,202404,LC-6071,1.2221
7100,202403,LC-6072,1.3954
7100,202404,LC-6072,1.4546
9100,202403,LC-6073,0.8617
9100,202404,LC-6073,0.8767
6100,202403,LC-6074,0.9172
6100,202404,LC-6074,0.9187
7100,202403,LC-6075,1.3133
7100,202404,LC-6075,1.336
9100,202403,LC-6076,1.5994
9100,202404,LC-6076,1.669
6100,202403,LC-6077,1.5193
6100,202404,LC-6077,1.5926
7100,202403,LC-6078,1.5159
7100,202404,LC-6078,1.514
9100,202403,LC-6079,0.7174
9100,202404,LC-6079,0.7472
6100,202403,LC-6080,1.191
6100,202404,LC-6080,1.2221
7100,202403,LC-6081,1.2514
7100,202404,LC-6081,1.3086
9100,202403,LC-6082,1.1587
9100,202404,LC-6082,1.1904
6100,202403,LC-6083,0.7128
6100,202404,LC-6083,0.7192
7100,202403,LC-6084,1.2577
7100,202404,LC-6084,1.2523
9100,202403,LC-6085,0.9276
9100,202404,LC-6085,0.9395
6100,202403,LC-6086,1.461
6100,202404,LC-6086,1.5024
7100,202403,LC-6087,1.0472
7100,202404,LC-6087,1.0502
9100,202403,LC-6088,1.4714
9100,202404,LC-6088,1.5047
6100,202403,LC-6089,0.746
6100,202404,LC-6089,0.7423
7100,202403,LC-6090,0.9028
7100,202404,LC-6090,0.8904
9100,202403,LC-6091,1.1375
9100,202404,LC-6091,1.1158
6100,202403,LC-6092,1.4679
6100,202404,LC-6092,1.538
7100,202403,LC-6093,0.9541
7100,202404,LC-6093,0.944
9100,202403,LC-6094,1.1092
9100,202404,LC-6094,1.096
6100,202403,LC-6095,0.8321
6100,202404,LC-6095,0.8229
7100,202403,LC-6096,1.5673
7100,202404,LC-6096,1.5801
9100,202403,LC-6097,1.5562
9100,202404,LC-6097,1.6147
6100,202403,LC-6098,1.2315
6100,202404,LC-6098,1.2336
7100,202403,LC-6099,0.9361
7100,202404,LC-6099,0.9541
9100,202403,LC-6100,1.2088
9100,202404,LC-6100,1.2215
6100,202403,LC-6101,1.2599
6100,202404,LC-6101,1.2546
7100,202403,LC-6102,0.7045
7100,202404,LC-6102,0.7167
9100,202403,LC-6103,1.5633
9100,202404,LC-6103,1.5722
6100,202403,LC-6104,0.792
6100,202404,LC-6104,0.8003
7100,202403,LC-6105,1.2495
7100,202404,LC-6105,1.2628
9100,202403,LC-6106,0.8953
9100,202404,LC-6106,0.8901
6100,202403,LC-6107,1.0747
6100,202404,LC-6107,1.1215
7100,202403,LC-6108,1.5656
7100,202404,LC-6108,1.6217
9100,202403,LC-6109,1.0821
9100,202404,LC-6109,1.0893
6100,202403,LC-6110,1.4267
6100,202404,LC-6110,1.4706
7100,202403,LC-6111,1.0738
7100,202404,LC-6111,1.0857
9100,202403,LC-6112,0.7357
9100,202404,LC-6112,0.7694
6100,202403,LC-6113,1.5816
6100,202404,LC-6113,1.6017
7100,202403,LC-6114,1.5003
7100,202404,LC-6114,1.5483
9100,202403,LC-6115,0.7695
9100,202404,LC-6115,0.7588
6100,202403,LC-6116,1.1062
6100,202404,LC-6116,1.097
7100,202403,LC-6117,1.4097
7100,202404,LC-6117,1.4595
9100,202403,LC-6118,0.8927
9100,202404,LC-6118,0.8815
6100,202403,LC-6119,1.3409
6100,202404,LC-6119,1.3831
7100,202403,LC-6120,1.1304
7100,202404,LC-6120,1.1082
9100,202403,LC-6121,0.7235
9100,202404,LC-6121,0.7434
6100,202403,LC-6122,1.1217
6100,202404,LC-6122,1.1721
7100,202403,LC-6123,1.0316
7100,202404,LC-6123,1.0652
9100,202403,LC-6124,1.3012
9100,202404,LC-6124,1.34
6100,202403,LC-6125,1.2299
6100,202404,LC-6125,1.2786
7100,202403,LC-6126,0.9465
7100,202404,LC-6126,0.9593
9100,202403,LC-6127,1.4371
9100,202404,LC-6127,1.5014
6100,202403,LC-6128,1.445
6100,202404,LC-6128,1.4814
7100,202403,LC-6129,1.3049
7100,202404,LC-6129,1.2958
9100,202403,LC-6130,0.8562
9100,202404,LC-6130,0.8738
6100,202403,LC-6131,1.0815
6100,202404,LC-6131,1.1212
7100,202403,LC-6132,1.376
7100,202404,LC-6132,1.4274
9100,202403,LC-6133,1.467
9100,202404,LC-6133,1.4857
6100,202403,LC-6134,1.2402
6100,202404,LC-6134,1.3012
7100,202403,LC-6135,1.5014
7100,202404,LC-6135,1.5575
9100,202403,LC-6136,1.0675
9100,202404,LC-6136,1.0711
6100,202403,LC-6137,1.3424
6100,202404,LC-6137,1.3193
7100,202403,LC-6138,0.8398
7100,202404,LC-6138,0.8463
9100,202403,LC-6139,1.5468
9100,202404,LC-6139,1.5556
6100,202403,LC-6140,1.4686
6100,202404,LC-6140,1.4785
7100,202403,LC-6141,1.1557
7100,202404,LC-6141,1.1346
9100,202403,LC-6142,0.7651
9100,202404,LC-6142,0.8033
6100,202403,LC-6143,1.267
6100,202404,LC-6143,1.2686
7100,202403,LC-6144,0.8348
7100,202404,LC-6144,0.8566
9100,202403,LC-6145,1.2339
9100,202404,LC-6145,1.2342
6100,202403,LC-6146,1.1637
6100,202404,LC-6146,1.206
7100,202403,LC-6147,1.3521
7100,202404,LC-6147,1.3363
9100,202403,LC-6148,0.8503
9100,202404,LC-6148,0.8732
6100,202403,LC-6149,1.1619
6100,202404,LC-6149,1.1569
7100,202403,LC-6150,0.9546
7100,202404,LC-6150,0.9825
9100,202403,LC-6151,0.7032
9100,202404,LC-6151,0.7232
6100,202403,LC-6152,0.7027
6100,202404,LC-6152,0.6975
7100,202403,LC-6153,1.4238
7100,202404,LC-6153,1.4777
9100,202403,LC-6154,1.0851
9100,202404,LC-6154,1.0796
6100,202403,LC-6155,0.7259
6100,202404,LC-6155,0.7157
7100,202403,LC-6156,0.7613
7100,202404,LC-6156,0.7915
9100,202403,LC-6157,0.9553
9100,202404,LC-6157,0.9587
6100,202403,LC-6158,1.5796
6100,202404,LC-6158,1.6306
7100,202403,LC-6159,0.919
7100,202404,LC-6159,0.9172
9100,202403,LC-6160,1.2094
9100,202404,LC-6160,1.2265
6100,202403,LC-6161,1.2301
6100,202404,LC-6161,1.2365
7100,202403,LC-6162,0.8129
7100,202404,LC-6162,0.8196
9100,202403,LC-6163,1.3418
9100,202404,LC-6163,1.3304
6100,202403,LC-6164,1.5047
6100,202404,LC-6164,1.5111
7100,202403,LC-6165,0.9849
7100,202404,LC-6165,0.9938
9100,202403,LC-6166,1.2365
9100,202404,LC-6166,1.2907
6100,202403,LC-6167,0.9217
6100,202404,LC-6167,0.9369
7100,202403,LC-6168,0.904
7100,202404,LC-6168,0.8931
9100,202403,LC-6169,1.343
9100,202404,LC-6169,1.3856
6100,202403,LC-6170,0.9417
6100,202404,LC-6170,0.9344
7100,202403,LC-6171,1.0366
7100,202404,LC-6171,1.0186
9100,202403,LC-6172,1.0238
9100,202404,LC-6172,1.0558
6100,202403,LC-6173,0.8951
6100,202404,LC-6173,0.9266
7100,202403,LC-6174,0.8834
7100,202404,LC-6174,0.904
9100,202403,LC-6175,1.1516
9100,202404,LC-6175,1.1493
6100,202403,LC-6176,1.4907
6100,202404,LC-6176,1.5159
7100,202403,LC-6177,0.7195
7100,202404,LC-6177,0.7268
9100,202403,LC-6178,1.3116
9100,202404,LC-6178,1.3444
6100,202403,LC-6179,0.9479
6100,202404,LC-6179,0.9529
7100,202403,LC-6180,1.1617
7100,202404,LC-6180,1.1639
9100,202403,LC-6181,0.8875
9100,202404,LC-6181,0.8722
6100,202403,LC-6182,1.5494
6100,202404,LC-6182,1.5985
7100,202403,LC-6183,0.8458
7100,202404,LC-6183,0.877
9100,202403,LC-6184,1.1547
9100,202404,LC-6184,1.1874
6100,202403,LC-6185,0.7958
6100,202404,LC-6185,0.7831
7100,202403,LC-6186,1.2329
7100,202404,LC-6186,1.2323
9100,202403,LC-6187,1.0389
9100,202404,LC-6187,1.0313
6100,202403,LC-6188,1.2065
6100,202404,LC-6188,1.2665
7100,202403,LC-6189,1.1886
7100,202404,LC-6189,1.2358
9100,202403,LC-6190,1.1288
9100,202404,LC-6190,1.1673
6100,202403,LC-6191,1.3197
6100,202404,LC-6191,1.3134
7100,202403,LC-6192,0.738
7100,202404,LC-6192,0.7473
9100,202403,LC-6193,1.3438
9100,202404,LC-6193,1.3453
6100,202403,LC-6194,0.7742
6100,202404,LC-6194,0.7752
7100,202403,LC-6195,1.2706
7100,202404,LC-6195,1.3127
9100,202403,LC-6196,1.1149
9100,202404,LC-6196,1.1384
6100,202403,LC-6197,1.3993
6100,202404,LC-6197,1.4571
7100,202403,LC-6198,1.0595
7100,202404,LC-6198,1.058
9100,202403,LC-6199,0.8483
9100,202404,LC-6199,0.8442
6100,202403,LC-6200,1.4741
6100,202404,LC-6200,1.5399
7100,202403,LC-6201,0.7747
7100,202404,LC-6201,0.7633
9100,202403,LC-6202,1.0616
9100,202404,LC-6202,1.0605
6100,202403,LC-6203,0.7135
6100,202404,LC-6203,0.7076
7100,202403,LC-6204,1.1013
7100,202404,LC-6204,1.1318
9100,202403,LC-6205,0.9337
9100,202404,LC-6205,0.9797
6100,202403,LC-6206,0.756
6100,202404,LC-6206,0.772
7100,202403,LC-6207,1.1721
7100,202404,LC-6207,1.2137
9100,202403,LC-6208,0.7644
9100,202404,LC-6208,0.7547
6100,202403,LC-6209,0.8515
6100,202404,LC-6209,0.8818
7100,202403,LC-6210,1.312
7100,202404,LC-6210,1.358
9100,202403,LC-6211,1.3562
9100,202404,LC-6211,1.3814
6100,202403,LC-6212,1.5288
6100,202404,LC-6212,1.5112
7100,202403,LC-6213,1.2983
7100,202404,LC-6213,1.3042
9100,202403,LC-6214,1.3634
9100,202404,LC-6214,1.4237
6100,202403,LC-6215,0.7733
6100,202404,LC-6215,0.7916
7100,202403,LC-6216,1.2769
7100,202404,LC-6216,1.2737
9100,202403,LC-6217,0.7311
9100,202404,LC-6217,0.7166
6100,202403,LC-6218,1.3516
6100,202404,LC-6218,1.3292
7100,202403,LC-6219,1.2208
7100,202404,LC-6219,1.2464
9100,202403,LC-6220,1.0155
9100,202404,LC-6220,1.046
6100,202403,LC-6221,1.43
6100,202404,LC-6221,1.4877
7100,202403,LC-6222,0.8094
7100,202404,LC-6222,0.8193
9100,202403,LC-6223,1.0646
9100,202404,LC-6223,1.117
6100,202403,LC-6224,1.5327
6100,202404,LC-6224,1.5264
7100,202403,LC-6225,1.2996
7100,202404,LC-6225,1.3533
9100,202403,LC-6226,0.8858
9100,202404,LC-6226,0.8707
6100,202403,LC-6227,1.1096
6100,202404,LC-6227,1.0946
7100,202403,LC-6228,1.1222
7100,202404,LC-6228,1.1289
9100,202403,LC-6229,1.5848
9100,202404,LC-6229,1.657
6100,202403,LC-6230,1.4231
6100,202404,LC-6230,1.4091
7100,202403,LC-6231,1.0727
7100,202404,LC-6231,1.0867
9100,202403,LC-6232,0.76
9100,202404,LC-6232,0.7467
6100,202403,LC-6233,0.8346
6100,202404,LC-6233,0.8601
7100,202403,LC-6234,1.2567
7100,202404,LC-6234,1.2868
9100,202403,LC-6235,0.7569
9100,202404,LC-6235,0.7652
6100,202403,LC-6236,1.5608
6100,202404,LC-6236,1.5902
7100,202403,LC-6237,0.9281
7100,202404,LC-6237,0.9486
9100,202403,LC-6238,1.1053
9100,202404,LC-6238,1.1515
6100,202403,LC-6239,1.4076
6100,202404,LC-6239,1.4041
7100,202403,LC-6240,1.0919
7100,202404,LC-6240,1.1288
9100,202403,LC-6241,1.2665
9100,202404,LC-6241,1.2976
6100,202403,LC-6242,1.3671
6100,202404,LC-6242,1.34
7100,202403,LC-6243,1.2193
7100,202404,LC-6243,1.2388
9100,202403,LC-6244,1.1059
9100,202404,LC-6244,1.0838
6100,202403,LC-6245,0.7179
6100,202404,LC-6245,0.7528
7100,202403,LC-6246,1.4046
7100,202404,LC-6246,1.4004
9100,202403,LC-6247,0.7354
9100,202404,LC-6247,0.7356
6100,202403,LC-6248,1.2525
6100,202404,LC-6248,1.2431
7100,202403,LC-6249,1.1326
7100,202404,LC-6249,1.186
9100,202403,LC-6250,0.7534
9100,202404,LC-6250,0.7678
6100,202403,LC-6251,1.3478
6100,202404,LC-6251,1.376
7100,202403,LC-6252,1.2892
7100,202404,LC-6252,1.3516
9100,202403,LC-6253,1.2471
9100,202404,LC-6253,1.3024
6100,202403,LC-6254,0.7463
6100,202404,LC-6254,0.7378
7100,202403,LC-6255,1.0109
7100,202404,LC-6255,1.0449
9100,202403,LC-6256,0.9852
9100,202404,LC-6256,1.0317
6100,202403,LC-6257,1.0584
6100,202404,LC-6257,1.0675
7100,202403,LC-6258,1.2976
7100,202404,LC-6258,1.3253
9100,202403,LC-6259,0.7913
9100,202404,LC-6259,0.8026
6100,202403,LC-6260,0.8847
6100,202404,LC-6260,0.9242
7100,202403,LC-6261,1.5604
7100,202404,LC-6261,1.5673
9100,202403,LC-6262,0.9644
9100,202404,LC-6262,0.9755
6100,202403,LC-6263,1.2405
6100,202404,LC-6263,1.2979
7100,202403,LC-6264,1.2198
7100,202404,LC-6264,1.2033
9100,202403,LC-6265,1.1673
9100,202404,LC-6265,1.225
6100,202403,LC-6266,0.7942
6100,202404,LC-6266,0.7988
7100,202403,LC-6267,1.2144
7100,202404,LC-6267,1.211
9100,202403,LC-6268,1.1472
9100,202404,LC-6268,1.1795
6100,202403,LC-6269,0.7533
6100,202404,LC-6269,0.7478
7100,202403,LC-6270,0.8422
7100,202404,LC-6270,0.8576
9100,202403,LC-6271,0.7701
9100,202404,LC-6271,0.8007
6100,202403,LC-6272,1.4907
6100,202404,LC-6272,1.5326
7100,202403,LC-6273,1.2273
7100,202404,LC-6273,1.2601
9100,202403,LC-6274,1.5023
9100,202404,LC-6274,1.5542
6100,202403,LC-6275,1.3671
6100,202404,LC-6275,1.3858
7100,202403,LC-6276,1.4968
7100,202404,LC-6276,1.5106
9100,202403,LC-6277,0.7624
9100,202404,LC-6277,0.7844
6100,202403,LC-6278,0.8067
6100,202404,LC-6278,0.8075
7100,202403,LC-6279,0.8447
7100,202404,LC-6279,0.8851
9100,202403,LC-6280,1.4185
9100,202404,LC-6280,1.4631
6100,202403,LC-6281,1.2904
6100,202404,LC-6281,1.3273
7100,202403,LC-6282,0.8057
7100,202404,LC-6282,0.7909
9100,202403,LC-6283,1.3017
9100,202404,LC-6283,1.2906
6100,202403,LC-6284,1.1326
6100,202404,LC-6284,1.142
7100,202403,LC-6285,1.0852
7100,202404,LC-6285,1.0817
9100,202403,LC-6286,1.515
9100,202404,LC-6286,1.497
6100,202403,LC-6287,1.3899
6100,202404,LC-6287,1.3649
7100,202403,LC-6288,1.3108
7100,202404,LC-6288,1.3078
9100,202403,LC-6289,1.4702
9100,202404,LC-6289,1.4443
6100,202403,LC-6290,1.0585
6100,202404,LC-6290,1.0471
7100,202403,LC-6291,1.0588
7100,202404,LC-6291,1.0563
9100,202403,LC-6292,1.2659
9100,202404,LC-6292,1.2564
6100,202403,LC-6293,0.7771
6100,202404,LC-6293,0.8156
7100,202403,LC-6294,1.3716
7100,202404,LC-6294,1.3811
9100,202403,LC-6295,1.37
9100,202404,LC-6295,1.4076
6100,202403,LC-6296,0.9384
6100,202404,LC-6296,0.9677
7100,202403,LC-6297,1.2707
7100,202404,LC-6297,1.2911
9100,202403,LC-6298,0.9746
9100,202404,LC-6298,0.9727
6100,202403,LC-6299,0.7907
6100,202404,LC-6299,0.793
7100,202403,LC-6300,1.5449
7100,202404,LC-6300,1.5441
9100,202403,LC-6301,1.059
9100,202404,LC-6301,1.1003
6100,202403,LC-6302,1.2549
6100,202404,LC-6302,1.2673
7100,202403,LC-6303,0.9442
7100,202404,LC-6303,0.9487
9100,202403,LC-6304,0.7978
9100,202404,LC-6304,0.7882
6100,202403,LC-6305,0.7663
6100,202404,LC-6305,0.7556
7100,202403,LC-6306,0.7915
7100,202404,LC-6306,0.7918
9100,202403,LC-6307,1.1632
9100,202404,LC-6307,1.1904
6100,202403,LC-6308,1.3252
6100,202404,LC-6308,1.3839
7100,202403,LC-6309,1.2145
7100,202404,LC-6309,1.2186
9100,202403,LC-6310,0.8005
9100,202404,LC-6310,0.8059
6100,202403,LC-6311,0.9222
6100,202404,LC-6311,0.9049
7100,202403,LC-6312,1.4666
7100,202404,LC-6312,1.5167
9100,202403,LC-6313,1.4257
9100,202404,LC-6313,1.4932
6100,202403,LC-6314,1.1437
6100,202404,LC-6314,1.1937
7100,202403,LC-6315,0.8021
7100,202404,LC-6315,0.8172
9100,202403,LC-6316,1.5824
9100,202404,LC-6316,1.6167
6100,202403,LC-6317,0.8725
6100,202404,LC-6317,0.9071
7100,202403,LC-6318,1.0574
7100,202404,LC-6318,1.0636
9100,202403,LC-6319,0.8199
9100,202404,LC-6319,0.8271
6100,202403,LC-6320,1.0234
6100,202404,LC-6320,1.0039
7100,202403,LC-6321,1.5936
7100,202404,LC-6321,1.5947
9100,202403,LC-6322,1.3633
9100,202404,LC-6322,1.3404
6100,202403,LC-6323,1.3222
6100,202404,LC-6323,1.3614
7100,202403,LC-6324,1.0611
7100,202404,LC-6324,1.0893
9100,202403,LC-6325,1.4293
9100,202404,LC-6325,1.4738
6100,202403,LC-6326,1.0865
6100,202404,LC-6326,1.0657
7100,202403,LC-6327,0.9467
7100,202404,LC-6327,0.9562
9100,202403,LC-6328,1.0773
9100,202404,LC-6328,1.1125
6100,202403,LC-6329,0.9512
6100,202404,LC-6329,0.9558
7100,202403,LC-6330,0.8134
7100,202404,LC-6330,0.8292
9100,202403,LC-6331,0.7681
9100,202404,LC-6331,0.78
6100,202403,LC-6332,0.9044
6100,202404,LC-6332,0.8942
7100,202403,LC-6333,0.9343
7100,202404,LC-6333,0.9728
9100,202403,LC-6334,1.394
9100,202404,LC-6334,1.3896
6100,202403,LC-6335,0.9992
6100,202404,LC-6335,1.0434
7100,202403,LC-6336,0.9312
7100,202404,LC-6336,0.947
9100,202403,LC-6337,0.7419
9100,202404,LC-6337,0.7605
6100,202403,LC-6338,1.2507
6100,202404,LC-6338,1.2844
7100,202403,LC-6339,1.0622
7100,202404,LC-6339,1.0479
9100,202403,LC-6340,0.829
9100,202404,LC-6340,0.8161
6100,202403,LC-6341,1.0006
6100,202404,LC-6341,1.0079
7100,202403,LC-6342,1.0465
7100,202404,LC-6342,1.0337
9100,202403,LC-6343,1.4521
9100,202404,LC-6343,1.5207
6100,202403,LC-6344,0.9718
6100,202404,LC-6344,0.9911
7100,202403,LC-6345,1.2709
7100,202404,LC-6345,1.2558
9100,202403,LC-6346,1.2457
9100,202404,LC-6346,1.2616
6100,202403,LC-6347,0.8688
6100,202404,LC-6347,0.8677
7100,202403,LC-6348,1.203
7100,202404,LC-6348,1.2375
9100,202403,LC-6349,1.2768
9100,202404,LC-6349,1.2681
6100,202403,LC-6350,0.8007
6100,202404,LC-6350,0.7894
7100,202403,LC-6351,1.2325
7100,202404,LC-6351,1.2786
9100,202403,LC-6352,1.5375
9100,202404,LC-6352,1.5684
6100,202403,LC-6353,1.0532
6100,202404,LC-6353,1.076
7100,202403,LC-6354,1.0216
7100,202404,LC-6354,1.0684
9100,202403,LC-6355,1.2288
9100,202404,LC-6355,1.2483
6100,202403,LC-6356,1.0982
6100,202404,LC-6356,1.1336
7100,202403,LC-6357,1.0645
7100,202404,LC-6357,1.0796
9100,202403,LC-6358,1.1661
9100,202404,LC-6358,1.2096
6100,202403,LC-6359,0.7189
6100,202404,LC-6359,0.7345
7100,202403,LC-6360,1.0983
7100,202404,LC-6360,1.1028
9100,202403,LC-6361,1.399
9100,202404,LC-6361,1.4621
6100,202403,LC-6362,0.7584
6100,202404,LC-6362,0.7831
7100,202403,LC-6363,1.5627
7100,202404,LC-6363,1.6388
9100,202403,LC-6364,1.2498
9100,202404,LC-6364,1.2741
6100,202403,LC-6365,1.3448
6100,202404,LC-6365,1.3907
7100,202403,LC-6366,1.1177
7100,202404,LC-6366,1.114
9100,202403,LC-6367,1.3735
9100,202404,LC-6367,1.3664
6100,202403,LC-6368,1.19
6100,202404,LC-6368,1.2165
7100,202403,LC-6369,0.9865
7100,202404,LC-6369,1.0024
9100,202403,LC-6370,1.3148
9100,202404,LC-6370,1.3794
6100,202403,LC-6371,0.9315
6100,202404,LC-6371,0.9338
7100,202403,LC-6372,1.5283
7100,202404,LC-6372,1.5295
9100,202403,LC-6373,1.1438
9100,202404,LC-6373,1.1769
6100,202403,LC-6374,1.3609
6100,202404,LC-6374,1.4214
7100,202403,LC-6375,1.1192
7100,202404,LC-6375,1.104
9100,202403,LC-6376,0.9812
9100,202404,LC-6376,1.0196
6100,202403,LC-6377,1.2202
6100,202404,LC-6377,1.2664
7100,202403,LC-6378,0.921
7100,202404,LC-6378,0.9275
9100,202403,LC-6379,1.0552
9100,202404,LC-6379,1.0621
6100,202403,LC-6380,1.0026
6100,202404,LC-6380,1.0201
7100,202403,LC-6381,1.1312
7100,202404,LC-6381,1.1683
9100,202403,LC-6382,1.4749
9100,202404,LC-6382,1.5485
6100,202403,LC-6383,1.0583
6100,202404,LC-6383,1.0649
7100,202403,LC-6384,1.0502
7100,202404,LC-6384,1.0894
9100,202403,LC-6385,1.1596
9100,202404,LC-6385,1.1685
6100,202403,LC-6386,1.3522
6100,202404,LC-6386,1.3503
7100,202403,LC-6387,1.0173
7100,202404,LC-6387,1.0348
9100,202403,LC-6388,1.3793
9100,202404,LC-6388,1.4108
6100,202403,LC-6389,0.7317
6100,202404,LC-6389,0.7505
7100,202403,LC-6390,1.5165
7100,202404,LC-6390,1.5913
9100,202403,LC-6391,0.744
9100,202404,LC-6391,0.7733
6100,202403,LC-6392,1.274
6100,202404,LC-6392,1.3194
7100,202403,LC-6393,0.8875
7100,202404,LC-6393,0.8792
9100,202403,LC-6394,0.8903
9100,202404,LC-6394,0.9196
6100,202403,LC-6395,1.2248
6100,202404,LC-6395,1.2247
7100,202403,LC-6396,0.7762
7100,202404,LC-6396,0.7967
9100,202403,LC-6397,1.37
9100,202404,LC-6397,1.4266
6100,202403,LC-6398,1.2727
6100,202404,LC-6398,1.2745
7100,202403,LC-6399,0.7283
7100,202404,LC-6399,0.7162
9100,202403,LC-6400,1.2181
9100,202404,LC-6400,1.2522
6100,202403,LC-6401,1.3432
6100,202404,LC-6401,1.3777
7100,202403,LC-6402,1.3716
7100,202404,LC-6402,1.369
9100,202403,LC-6403,1.2143
9100,202404,LC-6403,1.2736
6100,202403,LC-6404,1.2966
6100,202404,LC-6404,1.3582
7100,202403,LC-6405,1.1089
7100,202404,LC-6405,1.1016
9100,202403,LC-6406,0.7169
9100,202404,LC-6406,0.741
6100,202403,LC-6407,1.375
6100,202404,LC-6407,1.3737
7100,202403,LC-6408,0.8799
7100,202404,LC-6408,0.8932
9100,202403,LC-6409,1.0117
9100,202404,LC-6409,1.0554
6100,202403,LC-6410,0.719
6100,202404,LC-6410,0.7136
7100,202403,LC-6411,1.2083
7100,202404,LC-6411,1.2274
9100,202403,LC-6412,1.5972
9100,202404,LC-6412,1.6324
6100,202403,LC-6413,0.9952
6100,202404,LC-6413,0.9989
7100,202403,LC-6414,0.7301
7100,202404,LC-6414,0.7245
9100,202403,LC-6415,0.7583
9100,202404,LC-6415,0.7635
6100,202403,LC-6416,1.5794
6100,202404,LC-6416,1.5839
7100,202403,LC-6417,1.4965
7100,202404,LC-6417,1.512
9100,202403,LC-6418,1.0141
9100,202404,LC-6418,1.0291
6100,202403,LC-6419,0.7061
6100,202404,LC-6419,0.7207
7100,202403,LC-6420,1.4839
7100,202404,LC-6420,1.4651
9100,202403,LC-6421,1.5054
9100,202404,LC-6421,1.5322
6100,202403,LC-6422,1.0683
6100,202404,LC-6422,1.0793
7100,202403,LC-6423,1.0372
7100,202404,LC-6423,1.0449
9100,202403,LC-6424,1.304
9100,202404,LC-6424,1.3591
6100,202403,LC-6425,1.192
6100,202404,LC-6425,1.2288
7100,202403,LC-6426,0.7641
7100,202404,LC-6426,0.7534
9100,202403,LC-6427,1.5274
9100,202404,LC-6427,1.5958
6100,202403,LC-6428,1.4976
6100,202404,LC-6428,1.5281
7100,202403,LC-6429,1.1677
7100,202404,LC-6429,1.1866
9100,202403,LC-6430,1.5673
9100,202404,LC-6430,1.5537
6100,202403,LC-6431,0.8215
6100,202404,LC-6431,0.8433
7100,202403,LC-6432,1.2852
7100,202404,LC-6432,1.3369
9100,202403,LC-6433,1.1792
9100,202404,LC-6433,1.1611
6100,202403,LC-6434,1.4673
6100,202404,LC-6434,1.4415
7100,202403,LC-6435,0.9217
7100,202404,LC-6435,0.9068
9100,202403,LC-6436,0.7269
9100,202404,LC-6436,0.7548
6100,202403,LC-6437,0.917
6100,202404,LC-6437,0.9565
7100,202403,LC-6438,1.4769
7100,202404,LC-6438,1.5465
9100,202403,LC-6439,1.4359
9100,202404,LC-6439,1.424
6100,202403,LC-6440,1.1249
6100,202404,LC-6440,1.1492
7100,202403,LC-6441,0.7413
7100,202404,LC-6441,0.739
9100,202403,LC-6442,0.8506
9100,202404,LC-6442,0.8864
6100,202403,LC-6443,0.9468
6100,202404,LC-6443,0.9426
7100,202403,LC-6444,1.4332
7100,202404,LC-6444,1.4175
9100,202403,LC-6445,1.4335
9100,202404,LC-6445,1.4594
6100,202403,LC-6446,1.555
6100,202404,LC-6446,1.5613
7100,202403,LC-6447,1.1357
7100,202404,LC-6447,1.1667
9100,202403,LC-6448,1.2282
9100,202404,LC-6448,1.2745
6100,202403,LC-6449,1.5958
6100,202404,LC-6449,1.58
7100,202403,LC-6450,1.5448
7100,202404,LC-6450,1.5933
9100,202403,LC-6451,0.8855
9100,202404,LC-6451,0.9098
6100,202403,LC-6452,0.8816
6100,202404,LC-6452,0.8904
7100,202403,LC-6453,0.9161
7100,202404,LC-6453,0.9249
9100,202403,LC-6454,0.7335
9100,202404,LC-6454,0.7586
6100,202403,LC-6455,1.4879
6100,202404,LC-6455,1.4941
7100,202403,LC-6456,0.7692
7100,202404,LC-6456,0.7656
9100,202403,LC-6457,1.2194
9100,202404,LC-6457,1.2556
6100,202403,LC-6458,1.2779
6100,202404,LC-6458,1.3198
7100,202403,LC-6459,0.9824
7100,202404,LC-6459,1.0221
9100,202403,LC-6460,1.3054
9100,202404,LC-6460,1.3661
6100,202403,LC-6461,1.1204
6100,202404,LC-6461,1.138
7100,202403,LC-6462,1.1953
7100,202404,LC-6462,1.2452
9100,202403,LC-6463,0.9264
9100,202404,LC-6463,0.9245
6100,202403,LC-6464,1.5007
6100,202404,LC-6464,1.4893
7100,202403,LC-6465,0.8085
7100,202404,LC-6465,0.8215
9100,202403,LC-6466,0.8092
9100,202404,LC-6466,0.8089
6100,202403,LC-6467,1.2865
6100,202404,LC-6467,1.3221
7100,202403,LC-6468,1.5758
7100,202404,LC-6468,1.555
9100,202403,LC-6469,1.2602
9100,202404,LC-6469,1.2971
6100,202403,LC-6470,1.305
6100,202404,LC-6470,1.3455
7100,202403,LC-6471,1.5708
7100,202404,LC-6471,1.5779
9100,202403,LC-6472,1.5691
9100,202404,LC-6472,1.5833
6100,202403,LC-6473,1.1735
6100,202404,LC-6473,1.1644
7100,202403,LC-6474,1.4371
7100,202404,LC-6474,1.4567
9100,202403,LC-6475,0.9409
9100,202404,LC-6475,0.9448
6100,202403,LC-6476,1.5293
6100,202404,LC-6476,1.5619
7100,202403,LC-6477,1.2044
7100,202404,LC-6477,1.2182
9100,202403,LC-6478,1.0781
9100,202404,LC-6478,1.1219
6100,202403,LC-6479,1.1658
6100,202404,LC-6479,1.2112
7100,202403,LC-6480,1.0005
7100,202404,LC-6480,1.0129
9100,202403,LC-6481,1.3413
9100,202404,LC-6481,1.3892
6100,202403,LC-6482,0.8186
6100,202404,LC-6482,0.8142
7100,202403,LC-6483,0.7482
7100,202404,LC-6483,0.7347
9100,202403,LC-6484,1.1691
9100,202404,LC-6484,1.2225
6100,202403,LC-6485,0.9013
6100,202404,LC-6485,0.9395
7100,202403,LC-6486,1.1986
7100,202404,LC-6486,1.1777
9100,202403,LC-6487,1.5471
9100,202404,LC-6487,1.5687
6100,202403,LC-6488,1.1629
6100,202404,LC-6488,1.1524
7100,202403,LC-6489,0.717
7100,202404,LC-6489,0.7156
9100,202403,LC-6490,1.5161
9100,202404,LC-6490,1.5883
6100,202403,LC-6491,0.8574
6100,202404,LC-6491,0.8928
7100,202403,LC-6492,0.9198
7100,202404,LC-6492,0.9101
9100,202403,LC-6493,1.0948
9100,202404,LC-6493,1.115
6100,202403,LC-6494,1.1611
6100,202404,LC-6494,1.1445
7100,202403,LC-6495,1.2042
7100,202404,LC-6495,1.2227
9100,202403,LC-6496,1.4092
9100,202404,LC-6496,1.4713
6100,202403,LC-6497,0.7552
6100,202404,LC-6497,0.7563
7100,202403,LC-6498,0.9799
7100,202404,LC-6498,1.0037
9100,202403,LC-6499,0.7355
9100,202404,LC-6499,0.7582
6100,202403,LC-6500,1.5135
6100,202404,LC-6500,1.5039
7100,202403,LC-6501,1.1509
7100,202404,LC-6501,1.1844
9100,202403,LC-6502,1.4485
9100,202404,LC-6502,1.4549
6100,202403,LC-6503,1.0525
6100,202404,LC-6503,1.1009
7100,202403,LC-6504,0.984
7100,202404,LC-6504,0.9922
9100,202403,LC-6505,1.3556
9100,202404,LC-6505,1.3956
6100,202403,LC-6506,1.2991
6100,202404,LC-6506,1.3348
7100,202403,LC-6507,1.189
7100,202404,LC-6507,1.213
9100,202403,LC-6508,1.0132
9100,202404,LC-6508,1.0156
6100,202403,LC-6509,1.4923
6100,202404,LC-6509,1.5414
7100,202403,LC-6510,1.0706
7100,202404,LC-6510,1.1085
9100,202403,LC-6511,1.043
9100,202404,LC-6511,1.0521
6100,202403,LC-6512,0.7213
6100,202404,LC-6512,0.7072
7100,202403,LC-6513,1.5714
7100,202404,LC-6513,1.6366
9100,202403,LC-6514,0.8894
9100,202404,LC-6514,0.8869
6100,202403,LC-6515,0.9785
6100,202404,LC-6515,1.0117
7100,202403,LC-6516,0.7395
7100,202404,LC-6516,0.7747
9100,202403,LC-6517,1.2674
9100,202404,LC-6517,1.3089
6100,202403,LC-6518,1.0906
6100,202404,LC-6518,1.1426
7100,202403,LC-6519,1.2522
7100,202404,LC-6519,1.2507
9100,202403,LC-6520,0.9466
9100,202404,LC-6520,0.9828
6100,202403,LC-6521,1.3289
6100,202404,LC-6521,1.3075
7100,202403,LC-6522,1.5585
7100,202404,LC-6522,1.5524
9100,202403,LC-6523,0.9217
9100,202404,LC-6523,0.9155
6100,202403,LC-6524,1.2952
6100,202404,LC-6524,1.3478
7100,202403,LC-6525,0.9444
7100,202404,LC-6525,0.962
9100,202403,LC-6526,1.5078
9100,202404,LC-6526,1.4957
6100,202403,LC-6527,1.1754
6100,202404,LC-6527,1.1786
7100,202403,LC-6528,1.0951
7100,202404,LC-6528,1.1111
9100,202403,LC-6529,1.0268
9100,202404,LC-6529,1.0299
6100,202403,LC-6530,1.4413
6100,202404,LC-6530,1.4667
7100,202403,LC-6531,1.3302
7100,202404,LC-6531,1.3418
9100,202403,LC-6532,1.3225
9100,202404,LC-6532,1.3466
6100,202403,LC-6533,1.0496
6100,202404,LC-6533,1.097
7100,202403,LC-6534,1.4382
7100,202404,LC-6534,1.493
9100,202403,LC-6535,1.0906
9100,202404,LC-6535,1.0976
6100,202403,LC-6536,1.3549
6100,202404,LC-6536,1.3616
7100,202403,LC-6537,0.9306
7100,202404,LC-6537,0.9413
9100,202403,LC-6538,1.2477
9100,202404,LC-6538,1.2523
6100,202403,LC-6539,1.0947
6100,202404,LC-6539,1.1016
7100,202403,LC-6540,0.9591
7100,202404,LC-6540,0.9643
9100,202403,LC-6541,1.3901
9100,202404,LC-6541,1.4106
6100,202403,LC-6542,0.7766
6100,202404,LC-6542,0.7801
7100,202403,LC-6543,0.9214
7100,202404,LC-6543,0.9505
9100,202403,LC-6544,1.5736
9100,202404,LC-6544,1.6118
6100,202403,LC-6545,1.0636
6100,202404,LC-6545,1.0612
7100,202403,LC-6546,1.0831
7100,202404,LC-6546,1.1213
9100,202403,LC-6547,0.9982
9100,202404,LC-6547,1.0436
6100,202403,LC-6548,1.3125
6100,202404,LC-6548,1.3293
7100,202403,LC-6549,0.8248
7100,202404,LC-6549,0.8653
9100,202403,LC-6550,1.4698
9100,202404,LC-6550,1.5134
6100,202403,LC-6551,0.8174
6100,202404,LC-6551,0.8236
7100,202403,LC-6552,1.5035
7100,202404,LC-6552,1.5712
9100,202403,LC-6553,0.7014
9100,202404,LC-6553,0.726
6100,202403,LC-6554,1.4561
6100,202404,LC-6554,1.4272
7100,202403,LC-6555,1.2203
7100,202404,LC-6555,1.2048
9100,202403,LC-6556,1.375
9100,202404,LC-6556,1.3933
6100,202403,LC-6557,1.2702
6100,202404,LC-6557,1.2811
7100,202403,LC-6558,1.2631
7100,202404,LC-6558,1.2643
9100,202403,LC-6559,1.1928
9100,202404,LC-6559,1.1877
6100,202403,LC-6560,0.8257
6100,202404,LC-6560,0.8517
7100,202403,LC-6561,1.3115
7100,202404,LC-6561,1.3321
9100,202403,LC-6562,1.0211
9100,202404,LC-6562,1.0122
6100,202403,LC-6563,1.366
6100,202404,LC-6563,1.3589
7100,202403,LC-6564,0.7844
7100,202404,LC-6564,0.7999
9100,202403,LC-6565,1.4445
9100,202404,LC-6565,1.4844
6100,202403,LC-6566,1.4743
6100,202404,LC-6566,1.5325
7100,202403,LC-6567,1.573
7100,202404,LC-6567,1.5857
9100,202403,LC-6568,0.9671
9100,202404,LC-6568,0.968
6100,202403,LC-6569,0.7267
6100,202404,LC-6569,0.7342
7100,202403,LC-6570,1.2658
7100,202404,LC-6570,1.2856
9100,202403,LC-6571,1.554
9100,202404,LC-6571,1.5938
6100,202403,LC-6572,1.4471
6100,202404,LC-6572,1.4247
7100,202403,LC-6573,0.771
7100,202404,LC-6573,0.7709
9100,202403,LC-6574,1.5264
9100,202404,LC-6574,1.5409
6100,202403,LC-6575,1.3597
6100,202404,LC-6575,1.3405
7100,202403,LC-6576,1.1825
7100,202404,LC-6576,1.2352
9100,202403,LC-6577,1.5793
9100,202404,LC-6577,1.6089
6100,202403,LC-6578,1.5202
6100,202404,LC-6578,1.5824
7100,202403,LC-6579,1.1576
7100,202404,LC-6579,1.1402
9100,202403,LC-6580,1.2174
9100,202404,LC-6580,1.2219
6100,202403,LC-6581,0.7901
6100,202404,LC-6581,0.8186
7100,202403,LC-6582,1.0595
7100,202404,LC-6582,1.0834
9100,202403,LC-6583,0.725
9100,202404,LC-6583,0.7112
6100,202403,LC-6584,0.9981
6100,202404,LC-6584,1.0437
7100,202403,LC-6585,1.3067
7100,202404,LC-6585,1.3537
9100,202403,LC-6586,0.8503
9100,202404,LC-6586,0.8671
6100,202403,LC-6587,1.5291
6100,202404,LC-6587,1.5623
7100,202403,LC-6588,0.9975
7100,202404,LC-6588,0.9834
9100,202403,LC-6589,1.1238
9100,202404,LC-6589,1.1396
6100,202403,LC-6590,0.8913
6100,202404,LC-6590,0.9176
7100,202403,LC-6591,0.8524
7100,202404,LC-6591,0.8776
9100,202403,LC-6592,1.2837
9100,202404,LC-6592,1.3351
6100,202403,LC-6593,1.3849
6100,202404,LC-6593,1.4516
7100,202403,LC-6594,1.5626
7100,202404,LC-6594,1.558
9100,202403,LC-6595,1.1719
9100,202404,LC-6595,1.1927
6100,202403,LC-6596,0.9048
6100,202404,LC-6596,0.9089
7100,202403,LC-6597,1.1985
7100,202404,LC-6597,1.2514
9100,202403,LC-6598,1.5265
9100,202404,LC-6598,1.5777
6100,202403,LC-6599,1.4731
6100,202404,LC-6599,1.4961
7100,202403,LC-6600,0.9117
7100,202404,LC-6600,0.9562
9100,202403,LC-6601,1.0794
9100,202404,LC-6601,1.1254
6100,202403,LC-6602,1.0202
6100,202404,LC-6602,1.0333
7100,202403,LC-6603,1.0916
7100,202404,LC-6603,1.0893
9100,202403,LC-6604,1.2022
9100,202404,LC-6604,1.2381
6100,202403,LC-6605,0.7799
6100,202404,LC-6605,0.7773
7100,202403,LC-6606,0.9723
7100,202404,LC-6606,0.9654
9100,202403,LC-6607,1.543
9100,202404,LC-6607,1.5661
6100,202403,LC-6608,0.7889
6100,202404,LC-6608,0.8216
7100,202403,LC-6609,0.7854
7100,202404,LC-6609,0.8088
9100,202403,LC-6610,0.8529
9100,202404,LC-6610,0.8626
6100,202403,LC-6611,0.9695
6100,202404,LC-6611,0.9535
7100,202403,LC-6612,0.9858
7100,202404,LC-6612,1.0086
9100,202403,LC-6613,0.982
9100,202404,LC-6613,0.997
6100,202403,LC-6614,1.5561
6100,202404,LC-6614,1.5574
7100,202403,LC-6615,0.722
7100,202404,LC-6615,0.7266
9100,202403,LC-6616,1.5296
9100,202404,LC-6616,1.5185
6100,202403,LC-6617,1.253
6100,202404,LC-6617,1.2514
7100,202403,LC-6618,0.9737
7100,202404,LC-6618,1.0084
9100,202403,LC-6619,1.4737
9100,202404,LC-6619,1.4594
6100,202403,LC-6620,1.3441
6100,202404,LC-6620,1.3871
7100,202403,LC-6621,1.1949
7100,202404,LC-6621,1.2264
9100,202403,LC-6622,1.4997
9100,202404,LC-6622,1.555
6100,202403,LC-6623,1.1399
6100,202404,LC-6623,1.1376
7100,202403,LC-6624,1.31
7100,202404,LC-6624,1.3015
9100,202403,LC-6625,1.208
9100,202404,LC-6625,1.2324
6100,202403,LC-6626,1.3212
6100,202404,LC-6626,1.3093
7100,202403,LC-6627,1.2896
7100,202404,LC-6627,1.3103
9100,202403,LC-6628,0.761
9100,202404,LC-6628,0.753
6100,202403,LC-6629,0.8688
6100,202404,LC-6629,0.8768
7100,202403,LC-6630,1.2249
7100,202404,LC-6630,1.2619
9100,202403,LC-6631,1.191
9100,202404,LC-6631,1.2414
6100,202403,LC-6632,0.8367
6100,202404,LC-6632,0.8511
7100,202403,LC-6633,1.1023
7100,202404,LC-6633,1.1219
9100,202403,LC-6634,1.4421
9100,202404,LC-6634,1.4633
6100,202403,LC-6635,0.8116
6100,202404,LC-6635,0.8082
7100,202403,LC-6636,1.4918
7100,202404,LC-6636,1.486
9100,202403,LC-6637,1.5732
9100,202404,LC-6637,1.5701
6100,202403,LC-6638,0.9195
6100,202404,LC-6638,0.9383
7100,202403,LC-6639,1.0082
7100,202404,LC-6639,1.0512
9100,202403,LC-6640,1.59
9100,202404,LC-6640,1.6305
6100,202403,LC-6641,1.5898
6100,202404,LC-6641,1.6552
7100,202403,LC-6642,1.0972
7100,202404,LC-6642,1.1399
9100,202403,LC-6643,1.5632
9100,202404,LC-6643,1.5567
6100,202403,LC-6644,1.5537
6100,202404,LC-6644,1.6179
7100,202403,LC-6645,1.1162
7100,202404,LC-6645,1.102
9100,202403,LC-6646,1.1531
9100,202404,LC-6646,1.1708
6100,202403,LC-6647,1.498
6100,202404,LC-6647,1.5096
7100,202403,LC-6648,0.9148
7100,202404,LC-6648,0.9513
9100,202403,LC-6649,1.1755
9100,202404,LC-6649,1.1842
6100,202403,LC-6650,0.963
6100,202404,LC-6650,0.9891
7100,202403,LC-6651,0.9182
7100,202404,LC-6651,0.9511
9100,202403,LC-6652,0.7466
9100,202404,LC-6652,0.747
6100,202403,LC-6653,1.2343
6100,202404,LC-6653,1.2431
7100,202403,LC-6654,1.3934
7100,202404,LC-6654,1.3696
9100,202403,LC-6655,0.8191
9100,202404,LC-6655,0.8521
6100,202403,LC-6656,1.2925
6100,202404,LC-6656,1.3008
7100,202403,LC-6657,0.7087
7100,202404,LC-6657,0.7151
9100,202403,LC-6658,0.7309
9100,202404,LC-6658,0.7449
6100,202403,LC-6659,0.8765
6100,202404,LC-6659,0.8717
7100,202403,LC-6660,1.4428
7100,202404,LC-6660,1.433
9100,202403,LC-6661,1.372
9100,202404,LC-6661,1.3862
6100,202403,LC-6662,1.5045
6100,202404,LC-6662,1.4776
7100,202403,LC-6663,0.9229
7100,202404,LC-6663,0.9522
9100,202403,LC-6664,1.0194
9100,202404,LC-6664,1.0181
6100,202403,LC-6665,0.7693
6100,202404,LC-6665,0.7782
7100,202403,LC-6666,0.8667
7100,202404,LC-6666,0.8871
9100,202403,LC-6667,1.0904
9100,202404,LC-6667,1.0777
6100,202403,LC-6668,0.8529
6100,202404,LC-6668,0.842
7100,202403,LC-6669,1.2522
7100,202404,LC-6669,1.2288
9100,202403,LC-6670,1.2952
9100,202404,LC-6670,1.3089
6100,202403,LC-6671,0.7573
6100,202404,LC-6671,0.7466
7100,202403,LC-6672,1.503
7100,202404,LC-6672,1.4992
9100,202403,LC-6673,1.4241
9100,202404,LC-6673,1.4513
6100,202403,LC-6674,1.2044
6100,202404,LC-6674,1.2147
7100,202403,LC-6675,1.2422
7100,202404,LC-6675,1.2823
9100,202403,LC-6676,1.0394
9100,202404,LC-6676,1.0484
6100,202403,LC-6677,1.2458
6100,202404,LC-6677,1.2378
7100,202403,LC-6678,1.2141
7100,202404,LC-6678,1.2441
9100,202403,LC-6679,0.8605
9100,202404,LC-6679,0.8686
6100,202403,LC-6680,1.018
6100,202404,LC-6680,1.0222
7100,202403,LC-6681,1.5385
7100,202404,LC-6681,1.5287
9100,202403,LC-6682,1.2892
9100,202404,LC-6682,1.3304
6100,202403,LC-6683,0.9893
6100,202404,LC-6683,1.0108
7100,202403,LC-6684,1.3571
7100,202404,LC-6684,1.3886
9100,202403,LC-6685,1.1442
9100,202404,LC-6685,1.1914
6100,202403,LC-6686,1.3501
6100,202404,LC-6686,1.3514
7100,202403,LC-6687,1.4267
7100,202404,LC-6687,1.4514
9100,202403,LC-6688,1.2604
9100,202404,LC-6688,1.3098
6100,202403,LC-6689,1.4417
6100,202404,LC-6689,1.437
7100,202403,LC-6690,0.7879
7100,202404,LC-6690,0.8149
9100,202403,LC-6691,1.0074
9100,202404,LC-6691,1.0421
6100,202403,LC-6692,0.8024
6100,202404,LC-6692,0.8365
7100,202403,LC-6693,1.3244
7100,202404,LC-6693,1.3788
9100,202403,LC-6694,1.2095
9100,202404,LC-6694,1.2119
6100,202403,LC-6695,1.2201
6100,202404,LC-6695,1.2424
7100,202403,LC-6696,1.2297
7100,202404,LC-6696,1.2528
9100,202403,LC-6697,1.4559
9100,202404,LC-6697,1.4304
6100,202403,LC-6698,0.9202
6100,202404,LC-6698,0.9636
7100,202403,LC-6699,1.2004
7100,202404,LC-6699,1.2385
9100,202403,LC-6700,0.935
9100,202404,LC-6700,0.9639
6100,202403,LC-6701,1.1656
6100,202404,LC-6701,1.2103
7100,202403,LC-6702,1.2535
7100,202404,LC-6702,1.315
9100,202403,LC-6703,1.4044
9100,202404,LC-6703,1.3879
6100,202403,LC-6704,1.426
6100,202404,LC-6704,1.4709
7100,202403,LC-6705,1.3757
7100,202404,LC-6705,1.3977
9100,202403,LC-6706,1.0397
9100,202404,LC-6706,1.0599
6100,202403,LC-6707,1.4904
6100,202404,LC-6707,1.5139
7100,202403,LC-6708,1.437
7100,202404,LC-6708,1.4378
9100,202403,LC-6709,1.4666
9100,202404,LC-6709,1.5286
6100,202403,LC-6710,1.3703
6100,202404,LC-6710,1.4183
7100,202403,LC-6711,1.2302
7100,202404,LC-6711,1.2695
9100,202403,LC-6712,1.4153
9100,202404,LC-6712,1.388
6100,202403,LC-6713,1.231
6100,202404,LC-6713,1.2147
7100,202403,LC-6714,1.3772
7100,202404,LC-6714,1.3574
9100,202403,LC-6715,0.7756
9100,202404,LC-6715,0.8105
6100,202403,LC-6716,0.9289
6100,202404,LC-6716,0.9401
7100,202403,LC-6717,1.56
7100,202404,LC-6717,1.5437
9100,202403,LC-6718,0.9417
9100,202404,LC-6718,0.9837
6100,202403,LC-6719,1.496
6100,202404,LC-6719,1.4876
7100,202403,LC-6720,1.1718
7100,202404,LC-6720,1.1487
9100,202403,LC-6721,1.497
9100,202404,LC-6721,1.5183
6100,202403,LC-6722,0.7227
6100,202404,LC-6722,0.7486
7100,202403,LC-6723,1.0242
7100,202404,LC-6723,1.0666
9100,202403,LC-6724,1.4276
9100,202404,LC-6724,1.4238
6100,202403,LC-6725,1.132
6100,202404,LC-6725,1.1746
7100,202403,LC-6726,1.2151
7100,202404,LC-6726,1.2465
9100,202403,LC-6727,1.1522
9100,202404,LC-6727,1.1651
6100,202403,LC-6728,0.9518
6100,202404,LC-6728,0.9354
7100,202403,LC-6729,1.28
7100,202404,LC-6729,1.2609
9100,202403,LC-6730,1.1736
9100,202404,LC-6730,1.1702
6100,202403,LC-6731,1.3639
6100,202404,LC-6731,1.4036
7100,202403,LC-6732,0.8577
7100,202404,LC-6732,0.8423
9100,202403,LC-6733,0.8444
9100,202404,LC-6733,0.8491
6100,202403,LC-6734,0.9672
6100,202404,LC-6734,0.9505
7100,202403,LC-6735,1.4365
7100,202404,LC-6735,1.4329
9100,202403,LC-6736,1.4294
9100,202404,LC-6736,1.4718
6100,202403,LC-6737,1.3368
6100,202404,LC-6737,1.351
7100,202403,LC-6738,0.9217
7100,202404,LC-6738,0.9572
9100,202403,LC-6739,1.315
9100,202404,LC-6739,1.2945
6100,202403,LC-6740,1.3907
6100,202404,LC-6740,1.3871
7100,202403,LC-6741,1.4253
7100,202404,LC-6741,1.4332
9100,202403,LC-6742,1.4044
9100,202404,LC-6742,1.4488
6100,202403,LC-6743,0.7204
6100,202404,LC-6743,0.7298
7100,202403,LC-6744,1.389
7100,202404,LC-6744,1.4401
9100,202403,LC-6745,0.9047
9100,202404,LC-6745,0.9029
6100,202403,LC-6746,0.9048
6100,202404,LC-6746,0.9047
7100,202403,LC-6747,1.0558
7100,202404,LC-6747,1.0836
9100,202403,LC-6748,1.1697
9100,202404,LC-6748,1.1697
6100,202403,LC-6749,1.0501
6100,202404,LC-6749,1.0969
7100,202403,LC-6750,0.9789
7100,202404,LC-6750,0.9861
9100,202403,LC-6751,1.5077
9100,202404,LC-6751,1.493
6100,202403,LC-6752,1.3041
6100,202404,LC-6752,1.3188
7100,202403,LC-6753,1.5504
7100,202404,LC-6753,1.5551
9100,202403,LC-6754,1.5706
9100,202404,LC-6754,1.5449
6100,202403,LC-6755,0.9431
6100,202404,LC-6755,0.9677
7100,202403,LC-6756,1.1422
7100,202404,LC-6756,1.192
9100,202403,LC-6757,1.2278
9100,202404,LC-6757,1.2792
6100,202403,LC-6758,1.4946
6100,202404,LC-6758,1.5448
7100,202403,LC-6759,1.1546
7100,202404,LC-6759,1.1422
9100,202403,LC-6760,1.3219
9100,202404,LC-6760,1.3051
6100,202403,LC-6761,1.2696
6100,202404,LC-6761,1.3268
7100,202403,LC-6762,0.9495
7100,202404,LC-6762,0.958
9100,202403,LC-6763,0.9914
9100,202404,LC-6763,1.0332
6100,202403,LC-6764,0.9413
6100,202404,LC-6764,0.9306
7100,202403,LC-6765,1.5262
7100,202404,LC-6765,1.5388
9100,202403,LC-6766,1.1655
9100,202404,LC-6766,1.1632
6100,202403,LC-6767,1.2741
6100,202404,LC-6767,1.2854
7100,202403,LC-6768,0.8024
7100,202404,LC-6768,0.8153
9100,202403,LC-6769,1.3663
9100,202404,LC-6769,1.3852
6100,202403,LC-6770,1.3038
6100,202404,LC-6770,1.3593
7100,202403,LC-6771,0.9862
7100,202404,LC-6771,1.0135
9100,202403,LC-6772,1.3768
9100,202404,LC-6772,1.381
6100,202403,LC-6773,0.8643
6100,202404,LC-6773,0.9027
7100,202403,LC-6774,1.3654
7100,202404,LC-6774,1.3449
9100,202403,LC-6775,0.813
9100,202404,LC-6775,0.843
6100,202403,LC-6776,0.8318
6100,202404,LC-6776,0.8549
7100,202403,LC-6777,1.2729
7100,202404,LC-6777,1.2621
9100,202403,LC-6778,0.9292
9100,202404,LC-6778,0.9418
6100,202403,LC-6779,1.2837
6100,202404,LC-6779,1.2953
7100,202403,LC-6780,1.4371
7100,202404,LC-6780,1.505
9100,202403,LC-6781,0.7113
9100,202404,LC-6781,0.7367
6100,202403,LC-6782,1.0035
6100,202404,LC-6782,1.0151
7100,202403,LC-6783,1.1372
7100,202404,LC-6783,1.1169
9100,202403,LC-6784,1.036
9100,202404,LC-6784,1.0637
6100,202403,LC-6785,1.3578
6100,202404,LC-6785,1.3733
7100,202403,LC-6786,0.8031
7100,202404,LC-6786,0.799
9100,202403,LC-6787,1.537
9100,202404,LC-6787,1.5921
6100,202403,LC-6788,1.5141
6100,202404,LC-6788,1.5297
7100,202403,LC-6789,1.3676
7100,202404,LC-6789,1.4285
9100,202403,LC-6790,0.7603
9100,202404,LC-6790,0.7775
6100,202403,LC-6791,0.777
6100,202404,LC-6791,0.7685
7100,202403,LC-6792,0.9539
7100,202404,LC-6792,0.9601
9100,202403,LC-6793,0.9654
9100,202404,LC-6793,0.9735
6100,202403,LC-6794,1.1228
6100,202404,LC-6794,1.1057
7100,202403,LC-6795,1.5372
7100,202404,LC-6795,1.6087
9100,202403,LC-6796,1.1371
9100,202404,LC-6796,1.1386
6100,202403,LC-6797,1.5536
6100,202404,LC-6797,1.5893
7100,202403,LC-6798,1.4073
7100,202404,LC-6798,1.4091
9100,202403,LC-6799,1.0902
9100,202404,LC-6799,1.0913
6100,202403,LC-6800,0.7529
6100,202404,LC-6800,0.7566
7100,202403,LC-6801,1.1156
7100,202404,LC-6801,1.106
9100,202403,LC-6802,1.1083
9100,202404,LC-6802,1.0995
6100,202403,LC-6803,0.9788
6100,202404,LC-6803,1.0037
7100,202403,LC-6804,1.074
7100,202404,LC-6804,1.0606
9100,202403,LC-6805,1.5174
9100,202404,LC-6805,1.5124
6100,202403,LC-6806,0.8818
6100,202404,LC-6806,0.9159
7100,202403,LC-6807,1.2049
7100,202404,LC-6807,1.1967
9100,202403,LC-6808,0.71
9100,202404,LC-6808,0.7011
6100,202403,LC-6809,0.7205
6100,202404,LC-6809,0.7254
7100,202403,LC-6810,1.0463
7100,202404,LC-6810,1.0276
9100,202403,LC-6811,0.9812
9100,202404,LC-6811,1.0164
6100,202403,LC-6812,1.5416
6100,202404,LC-6812,1.5897
7100,202403,LC-6813,0.893
7100,202404,LC-6813,0.9006
9100,202403,LC-6814,0.9681
9100,202404,LC-6814,0.9982
6100,202403,LC-6815,1.4174
6100,202404,LC-6815,1.4337
7100,202403,LC-6816,0.8418
7100,202404,LC-6816,0.865
9100,202403,LC-6817,0.8682
9100,202404,LC-6817,0.8898
6100,202403,LC-6818,0.8135
6100,202404,LC-6818,0.7993
7100,202403,LC-6819,0.8654
7100,202404,LC-6819,0.871
9100,202403,LC-6820,1.4261
9100,202404,LC-6820,1.4281
6100,202403,LC-6821,1.5497
6100,202404,LC-6821,1.5718
7100,202403,LC-6822,0.9906
7100,202404,LC-6822,0.9985
9100,202403,LC-6823,1.3937
9100,202404,LC-6823,1.4239
6100,202403,LC-6824,1.0785
6100,202404,LC-6824,1.0917
7100,202403,LC-6825,1.5529
7100,202404,LC-6825,1.5657
9100,202403,LC-6826,0.9947
9100,202404,LC-6826,0.9991
6100,202403,LC-6827,0.9155
6100,202404,LC-6827,0.9133
7100,202403,LC-6828,1.236
7100,202404,LC-6828,1.2932
9100,202403,LC-6829,1.3062
9100,202404,LC-6829,1.3455
6100,202403,LC-6830,0.7139
6100,202404,LC-6830,0.7456
7100,202403,LC-6831,0.7564
7100,202404,LC-6831,0.7685
9100,202403,LC-6832,1.5353
9100,202404,LC-6832,1.5582
6100,202403,LC-6833,1.5328
6100,202404,LC-6833,1.5919
7100,202403,LC-6834,1.1128
7100,202404,LC-6834,1.0933
9100,202403,LC-6835,1.135
9100,202404,LC-6835,1.1276
6100,202403,LC-6836,1.2508
6100,202404,LC-6836,1.2891
7100,202403,LC-6837,0.888
7100,202404,LC-6837,0.8822
9100,202403,LC-6838,1.4193
9100,202404,LC-6838,1.4113
6100,202403,LC-6839,0.8041
6100,202404,LC-6839,0.8042
7100,202403,LC-6840,0.8402
7100,202404,LC-6840,0.8368
9100,202403,LC-6841,1.3367
9100,202404,LC-6841,1.34
6100,202403,LC-6842,1.3999
6100,202404,LC-6842,1.4012
7100,202403,LC-6843,1.323
7100,202404,LC-6843,1.3135
9100,202403,LC-6844,0.7099
9100,202404,LC-6844,0.7299
6100,202403,LC-6845,0.9193
6100,202404,LC-6845,0.9341
7100,202403,LC-6846,0.7894
7100,202404,LC-6846,0.8038
9100,202403,LC-6847,0.8401
9100,202404,LC-6847,0.8631
6100,202403,LC-6848,1.1935
6100,202404,LC-6848,1.2493
7100,202403,LC-6849,1.3667
7100,202404,LC-6849,1.3562
9100,202403,LC-6850,1.3946
9100,202404,LC-6850,1.4626
6100,202403,LC-6851,1.162
6100,202404,LC-6851,1.2127
7100,202403,LC-6852,1.4354
7100,202404,LC-6852,1.4434
9100,202403,LC-6853,0.7374
9100,202404,LC-6853,0.731
6100,202403,LC-6854,1.3588
6100,202404,LC-6854,1.3525
7100,202403,LC-6855,0.7436
7100,202404,LC-6855,0.7309
9100,202403,LC-6856,1.049
9100,202404,LC-6856,1.0693
6100,202403,LC-6857,0.9004
6100,202404,LC-6857,0.9224
7100,202403,LC-6858,1.3594
7100,202404,LC-6858,1.3774
9100,202403,LC-6859,1.2729
9100,202404,LC-6859,1.2596
6100,202403,LC-6860,1.1362
6100,202404,LC-6860,1.1361
7100,202403,LC-6861,1.4794
7100,202404,LC-6861,1.5113
9100,202403,LC-6862,1.1952
9100,202404,LC-6862,1.1812
6100,202403,LC-6863,1.3692
6100,202404,LC-6863,1.3954
7100,202403,LC-6864,1.1964
7100,202404,LC-6864,1.2271
9100,202403,LC-6865,1.1509
9100,202404,LC-6865,1.1853
6100,202403,LC-6866,0.852
6100,202404,LC-6866,0.8598
7100,202403,LC-6867,1.3612
7100,202404,LC-6867,1.4025
9100,202403,LC-6868,0.9633
9100,202404,LC-6868,0.9524
6100,202403,LC-6869,1.5732
6100,202404,LC-6869,1.6307
7100,202403,LC-6870,1.4761
7100,202404,LC-6870,1.488
9100,202403,LC-6871,1.1299
9100,202404,LC-6871,1.1153
6100,202403,LC-6872,0.7207
6100,202404,LC-6872,0.7514
7100,202403,LC-6873,1.1685
7100,202404,LC-6873,1.1874
9100,202403,LC-6874,0.9332
9100,202404,LC-6874,0.9517
6100,202403,LC-6875,1.2443
6100,202404,LC-6875,1.2522
7100,202403,LC-6876,1.2444
7100,202404,LC-6876,1.2479
9100,202403,LC-6877,1.0205
9100,202404,LC-6877,1.047
6100,202403,LC-6878,1.3728
6100,202404,LC-6878,1.3646
7100,202403,LC-6879,0.8746
7100,202404,LC-6879,0.8665
9100,202403,LC-6880,1.5225
9100,202404,LC-6880,1.5369
6100,202403,LC-6881,0.9854
6100,202404,LC-6881,1.0035
7100,202403,LC-6882,0.8678
7100,202404,LC-6882,0.8817
9100,202403,LC-6883,0.7863
9100,202404,LC-6883,0.7735
6100,202403,LC-6884,0.9854
6100,202404,LC-6884,1.0263
7100,202403,LC-6885,1.0835
7100,202404,LC-6885,1.0877
9100,202403,LC-6886,1.0856
9100,202404,LC-6886,1.1055
6100,202403,LC-6887,0.8747
6100,202404,LC-6887,0.8809
7100,202403,LC-6888,0.7465
7100,202404,LC-6888,0.753
9100,202403,LC-6889,0.812
9100,202404,LC-6889,0.8381
6100,202403,LC-6890,1.044
6100,202404,LC-6890,1.0463
7100,202403,LC-6891,0.8861
7100,202404,LC-6891,0.8803
9100,202403,LC-6892,1.5199
9100,202404,LC-6892,1.5119
6100,202403,LC-6893,0.9635
6100,202404,LC-6893,1.0003
7100,202403,LC-6894,0.7498
7100,202404,LC-6894,0.7357
9100,202403,LC-6895,1.5713
9100,202404,LC-6895,1.5679
6100,202403,LC-6896,1.0779
6100,202404,LC-6896,1.0865
7100,202403,LC-6897,1.2536
7100,202404,LC-6897,1.2509
9100,202403,LC-6898,0.9845
9100,202404,LC-6898,1.0195
6100,202403,LC-6899,1.5043
6100,202404,LC-6899,1.5272
7100,202403,LC-6900,1.189
7100,202404,LC-6900,1.2328
9100,202403,LC-6901,1.4564
9100,202404,LC-6901,1.5094
6100,202403,LC-6902,0.737
6100,202404,LC-6902,0.7594
7100,202403,LC-6903,0.7422
7100,202404,LC-6903,0.76
9100,202403,LC-6904,0.8481
9100,202404,LC-6904,0.8827
6100,202403,LC-6905,1.0438
6100,202404,LC-6905,1.0808
7100,202403,LC-6906,0.9293
7100,202404,LC-6906,0.9283
9100,202403,LC-6907,1.0715
9100,202404,LC-6907,1.1206
6100,202403,LC-6908,1.0262
6100,202404,LC-6908,1.0187
7100,202403,LC-6909,1.0119
7100,202404,LC-6909,1.0519
9100,202403,LC-6910,0.7919
9100,202404,LC-6910,0.8083
6100,202403,LC-6911,1.0527
6100,202404,LC-6911,1.0548
7100,202403,LC-6912,1.1442
7100,202404,LC-6912,1.1278
9100,202403,LC-6913,0.9401
9100,202404,LC-6913,0.9715
6100,202403,LC-6914,1.5015
6100,202404,LC-6914,1.4777
7100,202403,LC-6915,0.9474
7100,202404,LC-6915,0.9794
9100,202403,LC-6916,1.2748
9100,202404,LC-6916,1.2597
6100,202403,LC-6917,0.7096
6100,202404,LC-6917,0.7265
7100,202403,LC-6918,0.7077
7100,202404,LC-6918,0.7148
9100,202403,LC-6919,0.8128
9100,202404,LC-6919,0.8361
6100,202403,LC-6920,1.1939
6100,202404,LC-6920,1.1876
7100,202403,LC-6921,1.0319
7100,202404,LC-6921,1.042
9100,202403,LC-6922,1.0561
9100,202404,LC-6922,1.0892
6100,202403,LC-6923,1.1903
6100,202404,LC-6923,1.2125
7100,202403,LC-6924,0.8833
7100,202404,LC-6924,0.9054
9100,202403,LC-6925,1.3346
9100,202404,LC-6925,1.3835
6100,202403,LC-6926,1.2409
6100,202404,LC-6926,1.2423
7100,202403,LC-6927,1.2098
7100,202404,LC-6927,1.2144
9100,202403,LC-6928,0.8637
9100,202404,LC-6928,0.8693
6100,202403,LC-6929,1.051
6100,202404,LC-6929,1.0503
7100,202403,LC-6930,1.1206
7100,202404,LC-6930,1.1501
9100,202403,LC-6931,1.4648
9100,202404,LC-6931,1.5329
6100,202403,LC-6932,1.5001
6100,202404,LC-6932,1.5533
7100,202403,LC-6933,1.4997
7100,202404,LC-6933,1.5388
9100,202403,LC-6934,1.2426
9100,202404,LC-6934,1.2955
6100,202403,LC-6935,1.5059
6100,202404,LC-6935,1.5295
7100,202403,LC-6936,0.7096
7100,202404,LC-6936,0.6976
9100,202403,LC-6937,0.9368
9100,202404,LC-6937,0.928
6100,202403,LC-6938,0.9001
6100,202404,LC-6938,0.9002
7100,202403,LC-6939,1.0301
7100,202404,LC-6939,1.061
9100,202403,LC-6940,1.3235
9100,202404,LC-6940,1.3806
6100,202403,LC-6941,1.3312
6100,202404,LC-6941,1.3382
7100,202403,LC-6942,1.5273
7100,202404,LC-6942,1.5659
9100,202403,LC-6943,0.966
9100,202404,LC-6943,0.9789
6100,202403,LC-6944,1.4342
6100,202404,LC-6944,1.4228
7100,202403,LC-6945,1.0524
7100,202404,LC-6945,1.0427
9100,202403,LC-6946,1.1616
9100,202404,LC-6946,1.2122
6100,202403,LC-6947,1.256
6100,202404,LC-6947,1.2883
7100,202403,LC-6948,1.1179
7100,202404,LC-6948,1.1136
9100,202403,LC-6949,1.4441
9100,202404,LC-6949,1.4757
6100,202403,LC-6950,1.4641
6100,202404,LC-6950,1.4767
7100,202403,LC-6951,1.5722
7100,202404,LC-6951,1.6081
9100,202403,LC-6952,0.9214
9100,202404,LC-6952,0.9283
6100,202403,LC-6953,1.4032
6100,202404,LC-6953,1.4629
7100,202403,LC-6954,1.3208
7100,202404,LC-6954,1.3552
9100,202403,LC-6955,1.4156
9100,202404,LC-6955,1.4453
6100,202403,LC-6956,1.1192
6100,202404,LC-6956,1.122
7100,202403,LC-6957,0.9749
7100,202404,LC-6957,0.9739
9100,202403,LC-6958,1.048
9100,202404,LC-6958,1.0601
6100,202403,LC-6959,1.4055
6100,202404,LC-6959,1.4239
7100,202403,LC-6960,0.9045
7100,202404,LC-6960,0.8907
9100,202403,LC-6961,1.0276
9100,202404,LC-6961,1.0787
6100,202403,LC-6962,1.1498
6100,202404,LC-6962,1.1447
7100,202403,LC-6963,0.7509
7100,202404,LC-6963,0.7748
9100,202403,LC-6964,1.4226
9100,202404,LC-6964,1.4368
6100,202403,LC-6965,1.4837
6100,202404,LC-6965,1.5037
7100,202403,LC-6966,1.0961
7100,202404,LC-6966,1.1482
9100,202403,LC-6967,1.1147
9100,202404,LC-6967,1.0974
6100,202403,LC-6968,0.9214
6100,202404,LC-6968,0.944
7100,202403,LC-6969,1.2335
7100,202404,LC-6969,1.2328
9100,202403,LC-6970,1.5992
9100,202404,LC-6970,1.6456
6100,202403,LC-6971,0.7606
6100,202404,LC-6971,0.7685
7100,202403,LC-6972,0.9014
7100,202404,LC-6972,0.9044
9100,202403,LC-6973,1.1233
9100,202404,LC-6973,1.1172
6100,202403,LC-6974,0.9183
6100,202404,LC-6974,0.9434
7100,202403,LC-6975,1.4934
7100,202404,LC-6975,1.5132
9100,202403,LC-6976,1.2448
9100,202404,LC-6976,1.2867
6100,202403,LC-6977,0.7071
6100,202404,LC-6977,0.7141
7100,202403,LC-6978,0.9247
7100,202404,LC-6978,0.9167
9100,202403,LC-6979,0.8303
9100,202404,LC-6979,0.867
6100,202403,LC-6980,1.2967
6100,202404,LC-6980,1.3364
7100,202403,LC-6981,0.8509
7100,202404,LC-6981,0.8352
9100,202403,LC-6982,0.7112
9100,202404,LC-6982,0.7233
6100,202403,LC-6983,0.7996
6100,202404,LC-6983,0.7845
7100,202403,LC-6984,1.1905
7100,202404,LC-6984,1.2135
9100,202403,LC-6985,0.7554
9100,202404,LC-6985,0.7803
6100,202403,LC-6986,0.9964
6100,202404,LC-6986,1.0233
7100,202403,LC-6987,0.9132
7100,202404,LC-6987,0.9394
9100,202403,LC-6988,1.0294
9100,202404,LC-6988,1.0742
6100,202403,LC-6989,1.1752
6100,202404,LC-6989,1.1818
7100,202403,LC-6990,0.8791
7100,202404,LC-6990,0.9012
9100,202403,LC-6991,0.8222
9100,202404,LC-6991,0.8207
6100,202403,LC-6992,1.3295
6100,202404,LC-6992,1.353
7100,202403,LC-6993,1.4098
7100,202404,LC-6993,1.4301
9100,202403,LC-6994,1.5975
9100,202404,LC-6994,1.6138
6100,202403,LC-6995,1.4498
6100,202404,LC-6995,1.4409
7100,202403,LC-6996,1.3521
7100,202404,LC-6996,1.3614
9100,202403,LC-6997,0.9891
9100,202404,LC-6997,1.0122
6100,202403,LC-6998,1.5291
6100,202404,LC-6998,1.5626
7100,202403,LC-6999,0.7862
7100,202404,LC-6999,0.8231
9100,202403,LC-7000,1.207
9100,202404,LC-7000,1.2211
6100,202403,LC-7001,1.561
6100,202404,LC-7001,1.5646
7100,202403,LC-7002,1.2883
7100,202404,LC-7002,1.325
9100,202403,LC-7003,1.38
9100,202404,LC-7003,1.4314
6100,202403,LC-7004,0.7134
6100,202404,LC-7004,0.7235
7100,202403,LC-7005,1.3955
7100,202404,LC-7005,1.4098
9100,202403,LC-7006,1.2314
9100,202404,LC-7006,1.2926
6100,202403,LC-7007,1.3209
6100,202404,LC-7007,1.3268
7100,202403,LC-7008,1.2225
7100,202404,LC-7008,1.2746
9100,202403,LC-7009,0.86
9100,202404,LC-7009,0.8546
6100,202403,LC-7010,1.2351
6100,202404,LC-7010,1.2344
7100,202403,LC-7011,1.5253
7100,202404,LC-7011,1.5089
9100,202403,LC-7012,0.7261
9100,202404,LC-7012,0.7293
6100,202403,LC-7013,1.1243
6100,202404,LC-7013,1.1328
7100,202403,LC-7014,0.7657
7100,202404,LC-7014,0.7505
9100,202403,LC-7015,0.7154
9100,202404,LC-7015,0.7215
6100,202403,LC-7016,0.7053
6100,202404,LC-7016,0.7204
7100,202403,LC-7017,1.0467
7100,202404,LC-7017,1.0618
9100,202403,LC-7018,0.7828
9100,202404,LC-7018,0.7963
6100,202403,LC-7019,0.9509
6100,202404,LC-7019,0.9838
7100,202403,LC-7020,0.9396
7100,202404,LC-7020,0.9562
9100,202403,LC-7021,0.8778
9100,202404,LC-7021,0.8838
6100,202403,LC-7022,1.5817
6100,202404,LC-7022,1.5661
7100,202403,LC-7023,1.4994
7100,202404,LC-7023,1.4719
9100,202403,LC-7024,1.0087
9100,202404,LC-7024,1.0413
6100,202403,LC-7025,0.9644
6100,202404,LC-7025,0.9588
7100,202403,LC-7026,0.7637
7100,202404,LC-7026,0.7784
9100,202403,LC-7027,1.0216
9100,202404,LC-7027,1.0399
6100,202403,LC-7028,1.2334
6100,202404,LC-7028,1.227
7100,202403,LC-7029,1.1853
7100,202404,LC-7029,1.2354
9100,202403,LC-7030,0.8653
9100,202404,LC-7030,0.8668
6100,202403,LC-7031,1.3384
6100,202404,LC-7031,1.3496
7100,202403,LC-7032,1.3687
7100,202404,LC-7032,1.3445
9100,202403,LC-7033,0.9998
9100,202404,LC-7033,1.0447
6100,202403,LC-7034,0.8629
6100,202404,LC-7034,0.8842
7100,202403,LC-7035,1.2668
7100,202404,LC-7035,1.3142
9100,202403,LC-7036,1.2031
9100,202404,LC-7036,1.2511
6100,202403,LC-7037,1.4838
6100,202404,LC-7037,1.4867
7100,202403,LC-7038,1.57
7100,202404,LC-7038,1.5429
9100,202403,LC-7039,1.5931
9100,202404,LC-7039,1.5823
6100,202403,LC-7040,1.0509
6100,202404,LC-7040,1.0518
7100,202403,LC-7041,0.8941
7100,202404,LC-7041,0.927
9100,202403,LC-7042,1.5532
9100,202404,LC-7042,1.55
6100,202403,LC-7043,0.7279
6100,202404,LC-7043,0.7589
7100,202403,LC-7044,1.2893
7100,202404,LC-7044,1.3113
9100,202403,LC-7045,1.331
9100,202404,LC-7045,1.3426
6100,202403,LC-7046,1.3317
6100,202404,LC-7046,1.3248
7100,202403,LC-7047,1.5449
7100,202404,LC-7047,1.5329
9100,202403,LC-7048,1.2938
9100,202404,LC-7048,1.3266
6100,202403,LC-7049,1.0364
6100,202404,LC-7049,1.0281
7100,202403,LC-7050,1.2398
7100,202404,LC-7050,1.2868
9100,202403,LC-7051,1.2416
9100,202404,LC-7051,1.2341
6100,202403,LC-7052,1.0551
6100,202404,LC-7052,1.0595
7100,202403,LC-7053,1.1535
7100,202404,LC-7053,1.1841
9100,202403,LC-7054,1.2809
9100,202404,LC-7054,1.2657
6100,202403,LC-7055,1.3195
6100,202404,LC-7055,1.3141
7100,202403,LC-7056,0.7759
7100,202404,LC-7056,0.7852
9100,202403,LC-7057,0.9264
9100,202404,LC-7057,0.9503
6100,202403,LC-7058,1.5183
6100,202404,LC-7058,1.491
7100,202403,LC-7059,0.7843
7100,202404,LC-7059,0.7975
9100,202403,LC-7060,1.1182
9100,202404,LC-7060,1.1734
6100,202403,LC-7061,1.0956
6100,202404,LC-7061,1.1392
7100,202403,LC-7062,1.5749
7100,202404,LC-7062,1.6304
9100,202403,LC-7063,1.1099
9100,202404,LC-7063,1.0927
6100,202403,LC-7064,0.7243
6100,202404,LC-7064,0.7272
7100,202403,LC-7065,1.5669
7100,202404,LC-7065,1.5856
9100,202403,LC-7066,0.8963
9100,202404,LC-7066,0.9116
6100,202403,LC-7067,0.7819
6100,202404,LC-7067,0.8024
7100,202403,LC-7068,0.915
7100,202404,LC-7068,0.9547
9100,202403,LC-7069,1.2921
9100,202404,LC-7069,1.3319
6100,202403,LC-7070,1.1058
6100,202404,LC-7070,1.1598
7100,202403,LC-7071,1.3417
7100,202404,LC-7071,1.3474
9100,202403,LC-7072,1.3604
9100,202404,LC-7072,1.3408
6100,202403,LC-7073,1.5648
6100,202404,LC-7073,1.6212
7100,202403,LC-7074,0.9285
7100,202404,LC-7074,0.9326
9100,202403,LC-7075,1.1341
9100,202404,LC-7075,1.1588
6100,202403,LC-7076,1.2749
6100,202404,LC-7076,1.2978
7100,202403,LC-7077,1.3359
7100,202404,LC-7077,1.3294
9100,202403,LC-7078,1.4418
9100,202404,LC-7078,1.5051
6100,202403,LC-7079,1.4405
6100,202404,LC-7079,1.5077
7100,202403,LC-7080,1.4318
7100,202404,LC-7080,1.4195
9100,202403,LC-7081,1.5463
9100,202404,LC-7081,1.5564
6100,202403,LC-7082,1.5557
6100,202404,LC-7082,1.581
7100,202403,LC-7083,1.3742
7100,202404,LC-7083,1.4076
9100,202403,LC-7084,0.9123
9100,202404,LC-7084,0.9361
6100,202403,LC-7085,1.4636
6100,202404,LC-7085,1.4459
7100,202403,LC-7086,1.3809
7100,202404,LC-7086,1.3808
9100,202403,LC-7087,1.5891
9100,202404,LC-7087,1.6236
6100,202403,LC-7088,0.8659
6100,202404,LC-7088,0.8852
7100,202403,LC-7089,1.0121
7100,202404,LC-7089,1.0238
9100,202403,LC-7090,0.8025
9100,202404,LC-7090,0.8243
6100,202403,LC-7091,0.9969
6100,202404,LC-7091,1.0292
7100,202403,LC-7092,1.125
7100,202404,LC-7092,1.1653
9100,202403,LC-7093,1.2051
9100,202404,LC-7093,1.2075
6100,202403,LC-7094,0.8033
6100,202404,LC-7094,0.8349
7100,202403,LC-7095,0.851
7100,202404,LC-7095,0.8442
9100,202403,LC-7096,1.2149
9100,202404,LC-7096,1.2446
6100,202403,LC-7097,0.8952
6100,202404,LC-7097,0.8983
7100,202403,LC-7098,1.088
7100,202404,LC-7098,1.0977
9100,202403,LC-7099,0.7119
9100,202404,LC-7099,0.7156
6100,202403,LC-7100,1.4607
6100,202404,LC-7100,1.5316
7100,202403,LC-7101,0.7799
7100,202404,LC-7101,0.8125
9100,202403,LC-7102,1.5871
9100,202404,LC-7102,1.5606
6100,202403,LC-7103,0.9402
6100,202404,LC-7103,0.9582
7100,202403,LC-7104,1.1538
7100,202404,LC-7104,1.1716
9100,202403,LC-7105,1.0596
9100,202404,LC-7105,1.0709
6100,202403,LC-7106,1.3162
6100,202404,LC-7106,1.3285
7100,202403,LC-7107,1.1532
7100,202404,LC-7107,1.1882
9100,202403,LC-7108,1.1425
9100,202404,LC-7108,1.1599
6100,202403,LC-7109,1.0567
6100,202404,LC-7109,1.0356
7100,202403,LC-7110,0.812
7100,202404,LC-7110,0.8382
9100,202403,LC-7111,1.3098
9100,202404,LC-7111,1.3376
6100,202403,LC-7112,1.1052
6100,202404,LC-7112,1.1561
7100,202403,LC-7113,1.2669
7100,202404,LC-7113,1.2844
9100,202403,LC-7114,1.5741
9100,202404,LC-7114,1.5586
6100,202403,LC-7115,1.548
6100,202404,LC-7115,1.5582
7100,202403,LC-7116,1.1323
7100,202404,LC-7116,1.1632
9100,202403,LC-7117,0.8656
9100,202404,LC-7117,0.8605
6100,202403,LC-7118,1.431
6100,202404,LC-7118,1.4127
7100,202403,LC-7119,0.7279
7100,202404,LC-7119,0.7319
9100,202403,LC-7120,1.2833
9100,202404,LC-7120,1.2612
6100,202403,LC-7121,1.0085
6100,202404,LC-7121,0.9942
7100,202403,LC-7122,1.0638
7100,202404,LC-7122,1.0756
9100,202403,LC-7123,1.3296
9100,202404,LC-7123,1.3641
6100,202403,LC-7124,1.5137
6100,202404,LC-7124,1.4917
7100,202403,LC-7125,1.5481
7100,202404,LC-7125,1.531
9100,202403,LC-7126,1.2742
9100,202404,LC-7126,1.288
6100,202403,LC-7127,1.5055
6100,202404,LC-7127,1.5644
7100,202403,LC-7128,1.4165
7100,202404,LC-7128,1.4121
9100,202403,LC-7129,1.2625
9100,202404,LC-7129,1.2755
6100,202403,LC-7130,1.2497
6100,202404,LC-7130,1.2846
7100,202403,LC-7131,1.1626
7100,202404,LC-7131,1.2025
9100,202403,LC-7132,1.1324
9100,202404,LC-7132,1.1677
6100,202403,LC-7133,1.4009
6100,202404,LC-7133,1.3967
7100,202403,LC-7134,1.1087
7100,202404,LC-7134,1.1189
9100,202403,LC-7135,1.3325
9100,202404,LC-7135,1.3862
6100,202403,LC-7136,1.3576
6100,202404,LC-7136,1.4063
7100,202403,LC-7137,1.2984
7100,202404,LC-7137,1.3246
9100,202403,LC-7138,1.2122
9100,202404,LC-7138,1.1894
6100,202403,LC-7139,1.4987
6100,202404,LC-7139,1.4854
7100,202403,LC-7140,0.9434
7100,202404,LC-7140,0.9609
9100,202403,LC-7141,0.7757
9100,202404,LC-7141,0.7896
6100,202403,LC-7142,0.906
6100,202404,LC-7142,0.936
7100,202403,LC-7143,1.1233
7100,202404,LC-7143,1.1497
9100,202403,LC-7144,0.7845
9100,202404,LC-7144,0.8081
6100,202403,LC-7145,1.4356
6100,202404,LC-7145,1.4091
7100,202403,LC-7146,1.2615
7100,202404,LC-7146,1.2754
9100,202403,LC-7147,0.8657
9100,202404,LC-7147,0.9064
6100,202403,LC-7148,0.8674
6100,202404,LC-7148,0.8669
7100,202403,LC-7149,1.2978
7100,202404,LC-7149,1.2801
9100,202403,LC-7150,1.4263
9100,202404,LC-7150,1.4278
6100,202403,LC-7151,1.1886
6100,202404,LC-7151,1.1664
7100,202403,LC-7152,1.1107
7100,202404,LC-7152,1.15
9100,202403,LC-7153,1.3019
9100,202404,LC-7153,1.3508
6100,202403,LC-7154,0.8264
6100,202404,LC-7154,0.8342
7100,202403,LC-7155,1.3266
7100,202404,LC-7155,1.3413
9100,202403,LC-7156,1.242
9100,202404,LC-7156,1.2683
6100,202403,LC-7157,0.955
6100,202404,LC-7157,0.9733
7100,202403,LC-7158,1.0898
7100,202404,LC-7158,1.0875
9100,202403,LC-7159,1.5627
9100,202404,LC-7159,1.5483
6100,202403,LC-7160,1.4525
6100,202404,LC-7160,1.449
7100,202403,LC-7161,0.7981
7100,202404,LC-7161,0.7907
9100,202403,LC-7162,1.3557
9100,202404,LC-7162,1.3985
6100,202403,LC-7163,0.7327
6100,202404,LC-7163,0.7311
7100,202403,LC-7164,1.2031
7100,202404,LC-7164,1.2489
9100,202403,LC-7165,0.7895
9100,202404,LC-7165,0.7819
6100,202403,LC-7166,0.7846
6100,202404,LC-7166,0.7818
7100,202403,LC-7167,1.3453
7100,202404,LC-7167,1.3745
9100,202403,LC-7168,0.9986
9100,202404,LC-7168,1.0075
6100,202403,LC-7169,1.0878
6100,202404,LC-7169,1.0994
7100,202403,LC-7170,1.1483
7100,202404,LC-7170,1.132
9100,202403,LC-7171,0.9085
9100,202404,LC-7171,0.9111
6100,202403,LC-7172,1.5706
6100,202404,LC-7172,1.6113
7100,202403,LC-7173,1.2453
7100,202404,LC-7173,1.2699
9100,202403,LC-7174,1.3957
9100,202404,LC-7174,1.465
6100,202403,LC-7175,1.0165
6100,202404,LC-7175,1.0169
7100,202403,LC-7176,1.4688
7100,202404,LC-7176,1.5009
9100,202403,LC-7177,0.8359
9100,202404,LC-7177,0.8283
6100,202403,LC-7178,0.971
6100,202404,LC-7178,0.9736
7100,202403,LC-7179,1.2961
7100,202404,LC-7179,1.2748
9100,202403,LC-7180,1.3614
9100,202404,LC-7180,1.3571
6100,202403,LC-7181,1.0799
6100,202404,LC-7181,1.1313
7100,202403,LC-7182,1.0195
7100,202404,LC-7182,1.0048
9100,202403,LC-7183,1.1624
9100,202404,LC-7183,1.2084
6100,202403,LC-7184,1.365
6100,202404,LC-7184,1.3624
7100,202403,LC-7185,1.3426
7100,202404,LC-7185,1.3807
9100,202403,LC-7186,1.2506
9100,202404,LC-7186,1.2853
6100,202403,LC-7187,1.3847
6100,202404,LC-7187,1.3685
7100,202403,LC-7188,1.0254
7100,202404,LC-7188,1.0307
9100,202403,LC-7189,1.26
9100,202404,LC-7189,1.3203
6100,202403,LC-7190,1.0193
6100,202404,LC-7190,1.0435
7100,202403,LC-7191,1.4778
7100,202404,LC-7191,1.4681
9100,202403,LC-7192,1.4735
9100,202404,LC-7192,1.5364
6100,202403,LC-7193,1.4117
6100,202404,LC-7193,1.4575
7100,202403,LC-7194,0.7251
7100,202404,LC-7194,0.7344
9100,202403,LC-7195,1.3618
9100,202404,LC-7195,1.3945
6100,202403,LC-7196,1.2582
6100,202404,LC-7196,1.2995
7100,202403,LC-7197,1.2233
7100,202404,LC-7197,1.1991
9100,202403,LC-7198,1.0186
9100,202404,LC-7198,1.0011
6100,202403,LC-7199,1.1671
6100,202404,LC-7199,1.2196
7100,202403,LC-7200,1.051
7100,202404,LC-7200,1.0305
9100,202403,LC-7201,1.247
9100,202404,LC-7201,1.286
6100,202403,LC-7202,1.089
6100,202404,LC-7202,1.0701
7100,202403,LC-7203,1.2681
7100,202404,LC-7203,1.3142
9100,202403,LC-7204,0.8763
9100,202404,LC-7204,0.9004
6100,202403,LC-7205,1.1733
6100,202404,LC-7205,1.2144
7100,202403,LC-7206,0.7059
7100,202404,LC-7206,0.731
9100,202403,LC-7207,0.8501
9100,202404,LC-7207,0.889
6100,202403,LC-7208,0.9881
6100,202404,LC-7208,0.9764
7100,202403,LC-7209,0.8131
7100,202404,LC-7209,0.811
9100,202403,LC-7210,1.2773
9100,202404,LC-7210,1.3258
6100,202403,LC-7211,1.0829
6100,202404,LC-7211,1.0866
7100,202403,LC-7212,1.5283
7100,202404,LC-7212,1.5199
9100,202403,LC-7213,0.9991
9100,202404,LC-7213,0.9995
6100,202403,LC-7214,1.0878
6100,202404,LC-7214,1.0851
7100,202403,LC-7215,0.8605
7100,202404,LC-7215,0.9034
9100,202403,LC-7216,1.0331
9100,202404,LC-7216,1.0328
6100,202403,LC-7217,1.4657
6100,202404,LC-7217,1.472
7100,202403,LC-7218,0.9201
7100,202404,LC-7218,0.9485
9100,202403,LC-7219,1.2099
9100,202404,LC-7219,1.2063
6100,202403,LC-7220,1.365
6100,202404,LC-7220,1.412
7100,202403,LC-7221,0.9523
7100,202404,LC-7221,0.9549
9100,202403,LC-7222,1.0523
9100,202404,LC-7222,1.0719
6100,202403,LC-7223,1.5575
6100,202404,LC-7223,1.609
7100,202403,LC-7224,1.2939
7100,202404,LC-7224,1.3091
9100,202403,LC-7225,1.1969
9100,202404,LC-7225,1.2093
6100,202403,LC-7226,0.7256
6100,202404,LC-7226,0.7222
7100,202403,LC-7227,1.1785
7100,202404,LC-7227,1.2217
9100,202403,LC-7228,0.7154
9100,202404,LC-7228,0.7335
6100,202403,LC-7229,1.4971
6100,202404,LC-7229,1.5604
7100,202403,LC-7230,1.529
7100,202404,LC-7230,1.5838
9100,202403,LC-7231,0.7713
9100,202404,LC-7231,0.7564
6100,202403,LC-7232,1.4015
6100,202404,LC-7232,1.3849
7100,202403,LC-7233,1.4369
7100,202404,LC-7233,1.4162
9100,202403,LC-7234,1.5633
9100,202404,LC-7234,1.6376
6100,202403,LC-7235,0.7762
6100,202404,LC-7235,0.7991
7100,202403,LC-7236,0.9849
7100,202404,LC-7236,0.9867
9100,202403,LC-7237,0.7834
9100,202404,LC-7237,0.7878
6100,202403,LC-7238,1.3334
6100,202404,LC-7238,1.3196
7100,202403,LC-7239,0.8323
7100,202404,LC-7239,0.845
9100,202403,LC-7240,1.1196
9100,202404,LC-7240,1.1323
6100,202403,LC-7241,0.7078
6100,202404,LC-7241,0.7215
7100,202403,LC-7242,1.2731
7100,202404,LC-7242,1.3344
9100,202403,LC-7243,1.3367
9100,202404,LC-7243,1.3209
6100,202403,LC-7244,1.3899
6100,202404,LC-7244,1.3979
7100,202403,LC-7245,0.7253
7100,202404,LC-7245,0.7579
9100,202403,LC-7246,0.819
9100,202404,LC-7246,0.8508
6100,202403,LC-7247,1.5389
6100,202404,LC-7247,1.5841
7100,202403,LC-7248,1.3131
7100,202404,LC-7248,1.3214
9100,202403,LC-7249,1.0065
9100,202404,LC-7249,1.0316
6100,202403,LC-7250,0.7701
6100,202404,LC-7250,0.7952
7100,202403,LC-7251,0.9181
7100,202404,LC-7251,0.9265
9100,202403,LC-7252,1.0416
9100,202404,LC-7252,1.088
6100,202403,LC-7253,1.3969
6100,202404,LC-7253,1.4605
7100,202403,LC-7254,0.7299
7100,202404,LC-7254,0.7468
9100,202403,LC-7255,1.4053
9100,202404,LC-7255,1.4222
6100,202403,LC-7256,0.9475
6100,202404,LC-7256,0.953
7100,202403,LC-7257,1.4146
7100,202404,LC-7257,1.4461
9100,202403,LC-7258,1.5068
9100,202404,LC-7258,1.492
6100,202403,LC-7259,1.5208
6100,202404,LC-7259,1.5807
7100,202403,LC-7260,0.8219
7100,202404,LC-7260,0.8549
9100,202403,LC-7261,1.0327
9100,202404,LC-7261,1.0613
6100,202403,LC-7262,0.796
6100,202404,LC-7262,0.7955
7100,202403,LC-7263,0.9352
7100,202404,LC-7263,0.9183
9100,202403,LC-7264,0.9913
9100,202404,LC-7264,1.0018
6100,202403,LC-7265,1.4235
6100,202404,LC-7265,1.4212
7100,202403,LC-7266,1.4584
7100,202404,LC-7266,1.5193
9100,202403,LC-7267,1.1101
9100,202404,LC-7267,1.1526
6100,202403,LC-7268,0.8454
6100,202404,LC-7268,0.8652
7100,202403,LC-7269,0.9592
7100,202404,LC-7269,0.9887
9100,202403,LC-7270,1.2809
9100,202404,LC-7270,1.3075
6100,202403,LC-7271,1.1108
6100,202404,LC-7271,1.0889
7100,202403,LC-7272,1.4216
7100,202404,LC-7272,1.4886
9100,202403,LC-7273,1.0654
9100,202404,LC-7273,1.0774
6100,202403,LC-7274,1.3588
6100,202404,LC-7274,1.3636
7100,202403,LC-7275,1.1665
7100,202404,LC-7275,1.2096
9100,202403,LC-7276,0.7719
9100,202404,LC-7276,0.7852
6100,202403,LC-7277,0.7944
6100,202404,LC-7277,0.7892
7100,202403,LC-7278,1.5289
7100,202404,LC-7278,1.5628
9100,202403,LC-7279,1.4388
9100,202404,LC-7279,1.4317
6100,202403,LC-7280,0.9622
6100,202404,LC-7280,0.9655
7100,202403,LC-7281,1.3056
7100,202404,LC-7281,1.2902
9100,202403,LC-7282,1.5506
9100,202404,LC-7282,1.5549
6100,202403,LC-7283,1.1709
6100,202404,LC-7283,1.1545
7100,202403,LC-7284,1.3668
7100,202404,LC-7284,1.412
9100,202403,LC-7285,1.5298
9100,202404,LC-7285,1.5585
6100,202403,LC-7286,1.2979
6100,202404,LC-7286,1.315
7100,202403,LC-7287,0.9551
7100,202404,LC-7287,0.9916
9100,202403,LC-7288,1.0696
9100,202404,LC-7288,1.1185
6100,202403,LC-7289,0.7986
6100,202404,LC-7289,0.786
7100,202403,LC-7290,0.7211
7100,202404,LC-7290,0.7186
9100,202403,LC-7291,1.0124
9100,202404,LC-7291,1.0025
6100,202403,LC-7292,1.2667
6100,202404,LC-7292,1.249
7100,202403,LC-7293,1.5124
7100,202404,LC-7293,1.4836
9100,202403,LC-7294,1.0597
9100,202404,LC-7294,1.0734
6100,202403,LC-7295,0.8199
6100,202404,LC-7295,0.8049
7100,202403,LC-7296,1.2683
7100,202404,LC-7296,1.2955
9100,202403,LC-7297,1.1797
9100,202404,LC-7297,1.1895
6100,202403,LC-7298,1.3095
6100,202404,LC-7298,1.3474
7100,202403,LC-7299,1.5215
7100,202404,LC-7299,1.5702
9100,202403,LC-7300,1.3658
9100,202404,LC-7300,1.3611
6100,202403,LC-7301,0.9004
6100,202404,LC-7301,0.9296
7100,202403,LC-7302,1.1204
7100,202404,LC-7302,1.1048
9100,202403,LC-7303,1.5852
9100,202404,LC-7303,1.6567
6100,202403,LC-7304,0.7959
6100,202404,LC-7304,0.8291
7100,202403,LC-7305,1.2493
7100,202404,LC-7305,1.2418
9100,202403,LC-7306,1.507
9100,202404,LC-7306,1.5157
6100,202403,LC-7307,0.8873
6100,202404,LC-7307,0.8836
7100,202403,LC-7308,1.0902
7100,202404,LC-7308,1.1262
9100,202403,LC-7309,1.2182
9100,202404,LC-7309,1.2323
6100,202403,LC-7310,0.9601
6100,202404,LC-7310,0.9776
7100,202403,LC-7311,1.3293
7100,202404,LC-7311,1.3499
9100,202403,LC-7312,1.1266
9100,202404,LC-7312,1.1136
6100,202403,LC-7313,1.032
6100,202404,LC-7313,1.0269
7100,202403,LC-7314,1.4876
7100,202404,LC-7314,1.4617
9100,202403,LC-7315,1.4735
9100,202404,LC-7315,1.4639
6100,202403,LC-7316,1.2071
6100,202404,LC-7316,1.2319
7100,202403,LC-7317,1.2803
7100,202404,LC-7317,1.3241
9100,202403,LC-7318,0.8538
9100,202404,LC-7318,0.857
6100,202403,LC-7319,0.8356
6100,202404,LC-7319,0.8769
7100,202403,LC-7320,0.9987
7100,202404,LC-7320,1.0369
9100,202403,LC-7321,1.5476
9100,202404,LC-7321,1.6066
6100,202403,LC-7322,0.8807
6100,202404,LC-7322,0.9129
7100,202403,LC-7323,0.751
7100,202404,LC-7323,0.7577
9100,202403,LC-7324,1.1971
9100,202404,LC-7324,1.2561
6100,202403,LC-7325,1.1269
6100,202404,LC-7325,1.1147
7100,202403,LC-7326,1.5715
7100,202404,LC-7326,1.5417
9100,202403,LC-7327,1.5222
9100,202404,LC-7327,1.4929
6100,202403,LC-7328,1.3488
6100,202404,LC-7328,1.4037
7100,202403,LC-7329,1.4791
7100,202404,LC-7329,1.4675
9100,202403,LC-7330,1.5105
9100,202404,LC-7330,1.4894
6100,202403,LC-7331,0.7597
6100,202404,LC-7331,0.7448
7100,202403,LC-7332,0.869
7100,202404,LC-7332,0.9036
9100,202403,LC-7333,0.9635
9100,202404,LC-7333,0.9546
6100,202403,LC-7334,1.4355
6100,202404,LC-7334,1.4783
7100,202403,LC-7335,1.3792
7100,202404,LC-7335,1.4393
9100,202403,LC-7336,1.0917
9100,202404,LC-7336,1.1275
6100,202403,LC-7337,1.5409
6100,202404,LC-7337,1.5807
7100,202403,LC-7338,1.5619
7100,202404,LC-7338,1.5631
9100,202403,LC-7339,1.3306
9100,202404,LC-7339,1.3108
6100,202403,LC-7340,1.3283
6100,202404,LC-7340,1.3766
7100,202403,LC-7341,1.4178
7100,202404,LC-7341,1.4037
9100,202403,LC-7342,0.7171
9100,202404,LC-7342,0.7081
6100,202403,LC-7343,0.8632
6100,202404,LC-7343,0.894
7100,202403,LC-7344,0.9481
7100,202404,LC-7344,0.9576
9100,202403,LC-7345,0.7013
9100,202404,LC-7345,0.7071
6100,202403,LC-7346,1.4924
6100,202404,LC-7346,1.4738
7100,202403,LC-7347,1.3742
7100,202404,LC-7347,1.4398
9100,202403,LC-7348,1.1983
9100,202404,LC-7348,1.184
6100,202403,LC-7349,0.8811
6100,202404,LC-7349,0.888
7100,202403,LC-7350,0.7668
7100,202404,LC-7350,0.8023
9100,202403,LC-7351,1.359
9100,202404,LC-7351,1.4167
6100,202403,LC-7352,1.1746
6100,202404,LC-7352,1.1604
7100,202403,LC-7353,1.2674
7100,202404,LC-7353,1.2496
9100,202403,LC-7354,0.7549
9100,202404,LC-7354,0.7467
6100,202403,LC-7355,0.8593
6100,202404,LC-7355,0.8446
7100,202403,LC-7356,1.0841
7100,202404,LC-7356,1.1329
9100,202403,LC-7357,0.7887
9100,202404,LC-7357,0.7807
6100,202403,LC-7358,1.4505
6100,202404,LC-7358,1.4904
7100,202403,LC-7359,1.3233
7100,202404,LC-7359,1.3235
9100,202403,LC-7360,0.8559
9100,202404,LC-7360,0.8575
6100,202403,LC-7361,1.0898
6100,202404,LC-7361,1.0743
7100,202403,LC-7362,1.0029
7100,202404,LC-7362,1.0422
9100,202403,LC-7363,0.8649
9100,202404,LC-7363,0.8514
6100,202403,LC-7364,1.4876
6100,202404,LC-7364,1.5138
7100,202403,LC-7365,0.9712
7100,202404,LC-7365,0.9899
9100,202403,LC-7366,1.1196
9100,202404,LC-7366,1.1665
6100,202403,LC-7367,0.9066
6100,202404,LC-7367,0.8898
7100,202403,LC-7368,1.101
7100,202404,LC-7368,1.0946
9100,202403,LC-7369,1.4682
9100,202404,LC-7369,1.4607
6100,202403,LC-7370,1.1495
6100,202404,LC-7370,1.164
7100,202403,LC-7371,1.4195
7100,202404,LC-7371,1.4206
9100,202403,LC-7372,0.8354
9100,202404,LC-7372,0.874
6100,202403,LC-7373,1.0187
6100,202404,LC-7373,1.0674
7100,202403,LC-7374,1.2826
7100,202404,LC-7374,1.3193
9100,202403,LC-7375,0.8153
9100,202404,LC-7375,0.8079
6100,202403,LC-7376,1.5915
6100,202404,LC-7376,1.6176
7100,202403,LC-7377,0.8908
7100,202404,LC-7377,0.9203
9100,202403,LC-7378,1.2374
9100,202404,LC-7378,1.2347
6100,202403,LC-7379,1.532
6100,202404,LC-7379,1.5077
7100,202403,LC-7380,1.071
7100,202404,LC-7380,1.1171
9100,202403,LC-7381,1.5926
9100,202404,LC-7381,1.574
6100,202403,LC-7382,0.9529
6100,202404,LC-7382,0.95
7100,202403,LC-7383,1.0467
7100,202404,LC-7383,1.0571
9100,202403,LC-7384,1.3401
9100,202404,LC-7384,1.3261
6100,202403,LC-7385,1.0156
6100,202404,LC-7385,1.0526
7100,202403,LC-7386,1.216
7100,202404,LC-7386,1.26
9100,202403,LC-7387,0.7091
9100,202404,LC-7387,0.7042
6100,202403,LC-7388,0.7877
6100,202404,LC-7388,0.8215
7100,202403,LC-7389,1.3399
7100,202404,LC-7389,1.3479
9100,202403,LC-7390,1.3387
9100,202404,LC-7390,1.3816
6100,202403,LC-7391,0.708
6100,202404,LC-7391,0.7027
7100,202403,LC-7392,1.1421
7100,202404,LC-7392,1.1896
9100,202403,LC-7393,1.5692
9100,202404,LC-7393,1.6424
6100,202403,LC-7394,1.1724
6100,202404,LC-7394,1.1859
7100,202403,LC-7395,1.3133
7100,202404,LC-7395,1.3176
9100,202403,LC-7396,0.9671
9100,202404,LC-7396,0.996
6100,202403,LC-7397,0.7564
6100,202404,LC-7397,0.794
7100,202403,LC-7398,1.5907
7100,202404,LC-7398,1.6005
9100,202403,LC-7399,1.1529
9100,202404,LC-7399,1.1554
6100,202403,LC-7400,1.5286
6100,202404,LC-7400,1.5898
7100,202403,LC-7401,1.404
7100,202404,LC-7401,1.4244
9100,202403,LC-7402,1.3155
9100,202404,LC-7402,1.3215
6100,202403,LC-7403,1.5194
6100,202404,LC-7403,1.5183
7100,202403,LC-7404,1.206
7100,202404,LC-7404,1.2616
9100,202403,LC-7405,1.368
9100,202404,LC-7405,1.4332
6100,202403,LC-7406,1.3031
6100,202404,LC-7406,1.285
7100,202403,LC-7407,1.142
7100,202404,LC-7407,1.1788
9100,202403,LC-7408,1.0192
9100,202404,LC-7408,1.028
6100,202403,LC-7409,1.2296
6100,202404,LC-7409,1.2418
7100,202403,LC-7410,1.11
7100,202404,LC-7410,1.1587
9100,202403,LC-7411,0.9442
9100,202404,LC-7411,0.9666
6100,202403,LC-7412,0.8793
6100,202404,LC-7412,0.8797
7100,202403,LC-7413,1.303
7100,202404,LC-7413,1.3445
9100,202403,LC-7414,0.9574
9100,202404,LC-7414,1.0051
6100,202403,LC-7415,1.1026
6100,202404,LC-7415,1.0814
7100,202403,LC-7416,1.1249
7100,202404,LC-7416,1.1024
9100,202403,LC-7417,1.2514
9100,202404,LC-7417,1.2847
6100,202403,LC-7418,1.2144
6100,202404,LC-7418,1.2605
7100,202403,LC-7419,1.306
7100,202404,LC-7419,1.3048
9100,202403,LC-7420,0.7904
9100,202404,LC-7420,0.8009
6100,202403,LC-7421,0.9324
6100,202404,LC-7421,0.9538
7100,202403,LC-7422,0.7319
7100,202404,LC-7422,0.7591
9100,202403,LC-7423,1.0424
9100,202404,LC-7423,1.0515
6100,202403,LC-7424,0.7368
6100,202404,LC-7424,0.7384
7100,202403,LC-7425,1.2569
7100,202404,LC-7425,1.2406
9100,202403,LC-7426,1.5547
9100,202404,LC-7426,1.6132
6100,202403,LC-7427,1.344
6100,202404,LC-7427,1.3193
7100,202403,LC-7428,1.4163
7100,202404,LC-7428,1.4617
9100,202403,LC-7429,1.5461
9100,202404,LC-7429,1.6175
6100,202403,LC-7430,1.1848
6100,202404,LC-7430,1.2149
7100,202403,LC-7431,0.735
7100,202404,LC-7431,0.7383
9100,202403,LC-7432,1.0672
9100,202404,LC-7432,1.0589
6100,202403,LC-7433,0.8284
6100,202404,LC-7433,0.8524
7100,202403,LC-7434,1.4328
7100,202404,LC-7434,1.4856
9100,202403,LC-7435,1.0639
9100,202404,LC-7435,1.1148
6100,202403,LC-7436,0.7489
6100,202404,LC-7436,0.7454
7100,202403,LC-7437,1.1545
7100,202404,LC-7437,1.1832
9100,202403,LC-7438,0.7476
9100,202404,LC-7438,0.7501
6100,202403,LC-7439,0.7617
6100,202404,LC-7439,0.7968
7100,202403,LC-7440,1.0499
7100,202404,LC-7440,1.0676
9100,202403,LC-7441,1.3435
9100,202404,LC-7441,1.3902
6100,202403,LC-7442,0.8362
6100,202404,LC-7442,0.8402
7100,202403,LC-7443,0.7987
7100,202404,LC-7443,0.7909
9100,202403,LC-7444,0.8837
9100,202404,LC-7444,0.8744
6100,202403,LC-7445,0.7724
6100,202404,LC-7445,0.7692
7100,202403,LC-7446,0.7204
7100,202404,LC-7446,0.7091
9100,202403,LC-7447,1.5439
9100,202404,LC-7447,1.6014
6100,202403,LC-7448,1.0466
6100,202404,LC-7448,1.0978
7100,202403,LC-7449,0.8069
7100,202404,LC-7449,0.8257
9100,202403,LC-7450,1.4453
9100,202404,LC-7450,1.4239
6100,202403,LC-7451,0.7644
6100,202404,LC-7451,0.7687
7100,202403,LC-7452,1.2179
7100,202404,LC-7452,1.234
9100,202403,LC-7453,1.5828
9100,202404,LC-7453,1.6539
6100,202403,LC-7454,1.3272
6100,202404,LC-7454,1.3904
7100,202403,LC-7455,0.8168
7100,202404,LC-7455,0.829
9100,202403,LC-7456,1.2019
9100,202404,LC-7456,1.2541
6100,202403,LC-7457,1.505
6100,202404,LC-7457,1.4832
7100,202403,LC-7458,1.0191
7100,202404,LC-7458,1.0262
9100,202403,LC-7459,1.3617
9100,202404,LC-7459,1.4028
6100,202403,LC-7460,1.4834
6100,202404,LC-7460,1.4574
7100,202403,LC-7461,1.5273
7100,202404,LC-7461,1.5099
9100,202403,LC-7462,1.2936
9100,202404,LC-7462,1.3149
6100,202403,LC-7463,0.7972
6100,202404,LC-7463,0.8162
7100,202403,LC-7464,0.7644
7100,202404,LC-7464,0.7941
9100,202403,LC-7465,0.9749
9100,202404,LC-7465,0.986
6100,202403,LC-7466,1.1478
6100,202404,LC-7466,1.1753
7100,202403,LC-7467,1.2939
7100,202404,LC-7467,1.3457
9100,202403,LC-7468,1.512
9100,202404,LC-7468,1.5397
6100,202403,LC-7469,1.1878
6100,202404,LC-7469,1.2238
7100,202403,LC-7470,1.4826
7100,202404,LC-7470,1.5012
9100,202403,LC-7471,0.9653
9100,202404,LC-7471,0.963
6100,202403,LC-7472,1.4158
6100,202404,LC-7472,1.4641
7100,202403,LC-7473,1.5276
7100,202404,LC-7473,1.5482
9100,202403,LC-7474,1.0975
9100,202404,LC-7474,1.1083
6100,202403,LC-7475,0.8512
6100,202404,LC-7475,0.8551
7100,202403,LC-7476,1.2329
7100,202404,LC-7476,1.2822
9100,202403,LC-7477,1.1307
9100,202404,LC-7477,1.1572
6100,202403,LC-7478,0.8755
6100,202404,LC-7478,0.863
7100,202403,LC-7479,1.1375
7100,202404,LC-7479,1.1285
9100,202403,LC-7480,1.5268
9100,202404,LC-7480,1.5719
6100,202403,LC-7481,1.1509
6100,202404,LC-7481,1.1467
7100,202403,LC-7482,0.716
7100,202404,LC-7482,0.7108
9100,202403,LC-7483,1.2637
9100,202404,LC-7483,1.2831
6100,202403,LC-7484,0.8474
6100,202404,LC-7484,0.843
7100,202403,LC-7485,0.726
7100,202404,LC-7485,0.7525
9100,202403,LC-7486,1.248
9100,202404,LC-7486,1.2629
6100,202403,LC-7487,1.5055
6100,202404,LC-7487,1.4874
7100,202403,LC-7488,1.3095
7100,202404,LC-7488,1.3315
9100,202403,LC-7489,0.9144
9100,202404,LC-7489,0.925
6100,202403,LC-7490,0.9683
6100,202404,LC-7490,1.016
7100,202403,LC-7491,0.9644
7100,202404,LC-7491,0.9979
9100,202403,LC-7492,1.4303
9100,202404,LC-7492,1.4897
6100,202403,LC-7493,1.0834
6100,202404,LC-7493,1.0844
7100,202403,LC-7494,0.702
7100,202404,LC-7494,0.7127
9100,202403,LC-7495,0.9292
9100,202404,LC-7495,0.9362
6100,202403,LC-7496,1.094
6100,202404,LC-7496,1.0889
7100,202403,LC-7497,1.4465
7100,202404,LC-7497,1.4647
9100,202403,LC-7498,1.4275
9100,202404,LC-7498,1.4877
6100,202403,LC-7499,0.9784
6100,202404,LC-7499,0.9964
7100,202403,LC-7500,1.1037
7100,202404,LC-7500,1.0964
9100,202403,LC-7501,0.9564
9100,202404,LC-7501,0.9624
6100,202403,LC-7502,0.8474
6100,202404,LC-7502,0.8725
7100,202403,LC-7503,0.9514
7100,202404,LC-7503,0.9407
9100,202403,LC-7504,1.1094
9100,202404,LC-7504,1.1474
6100,202403,LC-7505,0.8536
6100,202404,LC-7505,0.8498
7100,202403,LC-7506,1.5313
7100,202404,LC-7506,1.5882
9100,202403,LC-7507,0.8693
9100,202404,LC-7507,0.8524
6100,202403,LC-7508,0.9481
6100,202404,LC-7508,0.9905
7100,202403,LC-7509,0.7054
7100,202404,LC-7509,0.7078
9100,202403,LC-7510,0.7584
9100,202404,LC-7510,0.7823
6100,202403,LC-7511,0.9321
6100,202404,LC-7511,0.948
7100,202403,LC-7512,1.5672
7100,202404,LC-7512,1.5566
9100,202403,LC-7513,1.414
9100,202404,LC-7513,1.4152
6100,202403,LC-7514,1.0229
6100,202404,LC-7514,1.0336
7100,202403,LC-7515,0.9571
7100,202404,LC-7515,0.9537
9100,202403,LC-7516,1.0168
9100,202404,LC-7516,1.0277
6100,202403,LC-7517,0.8923
6100,202404,LC-7517,0.914
7100,202403,LC-7518,0.7054
7100,202404,LC-7518,0.712
9100,202403,LC-7519,1.2675
9100,202404,LC-7519,1.3275
6100,202403,LC-7520,1.3665
6100,202404,LC-7520,1.3607
7100,202403,LC-7521,1.4516
7100,202404,LC-7521,1.4632
9100,202403,LC-7522,1.2177
9100,202404,LC-7522,1.2134
6100,202403,LC-7523,1.545
6100,202404,LC-7523,1.5438
7100,202403,LC-7524,1.5259
7100,202404,LC-7524,1.5153
9100,202403,LC-7525,1.19
9100,202404,LC-7525,1.1787
6100,202403,LC-7526,0.7017
6100,202404,LC-7526,0.7174
7100,202403,LC-7527,0.943
7100,202404,LC-7527,0.93
9100,202403,LC-7528,1.0349
9100,202404,LC-7528,1.0244
6100,202403,LC-7529,0.8133
6100,202404,LC-7529,0.8062
7100,202403,LC-7530,1.2189
7100,202404,LC-7530,1.2381
9100,202403,LC-7531,0.7158
9100,202404,LC-7531,0.7192
6100,202403,LC-7532,1.4681
6100,202404,LC-7532,1.4423
7100,202403,LC-7533,1.3594
7100,202404,LC-7533,1.4251
9100,202403,LC-7534,1.2396
9100,202404,LC-7534,1.278
6100,202403,LC-7535,1.5392
6100,202404,LC-7535,1.5505
7100,202403,LC-7536,1.1215
7100,202404,LC-7536,1.1224
9100,202403,LC-7537,0.7464
9100,202404,LC-7537,0.7505
6100,202403,LC-7538,0.8692
6100,202404,LC-7538,0.8875
7100,202403,LC-7539,1.3702
7100,202404,LC-7539,1.4168
9100,202403,LC-7540,0.8049
9100,202404,LC-7540,0.8145
6100,202403,LC-7541,0.7059
6100,202404,LC-7541,0.7389
7100,202403,LC-7542,1.5384
7100,202404,LC-7542,1.5881
9100,202403,LC-7543,0.8378
9100,202404,LC-7543,0.8348
6100,202403,LC-7544,0.9992
6100,202404,LC-7544,1.0
7100,202403,LC-7545,1.4674
7100,202404,LC-7545,1.4803
9100,202403,LC-7546,1.1554
9100,202404,LC-7546,1.1698
6100,202403,LC-7547,1.0418
6100,202404,LC-7547,1.0438
7100,202403,LC-7548,1.5775
7100,202404,LC-7548,1.6222
9100,202403,LC-7549,1.4886
9100,202404,LC-7549,1.5547
6100,202403,LC-7550,0.952
6100,202404,LC-7550,0.9641
7100,202403,LC-7551,1.2258
7100,202404,LC-7551,1.2859
9100,202403,LC-7552,0.9686
9100,202404,LC-7552,0.9828
6100,202403,LC-7553,0.7469
6100,202404,LC-7553,0.7532
7100,202403,LC-7554,0.9525
7100,202404,LC-7554,0.9526
9100,202403,LC-7555,0.744
9100,202404,LC-7555,0.7488
6100,202403,LC-7556,1.2161
6100,202404,LC-7556,1.1957
7100,202403,LC-7557,1.1616
7100,202404,LC-7557,1.19
9100,202403,LC-7558,0.9808
9100,202404,LC-7558,0.9659
6100,202403,LC-7559,0.8246
6100,202404,LC-7559,0.8166
7100,202403,LC-7560,1.4976
7100,202404,LC-7560,1.4925
9100,202403,LC-7561,1.1866
9100,202404,LC-7561,1.2197
6100,202403,LC-7562,1.0894
6100,202404,LC-7562,1.0834
7100,202403,LC-7563,1.1811
7100,202404,LC-7563,1.1825
9100,202403,LC-7564,1.2261
9100,202404,LC-7564,1.2072
6100,202403,LC-7565,0.9766
6100,202404,LC-7565,0.9831
7100,202403,LC-7566,0.7857
7100,202404,LC-7566,0.7776
9100,202403,LC-7567,1.2207
9100,202404,LC-7567,1.2766
6100,202403,LC-7568,0.8218
6100,202404,LC-7568,0.8481
7100,202403,LC-7569,1.3035
7100,202404,LC-7569,1.3586
9100,202403,LC-7570,1.3679
9100,202404,LC-7570,1.3679
6100,202403,LC-7571,0.7304
6100,202404,LC-7571,0.7577
7100,202403,LC-7572,1.0702
7100,202404,LC-7572,1.1104
9100,202403,LC-7573,1.0316
9100,202404,LC-7573,1.0323
6100,202403,LC-7574,0.8489
6100,202404,LC-7574,0.8825
7100,202403,LC-7575,1.0535
7100,202404,LC-7575,1.0609
9100,202403,LC-7576,1.4648
9100,202404,LC-7576,1.4578
6100,202403,LC-7577,1.0807
6100,202404,LC-7577,1.0994
7100,202403,LC-7578,1.2736
7100,202404,LC-7578,1.2506
9100,202403,LC-7579,0.8697
9100,202404,LC-7579,0.9056
6100,202403,LC-7580,1.385
6100,202404,LC-7580,1.385
7100,202403,LC-7581,0.7617
7100,202404,LC-7581,0.7784
9100,202403,LC-7582,1.323
9100,202404,LC-7582,1.3205
6100,202403,LC-7583,0.9018
6100,202404,LC-7583,0.9124
7100,202403,LC-7584,0.8402
7100,202404,LC-7584,0.8239
9100,202403,LC-7585,0.7948
9100,202404,LC-7585,0.8202
6100,202403,LC-7586,1.2036
6100,202404,LC-7586,1.1814
7100,202403,LC-7587,1.0057
7100,202404,LC-7587,0.9977
9100,202403,LC-7588,0.9293
9100,202404,LC-7588,0.9259
6100,202403,LC-7589,0.7834
6100,202404,LC-7589,0.7873
7100,202403,LC-7590,1.1762
7100,202404,LC-7590,1.1562
9100,202403,LC-7591,1.2398
9100,202404,LC-7591,1.2725
6100,202403,LC-7592,1.3051
6100,202404,LC-7592,1.3294
7100,202403,LC-7593,0.7949
7100,202404,LC-7593,0.8165
9100,202403,LC-7594,0.8696
9100,202404,LC-7594,0.9106
6100,202403,LC-7595,1.1663
6100,202404,LC-7595,1.1563
7100,202403,LC-7596,1.1624
7100,202404,LC-7596,1.213
9100,202403,LC-7597,1.2659
9100,202404,LC-7597,1.3054
6100,202403,LC-7598,1.1633
6100,202404,LC-7598,1.1434
7100,202403,LC-7599,0.9417
7100,202404,LC-7599,0.9831
9100,202403,LC-7600,1.0116
9100,202404,LC-7600,1.059
6100,202403,LC-7601,0.9013
6100,202404,LC-7601,0.9166
7100,202403,LC-7602,0.7478
7100,202404,LC-7602,0.7638
9100,202403,LC-7603,0.7636
9100,202404,LC-7603,0.7519
6100,202403,LC-7604,1.2263
6100,202404,LC-7604,1.2615
7100,202403,LC-7605,1.0736
7100,202404,LC-7605,1.0725
9100,202403,LC-7606,1.027
9100,202404,LC-7606,1.0238
6100,202403,LC-7607,1.11
6100,202404,LC-7607,1.1445
7100,202403,LC-7608,1.5765
7100,202404,LC-7608,1.5968
9100,202403,LC-7609,0.9361
9100,202404,LC-7609,0.9807
6100,202403,LC-7610,0.9064
6100,202404,LC-7610,0.9072
7100,202403,LC-7611,1.4162
7100,202404,LC-7611,1.3949
9100,202403,LC-7612,1.394
9100,202404,LC-7612,1.4154
6100,202403,LC-7613,1.5922
6100,202404,LC-7613,1.6429
7100,202403,LC-7614,1.0266
7100,202404,LC-7614,1.0524
9100,202403,LC-7615,1.5388
9100,202404,LC-7615,1.5929
6100,202403,LC-7616,1.5399
6100,202404,LC-7616,1.5522
7100,202403,LC-7617,1.3203
7100,202404,LC-7617,1.2964
9100,202403,LC-7618,0.8284
9100,202404,LC-7618,0.8692
6100,202403,LC-7619,0.9359
6100,202404,LC-7619,0.9501
7100,202403,LC-7620,0.7533
7100,202404,LC-7620,0.7779
9100,202403,LC-7621,1.5464
9100,202404,LC-7621,1.5309
6100,202403,LC-7622,1.3629
6100,202404,LC-7622,1.3851
7100,202403,LC-7623,0.8529
7100,202404,LC-7623,0.8626
9100,202403,LC-7624,1.2993
9100,202404,LC-7624,1.3327
6100,202403,LC-7625,1.5317
6100,202404,LC-7625,1.5214
7100,202403,LC-7626,1.0152
7100,202404,LC-7626,1.0634
9100,202403,LC-7627,1.463
9100,202404,LC-7627,1.4476
6100,202403,LC-7628,0.9148
6100,202404,LC-7628,0.9043
7100,202403,LC-7629,1.1799
7100,202404,LC-7629,1.1786
9100,202403,LC-7630,1.5026
9100,202404,LC-7630,1.5315
6100,202403,LC-7631,0.7359
6100,202404,LC-7631,0.7458
7100,202403,LC-7632,1.2719
7100,202404,LC-7632,1.3342
9100,202403,LC-7633,0.7455
9100,202404,LC-7633,0.7596
6100,202403,LC-7634,1.0537
6100,202404,LC-7634,1.0602
7100,202403,LC-7635,1.1674
7100,202404,LC-7635,1.2215
9100,202403,LC-7636,0.7633
9100,202404,LC-7636,0.7744
6100,202403,LC-7637,0.8858
6100,202404,LC-7637,0.9286
7100,202403,LC-7638,0.9655
7100,202404,LC-7638,0.9569
9100,202403,LC-7639,0.8121
9100,202404,LC-7639,0.8523
6100,202403,LC-7640,1.1542
6100,202404,LC-7640,1.2102
7100,202403,LC-7641,0.8056
7100,202404,LC-7641,0.8075
9100,202403,LC-7642,0.9853
9100,202404,LC-7642,0.9881
6100,202403,LC-7643,1.1144
6100,202404,LC-7643,1.1425
7100,202403,LC-7644,1.3111
7100,202404,LC-7644,1.3738
9100,202403,LC-7645,1.5351
9100,202404,LC-7645,1.5475
6100,202403,LC-7646,1.3644
6100,202404,LC-7646,1.3987
7100,202403,LC-7647,1.2679
7100,202404,LC-7647,1.3246
9100,202403,LC-7648,0.7917
9100,202404,LC-7648,0.8254
6100,202403,LC-7649,0.9641
6100,202404,LC-7649,0.9947
7100,202403,LC-7650,0.9371
7100,202404,LC-7650,0.9832
9100,202403,LC-7651,0.8479
9100,202404,LC-7651,0.8767
6100,202403,LC-7652,1.1714
6100,202404,LC-7652,1.1696
7100,202403,LC-7653,1.3565
7100,202404,LC-7653,1.39
9100,202403,LC-7654,0.7001
9100,202404,LC-7654,0.7029
6100,202403,LC-7655,1.4444
6100,202404,LC-7655,1.4229
7100,202403,LC-7656,1.5462
7100,202404,LC-7656,1.5463
9100,202403,LC-7657,0.9453
9100,202404,LC-7657,0.9609
6100,202403,LC-7658,1.5261
6100,202404,LC-7658,1.5181
7100,202403,LC-7659,0.7163
7100,202404,LC-7659,0.7364
9100,202403,LC-7660,1.3769
9100,202404,LC-7660,1.4311
6100,202403,LC-7661,1.3252
6100,202404,LC-7661,1.3418
7100,202403,LC-7662,1.4204
7100,202404,LC-7662,1.4244
9100,202403,LC-7663,0.9951
9100,202404,LC-7663,0.9877
6100,202403,LC-7664,0.978
6100,202404,LC-7664,0.9757
7100,202403,LC-7665,0.8354
7100,202404,LC-7665,0.8585
9100,202403,LC-7666,1.5197
9100,202404,LC-7666,1.5596
6100,202403,LC-7667,1.5241
6100,202404,LC-7667,1.557
7100,202403,LC-7668,1.1929
7100,202404,LC-7668,1.2222
9100,202403,LC-7669,1.5371
9100,202404,LC-7669,1.5207
6100,202403,LC-7670,1.3841
6100,202404,LC-7670,1.3572
7100,202403,LC-7671,0.8932
7100,202404,LC-7671,0.884
9100,202403,LC-7672,0.8506
9100,202404,LC-7672,0.8725
6100,202403,LC-7673,1.032
6100,202404,LC-7673,1.0208
7100,202403,LC-7674,0.9476
7100,202404,LC-7674,0.991
9100,202403,LC-7675,1.3424
9100,202404,LC-7675,1.3621
6100,202403,LC-7676,0.9901
6100,202404,LC-7676,0.9977
7100,202403,LC-7677,1.3459
7100,202404,LC-7677,1.4087
9100,202403,LC-7678,0.9046
9100,202404,LC-7678,0.9019
6100,202403,LC-7679,0.7686
6100,202404,LC-7679,0.7888
7100,202403,LC-7680,0.8039
7100,202404,LC-7680,0.7935
9100,202403,LC-7681,0.8474
9100,202404,LC-7681,0.8484
6100,202403,LC-7682,1.3748
6100,202404,LC-7682,1.4254
7100,202403,LC-7683,0.8532
7100,202404,LC-7683,0.8609
9100,202403,LC-7684,1.3065
9100,202404,LC-7684,1.3154
6100,202403,LC-7685,1.3096
6100,202404,LC-7685,1.324
7100,202403,LC-7686,0.7362
7100,202404,LC-7686,0.7713
9100,202403,LC-7687,0.7068
9100,202404,LC-7687,0.7075
6100,202403,LC-7688,1.3308
6100,202404,LC-7688,1.3717
7100,202403,LC-7689,0.869
7100,202404,LC-7689,0.9082
9100,202403,LC-7690,1.2114
9100,202404,LC-7690,1.2239
6100,202403,LC-7691,1.0557
6100,202404,LC-7691,1.0646
7100,202403,LC-7692,1.0563
7100,202404,LC-7692,1.045
9100,202403,LC-7693,1.504
9100,202404,LC-7693,1.5274
6100,202403,LC-7694,1.2528
6100,202404,LC-7694,1.2573
7100,202403,LC-7695,0.9969
7100,202404,LC-7695,1.0432
9100,202403,LC-7696,1.4607
9100,202404,LC-7696,1.4518
6100,202403,LC-7697,1.5837
6100,202404,LC-7697,1.6489
7100,202403,LC-7698,1.4871
7100,202404,LC-7698,1.4789
9100,202403,LC-7699,1.266
9100,202404,LC-7699,1.2903
6100,202403,LC-7700,1.0221
6100,202404,LC-7700,1.0698
7100,202403,LC-7701,1.1466
7100,202404,LC-7701,1.1693
9100,202403,LC-7702,1.5619
9100,202404,LC-7702,1.5619
6100,202403,LC-7703,1.1192
6100,202404,LC-7703,1.0976
7100,202403,LC-7704,1.1469
7100,202404,LC-7704,1.1985
9100,202403,LC-7705,1.5648
9100,202404,LC-7705,1.5486
6100,202403,LC-7706,0.8012
6100,202404,LC-7706,0.8242
7100,202403,LC-7707,0.9228
7100,202404,LC-7707,0.9571
9100,202403,LC-7708,1.0118
9100,202404,LC-7708,1.0605
6100,202403,LC-7709,1.1815
6100,202404,LC-7709,1.1986
7100,202403,LC-7710,1.4906
7100,202404,LC-7710,1.544
9100,202403,LC-7711,0.8853
9100,202404,LC-7711,0.9194
6100,202403,LC-7712,0.7325
6100,202404,LC-7712,0.7456
7100,202403,LC-7713,1.3377
7100,202404,LC-7713,1.4019
9100,202403,LC-7714,1.412
9100,202404,LC-7714,1.4253
6100,202403,LC-7715,1.4735
6100,202404,LC-7715,1.5027
7100,202403,LC-7716,0.756
7100,202404,LC-7716,0.7837
9100,202403,LC-7717,1.4801
9100,202404,LC-7717,1.5025
6100,202403,LC-7718,1.1804
6100,202404,LC-7718,1.2087
7100,202403,LC-7719,1.0889
7100,202404,LC-7719,1.1
9100,202403,LC-7720,1.388
9100,202404,LC-7720,1.3794
6100,202403,LC-7721,1.3711
6100,202404,LC-7721,1.4367
7100,202403,LC-7722,1.5165
7100,202404,LC-7722,1.5484
9100,202403,LC-7723,1.3126
9100,202404,LC-7723,1.2903
6100,202403,LC-7724,1.3302
6100,202404,LC-7724,1.3136
7100,202403,LC-7725,1.3313
7100,202404,LC-7725,1.3352
9100,202403,LC-7726,0.8546
9100,202404,LC-7726,0.8642
6100,202403,LC-7727,1.4857
6100,202404,LC-7727,1.5181
7100,202403,LC-7728,1.4353
7100,202404,LC-7728,1.4677
9100,202403,LC-7729,0.7146
9100,202404,LC-7729,0.7007
6100,202403,LC-7730,1.4334
6100,202404,LC-7730,1.5034
7100,202403,LC-7731,0.8665
7100,202404,LC-7731,0.8698
9100,202403,LC-7732,1.4209
9100,202404,LC-7732,1.4201
6100,202403,LC-7733,1.0523
6100,202404,LC-7733,1.1042
7100,202403,LC-7734,0.9659
7100,202404,LC-7734,0.9921
9100,202403,LC-7735,1.1915
9100,202404,LC-7735,1.1774
6100,202403,LC-7736,0.9509
6100,202404,LC-7736,0.9572
7100,202403,LC-7737,1.422
7100,202404,LC-7737,1.4228
9100,202403,LC-7738,0.701
9100,202404,LC-7738,0.7356
6100,202403,LC-7739,1.1507
6100,202404,LC-7739,1.169
7100,202403,LC-7740,0.783
7100,202404,LC-7740,0.7805
9100,202403,LC-7741,0.8094
9100,202404,LC-7741,0.8317
6100,202403,LC-7742,0.9542
6100,202404,LC-7742,0.9477
7100,202403,LC-7743,1.1975
7100,202404,LC-7743,1.1736
9100,202403,LC-7744,1.1165
9100,202404,LC-7744,1.1317
6100,202403,LC-7745,0.8375
6100,202404,LC-7745,0.8383
7100,202403,LC-7746,0.9097
7100,202404,LC-7746,0.8923
9100,202403,LC-7747,1.2094
9100,202404,LC-7747,1.2473
6100,202403,LC-7748,0.9744
6100,202404,LC-7748,0.9657
7100,202403,LC-7749,0.9018
7100,202404,LC-7749,0.885
9100,202403,LC-7750,0.7774
9100,202404,LC-7750,0.812
6100,202403,LC-7751,1.3742
6100,202404,LC-7751,1.3528
7100,202403,LC-7752,1.1956
7100,202404,LC-7752,1.1901
9100,202403,LC-7753,1.4307
9100,202404,LC-7753,1.4726
6100,202403,LC-7754,1.2537
6100,202404,LC-7754,1.2338
7100,202403,LC-7755,0.8886
7100,202404,LC-7755,0.8806
9100,202403,LC-7756,0.9502
9100,202404,LC-7756,0.9422
6100,202403,LC-7757,1.4853
6100,202404,LC-7757,1.5144
7100,202403,LC-7758,0.892
7100,202404,LC-7758,0.8988
9100,202403,LC-7759,0.9125
9100,202404,LC-7759,0.9384
6100,202403,LC-7760,0.8275
6100,202404,LC-7760,0.8271
7100,202403,LC-7761,1.5587
7100,202404,LC-7761,1.5296
9100,202403,LC-7762,1.1626
9100,202404,LC-7762,1.2184
6100,202403,LC-7763,1.5059
6100,202404,LC-7763,1.5747
7100,202403,LC-7764,1.3989
7100,202404,LC-7764,1.4371
9100,202403,LC-7765,1.2045
9100,202404,LC-7765,1.248
6100,202403,LC-7766,0.9785
6100,202404,LC-7766,1.0093
7100,202403,LC-7767,1.5664
7100,202404,LC-7767,1.6423
9100,202403,LC-7768,0.824
9100,202404,LC-7768,0.8282
6100,202403,LC-7769,1.1935
6100,202404,LC-7769,1.2302
7100,202403,LC-7770,0.7045
7100,202404,LC-7770,0.7248
9100,202403,LC-7771,1.4544
9100,202404,LC-7771,1.5227
6100,202403,LC-7772,0.7661
6100,202404,LC-7772,0.7904
7100,202403,LC-7773,1.4846
7100,202404,LC-7773,1.4764
9100,202403,LC-7774,1.1243
9100,202404,LC-7774,1.1061
6100,202403,LC-7775,1.1015
6100,202404,LC-7775,1.1262
7100,202403,LC-7776,0.7987
7100,202404,LC-7776,0.7845
9100,202403,LC-7777,1.1183
9100,202404,LC-7777,1.1156
6100,202403,LC-7778,1.4117
6100,202404,LC-7778,1.4673
7100,202403,LC-7779,1.2458
7100,202404,LC-7779,1.2725
9100,202403,LC-7780,0.8919
9100,202404,LC-7780,0.8846
6100,202403,LC-7781,1.4101
6100,202404,LC-7781,1.426
7100,202403,LC-7782,1.0199
7100,202404,LC-7782,1.042
9100,202403,LC-7783,1.0145
9100,202404,LC-7783,0.9954
6100,202403,LC-7784,1.4541
6100,202404,LC-7784,1.5056
7100,202403,LC-7785,0.8326
7100,202404,LC-7785,0.8635
9100,202403,LC-7786,0.9677
9100,202404,LC-7786,1.0049
6100,202403,LC-7787,0.7319
6100,202404,LC-7787,0.7494
7100,202403,LC-7788,1.1416
7100,202404,LC-7788,1.1353
9100,202403,LC-7789,0.7072
9100,202404,LC-7789,0.7408
6100,202403,LC-7790,1.4088
6100,202404,LC-7790,1.3973
7100,202403,LC-7791,0.722
7100,202404,LC-7791,0.7138
9100,202403,LC-7792,0.9509
9100,202404,LC-7792,0.9928
6100,202403,LC-7793,1.304
6100,202404,LC-7793,1.3417
7100,202403,LC-7794,1.1677
7100,202404,LC-7794,1.1551
9100,202403,LC-7795,1.5014
9100,202404,LC-7795,1.5292
6100,202403,LC-7796,1.0366
6100,202404,LC-7796,1.0211
7100,202403,LC-7797,0.8059
7100,202404,LC-7797,0.8152
9100,202403,LC-7798,0.8942
9100,202404,LC-7798,0.9064
6100,202403,LC-7799,1.4016
6100,202404,LC-7799,1.3994
7100,202403,LC-7800,1.4526
7100,202404,LC-7800,1.4642
9100,202403,LC-7801,1.595
9100,202404,LC-7801,1.6213
6100,202403,LC-7802,1.3705
6100,202404,LC-7802,1.3785
7100,202403,LC-7803,1.3052
7100,202404,LC-7803,1.3269
9100,202403,LC-7804,1.4917
9100,202404,LC-7804,1.5259
6100,202403,LC-7805,1.0981
6100,202404,LC-7805,1.0827
7100,202403,LC-7806,1.2725
7100,202404,LC-7806,1.2802
9100,202403,LC-7807,0.726
9100,202404,LC-7807,0.739
6100,202403,LC-7808,1.4182
6100,202404,LC-7808,1.4637
7100,202403,LC-7809,1.4044
7100,202404,LC-7809,1.4742
9100,202403,LC-7810,0.8458
9100,202404,LC-7810,0.8765
6100,202403,LC-7811,0.8533
6100,202404,LC-7811,0.8705
7100,202403,LC-7812,0.9704
7100,202404,LC-7812,0.9619
9100,202403,LC-7813,1.3929
9100,202404,LC-7813,1.4162
6100,202403,LC-7814,1.4993
6100,202404,LC-7814,1.487
7100,202403,LC-7815,0.9581
7100,202404,LC-7815,0.9511
9100,202403,LC-7816,0.9066
9100,202404,LC-7816,0.8975
6100,202403,LC-7817,0.8848
6100,202404,LC-7817,0.9034
7100,202403,LC-7818,1.2727
7100,202404,LC-7818,1.3287
9100,202403,LC-7819,0.7504
9100,202404,LC-7819,0.7402
6100,202403,LC-7820,0.8641
6100,202404,LC-7820,0.88
7100,202403,LC-7821,1.4232
7100,202404,LC-7821,1.4709
9100,202403,LC-7822,0.9115
9100,202404,LC-7822,0.9103
6100,202403,LC-7823,1.4447
6100,202404,LC-7823,1.4615
7100,202403,LC-7824,1.5496
7100,202404,LC-7824,1.5429
9100,202403,LC-7825,1.4239
9100,202404,LC-7825,1.4671
6100,202403,LC-7826,0.8335
6100,202404,LC-7826,0.8609
7100,202403,LC-7827,0.8762
7100,202404,LC-7827,0.8946
9100,202403,LC-7828,1.4961
9100,202404,LC-7828,1.5168
6100,202403,LC-7829,0.7162
6100,202404,LC-7829,0.7232
7100,202403,LC-7830,1.2533
7100,202404,LC-7830,1.2447
9100,202403,LC-7831,1.215
9100,202404,LC-7831,1.2446
6100,202403,LC-7832,1.4917
6100,202404,LC-7832,1.476
7100,202403,LC-7833,1.0947
7100,202404,LC-7833,1.0873
9100,202403,LC-7834,0.9658
9100,202404,LC-7834,0.9753
6100,202403,LC-7835,1.2932
6100,202404,LC-7835,1.2709
7100,202403,LC-7836,1.0093
7100,202404,LC-7836,1.0535
9100,202403,LC-7837,0.851
9100,202404,LC-7837,0.8626
6100,202403,LC-7838,1.5843
6100,202404,LC-7838,1.609
7100,202403,LC-7839,1.1773
7100,202404,LC-7839,1.1638
9100,202403,LC-7840,0.9102
9100,202404,LC-7840,0.9173
6100,202403,LC-7841,0.9246
6100,202404,LC-7841,0.9436
7100,202403,LC-7842,0.9361
7100,202404,LC-7842,0.9568
9100,202403,LC-7843,0.7481
9100,202404,LC-7843,0.7397
6100,202403,LC-7844,1.1854
6100,202404,LC-7844,1.2225
7100,202403,LC-7845,0.9416
7100,202404,LC-7845,0.9418
9100,202403,LC-7846,1.487
9100,202404,LC-7846,1.5023
6100,202403,LC-7847,1.2124
6100,202404,LC-7847,1.2146
7100,202403,LC-7848,1.2721
7100,202404,LC-7848,1.3324
9100,202403,LC-7849,1.0508
9100,202404,LC-7849,1.1026
6100,202403,LC-7850,1.2266
6100,202404,LC-7850,1.2799
7100,202403,LC-7851,0.7559
7100,202404,LC-7851,0.7737
9100,202403,LC-7852,0.9649
9100,202404,LC-7852,0.9699
6100,202403,LC-7853,0.7961
6100,202404,LC-7853,0.7887
7100,202403,LC-7854,0.8087
7100,202404,LC-7854,0.7937
9100,202403,LC-7855,1.5886
9100,202404,LC-7855,1.6101
6100,202403,LC-7856,1.2141
6100,202404,LC-7856,1.2435
7100,202403,LC-7857,1.1863
7100,202404,LC-7857,1.1978
9100,202403,LC-7858,1.3135
9100,202404,LC-7858,1.3309
6100,202403,LC-7859,0.78
6100,202404,LC-7859,0.7766
7100,202403,LC-7860,1.0781
7100,202404,LC-7860,1.1177
9100,202403,LC-7861,0.9016
9100,202404,LC-7861,0.8837
6100,202403,LC-7862,0.9321
6100,202404,LC-7862,0.9695
7100,202403,LC-7863,1.0204
7100,202404,LC-7863,1.0112
9100,202403,LC-7864,1.5977
9100,202404,LC-7864,1.6337
6100,202403,LC-7865,1.1657
6100,202404,LC-7865,1.1879
7100,202403,LC-7866,1.1153
7100,202404,LC-7866,1.1175
9100,202403,LC-7867,1.0194
9100,202404,LC-7867,1.0601
6100,202403,LC-7868,1.4103
6100,202404,LC-7868,1.4482
7100,202403,LC-7869,0.9441
7100,202404,LC-7869,0.9363
9100,202403,LC-7870,1.1492
9100,202404,LC-7870,1.1873
6100,202403,LC-7871,1.4242
6100,202404,LC-7871,1.4911
7100,202403,LC-7872,1.1993
7100,202404,LC-7872,1.1859
9100,202403,LC-7873,0.9073
9100,202404,LC-7873,0.924
6100,202403,LC-7874,0.7858
6100,202404,LC-7874,0.7911
7100,202403,LC-7875,0.8782
7100,202404,LC-7875,0.8675
9100,202403,LC-7876,0.9374
9100,202404,LC-7876,0.9551
6100,202403,LC-7877,0.9571
6100,202404,LC-7877,0.9509
7100,202403,LC-7878,1.0335
7100,202404,LC-7878,1.0775
9100,202403,LC-7879,1.4548
9100,202404,LC-7879,1.4308
6100,202403,LC-7880,1.5802
6100,202404,LC-7880,1.6446
7100,202403,LC-7881,1.1259
7100,202404,LC-7881,1.157
9100,202403,LC-7882,0.8963
9100,202404,LC-7882,0.8915
6100,202403,LC-7883,1.126
6100,202404,LC-7883,1.1733
7100,202403,LC-7884,1.517
7100,202404,LC-7884,1.5527
9100,202403,LC-7885,1.2985
9100,202404,LC-7885,1.3384
6100,202403,LC-7886,1.4815
6100,202404,LC-7886,1.4808
7100,202403,LC-7887,1.4637
7100,202404,LC-7887,1.467
9100,202403,LC-7888,1.3967
9100,202404,LC-7888,1.3714
6100,202403,LC-7889,1.0328
6100,202404,LC-7889,1.0578
7100,202403,LC-7890,1.0751
7100,202404,LC-7890,1.1051
9100,202403,LC-7891,1.1963
9100,202404,LC-7891,1.2413
6100,202403,LC-7892,1.3379
6100,202404,LC-7892,1.3494
7100,202403,LC-7893,0.9322
7100,202404,LC-7893,0.9315
9100,202403,LC-7894,1.3212
9100,202404,LC-7894,1.3592
6100,202403,LC-7895,1.1822
6100,202404,LC-7895,1.2344
7100,202403,LC-7896,1.2017
7100,202404,LC-7896,1.2198
9100,202403,LC-7897,0.9998
9100,202404,LC-7897,1.0223
6100,202403,LC-7898,1.185
6100,202404,LC-7898,1.1865
7100,202403,LC-7899,1.415
7100,202404,LC-7899,1.4181
9100,202403,LC-7900,1.5433
9100,202404,LC-7900,1.6151
6100,202403,LC-7901,1.5326
6100,202404,LC-7901,1.5848
7100,202403,LC-7902,1.193
7100,202404,LC-7902,1.2097
9100,202403,LC-7903,1.2408
9100,202404,LC-7903,1.2955
6100,202403,LC-7904,1.4052
6100,202404,LC-7904,1.4268
7100,202403,LC-7905,0.747
7100,202404,LC-7905,0.752
9100,202403,LC-7906,1.3986
9100,202404,LC-7906,1.4165
6100,202403,LC-7907,1.291
6100,202404,LC-7907,1.319
7100,202403,LC-7908,1.3554
7100,202404,LC-7908,1.4123
9100,202403,LC-7909,1.3377
9100,202404,LC-7909,1.3675
6100,202403,LC-7910,1.3233
6100,202404,LC-7910,1.3841
7100,202403,LC-7911,0.8156
7100,202404,LC-7911,0.8043
9100,202403,LC-7912,0.8208
9100,202404,LC-7912,0.8233
6100,202403,LC-7913,1.4684
6100,202404,LC-7913,1.4444
7100,202403,LC-7914,1.5443
7100,202404,LC-7914,1.5724
9100,202403,LC-7915,1.3605
9100,202404,LC-7915,1.4118
6100,202403,LC-7916,1.4051
6100,202404,LC-7916,1.4268
7100,202403,LC-7917,1.3222
7100,202404,LC-7917,1.3492
9100,202403,LC-7918,1.4141
9100,202404,LC-7918,1.4471
6100,202403,LC-7919,1.4937
6100,202404,LC-7919,1.4845
7100,202403,LC-7920,1.4794
7100,202404,LC-7920,1.501
9100,202403,LC-7921,0.9405
9100,202404,LC-7921,0.9832
6100,202403,LC-7922,1.4665
6100,202404,LC-7922,1.5011
7100,202403,LC-7923,1.3633
7100,202404,LC-7923,1.3901
9100,202403,LC-7924,1.1641
9100,202404,LC-7924,1.1751
6100,202403,LC-7925,1.4798
6100,202404,LC-7925,1.4663
7100,202403,LC-7926,0.9912
7100,202404,LC-7926,1.0316
9100,202403,LC-7927,0.8748
9100,202404,LC-7927,0.8992
6100,202403,LC-7928,0.7315
6100,202404,LC-7928,0.7229
7100,202403,LC-7929,1.2755
7100,202404,LC-7929,1.2598
9100,202403,LC-7930,1.1347
9100,202404,LC-7930,1.147
6100,202403,LC-7931,1.5879
6100,202404,LC-7931,1.6419
7100,202403,LC-7932,1.2589
7100,202404,LC-7932,1.2857
9100,202403,LC-7933,0.9391
9100,202404,LC-7933,0.9616
6100,202403,LC-7934,1.3569
6100,202404,LC-7934,1.3917
7100,202403,LC-7935,0.9185
7100,202404,LC-7935,0.9131
9100,202403,LC-7936,1.0675
9100,202404,LC-7936,1.0573
6100,202403,LC-7937,1.087
6100,202404,LC-7937,1.1007
7100,202403,LC-7938,0.7487
7100,202404,LC-7938,0.7441
9100,202403,LC-7939,1.3601
9100,202404,LC-7939,1.3785
6100,202403,LC-7940,1.3214
6100,202404,LC-7940,1.315
7100,202403,LC-7941,1.4901
7100,202404,LC-7941,1.5343
9100,202403,LC-7942,1.2824
9100,202404,LC-7942,1.2898
6100,202403,LC-7943,1.2174
6100,202404,LC-7943,1.197
7100,202403,LC-7944,1.5586
7100,202404,LC-7944,1.6055
9100,202403,LC-7945,1.37
9100,202404,LC-7945,1.3721
6100,202403,LC-7946,1.1562
6100,202404,LC-7946,1.2127
7100,202403,LC-7947,1.0591
7100,202404,LC-7947,1.0527
9100,202403,LC-7948,0.7694
9100,202404,LC-7948,0.7874
6100,202403,LC-7949,1.1443
6100,202404,LC-7949,1.146
7100,202403,LC-7950,0.9307
7100,202404,LC-7950,0.9676
9100,202403,LC-7951,0.7945
9100,202404,LC-7951,0.832
6100,202403,LC-7952,0.9409
6100,202404,LC-7952,0.9799
7100,202403,LC-7953,0.7643
7100,202404,LC-7953,0.7841
9100,202403,LC-7954,0.7615
9100,202404,LC-7954,0.7696
6100,202403,LC-7955,0.9909
6100,202404,LC-7955,1.0387
7100,202403,LC-7956,1.3693
7100,202404,LC-7956,1.362
9100,202403,LC-7957,0.8277
9100,202404,LC-7957,0.864
6100,202403,LC-7958,1.3817
6100,202404,LC-7958,1.434
7100,202403,LC-7959,0.7605
7100,202404,LC-7959,0.7563
9100,202403,LC-7960,1.3394
9100,202404,LC-7960,1.3339
6100,202403,LC-7961,1.0464
6100,202404,LC-7961,1.0473
7100,202403,LC-7962,1.0463
7100,202404,LC-7962,1.0506
9100,202403,LC-7963,0.9574
9100,202404,LC-7963,0.9627
6100,202403,LC-7964,0.7043
6100,202404,LC-7964,0.6917
7100,202403,LC-7965,1.1028
7100,202404,LC-7965,1.1442
9100,202403,LC-7966,1.5477
9100,202404,LC-7966,1.6114
6100,202403,LC-7967,1.4314
6100,202404,LC-7967,1.4167
7100,202403,LC-7968,0.7289
7100,202404,LC-7968,0.7262
9100,202403,LC-7969,1.2198
9100,202404,LC-7969,1.258
6100,202403,LC-7970,1.5959
6100,202404,LC-7970,1.6627
7100,202403,LC-7971,1.4001
7100,202404,LC-7971,1.4029
9100,202403,LC-7972,1.247
9100,202404,LC-7972,1.236
6100,202403,LC-7973,0.9633
6100,202404,LC-7973,0.9474
7100,202403,LC-7974,1.2695
7100,202404,LC-7974,1.2526
9100,202403,LC-7975,1.5801
9100,202404,LC-7975,1.6082
6100,202403,LC-7976,1.4355
6100,202404,LC-7976,1.4223
7100,202403,LC-7977,0.7263
7100,202404,LC-7977,0.7229
9100,202403,LC-7978,0.9998
9100,202404,LC-7978,1.0261
6100,202403,LC-7979,0.9268
6100,202404,LC-7979,0.9317
7100,202403,LC-7980,1.1935
7100,202404,LC-7980,1.2111
9100,202403,LC-7981,1.1731
9100,202404,LC-7981,1.2138
6100,202403,LC-7982,1.2789
6100,202404,LC-7982,1.3188
7100,202403,LC-7983,1.0976
7100,202404,LC-7983,1.1141
9100,202403,LC-7984,1.5156
9100,202404,LC-7984,1.5452
6100,202403,LC-7985,1.44
6100,202404,LC-7985,1.426
7100,202403,LC-7986,1.1953
7100,202404,LC-7986,1.2473
9100,202403,LC-7987,0.8711
9100,202404,LC-7987,0.8816
6100,202403,LC-7988,1.5895
6100,202404,LC-7988,1.6548
7100,202403,LC-7989,1.2626
7100,202404,LC-7989,1.2906
9100,202403,LC-7990,0.8435
9100,202404,LC-7990,0.8605
6100,202403,LC-7991,1.1949
6100,202404,LC-7991,1.1906
7100,202403,LC-7992,0.705
7100,202404,LC-7992,0.7253
9100,202403,LC-7993,0.7991
9100,202404,LC-7993,0.8169
6100,202403,LC-7994,0.8834
6100,202404,LC-7994,0.9245
7100,202403,LC-7995,1.374
7100,202404,LC-7995,1.389
9100,202403,LC-7996,1.1546
9100,202404,LC-7996,1.1503
6100,202403,LC-7997,1.219
6100,202404,LC-7997,1.2281
7100,202403,LC-7998,1.1467
7100,202404,LC-7998,1.1684
9100,202403,LC-7999,1.2238
9100,202404,LC-7999,1.2099
6100,202403,LC-8000,1.2257
6100,202404,LC-8000,1.2617
7100,202403,LC-8001,0.923
7100,202404,LC-8001,0.9145
9100,202403,LC-8002,1.4168
9100,202404,LC-8002,1.4856
6100,202403,LC-8003,0.7881
6100,202404,LC-8003,0.7865
7100,202403,LC-8004,1.5787
7100,202404,LC-8004,1.5605
9100,202403,LC-8005,1.4703
9100,202404,LC-8005,1.4914
6100,202403,LC-8006,0.8316
6100,202404,LC-8006,0.8237
7100,202403,LC-8007,1.1931
7100,202404,LC-8007,1.1709
9100,202403,LC-8008,1.1629
9100,202404,LC-8008,1.1738
6100,202403,LC-8009,1.1135
6100,202404,LC-8009,1.1325
7100,202403,LC-8010,1.4917
7100,202404,LC-8010,1.5143
9100,202403,LC-8011,0.888
9100,202404,LC-8011,0.9092
6100,202403,LC-8012,1.4947
6100,202404,LC-8012,1.5201
7100,202403,LC-8013,1.3762
7100,202404,LC-8013,1.4234
9100,202403,LC-8014,0.9683
9100,202404,LC-8014,1.0111
6100,202403,LC-8015,1.0605
6100,202404,LC-8015,1.057
7100,202403,LC-8016,0.9656
7100,202404,LC-8016,0.9894
9100,202403,LC-8017,1.289
9100,202404,LC-8017,1.3313
6100,202403,LC-8018,0.768
6100,202404,LC-8018,0.7664
7100,202403,LC-8019,1.076
7100,202404,LC-8019,1.0864
9100,202403,LC-8020,1.2821
9100,202404,LC-8020,1.2656
6100,202403,LC-8021,0.9247
6100,202404,LC-8021,0.9618
7100,202403,LC-8022,1.5168
7100,202404,LC-8022,1.5024
9100,202403,LC-8023,1.55
9100,202404,LC-8023,1.5642
6100,202403,LC-8024,0.9716
6100,202404,LC-8024,1.02
7100,202403,LC-8025,1.2608
7100,202404,LC-8025,1.2515
9100,202403,LC-8026,1.2111
9100,202404,LC-8026,1.2676
6100,202403,LC-8027,0.9311
6100,202404,LC-8027,0.9211
7100,202403,LC-8028,1.3233
7100,202404,LC-8028,1.3396
9100,202403,LC-8029,0.798
9100,202404,LC-8029,0.8355
6100,202403,LC-8030,0.9869
6100,202404,LC-8030,0.976
7100,202403,LC-8031,1.5044
7100,202404,LC-8031,1.5108
9100,202403,LC-8032,1.1413
9100,202404,LC-8032,1.1241
6100,202403,LC-8033,1.5576
6100,202404,LC-8033,1.5867
7100,202403,LC-8034,1.4632
7100,202404,LC-8034,1.4402
9100,202403,LC-8035,1.4136
9100,202404,LC-8035,1.4217
6100,202403,LC-8036,1.5062
6100,202404,LC-8036,1.5571
7100,202403,LC-8037,1.0019
7100,202404,LC-8037,0.991
9100,202403,LC-8038,1.3064
9100,202404,LC-8038,1.3366
6100,202403,LC-8039,0.9526
6100,202404,LC-8039,0.951
7100,202403,LC-8040,0.8023
7100,202404,LC-8040,0.8174
9100,202403,LC-8041,1.0726
9100,202404,LC-8041,1.0952
6100,202403,LC-8042,1.0134
6100,202404,LC-8042,1.0505
7100,202403,LC-8043,1.1515
7100,202404,LC-8043,1.1524
9100,202403,LC-8044,0.7161
9100,202404,LC-8044,0.72
6100,202403,LC-8045,0.8631
6100,202404,LC-8045,0.8685
7100,202403,LC-8046,0.8342
7100,202404,LC-8046,0.8358
9100,202403,LC-8047,1.0513
9100,202404,LC-8047,1.0344
6100,202403,LC-8048,1.1407
6100,202404,LC-8048,1.1321
7100,202403,LC-8049,1.1528
7100,202404,LC-8049,1.1708
9100,202403,LC-8050,0.9083
9100,202404,LC-8050,0.9089
6100,202403,LC-8051,1.0365
6100,202404,LC-8051,1.0829
7100,202403,LC-8052,1.2156
7100,202404,LC-8052,1.2524
9100,202403,LC-8053,1.0697
9100,202404,LC-8053,1.0483
6100,202403,LC-8054,0.9843
6100,202404,LC-8054,0.9922
7100,202403,LC-8055,1.1261
7100,202404,LC-8055,1.1289
9100,202403,LC-8056,1.2904
9100,202404,LC-8056,1.3046
6100,202403,LC-8057,1.5428
6100,202404,LC-8057,1.5553
7100,202403,LC-8058,1.4252
7100,202404,LC-8058,1.4832
9100,202403,LC-8059,1.3645
9100,202404,LC-8059,1.3835
6100,202403,LC-8060,1.2225
6100,202404,LC-8060,1.2078
7100,202403,LC-8061,1.5977
7100,202404,LC-8061,1.6343
9100,202403,LC-8062,0.7066
9100,202404,LC-8062,0.7073
6100,202403,LC-8063,0.8459
6100,202404,LC-8063,0.8596
7100,202403,LC-8064,1.214
7100,202404,LC-8064,1.2001
9100,202403,LC-8065,1.4938
9100,202404,LC-8065,1.5543
6100,202403,LC-8066,1.0747
6100,202404,LC-8066,1.1017
7100,202403,LC-8067,1.1828
7100,202404,LC-8067,1.2367
9100,202403,LC-8068,1.1507
9100,202404,LC-8068,1.1661
6100,202403,LC-8069,1.0462
6100,202404,LC-8069,1.0395
7100,202403,LC-8070,0.7955
7100,202404,LC-8070,0.8039
9100,202403,LC-8071,1.2913
9100,202404,LC-8071,1.3154
6100,202403,LC-8072,1.0937
6100,202404,LC-8072,1.0911
7100,202403,LC-8073,0.7461
7100,202404,LC-8073,0.7757
9100,202403,LC-8074,0.9239
9100,202404,LC-8074,0.9327
6100,202403,LC-8075,1.5814
6100,202404,LC-8075,1.6264
7100,202403,LC-8076,0.7745
7100,202404,LC-8076,0.7652
9100,202403,LC-8077,1.0587
9100,202404,LC-8077,1.1045
6100,202403,LC-8078,1.4758
6100,202404,LC-8078,1.5307
7100,202403,LC-8079,1.3179
7100,202404,LC-8079,1.3048
9100,202403,LC-8080,0.7557
9100,202404,LC-8080,0.7898
6100,202403,LC-8081,0.9815
6100,202404,LC-8081,1.0028
7100,202403,LC-8082,0.9012
7100,202404,LC-8082,0.9347
9100,202403,LC-8083,0.8121
9100,202404,LC-8083,0.8353
6100,202403,LC-8084,0.8592
6100,202404,LC-8084,0.8841
7100,202403,LC-8085,1.5656
7100,202404,LC-8085,1.5894
9100,202403,LC-8086,1.3633
9100,202404,LC-8086,1.3664
6100,202403,LC-8087,0.9433
6100,202404,LC-8087,0.9787
7100,202403,LC-8088,1.3285
7100,202404,LC-8088,1.3839
9100,202403,LC-8089,1.0618
9100,202404,LC-8089,1.0662
6100,202403,LC-8090,1.3892
6100,202404,LC-8090,1.408
7100,202403,LC-8091,1.1201
7100,202404,LC-8091,1.1738
9100,202403,LC-8092,1.566
9100,202404,LC-8092,1.6182
6100,202403,LC-8093,1.1561
6100,202404,LC-8093,1.2061
7100,202403,LC-8094,1.2817
7100,202404,LC-8094,1.3348
9100,202403,LC-8095,1.5987
9100,202404,LC-8095,1.6616
6100,202403,LC-8096,1.4257
6100,202404,LC-8096,1.4094
7100,202403,LC-8097,1.0369
7100,202404,LC-8097,1.0333
9100,202403,LC-8098,0.8238
9100,202404,LC-8098,0.8304
6100,202403,LC-8099,0.8019
6100,202404,LC-8099,0.8183
7100,202403,LC-8100,1.3139
7100,202404,LC-8100,1.2974
9100,202403,LC-8101,1.5268
9100,202404,LC-8101,1.5211
6100,202403,LC-8102,1.3778
6100,202404,LC-8102,1.3603
7100,202403,LC-8103,1.5272
7100,202404,LC-8103,1.5663
9100,202403,LC-8104,1.3192
9100,202404,LC-8104,1.3737
6100,202403,LC-8105,0.9598
6100,202404,LC-8105,0.9421
7100,202403,LC-8106,0.7374
7100,202404,LC-8106,0.7314
9100,202403,LC-8107,1.3292
9100,202404,LC-8107,1.3705
6100,202403,LC-8108,1.2819
6100,202404,LC-8108,1.321
7100,202403,LC-8109,0.9217
7100,202404,LC-8109,0.92
9100,202403,LC-8110,1.1617
9100,202404,LC-8110,1.1538
6100,202403,LC-8111,1.4722
6100,202404,LC-8111,1.5451
7100,202403,LC-8112,0.9859
7100,202404,LC-8112,0.9967
9100,202403,LC-8113,1.3122
9100,202404,LC-8113,1.3577
6100,202403,LC-8114,1.2836
6100,202404,LC-8114,1.3249
7100,202403,LC-8115,0.9339
7100,202404,LC-8115,0.9804
9100,202403,LC-8116,1.1083
9100,202404,LC-8116,1.1536
6100,202403,LC-8117,1.5344
6100,202404,LC-8117,1.5798
7100,202403,LC-8118,1.5177
7100,202404,LC-8118,1.4942
9100,202403,LC-8119,1.2946
9100,202404,LC-8119,1.3541
6100,202403,LC-8120,1.4116
6100,202404,LC-8120,1.4545
7100,202403,LC-8121,0.7874
7100,202404,LC-8121,0.7761
9100,202403,LC-8122,1.3626
9100,202404,LC-8122,1.4116
6100,202403,LC-8123,1.5168
6100,202404,LC-8123,1.5603
7100,202403,LC-8124,1.0561
7100,202404,LC-8124,1.0955
9100,202403,LC-8125,1.3438
9100,202404,LC-8125,1.3348
6100,202403,LC-8126,1.4881
6100,202404,LC-8126,1.5001
7100,202403,LC-8127,0.945
7100,202404,LC-8127,0.9753
9100,202403,LC-8128,1.5335
9100,202404,LC-8128,1.5985
6100,202403,LC-8129,0.73
6100,202404,LC-8129,0.7654
7100,202403,LC-8130,0.9506
7100,202404,LC-8130,0.9656
9100,202403,LC-8131,1.3892
9100,202404,LC-8131,1.3792
6100,202403,LC-8132,1.4683
6100,202404,LC-8132,1.4683
7100,202403,LC-8133,1.1958
7100,202404,LC-8133,1.2336
9100,202403,LC-8134,1.5694
9100,202404,LC-8134,1.6477
6100,202403,LC-8135,0.9851
6100,202404,LC-8135,1.0079
7100,202403,LC-8136,1.5527
7100,202404,LC-8136,1.5266
9100,202403,LC-8137,0.7016
9100,202404,LC-8137,0.728
6100,202403,LC-8138,1.0244
6100,202404,LC-8138,1.0581
7100,202403,LC-8139,1.5364
7100,202404,LC-8139,1.5881
9100,202403,LC-8140,0.9198
9100,202404,LC-8140,0.9453
6100,202403,LC-8141,1.2799
6100,202404,LC-8141,1.3312
7100,202403,LC-8142,1.0763
7100,202404,LC-8142,1.0787
9100,202403,LC-8143,1.0727
9100,202404,LC-8143,1.1235
6100,202403,LC-8144,1.0567
6100,202404,LC-8144,1.0533
7100,202403,LC-8145,0.7406
7100,202404,LC-8145,0.7755
9100,202403,LC-8146,0.7085
9100,202404,LC-8146,0.7405
6100,202403,LC-8147,0.9298
6100,202404,LC-8147,0.9417
7100,202403,LC-8148,0.7918
7100,202404,LC-8148,0.7977
9100,202403,LC-8149,1.0777
9100,202404,LC-8149,1.094
6100,202403,LC-8150,0.9823
6100,202404,LC-8150,0.9712
7100,202403,LC-8151,1.3096
7100,202404,LC-8151,1.3547
9100,202403,LC-8152,0.9789
9100,202404,LC-8152,0.9866
6100,202403,LC-8153,1.5683
6100,202404,LC-8153,1.5395
7100,202403,LC-8154,1.4661
7100,202404,LC-8154,1.4558
9100,202403,LC-8155,0.9838
9100,202404,LC-8155,1.0104
6100,202403,LC-8156,0.7641
6100,202404,LC-8156,0.7632
7100,202403,LC-8157,1.5426
7100,202404,LC-8157,1.5306
9100,202403,LC-8158,1.1538
9100,202404,LC-8158,1.1367
6100,202403,LC-8159,1.1106
6100,202404,LC-8159,1.1107
7100,202403,LC-8160,0.974
7100,202404,LC-8160,0.9956
9100,202403,LC-8161,1.0629
9100,202404,LC-8161,1.0732
6100,202403,LC-8162,1.5169
6100,202404,LC-8162,1.5472
7100,202403,LC-8163,1.5778
7100,202404,LC-8163,1.5683
9100,202403,LC-8164,1.2807
9100,202404,LC-8164,1.2645
6100,202403,LC-8165,0.8872
6100,202404,LC-8165,0.8734
7100,202403,LC-8166,1.3383
7100,202404,LC-8166,1.3749
9100,202403,LC-8167,1.2105
9100,202404,LC-8167,1.2393
6100,202403,LC-8168,1.0557
6100,202404,LC-8168,1.0465
7100,202403,LC-8169,1.2146
7100,202404,LC-8169,1.2409
9100,202403,LC-8170,1.4614
9100,202404,LC-8170,1.4533
6100,202403,LC-8171,1.0511
6100,202404,LC-8171,1.0316
7100,202403,LC-8172,0.9523
7100,202404,LC-8172,0.9595
9100,202403,LC-8173,0.8245
9100,202404,LC-8173,0.8149
6100,202403,LC-8174,1.2087
6100,202404,LC-8174,1.2209
7100,202403,LC-8175,1.355
7100,202404,LC-8175,1.3757
9100,202403,LC-8176,1.0594
9100,202404,LC-8176,1.0402
6100,202403,LC-8177,1.1931
6100,202404,LC-8177,1.2295
7100,202403,LC-8178,1.4495
7100,202404,LC-8178,1.4562
9100,202403,LC-8179,0.8089
9100,202404,LC-8179,0.8327
6100,202403,LC-8180,1.5362
6100,202404,LC-8180,1.53
7100,202403,LC-8181,1.1681
7100,202404,LC-8181,1.1856
9100,202403,LC-8182,0.8558
9100,202404,LC-8182,0.8684
6100,202403,LC-8183,1.5804
6100,202404,LC-8183,1.6584
7100,202403,LC-8184,1.4967
7100,202404,LC-8184,1.554
9100,202403,LC-8185,0.761
9100,202404,LC-8185,0.7971
6100,202403,LC-8186,1.5945
6100,202404,LC-8186,1.597
7100,202403,LC-8187,1.4984
7100,202404,LC-8187,1.5395
9100,202403,LC-8188,1.4714
9100,202404,LC-8188,1.4917
6100,202403,LC-8189,0.8719
6100,202404,LC-8189,0.8803
7100,202403,LC-8190,1.0231
7100,202404,LC-8190,1.0083
9100,202403,LC-8191,1.4846
9100,202404,LC-8191,1.5332
6100,202403,LC-8192,0.7372
6100,202404,LC-8192,0.7298
7100,202403,LC-8193,1.2772
7100,202404,LC-8193,1.2686
9100,202403,LC-8194,1.0478
9100,202404,LC-8194,1.0293
6100,202403,LC-8195,1.4279
6100,202404,LC-8195,1.4106
7100,202403,LC-8196,1.0851
7100,202404,LC-8196,1.1221
9100,202403,LC-8197,1.5729
9100,202404,LC-8197,1.5658
6100,202403,LC-8198,0.9335
6100,202404,LC-8198,0.9206
7100,202403,LC-8199,1.4895
7100,202404,LC-8199,1.5449
9100,202403,LC-8200,1.2814
9100,202404,LC-8200,1.2976
6100,202403,LC-8201,1.3781
6100,202404,LC-8201,1.4071
7100,202403,LC-8202,1.0857
7100,202404,LC-8202,1.139
9100,202403,LC-8203,1.3592
9100,202404,LC-8203,1.3725
6100,202403,LC-8204,1.5973
6100,202404,LC-8204,1.5949
7100,202403,LC-8205,1.0954
7100,202404,LC-8205,1.1155
9100,202403,LC-8206,1.2921
9100,202404,LC-8206,1.3506
6100,202403,LC-8207,1.2688
6100,202404,LC-8207,1.2605
7100,202403,LC-8208,0.9216
7100,202404,LC-8208,0.9244
9100,202403,LC-8209,0.7535
9100,202404,LC-8209,0.772
6100,202403,LC-8210,1.1344
6100,202404,LC-8210,1.1252
7100,202403,LC-8211,0.9446
7100,202404,LC-8211,0.9369
9100,202403,LC-8212,1.313
9100,202404,LC-8212,1.2943
6100,202403,LC-8213,0.7669
6100,202404,LC-8213,0.8048
7100,202403,LC-8214,1.5701
7100,202404,LC-8214,1.6075
9100,202403,LC-8215,1.1658
9100,202404,LC-8215,1.2147
6100,202403,LC-8216,1.398
6100,202404,LC-8216,1.4512
7100,202403,LC-8217,1.533
7100,202404,LC-8217,1.5051
9100,202403,LC-8218,0.9102
9100,202404,LC-8218,0.9212
6100,202403,LC-8219,1.3482
6100,202404,LC-8219,1.389
7100,202403,LC-8220,0.9991
7100,202404,LC-8220,0.9929
9100,202403,LC-8221,1.363
9100,202404,LC-8221,1.4172
6100,202403,LC-8222,1.1516
6100,202404,LC-8222,1.2075
7100,202403,LC-8223,0.7861
7100,202404,LC-8223,0.7815
9100,202403,LC-8224,1.5438
9100,202404,LC-8224,1.5812
6100,202403,LC-8225,1.3201
6100,202404,LC-8225,1.3654
7100,202403,LC-8226,1.2108
7100,202404,LC-8226,1.2637
9100,202403,LC-8227,1.2901
9100,202404,LC-8227,1.3213
6100,202403,LC-8228,0.8896
6100,202404,LC-8228,0.8897
7100,202403,LC-8229,1.3796
7100,202404,LC-8229,1.3855
9100,202403,LC-8230,0.8375
9100,202404,LC-8230,0.8733
6100,202403,LC-8231,1.5891
6100,202404,LC-8231,1.6464
7100,202403,LC-8232,1.0908
7100,202404,LC-8232,1.1224
9100,202403,LC-8233,1.3563
9100,202404,LC-8233,1.3297
6100,202403,LC-8234,1.389
6100,202404,LC-8234,1.4444
7100,202403,LC-8235,1.1182
7100,202404,LC-8235,1.1176
9100,202403,LC-8236,0.7879
9100,202404,LC-8236,0.7808
6100,202403,LC-8237,0.867
6100,202404,LC-8237,0.8877
7100,202403,LC-8238,1.1156
7100,202404,LC-8238,1.0999
9100,202403,LC-8239,1.5528
9100,202404,LC-8239,1.626
6100,202403,LC-8240,1.4765
6100,202404,LC-8240,1.4823
7100,202403,LC-8241,1.4425
7100,202404,LC-8241,1.4258
9100,202403,LC-8242,1.1013
9100,202404,LC-8242,1.1427
6100,202403,LC-8243,1.2949
6100,202404,LC-8243,1.3525
7100,202403,LC-8244,1.2832
7100,202404,LC-8244,1.2833
9100,202403,LC-8245,0.9708
9100,202404,LC-8245,0.9916
6100,202403,LC-8246,1.1304
6100,202404,LC-8246,1.1695
7100,202403,LC-8247,1.1634
7100,202404,LC-8247,1.1733
9100,202403,LC-8248,1.2466
9100,202404,LC-8248,1.2661
6100,202403,LC-8249,0.705
6100,202404,LC-8249,0.7367
7100,202403,LC-8250,0.8305
7100,202404,LC-8250,0.8376
9100,202403,LC-8251,1.4554
9100,202404,LC-8251,1.4835
6100,202403,LC-8252,0.7862
6100,202404,LC-8252,0.8007
7100,202403,LC-8253,1.1145
7100,202404,LC-8253,1.1687
9100,202403,LC-8254,1.56
9100,202404,LC-8254,1.593
6100,202403,LC-8255,1.3386
6100,202404,LC-8255,1.3484
7100,202403,LC-8256,0.9921
7100,202404,LC-8256,1.0415
9100,202403,LC-8257,1.3971
9100,202404,LC-8257,1.3983
6100,202403,LC-8258,1.0129
6100,202404,LC-8258,1.0302
7100,202403,LC-8259,1.3337
7100,202404,LC-8259,1.3706
9100,202403,LC-8260,1.4826
9100,202404,LC-8260,1.5174
6100,202403,LC-8261,1.0535
6100,202404,LC-8261,1.038
7100,202403,LC-8262,1.13
7100,202404,LC-8262,1.1625
9100,202403,LC-8263,1.1697
9100,202404,LC-8263,1.1654
6100,202403,LC-8264,1.3707
6100,202404,LC-8264,1.3551
7100,202403,LC-8265,0.7809
7100,202404,LC-8265,0.7877
9100,202403,LC-8266,0.915
9100,202404,LC-8266,0.9129
6100,202403,LC-8267,0.8937
6100,202404,LC-8267,0.9372
7100,202403,LC-8268,0.7991
7100,202404,LC-8268,0.8153
9100,202403,LC-8269,1.0924
9100,202404,LC-8269,1.1366
6100,202403,LC-8270,0.7386
6100,202404,LC-8270,0.7417
7100,202403,LC-8271,1.3037
7100,202404,LC-8271,1.3219
9100,202403,LC-8272,1.3042
9100,202404,LC-8272,1.3686
6100,202403,LC-8273,1.2267
6100,202404,LC-8273,1.2539
7100,202403,LC-8274,0.9766
7100,202404,LC-8274,0.9814
9100,202403,LC-8275,0.9184
9100,202404,LC-8275,0.9069
6100,202403,LC-8276,1.5606
6100,202404,LC-8276,1.6334
7100,202403,LC-8277,1.4108
7100,202404,LC-8277,1.3831
9100,202403,LC-8278,1.0619
9100,202404,LC-8278,1.078
6100,202403,LC-8279,0.9482
6100,202404,LC-8279,0.9826
7100,202403,LC-8280,1.1326
7100,202404,LC-8280,1.1196
9100,202403,LC-8281,1.5352
9100,202404,LC-8281,1.5757
6100,202403,LC-8282,1.2047
6100,202404,LC-8282,1.2237
7100,202403,LC-8283,1.4334
7100,202404,LC-8283,1.4919
9100,202403,LC-8284,1.5974
9100,202404,LC-8284,1.5928
6100,202403,LC-8285,1.4928
6100,202404,LC-8285,1.5133
7100,202403,LC-8286,1.1895
7100,202404,LC-8286,1.2105
9100,202403,LC-8287,0.7619
9100,202404,LC-8287,0.7523
6100,202403,LC-8288,0.8946
6100,202404,LC-8288,0.9282
7100,202403,LC-8289,1.4499
7100,202404,LC-8289,1.5063
9100,202403,LC-8290,1.2923
9100,202404,LC-8290,1.3232
6100,202403,LC-8291,1.3063
6100,202404,LC-8291,1.287
7100,202403,LC-8292,1.5338
7100,202404,LC-8292,1.5203
9100,202403,LC-8293,0.7735
9100,202404,LC-8293,0.8046
6100,202403,LC-8294,1.0461
6100,202404,LC-8294,1.0459
7100,202403,LC-8295,1.1505
7100,202404,LC-8295,1.1778
9100,202403,LC-8296,0.8522
9100,202404,LC-8296,0.8578
6100,202403,LC-8297,1.4405
6100,202404,LC-8297,1.4266
7100,202403,LC-8298,1.4073
7100,202404,LC-8298,1.4456
9100,202403,LC-8299,1.3048
9100,202404,LC-8299,1.2935
6100,202403,LC-8300,1.5416
6100,202404,LC-8300,1.6036
7100,202403,LC-8301,1.279
7100,202404,LC-8301,1.3246
9100,202403,LC-8302,1.5857
9100,202404,LC-8302,1.6093
6100,202403,LC-8303,1.5267
6100,202404,LC-8303,1.5288
7100,202403,LC-8304,0.9855
7100,202404,LC-8304,1.0005
9100,202403,LC-8305,1.0871
9100,202404,LC-8305,1.1234
6100,202403,LC-8306,0.8915
6100,202404,LC-8306,0.8825
7100,202403,LC-8307,1.2758
7100,202404,LC-8307,1.2689
9100,202403,LC-8308,1.3088
9100,202404,LC-8308,1.3103
6100,202403,LC-8309,0.9086
6100,202404,LC-8309,0.9418
7100,202403,LC-8310,1.1615
7100,202404,LC-8310,1.1408
9100,202403,LC-8311,0.8928
9100,202404,LC-8311,0.9104
6100,202403,LC-8312,1.3812
6100,202404,LC-8312,1.372
7100,202403,LC-8313,0.972
7100,202404,LC-8313,0.9923
9100,202403,LC-8314,0.7957
9100,202404,LC-8314,0.7999
6100,202403,LC-8315,1.3451
6100,202404,LC-8315,1.3485
7100,202403,LC-8316,1.5951
7100,202404,LC-8316,1.6429
9100,202403,LC-8317,0.7119
9100,202404,LC-8317,0.7113
6100,202403,LC-8318,0.9733
6100,202404,LC-8318,0.9766
7100,202403,LC-8319,0.8855
7100,202404,LC-8319,0.8923
9100,202403,LC-8320,1.407
9100,202404,LC-8320,1.4724
6100,202403,LC-8321,0.7547
6100,202404,LC-8321,0.7613
7100,202403,LC-8322,1.1117
7100,202404,LC-8322,1.1541
9100,202403,LC-8323,1.5248
9100,202404,LC-8323,1.5171
6100,202403,LC-8324,1.0491
6100,202404,LC-8324,1.0549
7100,202403,LC-8325,1.0098
7100,202404,LC-8325,1.0544
9100,202403,LC-8326,0.8637
9100,202404,LC-8326,0.8549
6100,202403,LC-8327,0.7862
6100,202404,LC-8327,0.7961
7100,202403,LC-8328,1.0558
7100,202404,LC-8328,1.0361
9100,202403,LC-8329,0.8403
9100,202404,LC-8329,0.8712
6100,202403,LC-8330,0.9416
6100,202404,LC-8330,0.9527
7100,202403,LC-8331,1.3673
7100,202404,LC-8331,1.3589
9100,202403,LC-8332,1.1153
9100,202404,LC-8332,1.0962
6100,202403,LC-8333,1.4654
6100,202404,LC-8333,1.5168
7100,202403,LC-8334,0.7628
7100,202404,LC-8334,0.7943
9100,202403,LC-8335,1.0871
9100,202404,LC-8335,1.1093
6100,202403,LC-8336,0.7755
6100,202404,LC-8336,0.8087
7100,202403,LC-8337,0.9509
7100,202404,LC-8337,0.9692
9100,202403,LC-8338,1.4339
9100,202404,LC-8338,1.4477
6100,202403,LC-8339,1.5718
6100,202404,LC-8339,1.6454
7100,202403,LC-8340,1.3333
7100,202404,LC-8340,1.3328
9100,202403,LC-8341,1.0939
9100,202404,LC-8341,1.0876
6100,202403,LC-8342,0.9552
6100,202404,LC-8342,0.9912
7100,202403,LC-8343,1.4332
7100,202404,LC-8343,1.486
9100,202403,LC-8344,0.8061
9100,202404,LC-8344,0.8043
6100,202403,LC-8345,1.0282
6100,202404,LC-8345,1.0669
7100,202403,LC-8346,0.8747
7100,202404,LC-8346,0.9061
9100,202403,LC-8347,1.2783
9100,202404,LC-8347,1.3396
6100,202403,LC-8348,1.2943
6100,202404,LC-8348,1.2756
7100,202403,LC-8349,1.4492
7100,202404,LC-8349,1.4972
9100,202403,LC-8350,0.7979
9100,202404,LC-8350,0.8038
6100,202403,LC-8351,1.1531
6100,202404,LC-8351,1.1727
7100,202403,LC-8352,1.4913
7100,202404,LC-8352,1.5083
9100,202403,LC-8353,1.1119
9100,202404,LC-8353,1.1008
6100,202403,LC-8354,0.8656
6100,202404,LC-8354,0.8795
7100,202403,LC-8355,1.1395
7100,202404,LC-8355,1.1777
9100,202403,LC-8356,1.1514
9100,202404,LC-8356,1.1998
6100,202403,LC-8357,1.4263
6100,202404,LC-8357,1.4073
7100,202403,LC-8358,0.8205
7100,202404,LC-8358,0.846
9100,202403,LC-8359,1.3477
9100,202404,LC-8359,1.3474
6100,202403,LC-8360,0.9503
6100,202404,LC-8360,0.9661
7100,202403,LC-8361,1.1552
7100,202404,LC-8361,1.1368
9100,202403,LC-8362,1.5589
9100,202404,LC-8362,1.5922
6100,202403,LC-8363,0.9529
6100,202404,LC-8363,0.9993
7100,202403,LC-8364,0.965
7100,202404,LC-8364,0.9952
9100,202403,LC-8365,1.4633
9100,202404,LC-8365,1.463
6100,202403,LC-8366,1.3467
6100,202404,LC-8366,1.3758
7100,202403,LC-8367,1.236
7100,202404,LC-8367,1.2676
9100,202403,LC-8368,1.0402
9100,202404,LC-8368,1.0371
6100,202403,LC-8369,1.5316
6100,202404,LC-8369,1.5195
7100,202403,LC-8370,1.0275
7100,202404,LC-8370,1.0598
9100,202403,LC-8371,0.7154
9100,202404,LC-8371,0.7144
6100,202403,LC-8372,1.1066
6100,202404,LC-8372,1.1195
7100,202403,LC-8373,1.0996
7100,202404,LC-8373,1.0867
9100,202403,LC-8374,0.7577
9100,202404,LC-8374,0.7906
6100,202403,LC-8375,1.4991
6100,202404,LC-8375,1.4764
7100,202403,LC-8376,0.8052
7100,202404,LC-8376,0.8416
9100,202403,LC-8377,1.0469
9100,202404,LC-8377,1.0654
6100,202403,LC-8378,1.2022
6100,202404,LC-8378,1.2472
7100,202403,LC-8379,0.8933
7100,202404,LC-8379,0.9303
9100,202403,LC-8380,0.7422
9100,202404,LC-8380,0.7333
6100,202403,LC-8381,1.0989
6100,202404,LC-8381,1.1057
7100,202403,LC-8382,1.0811
7100,202404,LC-8382,1.0845
9100,202403,LC-8383,0.8406
9100,202404,LC-8383,0.825
6100,202403,LC-8384,1.3357
6100,202404,LC-8384,1.368
7100,202403,LC-8385,1.41
7100,202404,LC-8385,1.3974
9100,202403,LC-8386,0.7416
9100,202404,LC-8386,0.7753
6100,202403,LC-8387,0.9063
6100,202404,LC-8387,0.9317
7100,202403,LC-8388,0.955
7100,202404,LC-8388,0.9905
9100,202403,LC-8389,0.9882
9100,202404,LC-8389,1.0076
6100,202403,LC-8390,0.7042
6100,202404,LC-8390,0.6948
7100,202403,LC-8391,0.886
7100,202404,LC-8391,0.9281
9100,202403,LC-8392,1.1824
9100,202404,LC-8392,1.189
6100,202403,LC-8393,1.3078
6100,202404,LC-8393,1.3174
7100,202403,LC-8394,0.7899
7100,202404,LC-8394,0.8163
9100,202403,LC-8395,0.7518
9100,202404,LC-8395,0.765
6100,202403,LC-8396,1.43
6100,202404,LC-8396,1.4837
7100,202403,LC-8397,1.1258
7100,202404,LC-8397,1.148
9100,202403,LC-8398,1.1069
9100,202404,LC-8398,1.1519
6100,202403,LC-8399,1.3459
6100,202404,LC-8399,1.3435
7100,202403,LC-8400,1.5312
7100,202404,LC-8400,1.59
9100,202403,LC-8401,0.8304
9100,202404,LC-8401,0.8633
6100,202403,LC-8402,0.7375
6100,202404,LC-8402,0.7523
7100,202403,LC-8403,1.5269
7100,202404,LC-8403,1.5028
9100,202403,LC-8404,0.7344
9100,202404,LC-8404,0.7252
6100,202403,LC-8405,0.8037
6100,202404,LC-8405,0.8287
7100,202403,LC-8406,0.8779
7100,202404,LC-8406,0.9145
9100,202403,LC-8407,1.1304
9100,202404,LC-8407,1.1338
6100,202403,LC-8408,1.0772
6100,202404,LC-8408,1.0687
7100,202403,LC-8409,0.9709
7100,202404,LC-8409,0.9542
9100,202403,LC-8410,0.7949
9100,202404,LC-8410,0.8158
6100,202403,LC-8411,1.3576
6100,202404,LC-8411,1.3978
7100,202403,LC-8412,1.3661
7100,202404,LC-8412,1.4232
9100,202403,LC-8413,0.8857
9100,202404,LC-8413,0.9215
6100,202403,LC-8414,1.1415
6100,202404,LC-8414,1.1929
7100,202403,LC-8415,1.3172
7100,202404,LC-8415,1.3654
9100,202403,LC-8416,0.8672
9100,202404,LC-8416,0.8868
6100,202403,LC-8417,1.518
6100,202404,LC-8417,1.5817
7100,202403,LC-8418,0.7143
7100,202404,LC-8418,0.733
9100,202403,LC-8419,0.9683
9100,202404,LC-8419,0.9967
6100,202403,LC-8420,1.3611
6100,202404,LC-8420,1.3868
7100,202403,LC-8421,1.3092
7100,202404,LC-8421,1.3228
9100,202403,LC-8422,0.784
9100,202404,LC-8422,0.8176
6100,202403,LC-8423,1.531
6100,202404,LC-8423,1.5844
7100,202403,LC-8424,1.172
7100,202404,LC-8424,1.1608
9100,202403,LC-8425,1.4123
9100,202404,LC-8425,1.4501
6100,202403,LC-8426,1.576
6100,202404,LC-8426,1.5556
7100,202403,LC-8427,1.5435
7100,202404,LC-8427,1.5917
9100,202403,LC-8428,0.7037
9100,202404,LC-8428,0.7214
6100,202403,LC-8429,1.1873
6100,202404,LC-8429,1.1725
7100,202403,LC-8430,1.0152
7100,202404,LC-8430,1.0617
9100,202403,LC-8431,0.7811
9100,202404,LC-8431,0.7757
6100,202403,LC-8432,1.482
6100,202404,LC-8432,1.4965
7100,202403,LC-8433,1.3458
7100,202404,LC-8433,1.3611
9100,202403,LC-8434,1.5277
9100,202404,LC-8434,1.5364
6100,202403,LC-8435,1.0344
6100,202404,LC-8435,1.0383
7100,202403,LC-8436,0.9346
7100,202404,LC-8436,0.9594
9100,202403,LC-8437,1.0447
9100,202404,LC-8437,1.0519
6100,202403,LC-8438,1.437
6100,202404,LC-8438,1.4119
7100,202403,LC-8439,1.4588
7100,202404,LC-8439,1.435
9100,202403,LC-8440,1.3317
9100,202404,LC-8440,1.3175
6100,202403,LC-8441,1.0398
6100,202404,LC-8441,1.0396
7100,202403,LC-8442,1.1303
7100,202404,LC-8442,1.1516
9100,202403,LC-8443,0.7013
9100,202404,LC-8443,0.6935
6100,202403,LC-8444,0.7097
6100,202404,LC-8444,0.7363
7100,202403,LC-8445,1.1329
7100,202404,LC-8445,1.1658
9100,202403,LC-8446,1.3271
9100,202404,LC-8446,1.3667
6100,202403,LC-8447,0.8423
6100,202404,LC-8447,0.8446
7100,202403,LC-8448,0.8035
7100,202404,LC-8448,0.8384
9100,202403,LC-8449,1.3363
9100,202404,LC-8449,1.3575
6100,202403,LC-8450,1.2902
6100,202404,LC-8450,1.2796
7100,202403,LC-8451,0.943
7100,202404,LC-8451,0.9602
9100,202403,LC-8452,0.9793
9100,202404,LC-8452,0.9831
6100,202403,LC-8453,0.8065
6100,202404,LC-8453,0.8337
7100,202403,LC-8454,0.9873
7100,202404,LC-8454,1.0275
9100,202403,LC-8455,0.8623
9100,202404,LC-8455,0.8718
6100,202403,LC-8456,0.801
6100,202404,LC-8456,0.7892
7100,202403,LC-8457,0.9114
7100,202404,LC-8457,0.9153
9100,202403,LC-8458,1.3497
9100,202404,LC-8458,1.3637
6100,202403,LC-8459,1.1506
6100,202404,LC-8459,1.1716
7100,202403,LC-8460,0.9142
7100,202404,LC-8460,0.9188
9100,202403,LC-8461,0.7699
9100,202404,LC-8461,0.7737
6100,202403,LC-8462,0.8596
6100,202404,LC-8462,0.8636
7100,202403,LC-8463,0.8253
7100,202404,LC-8463,0.8291
9100,202403,LC-8464,1.299
9100,202404,LC-8464,1.3269
6100,202403,LC-8465,0.7397
6100,202404,LC-8465,0.751
7100,202403,LC-8466,1.2496
7100,202404,LC-8466,1.2872
9100,202403,LC-8467,1.127
9100,202404,LC-8467,1.1484
6100,202403,LC-8468,1.4931
6100,202404,LC-8468,1.5166
7100,202403,LC-8469,0.7565
7100,202404,LC-8469,0.7572
9100,202403,LC-8470,1.0265
9100,202404,LC-8470,1.0542
6100,202403,LC-8471,1.4218
6100,202404,LC-8471,1.4488
7100,202403,LC-8472,0.8612
7100,202404,LC-8472,0.857
9100,202403,LC-8473,1.0421
9100,202404,LC-8473,1.0489
6100,202403,LC-8474,1.2785
6100,202404,LC-8474,1.2548
7100,202403,LC-8475,1.2265
7100,202404,LC-8475,1.2719
9100,202403,LC-8476,0.9165
9100,202404,LC-8476,0.9583
6100,202403,LC-8477,1.4718
6100,202404,LC-8477,1.5017
7100,202403,LC-8478,0.8964
7100,202404,LC-8478,0.9139
9100,202403,LC-8479,1.2882
9100,202404,LC-8479,1.2933
6100,202403,LC-8480,1.0428
6100,202404,LC-8480,1.0328
7100,202403,LC-8481,0.9051
7100,202404,LC-8481,0.9061
9100,202403,LC-8482,1.2226
9100,202404,LC-8482,1.2017
6100,202403,LC-8483,1.542
6100,202404,LC-8483,1.5612
7100,202403,LC-8484,0.8236
7100,202404,LC-8484,0.8631
9100,202403,LC-8485,1.1641
9100,202404,LC-8485,1.2104
6100,202403,LC-8486,1.3603
6100,202404,LC-8486,1.401
7100,202403,LC-8487,0.8192
7100,202404,LC-8487,0.8316
9100,202403,LC-8488,1.2491
9100,202404,LC-8488,1.302
6100,202403,LC-8489,0.8639
6100,202404,LC-8489,0.8879
7100,202403,LC-8490,1.4357
7100,202404,LC-8490,1.4644
9100,202403,LC-8491,1.0497
9100,202404,LC-8491,1.0925
6100,202403,LC-8492,0.7813
6100,202404,LC-8492,0.783
7100,202403,LC-8493,1.4601
7100,202404,LC-8493,1.4573
9100,202403,LC-8494,0.7318
9100,202404,LC-8494,0.7276
6100,202403,LC-8495,1.0476
6100,202404,LC-8495,1.058
7100,202403,LC-8496,0.8347
7100,202404,LC-8496,0.8637
9100,202403,LC-8497,1.4358
9100,202404,LC-8497,1.4796
6100,202403,LC-8498,0.8793
6100,202404,LC-8498,0.9108
7100,202403,LC-8499,1.0622
7100,202404,LC-8499,1.0711
9100,202403,LC-8500,0.8649
9100,202404,LC-8500,0.8763
6100,202403,LC-8501,1.2413
6100,202404,LC-8501,1.2409
7100,202403,LC-8502,1.4532
7100,202404,LC-8502,1.521
9100,202403,LC-8503,1.0106
9100,202404,LC-8503,1.0474
6100,202403,LC-8504,1.016
6100,202404,LC-8504,1.0477
7100,202403,LC-8505,1.2755
7100,202404,LC-8505,1.3233
9100,202403,LC-8506,1.1492
9100,202404,LC-8506,1.1951
6100,202403,LC-8507,0.723
6100,202404,LC-8507,0.7247
7100,202403,LC-8508,1.5989
7100,202404,LC-8508,1.571
9100,202403,LC-8509,1.4954
9100,202404,LC-8509,1.5317
6100,202403,LC-8510,1.2918
6100,202404,LC-8510,1.3267
7100,202403,LC-8511,1.0918
7100,202404,LC-8511,1.0939
9100,202403,LC-8512,1.525
9100,202404,LC-8512,1.5619
6100,202403,LC-8513,1.1033
6100,202404,LC-8513,1.0975
7100,202403,LC-8514,1.1125
7100,202404,LC-8514,1.1127
9100,202403,LC-8515,1.0081
9100,202404,LC-8515,1.035
6100,202403,LC-8516,1.1517
6100,202404,LC-8516,1.1325
7100,202403,LC-8517,1.5643
7100,202404,LC-8517,1.5714
9100,202403,LC-8518,1.4879
9100,202404,LC-8518,1.529
6100,202403,LC-8519,0.8627
6100,202404,LC-8519,0.8697
7100,202403,LC-8520,1.5267
7100,202404,LC-8520,1.543
9100,202403,LC-8521,1.107
9100,202404,LC-8521,1.1265
6100,202403,LC-8522,1.0121
6100,202404,LC-8522,1.0343
7100,202403,LC-8523,0.7703
7100,202404,LC-8523,0.7613
9100,202403,LC-8524,1.2373
9100,202404,LC-8524,1.2846
6100,202403,LC-8525,1.4198
6100,202404,LC-8525,1.4246
7100,202403,LC-8526,1.4879
7100,202404,LC-8526,1.5263
9100,202403,LC-8527,1.5727
9100,202404,LC-8527,1.5825
6100,202403,LC-8528,1.1008
6100,202404,LC-8528,1.1095
7100,202403,LC-8529,1.5262
7100,202404,LC-8529,1.5812
9100,202403,LC-8530,0.7769
9100,202404,LC-8530,0.7809
6100,202403,LC-8531,1.1203
6100,202404,LC-8531,1.1716
7100,202403,LC-8532,1.1859
7100,202404,LC-8532,1.1633
9100,202403,LC-8533,1.0451
9100,202404,LC-8533,1.0384
6100,202403,LC-8534,1.0883
6100,202404,LC-8534,1.0883
7100,202403,LC-8535,1.5144
7100,202404,LC-8535,1.5504
9100,202403,LC-8536,1.242
9100,202404,LC-8536,1.2489
6100,202403,LC-8537,1.461
6100,202404,LC-8537,1.4666
7100,202403,LC-8538,1.067
7100,202404,LC-8538,1.1193
9100,202403,LC-8539,1.4596
9100,202404,LC-8539,1.4364
6100,202403,LC-8540,1.1788
6100,202404,LC-8540,1.1801
7100,202403,LC-8541,1.1055
7100,202404,LC-8541,1.1136
9100,202403,LC-8542,0.9685
9100,202404,LC-8542,1.0146
6100,202403,LC-8543,1.3097
6100,202404,LC-8543,1.2861
7100,202403,LC-8544,0.8267
7100,202404,LC-8544,0.8618
9100,202403,LC-8545,0.7363
9100,202404,LC-8545,0.7385
6100,202403,LC-8546,0.9201
6100,202404,LC-8546,0.963
7100,202403,LC-8547,0.9549
7100,202404,LC-8547,0.982
9100,202403,LC-8548,1.4412
9100,202404,LC-8548,1.4595
6100,202403,LC-8549,1.2141
6100,202404,LC-8549,1.25
7100,202403,LC-8550,1.0337
7100,202404,LC-8550,1.0538
9100,202403,LC-8551,0.9619
9100,202404,LC-8551,0.9728
6100,202403,LC-8552,1.0526
6100,202404,LC-8552,1.0821
7100,202403,LC-8553,1.2079
7100,202404,LC-8553,1.2441
9100,202403,LC-8554,1.1303
9100,202404,LC-8554,1.1532
6100,202403,LC-8555,1.2744
6100,202404,LC-8555,1.2685
7100,202403,LC-8556,1.1641
7100,202404,LC-8556,1.1785
9100,202403,LC-8557,1.103
9100,202404,LC-8557,1.1075
6100,202403,LC-8558,1.315
6100,202404,LC-8558,1.3781
7100,202403,LC-8559,1.1501
7100,202404,LC-8559,1.1658
9100,202403,LC-8560,1.5087
9100,202404,LC-8560,1.5386
6100,202403,LC-8561,1.105
6100,202404,LC-8561,1.1483
7100,202403,LC-8562,0.7228
7100,202404,LC-8562,0.7521
9100,202403,LC-8563,1.4247
9100,202404,LC-8563,1.4632
6100,202403,LC-8564,1.1176
6100,202404,LC-8564,1.1252
7100,202403,LC-8565,1.0364
7100,202404,LC-8565,1.0662
9100,202403,LC-8566,1.3939
9100,202404,LC-8566,1.3887
6100,202403,LC-8567,1.4353
6100,202404,LC-8567,1.4722
7100,202403,LC-8568,0.8111
7100,202404,LC-8568,0.8214
9100,202403,LC-8569,0.9537
9100,202404,LC-8569,0.9496
6100,202403,LC-8570,0.8751
6100,202404,LC-8570,0.8968
7100,202403,LC-8571,1.5998
7100,202404,LC-8571,1.6295
9100,202403,LC-8572,1.3543
9100,202404,LC-8572,1.3302
6100,202403,LC-8573,1.5068
6100,202404,LC-8573,1.5311
7100,202403,LC-8574,0.799
7100,202404,LC-8574,0.8141
9100,202403,LC-8575,1.3364
9100,202404,LC-8575,1.3379
6100,202403,LC-8576,0.8289
6100,202404,LC-8576,0.866
7100,202403,LC-8577,1.2286
7100,202404,LC-8577,1.2408
9100,202403,LC-8578,1.0099
9100,202404,LC-8578,1.0043
6100,202403,LC-8579,1.456
6100,202404,LC-8579,1.4952
7100,202403,LC-8580,1.3241
7100,202404,LC-8580,1.3365
9100,202403,LC-8581,1.3207
9100,202404,LC-8581,1.3725
6100,202403,LC-8582,0.844
6100,202404,LC-8582,0.8748
7100,202403,LC-8583,1.2612
7100,202404,LC-8583,1.3239
9100,202403,LC-8584,0.9578
9100,202404,LC-8584,0.9732
6100,202403,LC-8585,1.5735
6100,202404,LC-8585,1.61
7100,202403,LC-8586,1.1662
7100,202404,LC-8586,1.1788
9100,202403,LC-8587,0.8377
9100,202404,LC-8587,0.8664
6100,202403,LC-8588,1.5945
6100,202404,LC-8588,1.6682
7100,202403,LC-8589,0.842
7100,202404,LC-8589,0.8498
9100,202403,LC-8590,1.1124
9100,202404,LC-8590,1.111
6100,202403,LC-8591,1.1296
6100,202404,LC-8591,1.1594
7100,202403,LC-8592,0.7278
7100,202404,LC-8592,0.7228
9100,202403,LC-8593,1.2002
9100,202404,LC-8593,1.2104
6100,202403,LC-8594,1.06
6100,202404,LC-8594,1.0894
7100,202403,LC-8595,1.5698
7100,202404,LC-8595,1.6318
9100,202403,LC-8596,1.5385
9100,202404,LC-8596,1.5705
6100,202403,LC-8597,0.7949
6100,202404,LC-8597,0.8223
7100,202403,LC-8598,0.9665
7100,202404,LC-8598,1.0012
9100,202403,LC-8599,0.7626
9100,202404,LC-8599,0.7633
6100,202403,LC-8600,0.7925
6100,202404,LC-8600,0.7844
7100,202403,LC-8601,1.3554
7100,202404,LC-8601,1.3594
9100,202403,LC-8602,1.5094
9100,202404,LC-8602,1.4854
6100,202403,LC-8603,0.7384
6100,202404,LC-8603,0.7669
7100,202403,LC-8604,1.5607
7100,202404,LC-8604,1.6088
9100,202403,LC-8605,1.2667
9100,202404,LC-8605,1.2648
6100,202403,LC-8606,1.0501
6100,202404,LC-8606,1.0476
7100,202403,LC-8607,0.7897
7100,202404,LC-8607,0.8208
9100,202403,LC-8608,1.4138
9100,202404,LC-8608,1.452
6100,202403,LC-8609,1.0083
6100,202404,LC-8609,0.9904
7100,202403,LC-8610,1.2502
7100,202404,LC-8610,1.2503
9100,202403,LC-8611,1.3363
9100,202404,LC-8611,1.3417
6100,202403,LC-8612,1.3293
6100,202404,LC-8612,1.3388
7100,202403,LC-8613,1.2723
7100,202404,LC-8613,1.3235
9100,202403,LC-8614,1.3536
9100,202404,LC-8614,1.3766
6100,202403,LC-8615,0.7597
6100,202404,LC-8615,0.7498
7100,202403,LC-8616,0.7232
7100,202404,LC-8616,0.7124
9100,202403,LC-8617,1.0074
9100,202404,LC-8617,0.9927
6100,202403,LC-8618,1.5088
6100,202404,LC-8618,1.5405
7100,202403,LC-8619,1.0711
7100,202404,LC-8619,1.1082
9100,202403,LC-8620,1.0913
9100,202404,LC-8620,1.0964
6100,202403,LC-8621,1.3609
6100,202404,LC-8621,1.4278
7100,202403,LC-8622,0.7763
7100,202404,LC-8622,0.7763
9100,202403,LC-8623,1.3234
9100,202404,LC-8623,1.3058
6100,202403,LC-8624,0.7461
6100,202404,LC-8624,0.7746
7100,202403,LC-8625,1.488
7100,202404,LC-8625,1.5532
9100,202403,LC-8626,0.8928
9100,202404,LC-8626,0.9312
6100,202403,LC-8627,0.758
6100,202404,LC-8627,0.7771
7100,202403,LC-8628,1.222
7100,202404,LC-8628,1.2295
9100,202403,LC-8629,1.0956
9100,202404,LC-8629,1.1258
6100,202403,LC-8630,1.2871
6100,202404,LC-8630,1.324
7100,202403,LC-8631,0.9132
7100,202404,LC-8631,0.9166
9100,202403,LC-8632,0.8989
9100,202404,LC-8632,0.8963
6100,202403,LC-8633,1.0994
6100,202404,LC-8633,1.095
7100,202403,LC-8634,1.1117
7100,202404,LC-8634,1.0989
9100,202403,LC-8635,0.7099
9100,202404,LC-8635,0.7047
6100,202403,LC-8636,1.4438
6100,202404,LC-8636,1.4785
7100,202403,LC-8637,0.818
7100,202404,LC-8637,0.8398
9100,202403,LC-8638,0.838
9100,202404,LC-8638,0.8444
6100,202403,LC-8639,0.8271
6100,202404,LC-8639,0.8482
7100,202403,LC-8640,1.4025
7100,202404,LC-8640,1.4534
9100,202403,LC-8641,0.957
9100,202404,LC-8641,0.9745
6100,202403,LC-8642,0.9242
6100,202404,LC-8642,0.9134
7100,202403,LC-8643,1.4506
7100,202404,LC-8643,1.4475
9100,202403,LC-8644,0.7134
9100,202404,LC-8644,0.7471
6100,202403,LC-8645,0.9366
6100,202404,LC-8645,0.9638
7100,202403,LC-8646,1.0438
7100,202404,LC-8646,1.0458
9100,202403,LC-8647,1.5449
9100,202404,LC-8647,1.5462
6100,202403,LC-8648,0.9536
6100,202404,LC-8648,0.9819
7100,202403,LC-8649,1.3357
7100,202404,LC-8649,1.3212
9100,202403,LC-8650,0.8565
9100,202404,LC-8650,0.8971
6100,202403,LC-8651,1.4976
6100,202404,LC-8651,1.5594
7100,202403,LC-8652,0.7641
7100,202404,LC-8652,0.7778
9100,202403,LC-8653,0.9279
9100,202404,LC-8653,0.9322
6100,202403,LC-8654,1.0217
6100,202404,LC-8654,1.043
7100,202403,LC-8655,0.8391
7100,202404,LC-8655,0.8542
9100,202403,LC-8656,1.4004
9100,202404,LC-8656,1.4568
6100,202403,LC-8657,1.3343
6100,202404,LC-8657,1.3865
7100,202403,LC-8658,1.0177
7100,202404,LC-8658,1.0017
9100,202403,LC-8659,1.0922
9100,202404,LC-8659,1.0752
6100,202403,LC-8660,0.8169
6100,202404,LC-8660,0.8419
7100,202403,LC-8661,1.3793
7100,202404,LC-8661,1.3589
9100,202403,LC-8662,0.9329
9100,202404,LC-8662,0.9402
6100,202403,LC-8663,1.1668
6100,202404,LC-8663,1.2
7100,202403,LC-8664,1.3188
7100,202404,LC-8664,1.3311
9100,202403,LC-8665,0.76
9100,202404,LC-8665,0.7906
6100,202403,LC-8666,0.7719
6100,202404,LC-8666,0.7711
7100,202403,LC-8667,1.4482
7100,202404,LC-8667,1.4707
9100,202403,LC-8668,1.1739
9100,202404,LC-8668,1.2036
6100,202403,LC-8669,1.1851
6100,202404,LC-8669,1.2388
7100,202403,LC-8670,1.0641
7100,202404,LC-8670,1.0501
9100,202403,LC-8671,1.1578
9100,202404,LC-8671,1.1631
6100,202403,LC-8672,0.9262
6100,202404,LC-8672,0.9264
7100,202403,LC-8673,1.3089
7100,202404,LC-8673,1.3556
9100,202403,LC-8674,0.9676
9100,202404,LC-8674,0.9637
6100,202403,LC-8675,1.4474
6100,202404,LC-8675,1.4701
7100,202403,LC-8676,0.7722
7100,202404,LC-8676,0.8055
9100,202403,LC-8677,0.7495
9100,202404,LC-8677,0.7453
6100,202403,LC-8678,1.1161
6100,202404,LC-8678,1.1655
7100,202403,LC-8679,1.1228
7100,202404,LC-8679,1.101
9100,202403,LC-8680,1.4177
9100,202404,LC-8680,1.4577
6100,202403,LC-8681,1.1891
6100,202404,LC-8681,1.193
7100,202403,LC-8682,0.8622
7100,202404,LC-8682,0.8896
9100,202403,LC-8683,1.0199
9100,202404,LC-8683,1.025
6100,202403,LC-8684,0.9581
6100,202404,LC-8684,1.0058
7100,202403,LC-8685,1.0638
7100,202404,LC-8685,1.07
9100,202403,LC-8686,1.0429
9100,202404,LC-8686,1.0583
6100,202403,LC-8687,1.2868
6100,202404,LC-8687,1.309
7100,202403,LC-8688,0.8766
7100,202404,LC-8688,0.8982
9100,202403,LC-8689,0.9622
9100,202404,LC-8689,0.9676
6100,202403,LC-8690,1.0918
6100,202404,LC-8690,1.1425
7100,202403,LC-8691,0.748
7100,202404,LC-8691,0.7842
9100,202403,LC-8692,0.8677
9100,202404,LC-8692,0.8555
6100,202403,LC-8693,0.9671
6100,202404,LC-8693,0.9667
7100,202403,LC-8694,0.9673
7100,202404,LC-8694,1.0102
9100,202403,LC-8695,0.9026
9100,202404,LC-8695,0.9316
6100,202403,LC-8696,0.8508
6100,202404,LC-8696,0.8697
7100,202403,LC-8697,1.2791
7100,202404,LC-8697,1.2968
9100,202403,LC-8698,1.2922
9100,202404,LC-8698,1.3227
6100,202403,LC-8699,1.4378
6100,202404,LC-8699,1.4264
7100,202403,LC-8700,1.1847
7100,202404,LC-8700,1.1916
9100,202403,LC-8701,1.0652
9100,202404,LC-8701,1.1167
6100,202403,LC-8702,1.1385
6100,202404,LC-8702,1.1211
7100,202403,LC-8703,0.995
7100,202404,LC-8703,1.0342
9100,202403,LC-8704,1.4603
9100,202404,LC-8704,1.4424
6100,202403,LC-8705,1.287
6100,202404,LC-8705,1.3158
7100,202403,LC-8706,0.9646
7100,202404,LC-8706,1.0008
9100,202403,LC-8707,1.0653
9100,202404,LC-8707,1.0677
6100,202403,LC-8708,0.7717
6100,202404,LC-8708,0.7631
7100,202403,LC-8709,0.8129
7100,202404,LC-8709,0.814
9100,202403,LC-8710,0.885
9100,202404,LC-8710,0.9047
6100,202403,LC-8711,1.1345
6100,202404,LC-8711,1.1137
7100,202403,LC-8712,0.8245
7100,202404,LC-8712,0.8282
9100,202403,LC-8713,1.314
9100,202404,LC-8713,1.3758
6100,202403,LC-8714,1.4938
6100,202404,LC-8714,1.5424
7100,202403,LC-8715,1.4977
7100,202404,LC-8715,1.4768
9100,202403,LC-8716,1.4718
9100,202404,LC-8716,1.477
6100,202403,LC-8717,1.2072
6100,202404,LC-8717,1.2472
7100,202403,LC-8718,1.034
7100,202404,LC-8718,1.0656
9100,202403,LC-8719,1.3927
9100,202404,LC-8719,1.4
6100,202403,LC-8720,1.0589
6100,202404,LC-8720,1.1011
7100,202403,LC-8721,1.4782
7100,202404,LC-8721,1.5488
9100,202403,LC-8722,0.7362
9100,202404,LC-8722,0.7523
6100,202403,LC-8723,1.4664
6100,202404,LC-8723,1.5271
7100,202403,LC-8724,1.1414
7100,202404,LC-8724,1.1363
9100,202403,LC-8725,1.1152
9100,202404,LC-8725,1.1048
6100,202403,LC-8726,1.3444
6100,202404,LC-8726,1.3605
7100,202403,LC-8727,1.0212
7100,202404,LC-8727,1.0188
9100,202403,LC-8728,0.8566
9100,202404,LC-8728,0.8865
6100,202403,LC-8729,0.8391
6100,202404,LC-8729,0.8475
7100,202403,LC-8730,0.9051
7100,202404,LC-8730,0.927
9100,202403,LC-8731,1.4704
9100,202404,LC-8731,1.5251
6100,202403,LC-8732,1.1403
6100,202404,LC-8732,1.1839
7100,202403,LC-8733,1.1667
7100,202404,LC-8733,1.1962
9100,202403,LC-8734,0.789
9100,202404,LC-8734,0.8257
6100,202403,LC-8735,1.2749
6100,202404,LC-8735,1.2643
7100,202403,LC-8736,1.3858
7100,202404,LC-8736,1.4333
9100,202403,LC-8737,1.571
9100,202404,LC-8737,1.5643
6100,202403,LC-8738,0.9831
6100,202404,LC-8738,0.9778
7100,202403,LC-8739,0.8707
7100,202404,LC-8739,0.8763
9100,202403,LC-8740,1.0187
9100,202404,LC-8740,1.0531
6100,202403,LC-8741,1.2113
6100,202404,LC-8741,1.1905
7100,202403,LC-8742,0.8818
7100,202404,LC-8742,0.9208
9100,202403,LC-8743,1.4277
9100,202404,LC-8743,1.4199
6100,202403,LC-8744,1.5739
6100,202404,LC-8744,1.6182
7100,202403,LC-8745,1.2435
7100,202404,LC-8745,1.2452
9100,202403,LC-8746,1.4084
9100,202404,LC-8746,1.4002
6100,202403,LC-8747,1.3124
6100,202404,LC-8747,1.3589
7100,202403,LC-8748,0.8568
7100,202404,LC-8748,0.883
9100,202403,LC-8749,1.3475
9100,202404,LC-8749,1.4121
6100,202403,LC-8750,0.8138
6100,202404,LC-8750,0.8358
7100,202403,LC-8751,1.5997
7100,202404,LC-8751,1.666
9100,202403,LC-8752,1.1374
9100,202404,LC-8752,1.1184
6100,202403,LC-8753,1.0281
6100,202404,LC-8753,1.0446
7100,202403,LC-8754,1.1343
7100,202404,LC-8754,1.1867
9100,202403,LC-8755,1.2622
9100,202404,LC-8755,1.2577
6100,202403,LC-8756,1.2585
6100,202404,LC-8756,1.3036
7100,202403,LC-8757,0.7534
7100,202404,LC-8757,0.7585
9100,202403,LC-8758,0.7676
9100,202404,LC-8758,0.7887
6100,202403,LC-8759,0.7204
6100,202404,LC-8759,0.7214
7100,202403,LC-8760,1.3555
7100,202404,LC-8760,1.417
9100,202403,LC-8761,1.1716
9100,202404,LC-8761,1.2063
6100,202403,LC-8762,1.1674
6100,202404,LC-8762,1.1919
7100,202403,LC-8763,0.9389
7100,202404,LC-8763,0.9855
9100,202403,LC-8764,1.5121
9100,202404,LC-8764,1.5548
6100,202403,LC-8765,1.4786
6100,202404,LC-8765,1.4516
7100,202403,LC-8766,0.9207
7100,202404,LC-8766,0.952
9100,202403,LC-8767,0.7934
9100,202404,LC-8767,0.81
6100,202403,LC-8768,1.4996
6100,202404,LC-8768,1.4737
7100,202403,LC-8769,0.8694
7100,202404,LC-8769,0.8646
9100,202403,LC-8770,1.4336
9100,202404,LC-8770,1.4172
6100,202403,LC-8771,1.2622
6100,202404,LC-8771,1.282
7100,202403,LC-8772,1.1242
7100,202404,LC-8772,1.1455
9100,202403,LC-8773,0.7803
9100,202404,LC-8773,0.8075
6100,202403,LC-8774,1.335
6100,202404,LC-8774,1.3956
7100,202403,LC-8775,1.0506
7100,202404,LC-8775,1.0527
9100,202403,LC-8776,1.0515
9100,202404,LC-8776,1.0573
6100,202403,LC-8777,1.1389
6100,202404,LC-8777,1.1623
7100,202403,LC-8778,1.3159
7100,202404,LC-8778,1.3657
9100,202403,LC-8779,1.5236
9100,202404,LC-8779,1.5134
6100,202403,LC-8780,1.0805
6100,202404,LC-8780,1.0972
7100,202403,LC-8781,1.4713
7100,202404,LC-8781,1.506
9100,202403,LC-8782,1.2844
9100,202404,LC-8782,1.2888
6100,202403,LC-8783,1.0877
6100,202404,LC-8783,1.1287
7100,202403,LC-8784,1.1653
7100,202404,LC-8784,1.1745
9100,202403,LC-8785,1.1384
9100,202404,LC-8785,1.1214
6100,202403,LC-8786,0.9539
6100,202404,LC-8786,0.9747
7100,202403,LC-8787,1.2447
7100,202404,LC-8787,1.2442
9100,202403,LC-8788,1.0516
9100,202404,LC-8788,1.0725
6100,202403,LC-8789,0.8482
6100,202404,LC-8789,0.846
7100,202403,LC-8790,1.1121
7100,202404,LC-8790,1.1553
9100,202403,LC-8791,1.5523
9100,202404,LC-8791,1.6233
6100,202403,LC-8792,0.7219
6100,202404,LC-8792,0.7326
7100,202403,LC-8793,1.4664
7100,202404,LC-8793,1.4621
9100,202403,LC-8794,1.5572
9100,202404,LC-8794,1.5506
6100,202403,LC-8795,0.8897
6100,202404,LC-8795,0.9054
7100,202403,LC-8796,1.3443
7100,202404,LC-8796,1.3426
9100,202403,LC-8797,1.2241
9100,202404,LC-8797,1.2379
6100,202403,LC-8798,1.4144
6100,202404,LC-8798,1.445
7100,202403,LC-8799,1.4348
7100,202404,LC-8799,1.4271
9100,202403,LC-8800,1.3571
9100,202404,LC-8800,1.417
6100,202403,LC-8801,1.1514
6100,202404,LC-8801,1.1593
7100,202403,LC-8802,0.8915
7100,202404,LC-8802,0.8793
9100,202403,LC-8803,0.8268
9100,202404,LC-8803,0.8106
6100,202403,LC-8804,0.9286
6100,202404,LC-8804,0.9581
7100,202403,LC-8805,1.4102
7100,202404,LC-8805,1.3977
9100,202403,LC-8806,1.0795
9100,202404,LC-8806,1.0807
6100,202403,LC-8807,0.8724
6100,202404,LC-8807,0.8589
7100,202403,LC-8808,0.8077
7100,202404,LC-8808,0.839
9100,202403,LC-8809,1.5247
9100,202404,LC-8809,1.5566
6100,202403,LC-8810,1.2282
6100,202404,LC-8810,1.2433
7100,202403,LC-8811,0.8769
7100,202404,LC-8811,0.9003
9100,202403,LC-8812,1.0512
9100,202404,LC-8812,1.0716
6100,202403,LC-8813,1.5398
6100,202404,LC-8813,1.5789
7100,202403,LC-8814,1.4965
7100,202404,LC-8814,1.5392
9100,202403,LC-8815,1.1902
9100,202404,LC-8815,1.2443
6100,202403,LC-8816,1.1935
6100,202404,LC-8816,1.2392
7100,202403,LC-8817,0.7151
7100,202404,LC-8817,0.7355
9100,202403,LC-8818,1.0542
9100,202404,LC-8818,1.0576
6100,202403,LC-8819,1.2501
6100,202404,LC-8819,1.2925
7100,202403,LC-8820,0.8614
7100,202404,LC-8820,0.8507
9100,202403,LC-8821,1.2402
9100,202404,LC-8821,1.2489
6100,202403,LC-8822,0.7718
6100,202404,LC-8822,0.7938
7100,202403,LC-8823,0.8476
7100,202404,LC-8823,0.8345
9100,202403,LC-8824,0.96
9100,202404,LC-8824,0.9752
6100,202403,LC-8825,1.3196
6100,202404,LC-8825,1.3245
7100,202403,LC-8826,1.5708
7100,202404,LC-8826,1.6489
9100,202403,LC-8827,1.3107
9100,202404,LC-8827,1.3041
6100,202403,LC-8828,0.8847
6100,202404,LC-8828,0.9219
7100,202403,LC-8829,0.9246
7100,202404,LC-8829,0.9116
9100,202403,LC-8830,1.329
9100,202404,LC-8830,1.3256
6100,202403,LC-8831,0.9159
6100,202404,LC-8831,0.9323
7100,202403,LC-8832,1.4063
7100,202404,LC-8832,1.4439
9100,202403,LC-8833,0.9693
9100,202404,LC-8833,0.976
6100,202403,LC-8834,1.497
6100,202404,LC-8834,1.5673
7100,202403,LC-8835,0.8731
7100,202404,LC-8835,0.911
9100,202403,LC-8836,1.4029
9100,202404,LC-8836,1.388
6100,202403,LC-8837,1.4639
6100,202404,LC-8837,1.5333
7100,202403,LC-8838,1.5746
7100,202404,LC-8838,1.5497
9100,202403,LC-8839,1.5123
9100,202404,LC-8839,1.4942
6100,202403,LC-8840,1.5809
6100,202404,LC-8840,1.6257
7100,202403,LC-8841,1.0933
7100,202404,LC-8841,1.0985
9100,202403,LC-8842,1.5749
9100,202404,LC-8842,1.5455
6100,202403,LC-8843,0.8076
6100,202404,LC-8843,0.836
7100,202403,LC-8844,1.0751
7100,202404,LC-8844,1.0716
9100,202403,LC-8845,0.8294
9100,202404,LC-8845,0.8305
6100,202403,LC-8846,1.5648
6100,202404,LC-8846,1.5775
7100,202403,LC-8847,0.9308
7100,202404,LC-8847,0.9517
9100,202403,LC-8848,1.5709
9100,202404,LC-8848,1.6175
6100,202403,LC-8849,1.0541
6100,202404,LC-8849,1.0355
7100,202403,LC-8850,1.0522
7100,202404,LC-8850,1.0434
9100,202403,LC-8851,1.1255
9100,202404,LC-8851,1.1075
6100,202403,LC-8852,0.9217
6100,202404,LC-8852,0.9372
7100,202403,LC-8853,1.5757
7100,202404,LC-8853,1.6498
9100,202403,LC-8854,0.78
9100,202404,LC-8854,0.768
6100,202403,LC-8855,1.5302
6100,202404,LC-8855,1.5386
7100,202403,LC-8856,1.0786
7100,202404,LC-8856,1.079
9100,202403,LC-8857,1.4543
9100,202404,LC-8857,1.4622
6100,202403,LC-8858,1.3034
6100,202404,LC-8858,1.291
7100,202403,LC-8859,0.7032
7100,202404,LC-8859,0.738
9100,202403,LC-8860,1.4565
9100,202404,LC-8860,1.4292
6100,202403,LC-8861,1.2981
6100,202404,LC-8861,1.2762
7100,202403,LC-8862,1.0202
7100,202404,LC-8862,1.0444
9100,202403,LC-8863,0.9492
9100,202404,LC-8863,0.9635
6100,202403,LC-8864,0.8641
6100,202404,LC-8864,0.8524
7100,202403,LC-8865,1.185
7100,202404,LC-8865,1.2117
9100,202403,LC-8866,0.8744
9100,202404,LC-8866,0.865
6100,202403,LC-8867,0.9703
6100,202404,LC-8867,0.962
7100,202403,LC-8868,0.9324
7100,202404,LC-8868,0.9425
9100,202403,LC-8869,1.1831
9100,202404,LC-8869,1.1941
6100,202403,LC-8870,0.7578
6100,202404,LC-8870,0.7834
7100,202403,LC-8871,0.7683
7100,202404,LC-8871,0.7546
9100,202403,LC-8872,1.2582
9100,202404,LC-8872,1.2926
6100,202403,LC-8873,1.0098
6100,202404,LC-8873,0.9903
7100,202403,LC-8874,1.2824
7100,202404,LC-8874,1.3318
9100,202403,LC-8875,0.9331
9100,202404,LC-8875,0.9552
6100,202403,LC-8876,0.78
6100,202404,LC-8876,0.8137
7100,202403,LC-8877,1.2535
7100,202404,LC-8877,1.2598
9100,202403,LC-8878,1.4176
9100,202404,LC-8878,1.3956
6100,202403,LC-8879,1.2121
6100,202404,LC-8879,1.2608
7100,202403,LC-8880,1.4997
7100,202404,LC-8880,1.5191
9100,202403,LC-8881,0.7966
9100,202404,LC-8881,0.8194
6100,202403,LC-8882,1.3943
6100,202404,LC-8882,1.4135
7100,202403,LC-8883,1.1673
7100,202404,LC-8883,1.206
9100,202403,LC-8884,0.94
9100,202404,LC-8884,0.9827
6100,202403,LC-8885,1.397
6100,202404,LC-8885,1.4381
7100,202403,LC-8886,1.323
7100,202404,LC-8886,1.3579
9100,202403,LC-8887,1.4895
9100,202404,LC-8887,1.5311
6100,202403,LC-8888,0.9816
6100,202404,LC-8888,0.9775
7100,202403,LC-8889,1.1552
7100,202404,LC-8889,1.1474
9100,202403,LC-8890,1.1568
9100,202404,LC-8890,1.1598
6100,202403,LC-8891,1.4613
6100,202404,LC-8891,1.4589
7100,202403,LC-8892,0.8384
7100,202404,LC-8892,0.8414
9100,202403,LC-8893,1.465
9100,202404,LC-8893,1.4925
6100,202403,LC-8894,1.1268
6100,202404,LC-8894,1.1442
7100,202403,LC-8895,0.8114
7100,202404,LC-8895,0.8517
9100,202403,LC-8896,1.016
9100,202404,LC-8896,1.0509
6100,202403,LC-8897,1.1796
6100,202404,LC-8897,1.2384
7100,202403,LC-8898,0.7453
7100,202404,LC-8898,0.7328
9100,202403,LC-8899,1.4303
9100,202404,LC-8899,1.4638
6100,202403,LC-8900,1.257
6100,202404,LC-8900,1.3102
7100,202403,LC-8901,1.1021
7100,202404,LC-8901,1.1074
9100,202403,LC-8902,1.1865
9100,202404,LC-8902,1.2385
6100,202403,LC-8903,0.7474
6100,202404,LC-8903,0.7565
7100,202403,LC-8904,0.831
7100,202404,LC-8904,0.8284
9100,202403,LC-8905,1.1896
9100,202404,LC-8905,1.2026
6100,202403,LC-8906,0.8273
6100,202404,LC-8906,0.8648
7100,202403,LC-8907,1.3479
7100,202404,LC-8907,1.353
9100,202403,LC-8908,1.1702
9100,202404,LC-8908,1.1824
6100,202403,LC-8909,0.7954
6100,202404,LC-8909,0.7813
7100,202403,LC-8910,1.4268
7100,202404,LC-8910,1.3986
9100,202403,LC-8911,1.4039
9100,202404,LC-8911,1.4374
6100,202403,LC-8912,1.1228
6100,202404,LC-8912,1.158
7100,202403,LC-8913,0.8511
7100,202404,LC-8913,0.8483
9100,202403,LC-8914,1.2472
9100,202404,LC-8914,1.2262
6100,202403,LC-8915,0.8353
6100,202404,LC-8915,0.8752
7100,202403,LC-8916,1.3517
7100,202404,LC-8916,1.3652
9100,202403,LC-8917,0.9011
9100,202404,LC-8917,0.9122
6100,202403,LC-8918,1.2342
6100,202404,LC-8918,1.2287
7100,202403,LC-8919,1.3188
7100,202404,LC-8919,1.3847
9100,202403,LC-8920,1.3879
9100,202404,LC-8920,1.3878
6100,202403,LC-8921,0.9251
6100,202404,LC-8921,0.9125
7100,202403,LC-8922,0.916
7100,202404,LC-8922,0.9076
9100,202403,LC-8923,1.2368
9100,202404,LC-8923,1.2338
6100,202403,LC-8924,0.9494
6100,202404,LC-8924,0.9766
7100,202403,LC-8925,1.5568
7100,202404,LC-8925,1.5409
9100,202403,LC-8926,1.4422
9100,202404,LC-8926,1.4705
6100,202403,LC-8927,1.3897
6100,202404,LC-8927,1.4269
7100,202403,LC-8928,1.5869
7100,202404,LC-8928,1.6371
9100,202403,LC-8929,0.7285
9100,202404,LC-8929,0.7602
6100,202403,LC-8930,1.5564
6100,202404,LC-8930,1.6258
7100,202403,LC-8931,1.3586
7100,202404,LC-8931,1.3881
9100,202403,LC-8932,0.9362
9100,202404,LC-8932,0.9445
6100,202403,LC-8933,1.3668
6100,202404,LC-8933,1.377
7100,202403,LC-8934,1.4572
7100,202404,LC-8934,1.4814
9100,202403,LC-8935,1.1169
9100,202404,LC-8935,1.1623
6100,202403,LC-8936,0.9043
6100,202404,LC-8936,0.8988
7100,202403,LC-8937,1.2469
7100,202404,LC-8937,1.2844
9100,202403,LC-8938,1.1437
9100,202404,LC-8938,1.1541
6100,202403,LC-8939,1.5079
6100,202404,LC-8939,1.5768
7100,202403,LC-8940,1.5742
7100,202404,LC-8940,1.5619
9100,202403,LC-8941,0.8743
9100,202404,LC-8941,0.8707
6100,202403,LC-8942,0.8249
6100,202404,LC-8942,0.8175
7100,202403,LC-8943,0.8883
7100,202404,LC-8943,0.874
9100,202403,LC-8944,1.5291
9100,202404,LC-8944,1.5384
6100,202403,LC-8945,1.3537
6100,202404,LC-8945,1.361
7100,202403,LC-8946,1.35
7100,202404,LC-8946,1.3283
9100,202403,LC-8947,1.5031
9100,202404,LC-8947,1.5617
6100,202403,LC-8948,0.7365
6100,202404,LC-8948,0.7674
7100,202403,LC-8949,1.2082
7100,202404,LC-8949,1.2646
9100,202403,LC-8950,1.2538
9100,202404,LC-8950,1.2323
6100,202403,LC-8951,1.1987
6100,202404,LC-8951,1.1819
7100,202403,LC-8952,1.5632
7100,202404,LC-8952,1.6275
9100,202403,LC-8953,0.7719
9100,202404,LC-8953,0.7578
6100,202403,LC-8954,1.4722
6100,202404,LC-8954,1.5243
7100,202403,LC-8955,1.2251
7100,202404,LC-8955,1.2113
9100,202403,LC-8956,1.2057
9100,202404,LC-8956,1.246
6100,202403,LC-8957,1.4944
6100,202404,LC-8957,1.564
7100,202403,LC-8958,1.0765
7100,202404,LC-8958,1.0803
9100,202403,LC-8959,0.7326
9100,202404,LC-8959,0.7676
6100,202403,LC-8960,1.207
6100,202404,LC-8960,1.1884
7100,202403,LC-8961,1.0419
7100,202404,LC-8961,1.0856
9100,202403,LC-8962,1.4745
9100,202404,LC-8962,1.4662
6100,202403,LC-8963,1.5373
6100,202404,LC-8963,1.5174
7100,202403,LC-8964,1.2973
7100,202404,LC-8964,1.2902
9100,202403,LC-8965,1.2877
9100,202404,LC-8965,1.2794
6100,202403,LC-8966,1.0179
6100,202404,LC-8966,1.0477
7100,202403,LC-8967,1.5807
7100,202404,LC-8967,1.5654
9100,202403,LC-8968,1.1432
9100,202404,LC-8968,1.1802
6100,202403,LC-8969,0.9338
6100,202404,LC-8969,0.9509
7100,202403,LC-8970,1.0804
7100,202404,LC-8970,1.0591
9100,202403,LC-8971,1.0911
9100,202404,LC-8971,1.1077
6100,202403,LC-8972,1.4798
6100,202404,LC-8972,1.5497
7100,202403,LC-8973,0.8942
7100,202404,LC-8973,0.929
9100,202403,LC-8974,1.0152
9100,202404,LC-8974,1.0509
6100,202403,LC-8975,1.4325
6100,202404,LC-8975,1.4307
7100,202403,LC-8976,1.0641
7100,202404,LC-8976,1.0554
9100,202403,LC-8977,1.3852
9100,202404,LC-8977,1.4386
6100,202403,LC-8978,0.8082
6100,202404,LC-8978,0.8001
7100,202403,LC-8979,1.0043
7100,202404,LC-8979,1.0168
9100,202403,LC-8980,1.0047
9100,202404,LC-8980,1.0078
6100,202403,LC-8981,1.4198
6100,202404,LC-8981,1.4223
7100,202403,LC-8982,1.5677
7100,202404,LC-8982,1.6245
9100,202403,LC-8983,1.3816
9100,202404,LC-8983,1.446
6100,202403,LC-8984,1.5998
6100,202404,LC-8984,1.6189
7100,202403,LC-8985,1.281
7100,202404,LC-8985,1.2724
9100,202403,LC-8986,0.76
9100,202404,LC-8986,0.7556
6100,202403,LC-8987,0.7505
6100,202404,LC-8987,0.7549
7100,202403,LC-8988,1.0152
7100,202404,LC-8988,0.9982
9100,202403,LC-8989,1.5787
9100,202404,LC-8989,1.6118
6100,202403,LC-8990,1.1442
6100,202404,LC-8990,1.1491
7100,202403,LC-8991,1.2942
7100,202404,LC-8991,1.3246
9100,202403,LC-8992,0.7618
9100,202404,LC-8992,0.7717
6100,202403,LC-8993,1.0324
6100,202404,LC-8993,1.0218
7100,202403,LC-8994,0.7913
7100,202404,LC-8994,0.7939
9100,202403,LC-8995,1.1812
9100,202404,LC-8995,1.1922
6100,202403,LC-8996,1.1138
6100,202404,LC-8996,1.0951
7100,202403,LC-8997,0.8615
7100,202404,LC-8997,0.8459
9100,202403,LC-8998,1.4029
9100,202404,LC-8998,1.4286
6100,202403,LC-8999,1.5652
6100,202404,LC-8999,1.586
7100,202403,LC-9000,0.9393
7100,202404,LC-9000,0.9476
9100,202403,LC-9001,1.2779
9100,202404,LC-9001,1.2781
6100,202403,LC-9002,1.3254
6100,202404,LC-9002,1.3859
7100,202403,LC-9003,0.7543
7100,202404,LC-9003,0.7544
9100,202403,LC-9004,1.2834
9100,202404,LC-9004,1.2936
6100,202403,LC-9005,1.0032
6100,202404,LC-9005,1.0503
7100,202403,LC-9006,1.4047
7100,202404,LC-9006,1.4086
9100,202403,LC-9007,0.7409
9100,202404,LC-9007,0.736
6100,202403,LC-9008,1.1749
6100,202404,LC-9008,1.1713
7100,202403,LC-9009,1.132
7100,202404,LC-9009,1.1224
9100,202403,LC-9010,0.8952
9100,202404,LC-9010,0.924
6100,202403,LC-9011,1.2788
6100,202404,LC-9011,1.2677
7100,202403,LC-9012,1.4377
7100,202404,LC-9012,1.4658
9100,202403,LC-9013,1.3038
9100,202404,LC-9013,1.3174
6100,202403,LC-9014,1.2492
6100,202404,LC-9014,1.2702
7100,202403,LC-9015,0.7697
7100,202404,LC-9015,0.7997
9100,202403,LC-9016,1.3963
9100,202404,LC-9016,1.3905
6100,202403,LC-9017,0.7143
6100,202404,LC-9017,0.7263
7100,202403,LC-9018,1.2667
7100,202404,LC-9018,1.2936
9100,202403,LC-9019,1.2868
9100,202404,LC-9019,1.3325
6100,202403,LC-9020,1.2996
6100,202404,LC-9020,1.3328
7100,202403,LC-9021,1.5915
7100,202404,LC-9021,1.614
9100,202403,LC-9022,0.7374
9100,202404,LC-9022,0.7307
6100,202403,LC-9023,1.3193
6100,202404,LC-9023,1.3088
7100,202403,LC-9024,1.3841
7100,202404,LC-9024,1.408
9100,202403,LC-9025,0.9442
9100,202404,LC-9025,0.9274
6100,202403,LC-9026,1.4926
6100,202404,LC-9026,1.5478
7100,202403,LC-9027,1.5579
7100,202404,LC-9027,1.6337
9100,202403,LC-9028,1.0238
9100,202404,LC-9028,1.0711
6100,202403,LC-9029,0.9397
6100,202404,LC-9029,0.9396
7100,202403,LC-9030,1.0948
7100,202404,LC-9030,1.1113
9100,202403,LC-9031,1.5339
9100,202404,LC-9031,1.5919
6100,202403,LC-9032,0.9228
6100,202404,LC-9032,0.9251
7100,202403,LC-9033,1.0519
7100,202404,LC-9033,1.0337
9100,202403,LC-9034,1.1314
9100,202404,LC-9034,1.1501
6100,202403,LC-9035,1.0534
6100,202404,LC-9035,1.1002
7100,202403,LC-9036,0.8723
7100,202404,LC-9036,0.8832
9100,202403,LC-9037,1.18
9100,202404,LC-9037,1.2281
6100,202403,LC-9038,1.3451
6100,202404,LC-9038,1.3695
7100,202403,LC-9039,1.5125
7100,202404,LC-9039,1.53
9100,202403,LC-9040,1.2428
9100,202404,LC-9040,1.3013
6100,202403,LC-9041,1.1107
6100,202404,LC-9041,1.0967
7100,202403,LC-9042,0.8738
7100,202404,LC-9042,0.857
9100,202403,LC-9043,1.2876
9100,202404,LC-9043,1.2828
6100,202403,LC-9044,1.3952
6100,202404,LC-9044,1.3854
7100,202403,LC-9045,1.5943
7100,202404,LC-9045,1.6084
9100,202403,LC-9046,1.4511
9100,202404,LC-9046,1.5153
6100,202403,LC-9047,0.8563
6100,202404,LC-9047,0.868
7100,202403,LC-9048,1.0617
7100,202404,LC-9048,1.0774
9100,202403,LC-9049,0.9006
9100,202404,LC-9049,0.8961
6100,202403,LC-9050,0.8507
6100,202404,LC-9050,0.8678
7100,202403,LC-9051,1.2715
7100,202404,LC-9051,1.2467
9100,202403,LC-9052,1.0036
9100,202404,LC-9052,1.035
6100,202403,LC-9053,1.1762
6100,202404,LC-9053,1.1984
7100,202403,LC-9054,1.2062
7100,202404,LC-9054,1.1881
9100,202403,LC-9055,1.019
9100,202404,LC-9055,1.0608
6100,202403,LC-9056,1.1011
6100,202404,LC-9056,1.1462
7100,202403,LC-9057,1.0981
7100,202404,LC-9057,1.1297
9100,202403,LC-9058,1.0719
9100,202404,LC-9058,1.1062
6100,202403,LC-9059,0.7342
6100,202404,LC-9059,0.7409
7100,202403,LC-9060,0.8565
7100,202404,LC-9060,0.8439
9100,202403,LC-9061,1.2501
9100,202404,LC-9061,1.2721
6100,202403,LC-9062,1.3514
6100,202404,LC-9062,1.4178
7100,202403,LC-9063,1.2373
7100,202404,LC-9063,1.225
9100,202403,LC-9064,1.4728
9100,202404,LC-9064,1.4801
6100,202403,LC-9065,1.5298
6100,202404,LC-9065,1.5322
7100,202403,LC-9066,1.062
7100,202404,LC-9066,1.0769
9100,202403,LC-9067,1.496
9100,202404,LC-9067,1.5432
6100,202403,LC-9068,1.1699
6100,202404,LC-9068,1.1653
7100,202403,LC-9069,1.32
7100,202404,LC-9069,1.33
9100,202403,LC-9070,1.5028
9100,202404,LC-9070,1.4859
6100,202403,LC-9071,0.8481
6100,202404,LC-9071,0.8828
7100,202403,LC-9072,0.7483
7100,202404,LC-9072,0.7721
9100,202403,LC-9073,1.0635
9100,202404,LC-9073,1.0744
6100,202403,LC-9074,1.214
6100,202404,LC-9074,1.208
7100,202403,LC-9075,0.9673
7100,202404,LC-9075,0.9602
9100,202403,LC-9076,1.0058
9100,202404,LC-9076,1.0362
6100,202403,LC-9077,1.2924
6100,202404,LC-9077,1.302
7100,202403,LC-9078,0.7262
7100,202404,LC-9078,0.7163
9100,202403,LC-9079,1.0327
9100,202404,LC-9079,1.0377
6100,202403,LC-9080,1.0585
6100,202404,LC-9080,1.0379
7100,202403,LC-9081,0.861
7100,202404,LC-9081,0.8988
9100,202403,LC-9082,1.2939
9100,202404,LC-9082,1.3472
6100,202403,LC-9083,1.0488
6100,202404,LC-9083,1.0655
7100,202403,LC-9084,0.9056
7100,202404,LC-9084,0.9498
9100,202403,LC-9085,1.1633
9100,202404,LC-9085,1.1583
6100,202403,LC-9086,1.0924
6100,202404,LC-9086,1.1206
7100,202403,LC-9087,1.4947
7100,202404,LC-9087,1.542
9100,202403,LC-9088,1.4602
9100,202404,LC-9088,1.4693
6100,202403,LC-9089,1.4261
6100,202404,LC-9089,1.4693
7100,202403,LC-9090,1.0508
7100,202404,LC-9090,1.0586
9100,202403,LC-9091,1.4848
9100,202404,LC-9091,1.511
6100,202403,LC-9092,1.3983
6100,202404,LC-9092,1.4152
7100,202403,LC-9093,0.7587
7100,202404,LC-9093,0.7672
9100,202403,LC-9094,1.5703
9100,202404,LC-9094,1.5783
6100,202403,LC-9095,0.851
6100,202404,LC-9095,0.8381
7100,202403,LC-9096,0.9417
7100,202404,LC-9096,0.9668
9100,202403,LC-9097,0.8042
9100,202404,LC-9097,0.8287
6100,202403,LC-9098,1.5178
6100,202404,LC-9098,1.5709
7100,202403,LC-9099,1.2659
7100,202404,LC-9099,1.318
9100,202403,LC-9100,1.216
9100,202404,LC-9100,1.1936
6100,202403,LC-9101,0.7379
6100,202404,LC-9101,0.7696
7100,202403,LC-9102,1.3574
7100,202404,LC-9102,1.355
9100,202403,LC-9103,1.4839
9100,202404,LC-9103,1.466
6100,202403,LC-9104,1.5357
6100,202404,LC-9104,1.5505
7100,202403,LC-9105,1.208
7100,202404,LC-9105,1.2129
9100,202403,LC-9106,1.1989
9100,202404,LC-9106,1.1932
6100,202403,LC-9107,1.1234
6100,202404,LC-9107,1.1508
7100,202403,LC-9108,0.7439
7100,202404,LC-9108,0.7494
9100,202403,LC-9109,1.1615
9100,202404,LC-9109,1.1944
6100,202403,LC-9110,1.3117
6100,202404,LC-9110,1.3617
7100,202403,LC-9111,0.8626
7100,202404,LC-9111,0.8988
9100,202403,LC-9112,1.4406
9100,202404,LC-9112,1.4997
6100,202403,LC-9113,0.9027
6100,202404,LC-9113,0.9431
7100,202403,LC-9114,1.1375
7100,202404,LC-9114,1.126
9100,202403,LC-9115,1.0649
9100,202404,LC-9115,1.0837
6100,202403,LC-9116,1.1292
6100,202404,LC-9116,1.1377
7100,202403,LC-9117,1.0683
7100,202404,LC-9117,1.1164
9100,202403,LC-9118,0.8401
9100,202404,LC-9118,0.8252
6100,202403,LC-9119,0.751
6100,202404,LC-9119,0.7502
7100,202403,LC-9120,1.307
7100,202404,LC-9120,1.3518
9100,202403,LC-9121,1.4414
9100,202404,LC-9121,1.5025
6100,202403,LC-9122,0.9795
6100,202404,LC-9122,0.9955
7100,202403,LC-9123,0.924
7100,202404,LC-9123,0.9574
9100,202403,LC-9124,0.9089
9100,202404,LC-9124,0.8986
6100,202403,LC-9125,1.4808
6100,202404,LC-9125,1.5427
7100,202403,LC-9126,1.4995
7100,202404,LC-9126,1.5263
9100,202403,LC-9127,1.1578
9100,202404,LC-9127,1.1953
6100,202403,LC-9128,1.2749
6100,202404,LC-9128,1.2889
7100,202403,LC-9129,0.9865
7100,202404,LC-9129,0.9998
9100,202403,LC-9130,1.1524
9100,202404,LC-9130,1.1659
6100,202403,LC-9131,1.2639
6100,202404,LC-9131,1.3172
7100,202403,LC-9132,0.9383
7100,202404,LC-9132,0.9535
9100,202403,LC-9133,1.4349
9100,202404,LC-9133,1.4871
6100,202403,LC-9134,1.0629
6100,202404,LC-9134,1.105
7100,202403,LC-9135,0.7851
7100,202404,LC-9135,0.8124
9100,202403,LC-9136,0.9822
9100,202404,LC-9136,1.0257
6100,202403,LC-9137,0.9774
6100,202404,LC-9137,0.9801
7100,202403,LC-9138,1.4092
7100,202404,LC-9138,1.4151
9100,202403,LC-9139,1.239
9100,202404,LC-9139,1.2276
6100,202403,LC-9140,1.3219
6100,202404,LC-9140,1.3791
7100,202403,LC-9141,1.551
7100,202404,LC-9141,1.6071
9100,202403,LC-9142,1.5788
9100,202404,LC-9142,1.5734
6100,202403,LC-9143,1.4663
6100,202404,LC-9143,1.4943
7100,202403,LC-9144,1.1466
7100,202404,LC-9144,1.1496
9100,202403,LC-9145,1.5006
9100,202404,LC-9145,1.5098
6100,202403,LC-9146,0.8282
6100,202404,LC-9146,0.8133
7100,202403,LC-9147,0.905
7100,202404,LC-9147,0.8931
9100,202403,LC-9148,1.1605
9100,202404,LC-9148,1.1651
6100,202403,LC-9149,0.8889
6100,202404,LC-9149,0.883
7100,202403,LC-9150,1.0615
7100,202404,LC-9150,1.0649
9100,202403,LC-9151,1.0322
9100,202404,LC-9151,1.0573
6100,202403,LC-9152,1.0969
6100,202404,LC-9152,1.1143
7100,202403,LC-9153,1.5248
7100,202404,LC-9153,1.599
9100,202403,LC-9154,0.7915
9100,202404,LC-9154,0.7938
6100,202403,LC-9155,1.0212
6100,202404,LC-9155,1.0621
7100,202403,LC-9156,1.3684
7100,202404,LC-9156,1.3817
9100,202403,LC-9157,1.1101
9100,202404,LC-9157,1.1485
6100,202403,LC-9158,1.0349
6100,202404,LC-9158,1.0495
7100,202403,LC-9159,0.833
7100,202404,LC-9159,0.8188
9100,202403,LC-9160,1.1291
9100,202404,LC-9160,1.1727
6100,202403,LC-9161,1.5948
6100,202404,LC-9161,1.6278
7100,202403,LC-9162,1.2848
7100,202404,LC-9162,1.3415
9100,202403,LC-9163,1.5645
9100,202404,LC-9163,1.6228
6100,202403,LC-9164,0.8388
6100,202404,LC-9164,0.8665
7100,202403,LC-9165,1.4635
7100,202404,LC-9165,1.5272
9100,202403,LC-9166,0.9556
9100,202404,LC-9166,0.9641
6100,202403,LC-9167,1.1118
6100,202404,LC-9167,1.1188
7100,202403,LC-9168,1.0449
7100,202404,LC-9168,1.0678
9100,202403,LC-9169,0.7906
9100,202404,LC-9169,0.7845
6100,202403,LC-9170,1.4225
6100,202404,LC-9170,1.4483
7100,202403,LC-9171,0.9997
7100,202404,LC-9171,1.0159
9100,202403,LC-9172,1.3065
9100,202404,LC-9172,1.3681
6100,202403,LC-9173,0.9244
6100,202404,LC-9173,0.9263
7100,202403,LC-9174,0.981
7100,202404,LC-9174,0.9853
9100,202403,LC-9175,1.3883
9100,202404,LC-9175,1.4371
6100,202403,LC-9176,1.3279
6100,202404,LC-9176,1.3207
7100,202403,LC-9177,1.5641
7100,202404,LC-9177,1.5934
9100,202403,LC-9178,1.0566
9100,202404,LC-9178,1.0497
6100,202403,LC-9179,1.0059
6100,202404,LC-9179,0.9906
7100,202403,LC-9180,0.7521
7100,202404,LC-9180,0.7478
9100,202403,LC-9181,1.2902
9100,202404,LC-9181,1.3374
6100,202403,LC-9182,1.4657
6100,202404,LC-9182,1.4565
7100,202403,LC-9183,1.4206
7100,202404,LC-9183,1.4621
9100,202403,LC-9184,1.0261
9100,202404,LC-9184,1.0226
6100,202403,LC-9185,1.198
6100,202404,LC-9185,1.2536
7100,202403,LC-9186,1.1857
7100,202404,LC-9186,1.1911
9100,202403,LC-9187,1.3113
9100,202404,LC-9187,1.3598
6100,202403,LC-9188,1.2434
6100,202404,LC-9188,1.3002
7100,202403,LC-9189,1.4254
7100,202404,LC-9189,1.4887
9100,202403,LC-9190,1.2862
9100,202404,LC-9190,1.3194
6100,202403,LC-9191,1.3653
6100,202404,LC-9191,1.3542
7100,202403,LC-9192,0.8212
7100,202404,LC-9192,0.8606
9100,202403,LC-9193,1.5219
9100,202404,LC-9193,1.5398
6100,202403,LC-9194,0.861
6100,202404,LC-9194,0.9018
7100,202403,LC-9195,1.0611
7100,202404,LC-9195,1.0451
9100,202403,LC-9196,1.5352
9100,202404,LC-9196,1.5909
6100,202403,LC-9197,0.9443
6100,202404,LC-9197,0.946
7100,202403,LC-9198,0.7025
7100,202404,LC-9198,0.6968
9100,202403,LC-9199,0.9805
9100,202404,LC-9199,1.0129
6100,202403,LC-9200,1.4695
6100,202404,LC-9200,1.5418
