yarn_code,rate_per_unit,rate_period,unit_of_measure
Y-CTN-001,182.0,202310,KG
Y-CTN-001,184.0,202312,KG
Y-CTN-001,220.0,202401,KG
Y-PLY-002,158.0,202311,KG
Y-PLY-002,161.0,202401,KG
Y-SLK-003,390000.0,202312,TO
Y-SLK-003,425000.0,202401,TO
Y-CTN-004,193.0,202311,KG
Y-CTN-004,196.0,202401,KG
Y-LNN-005,298.0,202312,KG
Y-LNN-005,380.0,202401,KG
Y-PLY-006,138.0,202401,KG
C-WVN-007,45.0,202401,KG
Y-GEN-1000,241380.0,202403,TO
Y-GEN-1000,248180.0,202404,TO
Y-GEN-1001,430.54,202403,KG
Y-GEN-1001,524.6,202404,KG
Y-GEN-1002,342.18,202403,KG
Y-GEN-1002,333.17,202404,KG
Y-GEN-1003,340.77,202403,KG
Y-GEN-1003,349.66,202404,KG
Y-GEN-1004,366.76,202403,KG
Y-GEN-1004,473.4,202404,KG
Y-GEN-1005,329.91,202403,KG
Y-GEN-1005,384.44,202404,KG
Y-GEN-1006,229.94,202403,KG
Y-GEN-1006,280.6,202404,KG
Y-GEN-1007,203.09,202403,KG
Y-GEN-1007,248.21,202404,KG
Y-GEN-1008,212.48,202403,KG
Y-GEN-1008,250.65,202404,KG
Y-GEN-1009,139.59,202403,KG
Y-GEN-1009,140.74,202404,KG
Y-GEN-1010,345.26,202403,KG
Y-GEN-1010,352.38,202404,KG
Y-GEN-1011,333.97,202403,KG
Y-GEN-1011,376.95,202404,KG
Y-GEN-1012,432.4,202403,KG
Y-GEN-1012,508.39,202404,KG
Y-GEN-1013,373.44,202403,KG
Y-GEN-1013,449.42,202404,KG
Y-GEN-1014,202.05,202403,KG
Y-GEN-1014,236.66,202404,KG
Y-GEN-1015,300.93,202403,KG
Y-GEN-1015,335.95,202404,KG
Y-GEN-1016,246.64,202403,KG
Y-GEN-1016,291.3,202404,KG
Y-GEN-1017,339.13,202403,KG
Y-GEN-1017,394.54,202404,KG
Y-GEN-1018,215.82,202403,KG
Y-GEN-1018,208.19,202404,KG
Y-GEN-1019,387.83,202403,KG
Y-GEN-1019,490.72,202404,KG
Y-GEN-1020,389.5,202403,KG
Y-GEN-1020,371.22,202404,KG
Y-GEN-1021,172.35,202403,KG
Y-GEN-1021,206.5,202404,KG
Y-GEN-1022,263.31,202403,KG
Y-GEN-1022,292.15,202404,KG
Y-GEN-1023,445.58,202403,KG
Y-GEN-1023,547.32,202404,KG
Y-GEN-1024,313.04,202403,KG
Y-GEN-1024,308.63,202404,KG
Y-GEN-1025,277.5,202403,KG
Y-GEN-1025,356.5,202404,KG
Y-GEN-1026,120.59,202403,KG
Y-GEN-1026,127.81,202404,KG
Y-GEN-1027,129.47,202403,KG
Y-GEN-1027,130.24,202404,KG
Y-GEN-1028,182.9,202403,KG
Y-GEN-1028,175.08,202404,KG
Y-GEN-1029,344.39,202403,KG
Y-GEN-1029,355.19,202404,KG
Y-GEN-1030,402.17,202403,KG
Y-GEN-1030,520.51,202404,KG
Y-GEN-1031,139.35,202403,KG
Y-GEN-1031,132.8,202404,KG
Y-GEN-1032,132.46,202403,KG
Y-GEN-1032,153.08,202404,KG
Y-GEN-1033,397.69,202403,KG
Y-GEN-1033,393.03,202404,KG
Y-GEN-1034,304.51,202403,KG
Y-GEN-1034,294.67,202404,KG
Y-GEN-1035,433.58,202403,KG
Y-GEN-1035,536.13,202404,KG
Y-GEN-1036,412.43,202403,KG
Y-GEN-1036,408.03,202404,KG
Y-GEN-1037,436390.0,202403,TO
Y-GEN-1037,415130.0,202404,TO
Y-GEN-1038,401.2,202403,KG
Y-GEN-1038,457.51,202404,KG
Y-GEN-1039,424.16,202403,KG
Y-GEN-1039,474.37,202404,KG
Y-GEN-1040,154.68,202403,KG
Y-GEN-1040,153.15,202404,KG
Y-GEN-1041,215.79,202403,KG
Y-GEN-1041,240.16,202404,KG
Y-GEN-1042,311.57,202403,KG
Y-GEN-1042,313.5,202404,KG
Y-GEN-1043,241.11,202403,KG
Y-GEN-1043,311.43,202404,KG
Y-GEN-1044,383.6,202403,KG
Y-GEN-1044,481.6,202404,KG
Y-GEN-1045,418.71,202403,KG
Y-GEN-1045,423.59,202404,KG
Y-GEN-1046,212.85,202403,KG
Y-GEN-1046,212.6,202404,KG
Y-GEN-1047,237.18,202403,KG
Y-GEN-1047,281.43,202404,KG
Y-GEN-1048,240.97,202403,KG
Y-GEN-1048,306.2,202404,KG
Y-GEN-1049,288.35,202403,KG
Y-GEN-1049,278.92,202404,KG
Y-GEN-1050,277.82,202403,KG
Y-GEN-1050,320.44,202404,KG
Y-GEN-1051,224.72,202403,KG
Y-GEN-1051,237.28,202404,KG
Y-GEN-1052,441.08,202403,KG
Y-GEN-1052,446.04,202404,KG
Y-GEN-1053,354.25,202403,KG
Y-GEN-1053,443.15,202404,KG
Y-GEN-1054,238.65,202403,KG
Y-GEN-1054,282.01,202404,KG
Y-GEN-1055,432.11,202403,KG
Y-GEN-1055,517.69,202404,KG
Y-GEN-1056,194.84,202403,KG
Y-GEN-1056,189.37,202404,KG
Y-GEN-1057,243.7,202403,KG
Y-GEN-1057,276.73,202404,KG
Y-GEN-1058,279.09,202403,KG
Y-GEN-1058,295.62,202404,KG
Y-GEN-1059,380.83,202403,KG
Y-GEN-1059,415.8,202404,KG
Y-GEN-1060,179.92,202403,KG
Y-GEN-1060,224.08,202404,KG
Y-GEN-1061,449.2,202403,KG
Y-GEN-1061,571.92,202404,KG
Y-GEN-1062,249.31,202403,KG
Y-GEN-1062,241.91,202404,KG
Y-GEN-1063,280.16,202403,KG
Y-GEN-1063,324.89,202404,KG
Y-GEN-1064,288.52,202403,KG
Y-GEN-1064,289.62,202404,KG
Y-GEN-1065,415.86,202403,KG
Y-GEN-1065,516.97,202404,KG
Y-GEN-1066,127.57,202403,KG
Y-GEN-1066,125.95,202404,KG
Y-GEN-1067,216.33,202403,KG
Y-GEN-1067,264.73,202404,KG
Y-GEN-1068,152.32,202403,KG
Y-GEN-1068,146.82,202404,KG
Y-GEN-1069,142.3,202403,KG
Y-GEN-1069,167.1,202404,KG
Y-GEN-1070,319.16,202403,KG
Y-GEN-1070,384.45,202404,KG
Y-GEN-1071,363.35,202403,KG
Y-GEN-1071,403.57,202404,KG
Y-GEN-1072,134.84,202403,KG
Y-GEN-1072,162.04,202404,KG
Y-GEN-1073,123.63,202403,KG
Y-GEN-1073,129.26,202404,KG
Y-GEN-1074,433110.0,202403,TO
Y-GEN-1074,548730.0,202404,TO
Y-GEN-1075,323.28,202403,KG
Y-GEN-1075,411.86,202404,KG
Y-GEN-1076,130.33,202403,KG
Y-GEN-1076,155.99,202404,KG
Y-GEN-1077,124.4,202403,KG
Y-GEN-1077,129.79,202404,KG
Y-GEN-1078,177.74,202403,KG
Y-GEN-1078,182.58,202404,KG
Y-GEN-1079,235.48,202403,KG
Y-GEN-1079,247.07,202404,KG
Y-GEN-1080,237.49,202403,KG
Y-GEN-1080,305.2,202404,KG
Y-GEN-1081,370.32,202403,KG
Y-GEN-1081,478.17,202404,KG
Y-GEN-1082,160.59,202403,KG
Y-GEN-1082,165.76,202404,KG
Y-GEN-1083,390.82,202403,KG
Y-GEN-1083,501.71,202404,KG
Y-GEN-1084,346.09,202403,KG
Y-GEN-1084,406.18,202404,KG
Y-GEN-1085,157.08,202403,KG
Y-GEN-1085,153.84,202404,KG
Y-GEN-1086,212.19,202403,KG
Y-GEN-1086,256.08,202404,KG
Y-GEN-1087,199.53,202403,KG
Y-GEN-1087,240.91,202404,KG
Y-GEN-1088,309.83,202403,KG
Y-GEN-1088,329.67,202404,KG
Y-GEN-1089,273.22,202403,KG
Y-GEN-1089,346.57,202404,KG
Y-GEN-1090,356.31,202403,KG
Y-GEN-1090,410.66,202404,KG
Y-GEN-1091,154.88,202403,KG
Y-GEN-1091,165.88,202404,KG
Y-GEN-1092,415.5,202403,KG
Y-GEN-1092,514.57,202404,KG
Y-GEN-1093,169.34,202403,KG
Y-GEN-1093,203.31,202404,KG
Y-GEN-1094,247.68,202403,KG
Y-GEN-1094,261.49,202404,KG
Y-GEN-1095,395.57,202403,KG
Y-GEN-1095,448.04,202404,KG
Y-GEN-1096,153.77,202403,KG
Y-GEN-1096,152.94,202404,KG
Y-GEN-1097,303.24,202403,KG
Y-GEN-1097,329.25,202404,KG
Y-GEN-1098,386.81,202403,KG
Y-GEN-1098,394.38,202404,KG
Y-GEN-1099,249.99,202403,KG
Y-GEN-1099,260.27,202404,KG
Y-GEN-1100,328.85,202403,KG
Y-GEN-1100,388.78,202404,KG
Y-GEN-1101,309.83,202403,KG
Y-GEN-1101,344.56,202404,KG
Y-GEN-1102,440.84,202403,KG
Y-GEN-1102,515.25,202404,KG
Y-GEN-1103,351.8,202403,KG
Y-GEN-1103,404.88,202404,KG
Y-GEN-1104,306.42,202403,KG
Y-GEN-1104,307.39,202404,KG
Y-GEN-1105,238.96,202403,KG
Y-GEN-1105,252.57,202404,KG
Y-GEN-1106,359.33,202403,KG
Y-GEN-1106,433.88,202404,KG
Y-GEN-1107,230.56,202403,KG
Y-GEN-1107,244.84,202404,KG
Y-GEN-1108,377.09,202403,KG
Y-GEN-1108,409.16,202404,KG
Y-GEN-1109,346.39,202403,KG
Y-GEN-1109,339.59,202404,KG
Y-GEN-1110,180.11,202403,KG
Y-GEN-1110,172.41,202404,KG
Y-GEN-1111,404070.0,202403,TO
Y-GEN-1111,505680.0,202404,TO
Y-GEN-1112,248.94,202403,KG
Y-GEN-1112,308.35,202404,KG
Y-GEN-1113,403.28,202403,KG
Y-GEN-1113,506.18,202404,KG
Y-GEN-1114,165.87,202403,KG
Y-GEN-1114,189.72,202404,KG
Y-GEN-1115,259.13,202403,KG
Y-GEN-1115,322.28,202404,KG
Y-GEN-1116,304.21,202403,KG
Y-GEN-1116,371.9,202404,KG
Y-GEN-1117,218.77,202403,KG
Y-GEN-1117,274.09,202404,KG
Y-GEN-1118,258.19,202403,KG
Y-GEN-1118,248.71,202404,KG
Y-GEN-1119,281.13,202403,KG
Y-GEN-1119,315.57,202404,KG
Y-GEN-1120,287.87,202403,KG
Y-GEN-1120,332.3,202404,KG
Y-GEN-1121,293.93,202403,KG
Y-GEN-1121,318.88,202404,KG
Y-GEN-1122,405.3,202403,KG
Y-GEN-1122,458.89,202404,KG
Y-GEN-1123,284.45,202403,KG
Y-GEN-1123,299.25,202404,KG
Y-GEN-1124,196.42,202403,KG
Y-GEN-1124,243.47,202404,KG
Y-GEN-1125,324.19,202403,KG
Y-GEN-1125,414.29,202404,KG
Y-GEN-1126,365.03,202403,KG
Y-GEN-1126,461.7,202404,KG
Y-GEN-1127,291.82,202403,KG
Y-GEN-1127,312.25,202404,KG
Y-GEN-1128,378.48,202403,KG
Y-GEN-1128,380.13,202404,KG
Y-GEN-1129,370.25,202403,KG
Y-GEN-1129,423.8,202404,KG
Y-GEN-1130,139.29,202403,KG
Y-GEN-1130,160.14,202404,KG
Y-GEN-1131,251.48,202403,KG
Y-GEN-1131,253.13,202404,KG
Y-GEN-1132,175.02,202403,KG
Y-GEN-1132,227.46,202404,KG
Y-GEN-1133,226.19,202403,KG
Y-GEN-1133,258.97,202404,KG
Y-GEN-1134,408.16,202403,KG
Y-GEN-1134,488.31,202404,KG
Y-GEN-1135,378.9,202403,KG
Y-GEN-1135,389.24,202404,KG
Y-GEN-1136,366.42,202403,KG
Y-GEN-1136,451.05,202404,KG
Y-GEN-1137,141.37,202403,KG
Y-GEN-1137,170.34,202404,KG
Y-GEN-1138,144.36,202403,KG
Y-GEN-1138,155.13,202404,KG
Y-GEN-1139,162.82,202403,KG
Y-GEN-1139,171.93,202404,KG
Y-GEN-1140,287.09,202403,KG
Y-GEN-1140,339.24,202404,KG
Y-GEN-1141,442.42,202403,KG
Y-GEN-1141,432.06,202404,KG
Y-GEN-1142,208.26,202403,KG
Y-GEN-1142,253.97,202404,KG
Y-GEN-1143,432.4,202403,KG
Y-GEN-1143,502.56,202404,KG
Y-GEN-1144,181.19,202403,KG
Y-GEN-1144,230.57,202404,KG
Y-GEN-1145,255.5,202403,KG
Y-GEN-1145,249.75,202404,KG
Y-GEN-1146,313.93,202403,KG
Y-GEN-1146,347.42,202404,KG
Y-GEN-1147,346.92,202403,KG
Y-GEN-1147,359.46,202404,KG
Y-GEN-1148,218520.0,202403,TO
Y-GEN-1148,242150.0,202404,TO
Y-GEN-1149,261.07,202403,KG
Y-GEN-1149,281.59,202404,KG
Y-GEN-1150,181.48,202403,KG
Y-GEN-1150,230.86,202404,KG
Y-GEN-1151,337.16,202403,KG
Y-GEN-1151,407.31,202404,KG
Y-GEN-1152,121.02,202403,KG
Y-GEN-1152,119.94,202404,KG
Y-GEN-1153,346.45,202403,KG
Y-GEN-1153,448.5,202404,KG
Y-GEN-1154,360.96,202403,KG
Y-GEN-1154,465.59,202404,KG
Y-GEN-1155,416.26,202403,KG
Y-GEN-1155,410.43,202404,KG
Y-GEN-1156,259.83,202403,KG
Y-GEN-1156,295.8,202404,KG
Y-GEN-1157,389.09,202403,KG
Y-GEN-1157,435.63,202404,KG
Y-GEN-1158,340.06,202403,KG
Y-GEN-1158,430.95,202404,KG
Y-GEN-1159,237.0,202403,KG
Y-GEN-1159,278.18,202404,KG
Y-GEN-1160,300.08,202403,KG
Y-GEN-1160,382.9,202404,KG
Y-GEN-1161,158.85,202403,KG
Y-GEN-1161,204.72,202404,KG
Y-GEN-1162,370.79,202403,KG
Y-GEN-1162,475.55,202404,KG
Y-GEN-1163,436.44,202403,KG
Y-GEN-1163,420.96,202404,KG
Y-GEN-1164,295.04,202403,KG
Y-GEN-1164,314.0,202404,KG
Y-GEN-1165,150.49,202403,KG
Y-GEN-1165,188.32,202404,KG
Y-GEN-1166,367.9,202403,KG
Y-GEN-1166,418.76,202404,KG
Y-GEN-1167,125.87,202403,KG
Y-GEN-1167,156.56,202404,KG
Y-GEN-1168,124.92,202403,KG
Y-GEN-1168,148.69,202404,KG
Y-GEN-1169,234.42,202403,KG
Y-GEN-1169,261.95,202404,KG
Y-GEN-1170,140.01,202403,KG
Y-GEN-1170,148.65,202404,KG
Y-GEN-1171,297.27,202403,KG
Y-GEN-1171,382.59,202404,KG
Y-GEN-1172,140.03,202403,KG
Y-GEN-1172,163.75,202404,KG
Y-GEN-1173,154.49,202403,KG
Y-GEN-1173,187.48,202404,KG
Y-GEN-1174,149.16,202403,KG
Y-GEN-1174,181.48,202404,KG
Y-GEN-1175,221.94,202403,KG
Y-GEN-1175,221.23,202404,KG
Y-GEN-1176,444.75,202403,KG
Y-GEN-1176,530.4,202404,KG
Y-GEN-1177,145.43,202403,KG
Y-GEN-1177,141.27,202404,KG
Y-GEN-1178,258.2,202403,KG
Y-GEN-1178,280.12,202404,KG
Y-GEN-1179,262.25,202403,KG
Y-GEN-1179,336.15,202404,KG
Y-GEN-1180,263.25,202403,KG
Y-GEN-1180,264.09,202404,KG
Y-GEN-1181,351.96,202403,KG
Y-GEN-1181,392.54,202404,KG
Y-GEN-1182,292.87,202403,KG
Y-GEN-1182,284.91,202404,KG
Y-GEN-1183,235.94,202403,KG
Y-GEN-1183,246.68,202404,KG
Y-GEN-1184,414.96,202403,KG
Y-GEN-1184,443.1,202404,KG
Y-GEN-1185,439930.0,202403,TO
Y-GEN-1185,531790.0,202404,TO
Y-GEN-1186,250.12,202403,KG
Y-GEN-1186,293.19,202404,KG
Y-GEN-1187,231.94,202403,KG
Y-GEN-1187,246.66,202404,KG
Y-GEN-1188,447.12,202403,KG
Y-GEN-1188,517.39,202404,KG
Y-GEN-1189,387.7,202403,KG
Y-GEN-1189,413.14,202404,KG
Y-GEN-1190,368.5,202403,KG
Y-GEN-1190,384.42,202404,KG
Y-GEN-1191,276.44,202403,KG
Y-GEN-1191,292.96,202404,KG
Y-GEN-1192,139.42,202403,KG
Y-GEN-1192,133.94,202404,KG
Y-GEN-1193,244.21,202403,KG
Y-GEN-1193,286.52,202404,KG
Y-GEN-1194,231.11,202403,KG
Y-GEN-1194,291.63,202404,KG
Y-GEN-1195,344.51,202403,KG
Y-GEN-1195,436.36,202404,KG
Y-GEN-1196,204.58,202403,KG
Y-GEN-1196,249.75,202404,KG
Y-GEN-1197,372.04,202403,KG
Y-GEN-1197,403.08,202404,KG
Y-GEN-1198,192.97,202403,KG
Y-GEN-1198,249.9,202404,KG
Y-GEN-1199,396.87,202403,KG
Y-GEN-1199,377.91,202404,KG
Y-GEN-1200,221.63,202403,KG
Y-GEN-1200,237.77,202404,KG
Y-GEN-1201,334.23,202403,KG
Y-GEN-1201,418.93,202404,KG
Y-GEN-1202,134.25,202403,KG
Y-GEN-1202,162.95,202404,KG
Y-GEN-1203,186.91,202403,KG
Y-GEN-1203,177.78,202404,KG
Y-GEN-1204,394.11,202403,KG
Y-GEN-1204,426.65,202404,KG
Y-GEN-1205,296.46,202403,KG
Y-GEN-1205,359.31,202404,KG
Y-GEN-1206,346.33,202403,KG
Y-GEN-1206,395.43,202404,KG
Y-GEN-1207,379.13,202403,KG
Y-GEN-1207,390.73,202404,KG
Y-GEN-1208,148.85,202403,KG
Y-GEN-1208,172.27,202404,KG
Y-GEN-1209,185.36,202403,KG
Y-GEN-1209,209.1,202404,KG
Y-GEN-1210,283.51,202403,KG
Y-GEN-1210,323.1,202404,KG
Y-GEN-1211,420.78,202403,KG
Y-GEN-1211,438.81,202404,KG
Y-GEN-1212,141.75,202403,KG
Y-GEN-1212,173.13,202404,KG
Y-GEN-1213,169.63,202403,KG
Y-GEN-1213,212.93,202404,KG
Y-GEN-1214,381.37,202403,KG
Y-GEN-1214,426.77,202404,KG
Y-GEN-1215,136.9,202403,KG
Y-GEN-1215,137.14,202404,KG
Y-GEN-1216,167.57,202403,KG
Y-GEN-1216,165.7,202404,KG
Y-GEN-1217,299.05,202403,KG
Y-GEN-1217,345.24,202404,KG
Y-GEN-1218,161.7,202403,KG
Y-GEN-1218,196.94,202404,KG
Y-GEN-1219,362.15,202403,KG
Y-GEN-1219,368.96,202404,KG
Y-GEN-1220,124.78,202403,KG
Y-GEN-1220,151.51,202404,KG
Y-GEN-1221,414.16,202403,KG
Y-GEN-1221,489.48,202404,KG
Y-GEN-1222,127110.0,202403,TO
Y-GEN-1222,148510.0,202404,TO
Y-GEN-1223,157.41,202403,KG
Y-GEN-1223,166.59,202404,KG
Y-GEN-1224,236.09,202403,KG
Y-GEN-1224,250.01,202404,KG
Y-GEN-1225,170.31,202403,KG
Y-GEN-1225,176.56,202404,KG
Y-GEN-1226,313.08,202403,KG
Y-GEN-1226,358.54,202404,KG
Y-GEN-1227,156.36,202403,KG
Y-GEN-1227,154.84,202404,KG
Y-GEN-1228,230.69,202403,KG
Y-GEN-1228,258.95,202404,KG
Y-GEN-1229,124.37,202403,KG
Y-GEN-1229,160.89,202404,KG
Y-GEN-1230,181.55,202403,KG
Y-GEN-1230,189.06,202404,KG
Y-GEN-1231,212.62,202403,KG
Y-GEN-1231,213.29,202404,KG
Y-GEN-1232,413.94,202403,KG
Y-GEN-1232,450.71,202404,KG
Y-GEN-1233,350.7,202403,KG
Y-GEN-1233,372.33,202404,KG
Y-GEN-1234,281.68,202403,KG
Y-GEN-1234,364.68,202404,KG
Y-GEN-1235,179.15,202403,KG
Y-GEN-1235,180.77,202404,KG
Y-GEN-1236,160.56,202403,KG
Y-GEN-1236,158.34,202404,KG
Y-GEN-1237,202.36,202403,KG
Y-GEN-1237,205.47,202404,KG
Y-GEN-1238,410.23,202403,KG
Y-GEN-1238,475.59,202404,KG
Y-GEN-1239,357.48,202403,KG
Y-GEN-1239,380.05,202404,KG
Y-GEN-1240,229.02,202403,KG
Y-GEN-1240,242.12,202404,KG
Y-GEN-1241,324.89,202403,KG
Y-GEN-1241,340.44,202404,KG
Y-GEN-1242,417.0,202403,KG
Y-GEN-1242,500.67,202404,KG
Y-GEN-1243,331.36,202403,KG
Y-GEN-1243,377.44,202404,KG
Y-GEN-1244,257.57,202403,KG
Y-GEN-1244,254.21,202404,KG
Y-GEN-1245,301.61,202403,KG
Y-GEN-1245,309.22,202404,KG
Y-GEN-1246,249.43,202403,KG
Y-GEN-1246,272.7,202404,KG
Y-GEN-1247,403.69,202403,KG
Y-GEN-1247,439.53,202404,KG
Y-GEN-1248,310.76,202403,KG
Y-GEN-1248,297.37,202404,KG
Y-GEN-1249,128.94,202403,KG
Y-GEN-1249,151.1,202404,KG
Y-GEN-1250,132.74,202403,KG
Y-GEN-1250,149.71,202404,KG
Y-GEN-1251,278.72,202403,KG
Y-GEN-1251,327.33,202404,KG
Y-GEN-1252,257.01,202403,KG
Y-GEN-1252,323.44,202404,KG
Y-GEN-1253,268.27,202403,KG
Y-GEN-1253,337.95,202404,KG
Y-GEN-1254,197.31,202403,KG
Y-GEN-1254,200.02,202404,KG
Y-GEN-1255,163.1,202403,KG
Y-GEN-1255,165.96,202404,KG
Y-GEN-1256,210.28,202403,KG
Y-GEN-1256,270.55,202404,KG
Y-GEN-1257,197.66,202403,KG
Y-GEN-1257,189.23,202404,KG
Y-GEN-1258,202.87,202403,KG
Y-GEN-1258,199.13,202404,KG
Y-GEN-1259,176790.0,202403,TO
Y-GEN-1259,176190.0,202404,TO
Y-GEN-1260,385.51,202403,KG
Y-GEN-1260,413.03,202404,KG
Y-GEN-1261,362.82,202403,KG
Y-GEN-1261,369.2,202404,KG
Y-GEN-1262,444.29,202403,KG
Y-GEN-1262,466.41,202404,KG
Y-GEN-1263,152.3,202403,KG
Y-GEN-1263,175.03,202404,KG
Y-GEN-1264,156.59,202403,KG
Y-GEN-1264,172.07,202404,KG
Y-GEN-1265,158.73,202403,KG
Y-GEN-1265,191.41,202404,KG
Y-GEN-1266,146.11,202403,KG
Y-GEN-1266,165.81,202404,KG
Y-GEN-1267,168.58,202403,KG
Y-GEN-1267,214.44,202404,KG
Y-GEN-1268,383.85,202403,KG
Y-GEN-1268,450.88,202404,KG
Y-GEN-1269,437.99,202403,KG
Y-GEN-1269,476.61,202404,KG
Y-GEN-1270,177.2,202403,KG
Y-GEN-1270,183.31,202404,KG
Y-GEN-1271,164.41,202403,KG
Y-GEN-1271,179.36,202404,KG
Y-GEN-1272,295.85,202403,KG
Y-GEN-1272,295.81,202404,KG
Y-GEN-1273,149.51,202403,KG
Y-GEN-1273,152.12,202404,KG
Y-GEN-1274,277.37,202403,KG
Y-GEN-1274,309.51,202404,KG
Y-GEN-1275,447.57,202403,KG
Y-GEN-1275,519.37,202404,KG
Y-GEN-1276,237.23,202403,KG
Y-GEN-1276,255.05,202404,KG
Y-GEN-1277,123.68,202403,KG
Y-GEN-1277,139.7,202404,KG
Y-GEN-1278,337.79,202403,KG
Y-GEN-1278,345.29,202404,KG
Y-GEN-1279,124.94,202403,KG
Y-GEN-1279,156.14,202404,KG
Y-GEN-1280,222.22,202403,KG
Y-GEN-1280,257.38,202404,KG
Y-GEN-1281,191.06,202403,KG
Y-GEN-1281,242.7,202404,KG
Y-GEN-1282,213.1,202403,KG
Y-GEN-1282,246.81,202404,KG
Y-GEN-1283,442.97,202403,KG
Y-GEN-1283,550.47,202404,KG
Y-GEN-1284,347.17,202403,KG
Y-GEN-1284,335.55,202404,KG
Y-GEN-1285,400.2,202403,KG
Y-GEN-1285,446.64,202404,KG
Y-GEN-1286,434.52,202403,KG
Y-GEN-1286,474.47,202404,KG
Y-GEN-1287,144.56,202403,KG
Y-GEN-1287,144.67,202404,KG
Y-GEN-1288,289.16,202403,KG
Y-GEN-1288,326.96,202404,KG
Y-GEN-1289,324.02,202403,KG
Y-GEN-1289,419.32,202404,KG
Y-GEN-1290,414.64,202403,KG
Y-GEN-1290,403.75,202404,KG
Y-GEN-1291,179.23,202403,KG
Y-GEN-1291,195.71,202404,KG
Y-GEN-1292,325.27,202403,KG
Y-GEN-1292,349.21,202404,KG
Y-GEN-1293,431.71,202403,KG
Y-GEN-1293,501.98,202404,KG
Y-GEN-1294,398.85,202403,KG
Y-GEN-1294,437.5,202404,KG
Y-GEN-1295,320.1,202403,KG
Y-GEN-1295,338.19,202404,KG
Y-GEN-1296,167030.0,202403,TO
Y-GEN-1296,180320.0,202404,TO
Y-GEN-1297,415.98,202403,KG
Y-GEN-1297,514.52,202404,KG
Y-GEN-1298,132.34,202403,KG
Y-GEN-1298,159.8,202404,KG
Y-GEN-1299,410.75,202403,KG
Y-GEN-1299,518.08,202404,KG
Y-GEN-1300,153.7,202403,KG
Y-GEN-1300,153.82,202404,KG
Y-GEN-1301,284.52,202403,KG
Y-GEN-1301,341.85,202404,KG
Y-GEN-1302,192.18,202403,KG
Y-GEN-1302,227.27,202404,KG
Y-GEN-1303,215.25,202403,KG
Y-GEN-1303,205.99,202404,KG
Y-GEN-1304,427.77,202403,KG
Y-GEN-1304,490.25,202404,KG
Y-GEN-1305,126.35,202403,KG
Y-GEN-1305,128.71,202404,KG
Y-GEN-1306,264.33,202403,KG
Y-GEN-1306,256.32,202404,KG
Y-GEN-1307,421.41,202403,KG
Y-GEN-1307,520.96,202404,KG
Y-GEN-1308,217.24,202403,KG
Y-GEN-1308,226.05,202404,KG
Y-GEN-1309,378.89,202403,KG
Y-GEN-1309,467.24,202404,KG
Y-GEN-1310,162.71,202403,KG
Y-GEN-1310,170.32,202404,KG
Y-GEN-1311,231.04,202403,KG
Y-GEN-1311,279.26,202404,KG
Y-GEN-1312,390.19,202403,KG
Y-GEN-1312,443.9,202404,KG
Y-GEN-1313,269.71,202403,KG
Y-GEN-1313,309.07,202404,KG
Y-GEN-1314,313.89,202403,KG
Y-GEN-1314,301.54,202404,KG
Y-GEN-1315,225.43,202403,KG
Y-GEN-1315,276.13,202404,KG
Y-GEN-1316,312.6,202403,KG
Y-GEN-1316,315.52,202404,KG
Y-GEN-1317,260.59,202403,KG
Y-GEN-1317,280.06,202404,KG
Y-GEN-1318,305.35,202403,KG
Y-GEN-1318,382.87,202404,KG
Y-GEN-1319,371.34,202403,KG
Y-GEN-1319,474.3,202404,KG
Y-GEN-1320,442.91,202403,KG
Y-GEN-1320,495.34,202404,KG
Y-GEN-1321,171.52,202403,KG
Y-GEN-1321,191.16,202404,KG
Y-GEN-1322,261.05,202403,KG
Y-GEN-1322,302.32,202404,KG
Y-GEN-1323,330.17,202403,KG
Y-GEN-1323,422.5,202404,KG
Y-GEN-1324,349.4,202403,KG
Y-GEN-1324,376.4,202404,KG
Y-GEN-1325,138.6,202403,KG
Y-GEN-1325,142.63,202404,KG
Y-GEN-1326,206.53,202403,KG
Y-GEN-1326,253.74,202404,KG
Y-GEN-1327,373.96,202403,KG
Y-GEN-1327,366.58,202404,KG
Y-GEN-1328,413.33,202403,KG
Y-GEN-1328,460.38,202404,KG
Y-GEN-1329,398.98,202403,KG
Y-GEN-1329,433.93,202404,KG
Y-GEN-1330,430.14,202403,KG
Y-GEN-1330,528.25,202404,KG
Y-GEN-1331,398.41,202403,KG
Y-GEN-1331,428.75,202404,KG
Y-GEN-1332,443.3,202403,KG
Y-GEN-1332,495.55,202404,KG
Y-GEN-1333,120490.0,202403,TO
Y-GEN-1333,116230.0,202404,TO
Y-GEN-1334,266.66,202403,KG
Y-GEN-1334,280.12,202404,KG
Y-GEN-1335,274.26,202403,KG
Y-GEN-1335,284.01,202404,KG
Y-GEN-1336,307.62,202403,KG
Y-GEN-1336,344.74,202404,KG
Y-GEN-1337,227.76,202403,KG
Y-GEN-1337,225.52,202404,KG
Y-GEN-1338,128.12,202403,KG
Y-GEN-1338,147.71,202404,KG
Y-GEN-1339,417.63,202403,KG
Y-GEN-1339,481.59,202404,KG
Y-GEN-1340,339.31,202403,KG
Y-GEN-1340,439.73,202404,KG
Y-GEN-1341,291.86,202403,KG
Y-GEN-1341,347.99,202404,KG
Y-GEN-1342,398.02,202403,KG
Y-GEN-1342,471.14,202404,KG
Y-GEN-1343,292.78,202403,KG
Y-GEN-1343,311.23,202404,KG
Y-GEN-1344,141.75,202403,KG
Y-GEN-1344,147.33,202404,KG
Y-GEN-1345,246.58,202403,KG
Y-GEN-1345,255.26,202404,KG
Y-GEN-1346,249.56,202403,KG
Y-GEN-1346,321.04,202404,KG
Y-GEN-1347,355.6,202403,KG
Y-GEN-1347,366.62,202404,KG
Y-GEN-1348,142.11,202403,KG
Y-GEN-1348,162.22,202404,KG
Y-GEN-1349,136.48,202403,KG
Y-GEN-1349,157.48,202404,KG
Y-GEN-1350,285.24,202403,KG
Y-GEN-1350,271.04,202404,KG
Y-GEN-1351,277.37,202403,KG
Y-GEN-1351,324.47,202404,KG
Y-GEN-1352,373.35,202403,KG
Y-GEN-1352,422.51,202404,KG
Y-GEN-1353,439.34,202403,KG
Y-GEN-1353,513.53,202404,KG
Y-GEN-1354,160.91,202403,KG
Y-GEN-1354,189.06,202404,KG
Y-GEN-1355,141.13,202403,KG
Y-GEN-1355,158.25,202404,KG
Y-GEN-1356,187.6,202403,KG
Y-GEN-1356,237.22,202404,KG
Y-GEN-1357,293.45,202403,KG
Y-GEN-1357,282.08,202404,KG
Y-GEN-1358,345.53,202403,KG
Y-GEN-1358,338.91,202404,KG
Y-GEN-1359,369.25,202403,KG
Y-GEN-1359,413.7,202404,KG
Y-GEN-1360,215.79,202403,KG
Y-GEN-1360,263.45,202404,KG
Y-GEN-1361,126.03,202403,KG
Y-GEN-1361,147.84,202404,KG
Y-GEN-1362,428.65,202403,KG
Y-GEN-1362,547.04,202404,KG
Y-GEN-1363,250.52,202403,KG
Y-GEN-1363,295.7,202404,KG
Y-GEN-1364,301.04,202403,KG
Y-GEN-1364,317.05,202404,KG
Y-GEN-1365,281.71,202403,KG
Y-GEN-1365,359.69,202404,KG
Y-GEN-1366,443.78,202403,KG
Y-GEN-1366,510.53,202404,KG
Y-GEN-1367,377.71,202403,KG
Y-GEN-1367,366.44,202404,KG
Y-GEN-1368,387.47,202403,KG
Y-GEN-1368,453.54,202404,KG
Y-GEN-1369,304.82,202403,KG
Y-GEN-1369,363.7,202404,KG
Y-GEN-1370,239750.0,202403,TO
Y-GEN-1370,265070.0,202404,TO
Y-GEN-1371,298.52,202403,KG
Y-GEN-1371,380.99,202404,KG
Y-GEN-1372,310.92,202403,KG
Y-GEN-1372,388.55,202404,KG
Y-GEN-1373,149.84,202403,KG
Y-GEN-1373,175.0,202404,KG
Y-GEN-1374,141.2,202403,KG
Y-GEN-1374,182.2,202404,KG
Y-GEN-1375,138.16,202403,KG
Y-GEN-1375,146.99,202404,KG
Y-GEN-1376,398.37,202403,KG
Y-GEN-1376,432.72,202404,KG
Y-GEN-1377,314.6,202403,KG
Y-GEN-1377,310.61,202404,KG
Y-GEN-1378,388.3,202403,KG
Y-GEN-1378,498.07,202404,KG
Y-GEN-1379,276.47,202403,KG
Y-GEN-1379,342.18,202404,KG
Y-GEN-1380,340.84,202403,KG
Y-GEN-1380,347.51,202404,KG
Y-GEN-1381,288.28,202403,KG
Y-GEN-1381,287.86,202404,KG
Y-GEN-1382,316.65,202403,KG
Y-GEN-1382,358.97,202404,KG
Y-GEN-1383,194.58,202403,KG
Y-GEN-1383,201.7,202404,KG
Y-GEN-1384,243.39,202403,KG
Y-GEN-1384,242.19,202404,KG
Y-GEN-1385,340.13,202403,KG
Y-GEN-1385,410.93,202404,KG
Y-GEN-1386,390.74,202403,KG
Y-GEN-1386,457.55,202404,KG
Y-GEN-1387,328.56,202403,KG
Y-GEN-1387,315.51,202404,KG
Y-GEN-1388,366.24,202403,KG
Y-GEN-1388,390.24,202404,KG
Y-GEN-1389,129.15,202403,KG
Y-GEN-1389,128.75,202404,KG
Y-GEN-1390,155.93,202403,KG
Y-GEN-1390,187.45,202404,KG
Y-GEN-1391,358.64,202403,KG
Y-GEN-1391,443.62,202404,KG
Y-GEN-1392,347.22,202403,KG
Y-GEN-1392,380.72,202404,KG
Y-GEN-1393,255.22,202403,KG
Y-GEN-1393,252.68,202404,KG
Y-GEN-1394,413.44,202403,KG
Y-GEN-1394,520.33,202404,KG
Y-GEN-1395,375.15,202403,KG
Y-GEN-1395,477.59,202404,KG
Y-GEN-1396,203.96,202403,KG
Y-GEN-1396,207.91,202404,KG
Y-GEN-1397,338.36,202403,KG
Y-GEN-1397,419.08,202404,KG
Y-GEN-1398,360.91,202403,KG
Y-GEN-1398,348.55,202404,KG
Y-GEN-1399,310.93,202403,KG
Y-GEN-1399,385.49,202404,KG
Y-GEN-1400,262.95,202403,KG
Y-GEN-1400,294.66,202404,KG
Y-GEN-1401,394.08,202403,KG
Y-GEN-1401,451.4,202404,KG
Y-GEN-1402,191.87,202403,KG
Y-GEN-1402,194.81,202404,KG
Y-GEN-1403,172.13,202403,KG
Y-GEN-1403,164.62,202404,KG
Y-GEN-1404,194.3,202403,KG
Y-GEN-1404,242.94,202404,KG
Y-GEN-1405,231.17,202403,KG
Y-GEN-1405,269.32,202404,KG
Y-GEN-1406,276.98,202403,KG
Y-GEN-1406,317.97,202404,KG
Y-GEN-1407,396290.0,202403,TO
Y-GEN-1407,427920.0,202404,TO
Y-GEN-1408,225.97,202403,KG
Y-GEN-1408,228.38,202404,KG
Y-GEN-1409,314.19,202403,KG
Y-GEN-1409,382.01,202404,KG
Y-GEN-1410,254.68,202403,KG
Y-GEN-1410,254.57,202404,KG
Y-GEN-1411,421.38,202403,KG
Y-GEN-1411,404.41,202404,KG
Y-GEN-1412,146.55,202403,KG
Y-GEN-1412,171.71,202404,KG
Y-GEN-1413,166.65,202403,KG
Y-GEN-1413,181.54,202404,KG
Y-GEN-1414,429.55,202403,KG
Y-GEN-1414,480.43,202404,KG
Y-GEN-1415,149.28,202403,KG
Y-GEN-1415,156.25,202404,KG
Y-GEN-1416,445.88,202403,KG
Y-GEN-1416,471.77,202404,KG
Y-GEN-1417,145.06,202403,KG
Y-GEN-1417,157.82,202404,KG
Y-GEN-1418,346.87,202403,KG
Y-GEN-1418,432.2,202404,KG
Y-GEN-1419,334.03,202403,KG
Y-GEN-1419,324.33,202404,KG
Y-GEN-1420,275.63,202403,KG
Y-GEN-1420,308.53,202404,KG
Y-GEN-1421,412.54,202403,KG
Y-GEN-1421,474.06,202404,KG
Y-GEN-1422,329.63,202403,KG
Y-GEN-1422,347.05,202404,KG
Y-GEN-1423,348.2,202403,KG
Y-GEN-1423,364.69,202404,KG
Y-GEN-1424,381.81,202403,KG
Y-GEN-1424,370.14,202404,KG
Y-GEN-1425,421.25,202403,KG
Y-GEN-1425,417.94,202404,KG
Y-GEN-1426,290.3,202403,KG
Y-GEN-1426,359.03,202404,KG
Y-GEN-1427,310.59,202403,KG
Y-GEN-1427,314.0,202404,KG
Y-GEN-1428,259.96,202403,KG
Y-GEN-1428,328.1,202404,KG
Y-GEN-1429,373.22,202403,KG
Y-GEN-1429,469.68,202404,KG
Y-GEN-1430,388.01,202403,KG
Y-GEN-1430,399.62,202404,KG
Y-GEN-1431,369.39,202403,KG
Y-GEN-1431,477.14,202404,KG
Y-GEN-1432,245.81,202403,KG
Y-GEN-1432,255.19,202404,KG
Y-GEN-1433,287.25,202403,KG
Y-GEN-1433,314.64,202404,KG
Y-GEN-1434,255.22,202403,KG
Y-GEN-1434,307.95,202404,KG
Y-GEN-1435,130.28,202403,KG
Y-GEN-1435,131.28,202404,KG
Y-GEN-1436,364.59,202403,KG
Y-GEN-1436,420.71,202404,KG
Y-GEN-1437,369.32,202403,KG
Y-GEN-1437,468.5,202404,KG
Y-GEN-1438,281.96,202403,KG
Y-GEN-1438,289.89,202404,KG
Y-GEN-1439,314.86,202403,KG
Y-GEN-1439,404.16,202404,KG
Y-GEN-1440,234.39,202403,KG
Y-GEN-1440,253.43,202404,KG
Y-GEN-1441,209.11,202403,KG
Y-GEN-1441,233.42,202404,KG
Y-GEN-1442,139.53,202403,KG
Y-GEN-1442,161.81,202404,KG
Y-GEN-1443,347.5,202403,KG
Y-GEN-1443,389.91,202404,KG
Y-GEN-1444,276940.0,202403,TO
Y-GEN-1444,322130.0,202404,TO
Y-GEN-1445,413.07,202403,KG
Y-GEN-1445,497.48,202404,KG
Y-GEN-1446,373.05,202403,KG
Y-GEN-1446,370.57,202404,KG
Y-GEN-1447,317.94,202403,KG
Y-GEN-1447,322.87,202404,KG
Y-GEN-1448,313.37,202403,KG
Y-GEN-1448,355.78,202404,KG
Y-GEN-1449,244.15,202403,KG
Y-GEN-1449,310.54,202404,KG
Y-GEN-1450,429.03,202403,KG
Y-GEN-1450,481.46,202404,KG
Y-GEN-1451,274.35,202403,KG
Y-GEN-1451,270.71,202404,KG
Y-GEN-1452,401.37,202403,KG
Y-GEN-1452,487.4,202404,KG
Y-GEN-1453,261.64,202403,KG
Y-GEN-1453,266.51,202404,KG
Y-GEN-1454,387.87,202403,KG
Y-GEN-1454,409.54,202404,KG
Y-GEN-1455,218.17,202403,KG
Y-GEN-1455,262.14,202404,KG
Y-GEN-1456,322.08,202403,KG
Y-GEN-1456,315.88,202404,KG
Y-GEN-1457,302.67,202403,KG
Y-GEN-1457,392.55,202404,KG
Y-GEN-1458,311.27,202403,KG
Y-GEN-1458,328.79,202404,KG
Y-GEN-1459,393.41,202403,KG
Y-GEN-1459,409.33,202404,KG
Y-GEN-1460,448.39,202403,KG
Y-GEN-1460,546.43,202404,KG
Y-GEN-1461,415.52,202403,KG
Y-GEN-1461,432.35,202404,KG
Y-GEN-1462,138.72,202403,KG
Y-GEN-1462,148.08,202404,KG
Y-GEN-1463,318.53,202403,KG
Y-GEN-1463,321.1,202404,KG
Y-GEN-1464,234.55,202403,KG
Y-GEN-1464,248.63,202404,KG
Y-GEN-1465,176.4,202403,KG
Y-GEN-1465,221.99,202404,KG
Y-GEN-1466,319.53,202403,KG
Y-GEN-1466,387.3,202404,KG
Y-GEN-1467,327.82,202403,KG
Y-GEN-1467,313.55,202404,KG
Y-GEN-1468,242.78,202403,KG
Y-GEN-1468,233.66,202404,KG
Y-GEN-1469,137.74,202403,KG
Y-GEN-1469,178.58,202404,KG
Y-GEN-1470,270.95,202403,KG
Y-GEN-1470,306.04,202404,KG
Y-GEN-1471,414.66,202403,KG
Y-GEN-1471,523.14,202404,KG
Y-GEN-1472,294.09,202403,KG
Y-GEN-1472,352.34,202404,KG
Y-GEN-1473,294.02,202403,KG
Y-GEN-1473,323.44,202404,KG
Y-GEN-1474,383.51,202403,KG
Y-GEN-1474,488.95,202404,KG
Y-GEN-1475,375.58,202403,KG
Y-GEN-1475,382.86,202404,KG
Y-GEN-1476,162.45,202403,KG
Y-GEN-1476,183.15,202404,KG
Y-GEN-1477,287.79,202403,KG
Y-GEN-1477,335.5,202404,KG
Y-GEN-1478,359.73,202403,KG
Y-GEN-1478,426.93,202404,KG
Y-GEN-1479,346.1,202403,KG
Y-GEN-1479,449.48,202404,KG
Y-GEN-1480,169.79,202403,KG
Y-GEN-1480,217.23,202404,KG
Y-GEN-1481,440140.0,202403,TO
Y-GEN-1481,567440.0,202404,TO
Y-GEN-1482,304.32,202403,KG
Y-GEN-1482,346.41,202404,KG
Y-GEN-1483,237.39,202403,KG
Y-GEN-1483,296.64,202404,KG
Y-GEN-1484,182.82,202403,KG
Y-GEN-1484,211.82,202404,KG
Y-GEN-1485,319.86,202403,KG
Y-GEN-1485,360.5,202404,KG
Y-GEN-1486,152.36,202403,KG
Y-GEN-1486,182.32,202404,KG
Y-GEN-1487,127.76,202403,KG
Y-GEN-1487,130.77,202404,KG
Y-GEN-1488,379.84,202403,KG
Y-GEN-1488,464.77,202404,KG
Y-GEN-1489,402.43,202403,KG
Y-GEN-1489,499.86,202404,KG
Y-GEN-1490,208.78,202403,KG
Y-GEN-1490,203.23,202404,KG
Y-GEN-1491,216.28,202403,KG
Y-GEN-1491,264.87,202404,KG
Y-GEN-1492,349.34,202403,KG
Y-GEN-1492,339.6,202404,KG
Y-GEN-1493,187.95,202403,KG
Y-GEN-1493,212.29,202404,KG
Y-GEN-1494,390.27,202403,KG
Y-GEN-1494,473.82,202404,KG
Y-GEN-1495,178.87,202403,KG
Y-GEN-1495,208.13,202404,KG
Y-GEN-1496,321.14,202403,KG
Y-GEN-1496,381.38,202404,KG
Y-GEN-1497,358.49,202403,KG
Y-GEN-1497,345.65,202404,KG
Y-GEN-1498,272.96,202403,KG
Y-GEN-1498,284.67,202404,KG
Y-GEN-1499,322.7,202403,KG
Y-GEN-1499,398.08,202404,KG
Y-GEN-1500,158.17,202403,KG
Y-GEN-1500,192.14,202404,KG
Y-GEN-1501,124.57,202403,KG
Y-GEN-1501,142.7,202404,KG
Y-GEN-1502,255.13,202403,KG
Y-GEN-1502,315.46,202404,KG
Y-GEN-1503,408.87,202403,KG
Y-GEN-1503,492.05,202404,KG
Y-GEN-1504,300.06,202403,KG
Y-GEN-1504,342.88,202404,KG
Y-GEN-1505,409.03,202403,KG
Y-GEN-1505,526.65,202404,KG
Y-GEN-1506,318.98,202403,KG
Y-GEN-1506,315.12,202404,KG
Y-GEN-1507,158.82,202403,KG
Y-GEN-1507,179.15,202404,KG
Y-GEN-1508,218.86,202403,KG
Y-GEN-1508,244.95,202404,KG
Y-GEN-1509,207.84,202403,KG
Y-GEN-1509,237.59,202404,KG
Y-GEN-1510,217.79,202403,KG
Y-GEN-1510,209.36,202404,KG
Y-GEN-1511,378.68,202403,KG
Y-GEN-1511,371.7,202404,KG
Y-GEN-1512,389.19,202403,KG
Y-GEN-1512,408.34,202404,KG
Y-GEN-1513,419.55,202403,KG
Y-GEN-1513,533.02,202404,KG
Y-GEN-1514,373.57,202403,KG
Y-GEN-1514,381.28,202404,KG
Y-GEN-1515,428.23,202403,KG
Y-GEN-1515,498.64,202404,KG
Y-GEN-1516,260.17,202403,KG
Y-GEN-1516,300.29,202404,KG
Y-GEN-1517,140.02,202403,KG
Y-GEN-1517,175.83,202404,KG
Y-GEN-1518,132930.0,202403,TO
Y-GEN-1518,140890.0,202404,TO
Y-GEN-1519,125.54,202403,KG
Y-GEN-1519,138.09,202404,KG
Y-GEN-1520,164.34,202403,KG
Y-GEN-1520,184.4,202404,KG
Y-GEN-1521,445.58,202403,KG
Y-GEN-1521,509.5,202404,KG
Y-GEN-1522,313.06,202403,KG
Y-GEN-1522,342.37,202404,KG
Y-GEN-1523,410.04,202403,KG
Y-GEN-1523,398.08,202404,KG
Y-GEN-1524,266.68,202403,KG
Y-GEN-1524,292.76,202404,KG
Y-GEN-1525,253.87,202403,KG
Y-GEN-1525,295.5,202404,KG
Y-GEN-1526,203.73,202403,KG
Y-GEN-1526,237.95,202404,KG
Y-GEN-1527,413.86,202403,KG
Y-GEN-1527,525.1,202404,KG
Y-GEN-1528,343.75,202403,KG
Y-GEN-1528,371.16,202404,KG
Y-GEN-1529,275.06,202403,KG
Y-GEN-1529,297.06,202404,KG
Y-GEN-1530,333.14,202403,KG
Y-GEN-1530,388.54,202404,KG
Y-GEN-1531,257.51,202403,KG
Y-GEN-1531,259.54,202404,KG
Y-GEN-1532,386.47,202403,KG
Y-GEN-1532,460.18,202404,KG
Y-GEN-1533,353.9,202403,KG
Y-GEN-1533,410.99,202404,KG
Y-GEN-1534,305.02,202403,KG
Y-GEN-1534,372.16,202404,KG
Y-GEN-1535,221.28,202403,KG
Y-GEN-1535,245.04,202404,KG
Y-GEN-1536,327.57,202403,KG
Y-GEN-1536,374.92,202404,KG
Y-GEN-1537,342.02,202403,KG
Y-GEN-1537,434.22,202404,KG
Y-GEN-1538,133.78,202403,KG
Y-GEN-1538,137.61,202404,KG
Y-GEN-1539,136.86,202403,KG
Y-GEN-1539,175.83,202404,KG
Y-GEN-1540,266.51,202403,KG
Y-GEN-1540,289.88,202404,KG
Y-GEN-1541,131.14,202403,KG
Y-GEN-1541,162.52,202404,KG
Y-GEN-1542,406.43,202403,KG
Y-GEN-1542,432.72,202404,KG
Y-GEN-1543,188.84,202403,KG
Y-GEN-1543,237.07,202404,KG
Y-GEN-1544,212.46,202403,KG
Y-GEN-1544,234.48,202404,KG
Y-GEN-1545,386.68,202403,KG
Y-GEN-1545,368.23,202404,KG
Y-GEN-1546,258.51,202403,KG
Y-GEN-1546,304.4,202404,KG
Y-GEN-1547,432.72,202403,KG
Y-GEN-1547,554.47,202404,KG
Y-GEN-1548,183.83,202403,KG
Y-GEN-1548,179.42,202404,KG
Y-GEN-1549,274.48,202403,KG
Y-GEN-1549,302.18,202404,KG
Y-GEN-1550,395.22,202403,KG
Y-GEN-1550,493.6,202404,KG
Y-GEN-1551,169.18,202403,KG
Y-GEN-1551,201.92,202404,KG
Y-GEN-1552,139.2,202403,KG
Y-GEN-1552,165.04,202404,KG
Y-GEN-1553,355.0,202403,KG
Y-GEN-1553,414.68,202404,KG
Y-GEN-1554,425.36,202403,KG
Y-GEN-1554,528.45,202404,KG
Y-GEN-1555,310520.0,202403,TO
Y-GEN-1555,333570.0,202404,TO
Y-GEN-1556,154.29,202403,KG
Y-GEN-1556,148.23,202404,KG
Y-GEN-1557,174.66,202403,KG
Y-GEN-1557,217.42,202404,KG
Y-GEN-1558,193.79,202403,KG
Y-GEN-1558,240.93,202404,KG
Y-GEN-1559,145.67,202403,KG
Y-GEN-1559,148.6,202404,KG
Y-GEN-1560,215.35,202403,KG
Y-GEN-1560,213.2,202404,KG
Y-GEN-1561,126.93,202403,KG
Y-GEN-1561,135.65,202404,KG
Y-GEN-1562,164.39,202403,KG
Y-GEN-1562,182.78,202404,KG
Y-GEN-1563,175.18,202403,KG
Y-GEN-1563,216.74,202404,KG
Y-GEN-1564,413.54,202403,KG
Y-GEN-1564,486.52,202404,KG
Y-GEN-1565,382.7,202403,KG
Y-GEN-1565,424.75,202404,KG
Y-GEN-1566,377.24,202403,KG
Y-GEN-1566,415.62,202404,KG
Y-GEN-1567,402.61,202403,KG
Y-GEN-1567,427.32,202404,KG
Y-GEN-1568,354.74,202403,KG
Y-GEN-1568,433.76,202404,KG
Y-GEN-1569,418.36,202403,KG
Y-GEN-1569,413.9,202404,KG
Y-GEN-1570,173.55,202403,KG
Y-GEN-1570,195.02,202404,KG
Y-GEN-1571,417.82,202403,KG
Y-GEN-1571,479.01,202404,KG
Y-GEN-1572,383.71,202403,KG
Y-GEN-1572,452.76,202404,KG
Y-GEN-1573,215.73,202403,KG
Y-GEN-1573,227.45,202404,KG
Y-GEN-1574,407.21,202403,KG
Y-GEN-1574,407.18,202404,KG
Y-GEN-1575,423.29,202403,KG
Y-GEN-1575,403.19,202404,KG
Y-GEN-1576,380.63,202403,KG
Y-GEN-1576,405.81,202404,KG
Y-GEN-1577,245.63,202403,KG
Y-GEN-1577,313.89,202404,KG
Y-GEN-1578,338.35,202403,KG
Y-GEN-1578,346.44,202404,KG
Y-GEN-1579,176.38,202403,KG
Y-GEN-1579,203.12,202404,KG
Y-GEN-1580,255.27,202403,KG
Y-GEN-1580,251.93,202404,KG
Y-GEN-1581,202.5,202403,KG
Y-GEN-1581,245.01,202404,KG
Y-GEN-1582,383.8,202403,KG
Y-GEN-1582,383.79,202404,KG
Y-GEN-1583,295.99,202403,KG
Y-GEN-1583,349.84,202404,KG
Y-GEN-1584,431.57,202403,KG
Y-GEN-1584,532.31,202404,KG
Y-GEN-1585,431.09,202403,KG
Y-GEN-1585,543.84,202404,KG
Y-GEN-1586,378.12,202403,KG
Y-GEN-1586,382.59,202404,KG
Y-GEN-1587,445.67,202403,KG
Y-GEN-1587,503.58,202404,KG
Y-GEN-1588,267.23,202403,KG
Y-GEN-1588,318.54,202404,KG
Y-GEN-1589,327.06,202403,KG
Y-GEN-1589,370.85,202404,KG
Y-GEN-1590,133.29,202403,KG
Y-GEN-1590,159.09,202404,KG
Y-GEN-1591,188.16,202403,KG
Y-GEN-1591,234.96,202404,KG
Y-GEN-1592,432310.0,202403,TO
Y-GEN-1592,529400.0,202404,TO
Y-GEN-1593,382.79,202403,KG
Y-GEN-1593,431.12,202404,KG
Y-GEN-1594,327.06,202403,KG
Y-GEN-1594,373.6,202404,KG
Y-GEN-1595,134.29,202403,KG
Y-GEN-1595,143.81,202404,KG
Y-GEN-1596,150.85,202403,KG
Y-GEN-1596,168.01,202404,KG
Y-GEN-1597,403.57,202403,KG
Y-GEN-1597,502.82,202404,KG
Y-GEN-1598,447.95,202403,KG
Y-GEN-1598,453.45,202404,KG
Y-GEN-1599,151.85,202403,KG
Y-GEN-1599,167.56,202404,KG
Y-GEN-1600,251.84,202403,KG
Y-GEN-1600,264.25,202404,KG
Y-GEN-1601,156.49,202403,KG
Y-GEN-1601,170.7,202404,KG
Y-GEN-1602,230.29,202403,KG
Y-GEN-1602,283.84,202404,KG
Y-GEN-1603,301.02,202403,KG
Y-GEN-1603,292.15,202404,KG
Y-GEN-1604,378.6,202403,KG
Y-GEN-1604,428.9,202404,KG
Y-GEN-1605,144.57,202403,KG
Y-GEN-1605,171.98,202404,KG
Y-GEN-1606,385.62,202403,KG
Y-GEN-1606,424.01,202404,KG
Y-GEN-1607,408.1,202403,KG
Y-GEN-1607,477.57,202404,KG
Y-GEN-1608,404.51,202403,KG
Y-GEN-1608,489.64,202404,KG
Y-GEN-1609,140.79,202403,KG
Y-GEN-1609,140.89,202404,KG
Y-GEN-1610,155.08,202403,KG
Y-GEN-1610,154.75,202404,KG
Y-GEN-1611,298.01,202403,KG
Y-GEN-1611,375.71,202404,KG
Y-GEN-1612,221.62,202403,KG
Y-GEN-1612,272.4,202404,KG
Y-GEN-1613,373.21,202403,KG
Y-GEN-1613,385.43,202404,KG
Y-GEN-1614,272.08,202403,KG
Y-GEN-1614,288.13,202404,KG
Y-GEN-1615,404.89,202403,KG
Y-GEN-1615,425.06,202404,KG
Y-GEN-1616,308.41,202403,KG
Y-GEN-1616,367.98,202404,KG
Y-GEN-1617,195.01,202403,KG
Y-GEN-1617,229.39,202404,KG
Y-GEN-1618,308.22,202403,KG
Y-GEN-1618,347.39,202404,KG
Y-GEN-1619,351.93,202403,KG
Y-GEN-1619,354.9,202404,KG
Y-GEN-1620,443.01,202403,KG
Y-GEN-1620,508.09,202404,KG
Y-GEN-1621,191.55,202403,KG
Y-GEN-1621,226.28,202404,KG
Y-GEN-1622,361.88,202403,KG
Y-GEN-1622,433.24,202404,KG
Y-GEN-1623,305.45,202403,KG
Y-GEN-1623,299.95,202404,KG
Y-GEN-1624,275.08,202403,KG
Y-GEN-1624,287.06,202404,KG
Y-GEN-1625,386.35,202403,KG
Y-GEN-1625,381.37,202404,KG
Y-GEN-1626,379.91,202403,KG
Y-GEN-1626,403.03,202404,KG
Y-GEN-1627,275.21,202403,KG
Y-GEN-1627,316.13,202404,KG
Y-GEN-1628,243.59,202403,KG
Y-GEN-1628,304.94,202404,KG
Y-GEN-1629,140100.0,202403,TO
Y-GEN-1629,146130.0,202404,TO
Y-GEN-1630,383.54,202403,KG
Y-GEN-1630,410.42,202404,KG
Y-GEN-1631,296.98,202403,KG
Y-GEN-1631,340.97,202404,KG
Y-GEN-1632,253.43,202403,KG
Y-GEN-1632,250.55,202404,KG
Y-GEN-1633,342.12,202403,KG
Y-GEN-1633,424.4,202404,KG
Y-GEN-1634,360.55,202403,KG
Y-GEN-1634,403.83,202404,KG
Y-GEN-1635,341.29,202403,KG
Y-GEN-1635,404.14,202404,KG
Y-GEN-1636,387.7,202403,KG
Y-GEN-1636,383.12,202404,KG
Y-GEN-1637,388.38,202403,KG
Y-GEN-1637,446.75,202404,KG
Y-GEN-1638,207.66,202403,KG
Y-GEN-1638,218.72,202404,KG
Y-GEN-1639,234.61,202403,KG
Y-GEN-1639,229.38,202404,KG
Y-GEN-1640,388.91,202403,KG
Y-GEN-1640,474.4,202404,KG
Y-GEN-1641,257.05,202403,KG
Y-GEN-1641,289.22,202404,KG
Y-GEN-1642,394.33,202403,KG
Y-GEN-1642,416.83,202404,KG
Y-GEN-1643,343.59,202403,KG
Y-GEN-1643,437.01,202404,KG
Y-GEN-1644,242.36,202403,KG
Y-GEN-1644,298.42,202404,KG
Y-GEN-1645,387.15,202403,KG
Y-GEN-1645,463.06,202404,KG
Y-GEN-1646,239.58,202403,KG
Y-GEN-1646,246.05,202404,KG
Y-GEN-1647,242.15,202403,KG
Y-GEN-1647,273.49,202404,KG
Y-GEN-1648,274.11,202403,KG
Y-GEN-1648,316.3,202404,KG
Y-GEN-1649,224.2,202403,KG
Y-GEN-1649,213.23,202404,KG
Y-GEN-1650,390.48,202403,KG
Y-GEN-1650,505.9,202404,KG
Y-GEN-1651,212.51,202403,KG
Y-GEN-1651,209.26,202404,KG
Y-GEN-1652,291.44,202403,KG
Y-GEN-1652,342.42,202404,KG
Y-GEN-1653,148.85,202403,KG
Y-GEN-1653,157.32,202404,KG
Y-GEN-1654,379.87,202403,KG
Y-GEN-1654,442.22,202404,KG
Y-GEN-1655,175.95,202403,KG
Y-GEN-1655,205.18,202404,KG
Y-GEN-1656,346.07,202403,KG
Y-GEN-1656,352.4,202404,KG
Y-GEN-1657,255.05,202403,KG
Y-GEN-1657,257.29,202404,KG
Y-GEN-1658,268.71,202403,KG
Y-GEN-1658,289.75,202404,KG
Y-GEN-1659,432.91,202403,KG
Y-GEN-1659,495.16,202404,KG
Y-GEN-1660,236.48,202403,KG
Y-GEN-1660,290.42,202404,KG
Y-GEN-1661,356.32,202403,KG
Y-GEN-1661,412.38,202404,KG
Y-GEN-1662,269.92,202403,KG
Y-GEN-1662,297.19,202404,KG
Y-GEN-1663,219.24,202403,KG
Y-GEN-1663,265.34,202404,KG
Y-GEN-1664,387.97,202403,KG
Y-GEN-1664,480.94,202404,KG
Y-GEN-1665,338.0,202403,KG
Y-GEN-1665,326.78,202404,KG
Y-GEN-1666,202380.0,202403,TO
Y-GEN-1666,247900.0,202404,TO
Y-GEN-1667,320.89,202403,KG
Y-GEN-1667,378.06,202404,KG
Y-GEN-1668,430.74,202403,KG
Y-GEN-1668,498.91,202404,KG
Y-GEN-1669,244.93,202403,KG
Y-GEN-1669,271.86,202404,KG
Y-GEN-1670,297.74,202403,KG
Y-GEN-1670,299.31,202404,KG
Y-GEN-1671,250.87,202403,KG
Y-GEN-1671,245.29,202404,KG
Y-GEN-1672,287.35,202403,KG
Y-GEN-1672,361.48,202404,KG
Y-GEN-1673,228.12,202403,KG
Y-GEN-1673,218.69,202404,KG
Y-GEN-1674,133.67,202403,KG
Y-GEN-1674,132.96,202404,KG
Y-GEN-1675,307.87,202403,KG
Y-GEN-1675,325.46,202404,KG
Y-GEN-1676,404.5,202403,KG
Y-GEN-1676,497.29,202404,KG
Y-GEN-1677,157.99,202403,KG
Y-GEN-1677,200.63,202404,KG
Y-GEN-1678,392.86,202403,KG
Y-GEN-1678,471.96,202404,KG
Y-GEN-1679,372.2,202403,KG
Y-GEN-1679,355.83,202404,KG
Y-GEN-1680,378.49,202403,KG
Y-GEN-1680,385.53,202404,KG
Y-GEN-1681,364.89,202403,KG
Y-GEN-1681,448.37,202404,KG
Y-GEN-1682,200.61,202403,KG
Y-GEN-1682,217.89,202404,KG
Y-GEN-1683,199.84,202403,KG
Y-GEN-1683,231.65,202404,KG
Y-GEN-1684,302.25,202403,KG
Y-GEN-1684,341.61,202404,KG
Y-GEN-1685,315.36,202403,KG
Y-GEN-1685,346.62,202404,KG
Y-GEN-1686,295.09,202403,KG
Y-GEN-1686,330.18,202404,KG
Y-GEN-1687,438.92,202403,KG
Y-GEN-1687,459.35,202404,KG
Y-GEN-1688,289.0,202403,KG
Y-GEN-1688,362.48,202404,KG
Y-GEN-1689,345.96,202403,KG
Y-GEN-1689,437.92,202404,KG
Y-GEN-1690,448.71,202403,KG
Y-GEN-1690,553.84,202404,KG
Y-GEN-1691,180.35,202403,KG
Y-GEN-1691,227.86,202404,KG
Y-GEN-1692,147.02,202403,KG
Y-GEN-1692,140.41,202404,KG
Y-GEN-1693,183.56,202403,KG
Y-GEN-1693,232.99,202404,KG
Y-GEN-1694,337.03,202403,KG
Y-GEN-1694,367.45,202404,KG
Y-GEN-1695,420.65,202403,KG
Y-GEN-1695,461.38,202404,KG
Y-GEN-1696,138.23,202403,KG
Y-GEN-1696,168.03,202404,KG
Y-GEN-1697,256.29,202403,KG
Y-GEN-1697,323.57,202404,KG
Y-GEN-1698,220.03,202403,KG
Y-GEN-1698,265.49,202404,KG
Y-GEN-1699,204.9,202403,KG
Y-GEN-1699,248.54,202404,KG
Y-GEN-1700,338.44,202403,KG
Y-GEN-1700,366.62,202404,KG
Y-GEN-1701,323.44,202403,KG
Y-GEN-1701,341.51,202404,KG
Y-GEN-1702,333.96,202403,KG
Y-GEN-1702,400.91,202404,KG
Y-GEN-1703,124610.0,202403,TO
Y-GEN-1703,137700.0,202404,TO
Y-GEN-1704,323.08,202403,KG
Y-GEN-1704,378.96,202404,KG
Y-GEN-1705,433.93,202403,KG
Y-GEN-1705,443.94,202404,KG
Y-GEN-1706,405.11,202403,KG
Y-GEN-1706,417.37,202404,KG
Y-GEN-1707,255.24,202403,KG
Y-GEN-1707,321.84,202404,KG
Y-GEN-1708,326.81,202403,KG
Y-GEN-1708,409.46,202404,KG
Y-GEN-1709,150.99,202403,KG
Y-GEN-1709,194.03,202404,KG
Y-GEN-1710,272.16,202403,KG
Y-GEN-1710,261.7,202404,KG
Y-GEN-1711,126.52,202403,KG
Y-GEN-1711,156.98,202404,KG
Y-GEN-1712,211.41,202403,KG
Y-GEN-1712,232.51,202404,KG
Y-GEN-1713,370.78,202403,KG
Y-GEN-1713,479.24,202404,KG
Y-GEN-1714,385.13,202403,KG
Y-GEN-1714,396.72,202404,KG
Y-GEN-1715,310.38,202403,KG
Y-GEN-1715,357.81,202404,KG
Y-GEN-1716,166.49,202403,KG
Y-GEN-1716,176.15,202404,KG
Y-GEN-1717,448.94,202403,KG
Y-GEN-1717,575.78,202404,KG
Y-GEN-1718,360.29,202403,KG
Y-GEN-1718,435.34,202404,KG
Y-GEN-1719,323.32,202403,KG
Y-GEN-1719,419.05,202404,KG
Y-GEN-1720,308.56,202403,KG
Y-GEN-1720,368.34,202404,KG
Y-GEN-1721,422.02,202403,KG
Y-GEN-1721,450.94,202404,KG
Y-GEN-1722,282.93,202403,KG
Y-GEN-1722,332.36,202404,KG
Y-GEN-1723,227.6,202403,KG
Y-GEN-1723,221.15,202404,KG
Y-GEN-1724,433.32,202403,KG
Y-GEN-1724,556.87,202404,KG
Y-GEN-1725,156.17,202403,KG
Y-GEN-1725,161.65,202404,KG
Y-GEN-1726,288.74,202403,KG
Y-GEN-1726,346.66,202404,KG
Y-GEN-1727,418.86,202403,KG
Y-GEN-1727,462.94,202404,KG
Y-GEN-1728,237.88,202403,KG
Y-GEN-1728,289.6,202404,KG
Y-GEN-1729,256.41,202403,KG
Y-GEN-1729,304.11,202404,KG
Y-GEN-1730,397.4,202403,KG
Y-GEN-1730,510.79,202404,KG
Y-GEN-1731,172.35,202403,KG
Y-GEN-1731,183.93,202404,KG
Y-GEN-1732,321.45,202403,KG
Y-GEN-1732,308.17,202404,KG
Y-GEN-1733,420.66,202403,KG
Y-GEN-1733,540.08,202404,KG
Y-GEN-1734,423.39,202403,KG
Y-GEN-1734,507.03,202404,KG
Y-GEN-1735,438.38,202403,KG
Y-GEN-1735,490.66,202404,KG
Y-GEN-1736,353.53,202403,KG
Y-GEN-1736,371.15,202404,KG
Y-GEN-1737,286.21,202403,KG
Y-GEN-1737,364.71,202404,KG
Y-GEN-1738,430.71,202403,KG
Y-GEN-1738,427.82,202404,KG
Y-GEN-1739,432.44,202403,KG
Y-GEN-1739,478.26,202404,KG
Y-GEN-1740,396840.0,202403,TO
Y-GEN-1740,451620.0,202404,TO
Y-GEN-1741,307.4,202403,KG
Y-GEN-1741,313.72,202404,KG
Y-GEN-1742,328.35,202403,KG
Y-GEN-1742,419.1,202404,KG
Y-GEN-1743,410.13,202403,KG
Y-GEN-1743,516.2,202404,KG
Y-GEN-1744,197.55,202403,KG
Y-GEN-1744,212.4,202404,KG
Y-GEN-1745,331.54,202403,KG
Y-GEN-1745,411.11,202404,KG
Y-GEN-1746,288.61,202403,KG
Y-GEN-1746,352.55,202404,KG
Y-GEN-1747,351.89,202403,KG
Y-GEN-1747,419.3,202404,KG
Y-GEN-1748,397.12,202403,KG
Y-GEN-1748,389.73,202404,KG
Y-GEN-1749,127.6,202403,KG
Y-GEN-1749,147.37,202404,KG
Y-GEN-1750,213.89,202403,KG
Y-GEN-1750,247.27,202404,KG
Y-GEN-1751,409.49,202403,KG
Y-GEN-1751,399.05,202404,KG
Y-GEN-1752,141.58,202403,KG
Y-GEN-1752,147.12,202404,KG
Y-GEN-1753,140.21,202403,KG
Y-GEN-1753,175.4,202404,KG
Y-GEN-1754,128.95,202403,KG
Y-GEN-1754,127.79,202404,KG
Y-GEN-1755,248.15,202403,KG
Y-GEN-1755,244.29,202404,KG
Y-GEN-1756,354.27,202403,KG
Y-GEN-1756,431.3,202404,KG
Y-GEN-1757,411.25,202403,KG
Y-GEN-1757,438.61,202404,KG
Y-GEN-1758,257.2,202403,KG
Y-GEN-1758,251.24,202404,KG
Y-GEN-1759,256.73,202403,KG
Y-GEN-1759,246.44,202404,KG
Y-GEN-1760,443.17,202403,KG
Y-GEN-1760,556.18,202404,KG
Y-GEN-1761,244.62,202403,KG
Y-GEN-1761,316.35,202404,KG
Y-GEN-1762,181.09,202403,KG
Y-GEN-1762,216.86,202404,KG
Y-GEN-1763,325.26,202403,KG
Y-GEN-1763,405.47,202404,KG
Y-GEN-1764,276.7,202403,KG
Y-GEN-1764,273.03,202404,KG
Y-GEN-1765,278.86,202403,KG
Y-GEN-1765,357.98,202404,KG
Y-GEN-1766,172.17,202403,KG
Y-GEN-1766,196.04,202404,KG
Y-GEN-1767,227.94,202403,KG
Y-GEN-1767,292.51,202404,KG
Y-GEN-1768,332.31,202403,KG
Y-GEN-1768,377.85,202404,KG
Y-GEN-1769,406.23,202403,KG
Y-GEN-1769,394.5,202404,KG
Y-GEN-1770,233.64,202403,KG
Y-GEN-1770,232.49,202404,KG
Y-GEN-1771,315.79,202403,KG
Y-GEN-1771,306.93,202404,KG
Y-GEN-1772,388.8,202403,KG
Y-GEN-1772,463.26,202404,KG
Y-GEN-1773,384.72,202403,KG
Y-GEN-1773,472.89,202404,KG
Y-GEN-1774,144.31,202403,KG
Y-GEN-1774,162.37,202404,KG
Y-GEN-1775,444.75,202403,KG
Y-GEN-1775,480.34,202404,KG
Y-GEN-1776,338.63,202403,KG
Y-GEN-1776,370.9,202404,KG
Y-GEN-1777,245010.0,202403,TO
Y-GEN-1777,274310.0,202404,TO
Y-GEN-1778,264.71,202403,KG
Y-GEN-1778,312.64,202404,KG
Y-GEN-1779,120.89,202403,KG
Y-GEN-1779,152.93,202404,KG
Y-GEN-1780,219.25,202403,KG
Y-GEN-1780,276.43,202404,KG
Y-GEN-1781,420.43,202403,KG
Y-GEN-1781,461.71,202404,KG
Y-GEN-1782,367.16,202403,KG
Y-GEN-1782,397.72,202404,KG
Y-GEN-1783,415.74,202403,KG
Y-GEN-1783,407.53,202404,KG
Y-GEN-1784,238.07,202403,KG
Y-GEN-1784,250.21,202404,KG
Y-GEN-1785,437.86,202403,KG
Y-GEN-1785,566.03,202404,KG
Y-GEN-1786,224.5,202403,KG
Y-GEN-1786,273.57,202404,KG
Y-GEN-1787,165.81,202403,KG
Y-GEN-1787,213.31,202404,KG
Y-GEN-1788,443.26,202403,KG
Y-GEN-1788,540.33,202404,KG
Y-GEN-1789,255.81,202403,KG
Y-GEN-1789,327.56,202404,KG
Y-GEN-1790,380.12,202403,KG
Y-GEN-1790,436.97,202404,KG
Y-GEN-1791,416.64,202403,KG
Y-GEN-1791,455.77,202404,KG
Y-GEN-1792,260.99,202403,KG
Y-GEN-1792,319.75,202404,KG
Y-GEN-1793,389.22,202403,KG
Y-GEN-1793,376.69,202404,KG
Y-GEN-1794,274.23,202403,KG
Y-GEN-1794,277.29,202404,KG
Y-GEN-1795,385.91,202403,KG
Y-GEN-1795,382.71,202404,KG
Y-GEN-1796,391.18,202403,KG
Y-GEN-1796,373.24,202404,KG
Y-GEN-1797,157.74,202403,KG
Y-GEN-1797,163.31,202404,KG
Y-GEN-1798,314.78,202403,KG
Y-GEN-1798,377.16,202404,KG
Y-GEN-1799,259.93,202403,KG
Y-GEN-1799,307.92,202404,KG
Y-GEN-1800,215.71,202403,KG
Y-GEN-1800,247.63,202404,KG
Y-GEN-1801,408.83,202403,KG
Y-GEN-1801,457.24,202404,KG
Y-GEN-1802,189.57,202403,KG
Y-GEN-1802,195.68,202404,KG
Y-GEN-1803,151.33,202403,KG
Y-GEN-1803,156.39,202404,KG
Y-GEN-1804,408.96,202403,KG
Y-GEN-1804,398.91,202404,KG
Y-GEN-1805,237.61,202403,KG
Y-GEN-1805,288.29,202404,KG
Y-GEN-1806,404.68,202403,KG
Y-GEN-1806,392.13,202404,KG
Y-GEN-1807,297.76,202403,KG
Y-GEN-1807,284.15,202404,KG
Y-GEN-1808,346.81,202403,KG
Y-GEN-1808,386.8,202404,KG
Y-GEN-1809,220.89,202403,KG
Y-GEN-1809,280.84,202404,KG
Y-GEN-1810,286.32,202403,KG
Y-GEN-1810,347.19,202404,KG
Y-GEN-1811,447.43,202403,KG
Y-GEN-1811,484.1,202404,KG
Y-GEN-1812,345.67,202403,KG
Y-GEN-1812,413.73,202404,KG
Y-GEN-1813,215.59,202403,KG
Y-GEN-1813,222.25,202404,KG
Y-GEN-1814,170190.0,202403,TO
Y-GEN-1814,168790.0,202404,TO
Y-GEN-1815,184.94,202403,KG
Y-GEN-1815,178.55,202404,KG
Y-GEN-1816,380.43,202403,KG
Y-GEN-1816,467.16,202404,KG
Y-GEN-1817,162.37,202403,KG
Y-GEN-1817,186.65,202404,KG
Y-GEN-1818,330.87,202403,KG
Y-GEN-1818,389.54,202404,KG
Y-GEN-1819,209.54,202403,KG
Y-GEN-1819,217.15,202404,KG
Y-GEN-1820,268.81,202403,KG
Y-GEN-1820,277.3,202404,KG
Y-GEN-1821,185.45,202403,KG
Y-GEN-1821,212.53,202404,KG
Y-GEN-1822,438.34,202403,KG
Y-GEN-1822,455.07,202404,KG
Y-GEN-1823,172.91,202403,KG
Y-GEN-1823,192.52,202404,KG
Y-GEN-1824,144.24,202403,KG
Y-GEN-1824,177.23,202404,KG
Y-GEN-1825,316.62,202403,KG
Y-GEN-1825,401.63,202404,KG
Y-GEN-1826,354.86,202403,KG
Y-GEN-1826,376.05,202404,KG
Y-GEN-1827,331.36,202403,KG
Y-GEN-1827,406.91,202404,KG
Y-GEN-1828,278.49,202403,KG
Y-GEN-1828,344.8,202404,KG
Y-GEN-1829,421.67,202403,KG
Y-GEN-1829,448.12,202404,KG
Y-GEN-1830,429.98,202403,KG
Y-GEN-1830,556.19,202404,KG
Y-GEN-1831,245.42,202403,KG
Y-GEN-1831,290.89,202404,KG
Y-GEN-1832,263.03,202403,KG
Y-GEN-1832,291.09,202404,KG
Y-GEN-1833,447.14,202403,KG
Y-GEN-1833,488.96,202404,KG
Y-GEN-1834,280.02,202403,KG
Y-GEN-1834,280.43,202404,KG
Y-GEN-1835,189.06,202403,KG
Y-GEN-1835,227.97,202404,KG
Y-GEN-1836,253.62,202403,KG
Y-GEN-1836,313.65,202404,KG
Y-GEN-1837,305.46,202403,KG
Y-GEN-1837,318.25,202404,KG
Y-GEN-1838,227.9,202403,KG
Y-GEN-1838,263.79,202404,KG
Y-GEN-1839,232.51,202403,KG
Y-GEN-1839,276.72,202404,KG
Y-GEN-1840,396.07,202403,KG
Y-GEN-1840,458.9,202404,KG
Y-GEN-1841,395.94,202403,KG
Y-GEN-1841,379.59,202404,KG
Y-GEN-1842,397.95,202403,KG
Y-GEN-1842,410.37,202404,KG
Y-GEN-1843,259.35,202403,KG
Y-GEN-1843,299.43,202404,KG
Y-GEN-1844,329.94,202403,KG
Y-GEN-1844,360.22,202404,KG
Y-GEN-1845,263.26,202403,KG
Y-GEN-1845,335.77,202404,KG
Y-GEN-1846,440.23,202403,KG
Y-GEN-1846,557.04,202404,KG
Y-GEN-1847,143.24,202403,KG
Y-GEN-1847,178.03,202404,KG
Y-GEN-1848,320.35,202403,KG
Y-GEN-1848,375.14,202404,KG
Y-GEN-1849,390.28,202403,KG
Y-GEN-1849,383.13,202404,KG
Y-GEN-1850,133.5,202403,KG
Y-GEN-1850,142.55,202404,KG
Y-GEN-1851,178590.0,202403,TO
Y-GEN-1851,204290.0,202404,TO
Y-GEN-1852,200.35,202403,KG
Y-GEN-1852,240.58,202404,KG
Y-GEN-1853,423.6,202403,KG
Y-GEN-1853,429.06,202404,KG
Y-GEN-1854,229.68,202403,KG
Y-GEN-1854,276.25,202404,KG
Y-GEN-1855,243.86,202403,KG
Y-GEN-1855,279.53,202404,KG
Y-GEN-1856,414.82,202403,KG
Y-GEN-1856,440.28,202404,KG
Y-GEN-1857,144.93,202403,KG
Y-GEN-1857,180.56,202404,KG
Y-GEN-1858,145.48,202403,KG
Y-GEN-1858,141.04,202404,KG
Y-GEN-1859,392.35,202403,KG
Y-GEN-1859,420.23,202404,KG
Y-GEN-1860,223.49,202403,KG
Y-GEN-1860,219.66,202404,KG
Y-GEN-1861,290.01,202403,KG
Y-GEN-1861,370.18,202404,KG
Y-GEN-1862,176.4,202403,KG
Y-GEN-1862,193.22,202404,KG
Y-GEN-1863,322.88,202403,KG
Y-GEN-1863,328.98,202404,KG
Y-GEN-1864,371.88,202403,KG
Y-GEN-1864,419.79,202404,KG
Y-GEN-1865,195.71,202403,KG
Y-GEN-1865,204.73,202404,KG
Y-GEN-1866,408.83,202403,KG
Y-GEN-1866,520.75,202404,KG
Y-GEN-1867,247.57,202403,KG
Y-GEN-1867,239.3,202404,KG
Y-GEN-1868,169.6,202403,KG
Y-GEN-1868,163.09,202404,KG
Y-GEN-1869,421.41,202403,KG
Y-GEN-1869,480.99,202404,KG
Y-GEN-1870,166.73,202403,KG
Y-GEN-1870,176.88,202404,KG
Y-GEN-1871,245.42,202403,KG
Y-GEN-1871,291.37,202404,KG
Y-GEN-1872,344.91,202403,KG
Y-GEN-1872,336.88,202404,KG
Y-GEN-1873,183.61,202403,KG
Y-GEN-1873,206.93,202404,KG
Y-GEN-1874,243.46,202403,KG
Y-GEN-1874,261.5,202404,KG
Y-GEN-1875,252.39,202403,KG
Y-GEN-1875,264.95,202404,KG
Y-GEN-1876,132.47,202403,KG
Y-GEN-1876,139.69,202404,KG
Y-GEN-1877,289.84,202403,KG
Y-GEN-1877,368.29,202404,KG
Y-GEN-1878,411.69,202403,KG
Y-GEN-1878,467.27,202404,KG
Y-GEN-1879,383.98,202403,KG
Y-GEN-1879,444.78,202404,KG
Y-GEN-1880,146.66,202403,KG
Y-GEN-1880,163.29,202404,KG
Y-GEN-1881,121.96,202403,KG
Y-GEN-1881,148.61,202404,KG
Y-GEN-1882,413.65,202403,KG
Y-GEN-1882,453.68,202404,KG
Y-GEN-1883,425.93,202403,KG
Y-GEN-1883,442.52,202404,KG
Y-GEN-1884,352.2,202403,KG
Y-GEN-1884,425.47,202404,KG
Y-GEN-1885,445.1,202403,KG
Y-GEN-1885,570.91,202404,KG
Y-GEN-1886,261.02,202403,KG
Y-GEN-1886,331.89,202404,KG
Y-GEN-1887,265.56,202403,KG
Y-GEN-1887,254.81,202404,KG
Y-GEN-1888,146550.0,202403,TO
Y-GEN-1888,150240.0,202404,TO
Y-GEN-1889,223.54,202403,KG
Y-GEN-1889,223.89,202404,KG
Y-GEN-1890,122.76,202403,KG
Y-GEN-1890,134.72,202404,KG
Y-GEN-1891,239.14,202403,KG
Y-GEN-1891,260.15,202404,KG
Y-GEN-1892,154.69,202403,KG
Y-GEN-1892,168.88,202404,KG
Y-GEN-1893,333.04,202403,KG
Y-GEN-1893,337.65,202404,KG
Y-GEN-1894,345.79,202403,KG
Y-GEN-1894,368.68,202404,KG
Y-GEN-1895,300.78,202403,KG
Y-GEN-1895,323.23,202404,KG
Y-GEN-1896,299.42,202403,KG
Y-GEN-1896,302.98,202404,KG
Y-GEN-1897,153.35,202403,KG
Y-GEN-1897,154.9,202404,KG
Y-GEN-1898,288.97,202403,KG
Y-GEN-1898,371.18,202404,KG
Y-GEN-1899,294.78,202403,KG
Y-GEN-1899,301.51,202404,KG
Y-GEN-1900,226.03,202403,KG
Y-GEN-1900,234.62,202404,KG
Y-GEN-1901,153.68,202403,KG
Y-GEN-1901,159.16,202404,KG
Y-GEN-1902,151.24,202403,KG
Y-GEN-1902,192.3,202404,KG
Y-GEN-1903,310.09,202403,KG
Y-GEN-1903,313.98,202404,KG
Y-GEN-1904,411.64,202403,KG
Y-GEN-1904,457.51,202404,KG
Y-GEN-1905,196.72,202403,KG
Y-GEN-1905,200.16,202404,KG
Y-GEN-1906,169.14,202403,KG
Y-GEN-1906,213.86,202404,KG
Y-GEN-1907,384.78,202403,KG
Y-GEN-1907,413.26,202404,KG
Y-GEN-1908,150.08,202403,KG
Y-GEN-1908,192.0,202404,KG
Y-GEN-1909,206.76,202403,KG
Y-GEN-1909,212.63,202404,KG
Y-GEN-1910,298.91,202403,KG
Y-GEN-1910,314.42,202404,KG
Y-GEN-1911,193.11,202403,KG
Y-GEN-1911,185.72,202404,KG
Y-GEN-1912,132.07,202403,KG
Y-GEN-1912,140.45,202404,KG
Y-GEN-1913,134.91,202403,KG
Y-GEN-1913,149.35,202404,KG
Y-GEN-1914,216.95,202403,KG
Y-GEN-1914,266.28,202404,KG
Y-GEN-1915,263.96,202403,KG
Y-GEN-1915,258.87,202404,KG
Y-GEN-1916,156.01,202403,KG
Y-GEN-1916,160.22,202404,KG
Y-GEN-1917,306.27,202403,KG
Y-GEN-1917,298.19,202404,KG
Y-GEN-1918,435.72,202403,KG
Y-GEN-1918,561.88,202404,KG
Y-GEN-1919,442.87,202403,KG
Y-GEN-1919,548.58,202404,KG
Y-GEN-1920,349.18,202403,KG
Y-GEN-1920,389.56,202404,KG
Y-GEN-1921,287.83,202403,KG
Y-GEN-1921,321.09,202404,KG
Y-GEN-1922,148.21,202403,KG
Y-GEN-1922,164.25,202404,KG
Y-GEN-1923,321.17,202403,KG
Y-GEN-1923,372.72,202404,KG
Y-GEN-1924,281.41,202403,KG
Y-GEN-1924,345.03,202404,KG
Y-GEN-1925,148360.0,202403,TO
Y-GEN-1925,183810.0,202404,TO
Y-GEN-1926,352.12,202403,KG
Y-GEN-1926,400.85,202404,KG
Y-GEN-1927,186.37,202403,KG
Y-GEN-1927,192.66,202404,KG
Y-GEN-1928,189.67,202403,KG
Y-GEN-1928,208.3,202404,KG
Y-GEN-1929,234.03,202403,KG
Y-GEN-1929,276.08,202404,KG
Y-GEN-1930,424.37,202403,KG
Y-GEN-1930,521.71,202404,KG
Y-GEN-1931,374.45,202403,KG
Y-GEN-1931,364.83,202404,KG
Y-GEN-1932,237.42,202403,KG
Y-GEN-1932,236.43,202404,KG
Y-GEN-1933,165.83,202403,KG
Y-GEN-1933,198.05,202404,KG
Y-GEN-1934,170.79,202403,KG
Y-GEN-1934,169.96,202404,KG
Y-GEN-1935,397.22,202403,KG
Y-GEN-1935,463.61,202404,KG
Y-GEN-1936,152.77,202403,KG
Y-GEN-1936,171.33,202404,KG
Y-GEN-1937,433.76,202403,KG
Y-GEN-1937,416.26,202404,KG
Y-GEN-1938,148.83,202403,KG
Y-GEN-1938,150.36,202404,KG
Y-GEN-1939,135.14,202403,KG
Y-GEN-1939,144.67,202404,KG
Y-GEN-1940,359.48,202403,KG
Y-GEN-1940,448.84,202404,KG
Y-GEN-1941,348.01,202403,KG
Y-GEN-1941,385.76,202404,KG
Y-GEN-1942,334.6,202403,KG
Y-GEN-1942,349.59,202404,KG
Y-GEN-1943,300.65,202403,KG
Y-GEN-1943,348.38,202404,KG
Y-GEN-1944,201.55,202403,KG
Y-GEN-1944,241.16,202404,KG
Y-GEN-1945,158.01,202403,KG
Y-GEN-1945,181.27,202404,KG
Y-GEN-1946,308.76,202403,KG
Y-GEN-1946,352.83,202404,KG
Y-GEN-1947,239.62,202403,KG
Y-GEN-1947,230.47,202404,KG
Y-GEN-1948,165.64,202403,KG
Y-GEN-1948,176.15,202404,KG
Y-GEN-1949,250.88,202403,KG
Y-GEN-1949,260.65,202404,KG
Y-GEN-1950,364.76,202403,KG
Y-GEN-1950,395.84,202404,KG
Y-GEN-1951,328.67,202403,KG
Y-GEN-1951,357.83,202404,KG
Y-GEN-1952,417.66,202403,KG
Y-GEN-1952,529.99,202404,KG
Y-GEN-1953,409.69,202403,KG
Y-GEN-1953,390.75,202404,KG
Y-GEN-1954,288.56,202403,KG
Y-GEN-1954,335.78,202404,KG
Y-GEN-1955,432.67,202403,KG
Y-GEN-1955,532.68,202404,KG
Y-GEN-1956,142.81,202403,KG
Y-GEN-1956,160.64,202404,KG
Y-GEN-1957,178.93,202403,KG
Y-GEN-1957,228.45,202404,KG
Y-GEN-1958,121.03,202403,KG
Y-GEN-1958,147.69,202404,KG
Y-GEN-1959,351.98,202403,KG
Y-GEN-1959,445.93,202404,KG
Y-GEN-1960,256.29,202403,KG
Y-GEN-1960,257.15,202404,KG
Y-GEN-1961,297.12,202403,KG
Y-GEN-1961,300.61,202404,KG
Y-GEN-1962,373430.0,202403,TO
Y-GEN-1962,397720.0,202404,TO
Y-GEN-1963,234.07,202403,KG
Y-GEN-1963,264.07,202404,KG
Y-GEN-1964,225.54,202403,KG
Y-GEN-1964,229.31,202404,KG
Y-GEN-1965,162.66,202403,KG
Y-GEN-1965,172.52,202404,KG
Y-GEN-1966,207.7,202403,KG
Y-GEN-1966,247.63,202404,KG
Y-GEN-1967,170.77,202403,KG
Y-GEN-1967,165.88,202404,KG
Y-GEN-1968,207.4,202403,KG
Y-GEN-1968,235.04,202404,KG
Y-GEN-1969,217.52,202403,KG
Y-GEN-1969,281.13,202404,KG
Y-GEN-1970,354.9,202403,KG
Y-GEN-1970,356.59,202404,KG
Y-GEN-1971,375.46,202403,KG
Y-GEN-1971,391.87,202404,KG
Y-GEN-1972,388.94,202403,KG
Y-GEN-1972,411.38,202404,KG
Y-GEN-1973,449.09,202403,KG
Y-GEN-1973,505.15,202404,KG
Y-GEN-1974,408.94,202403,KG
Y-GEN-1974,455.52,202404,KG
Y-GEN-1975,267.82,202403,KG
Y-GEN-1975,326.41,202404,KG
Y-GEN-1976,383.48,202403,KG
Y-GEN-1976,485.42,202404,KG
Y-GEN-1977,401.59,202403,KG
Y-GEN-1977,514.77,202404,KG
Y-GEN-1978,392.54,202403,KG
Y-GEN-1978,385.0,202404,KG
Y-GEN-1979,332.16,202403,KG
Y-GEN-1979,319.45,202404,KG
Y-GEN-1980,448.41,202403,KG
Y-GEN-1980,547.46,202404,KG
Y-GEN-1981,375.24,202403,KG
Y-GEN-1981,441.11,202404,KG
Y-GEN-1982,405.2,202403,KG
Y-GEN-1982,479.12,202404,KG
Y-GEN-1983,193.26,202403,KG
Y-GEN-1983,241.86,202404,KG
Y-GEN-1984,131.91,202403,KG
Y-GEN-1984,138.01,202404,KG
Y-GEN-1985,294.51,202403,KG
Y-GEN-1985,315.18,202404,KG
Y-GEN-1986,442.46,202403,KG
Y-GEN-1986,491.32,202404,KG
Y-GEN-1987,176.79,202403,KG
Y-GEN-1987,170.74,202404,KG
Y-GEN-1988,424.41,202403,KG
Y-GEN-1988,550.87,202404,KG
Y-GEN-1989,337.42,202403,KG
Y-GEN-1989,360.02,202404,KG
Y-GEN-1990,441.33,202403,KG
Y-GEN-1990,565.54,202404,KG
Y-GEN-1991,224.73,202403,KG
Y-GEN-1991,242.29,202404,KG
Y-GEN-1992,331.35,202403,KG
Y-GEN-1992,426.98,202404,KG
Y-GEN-1993,198.19,202403,KG
Y-GEN-1993,201.44,202404,KG
Y-GEN-1994,244.05,202403,KG
Y-GEN-1994,235.99,202404,KG
Y-GEN-1995,447.19,202403,KG
Y-GEN-1995,548.7,202404,KG
Y-GEN-1996,274.38,202403,KG
Y-GEN-1996,330.83,202404,KG
Y-GEN-1997,408.57,202403,KG
Y-GEN-1997,488.5,202404,KG
Y-GEN-1998,360.31,202403,KG
Y-GEN-1998,421.77,202404,KG
Y-GEN-1999,437610.0,202403,TO
Y-GEN-1999,528390.0,202404,TO
Y-GEN-2000,442.81,202403,KG
Y-GEN-2000,457.1,202404,KG
Y-GEN-2001,215.96,202403,KG
Y-GEN-2001,207.19,202404,KG
Y-GEN-2002,338.9,202403,KG
Y-GEN-2002,411.09,202404,KG
Y-GEN-2003,370.42,202403,KG
Y-GEN-2003,397.21,202404,KG
Y-GEN-2004,412.49,202403,KG
Y-GEN-2004,491.85,202404,KG
Y-GEN-2005,151.38,202403,KG
Y-GEN-2005,151.06,202404,KG
Y-GEN-2006,123.47,202403,KG
Y-GEN-2006,150.94,202404,KG
Y-GEN-2007,288.65,202403,KG
Y-GEN-2007,362.53,202404,KG
Y-GEN-2008,442.01,202403,KG
Y-GEN-2008,453.74,202404,KG
Y-GEN-2009,355.11,202403,KG
Y-GEN-2009,444.9,202404,KG
Y-GEN-2010,228.65,202403,KG
Y-GEN-2010,222.42,202404,KG
Y-GEN-2011,374.13,202403,KG
Y-GEN-2011,438.96,202404,KG
Y-GEN-2012,212.29,202403,KG
Y-GEN-2012,249.98,202404,KG
Y-GEN-2013,390.57,202403,KG
Y-GEN-2013,419.33,202404,KG
Y-GEN-2014,359.09,202403,KG
Y-GEN-2014,387.66,202404,KG
Y-GEN-2015,396.68,202403,KG
Y-GEN-2015,397.32,202404,KG
Y-GEN-2016,411.73,202403,KG
Y-GEN-2016,522.78,202404,KG
Y-GEN-2017,263.64,202403,KG
Y-GEN-2017,313.2,202404,KG
Y-GEN-2018,400.85,202403,KG
Y-GEN-2018,515.72,202404,KG
Y-GEN-2019,447.36,202403,KG
Y-GEN-2019,454.69,202404,KG
Y-GEN-2020,370.04,202403,KG
Y-GEN-2020,480.13,202404,KG
Y-GEN-2021,301.77,202403,KG
Y-GEN-2021,333.72,202404,KG
Y-GEN-2022,176.31,202403,KG
Y-GEN-2022,172.08,202404,KG
Y-GEN-2023,184.82,202403,KG
Y-GEN-2023,187.56,202404,KG
Y-GEN-2024,283.22,202403,KG
Y-GEN-2024,287.55,202404,KG
Y-GEN-2025,378.21,202403,KG
Y-GEN-2025,399.15,202404,KG
Y-GEN-2026,300.61,202403,KG
Y-GEN-2026,286.56,202404,KG
Y-GEN-2027,128.19,202403,KG
Y-GEN-2027,134.05,202404,KG
Y-GEN-2028,191.54,202403,KG
Y-GEN-2028,201.33,202404,KG
Y-GEN-2029,249.76,202403,KG
Y-GEN-2029,318.57,202404,KG
Y-GEN-2030,390.73,202403,KG
Y-GEN-2030,439.57,202404,KG
Y-GEN-2031,359.32,202403,KG
Y-GEN-2031,442.1,202404,KG
Y-GEN-2032,398.36,202403,KG
Y-GEN-2032,448.19,202404,KG
Y-GEN-2033,282.86,202403,KG
Y-GEN-2033,316.65,202404,KG
Y-GEN-2034,211.1,202403,KG
Y-GEN-2034,218.45,202404,KG
Y-GEN-2035,206.59,202403,KG
Y-GEN-2035,228.67,202404,KG
Y-GEN-2036,345400.0,202403,TO
Y-GEN-2036,360240.0,202404,TO
Y-GEN-2037,423.64,202403,KG
Y-GEN-2037,520.0,202404,KG
Y-GEN-2038,206.93,202403,KG
Y-GEN-2038,213.94,202404,KG
Y-GEN-2039,391.85,202403,KG
Y-GEN-2039,508.68,202404,KG
Y-GEN-2040,420.21,202403,KG
Y-GEN-2040,420.63,202404,KG
Y-GEN-2041,302.36,202403,KG
Y-GEN-2041,303.16,202404,KG
Y-GEN-2042,343.95,202403,KG
Y-GEN-2042,395.52,202404,KG
Y-GEN-2043,221.42,202403,KG
Y-GEN-2043,253.55,202404,KG
Y-GEN-2044,304.43,202403,KG
Y-GEN-2044,368.81,202404,KG
Y-GEN-2045,437.07,202403,KG
Y-GEN-2045,468.66,202404,KG
Y-GEN-2046,247.75,202403,KG
Y-GEN-2046,267.31,202404,KG
Y-GEN-2047,301.93,202403,KG
Y-GEN-2047,332.66,202404,KG
Y-GEN-2048,410.41,202403,KG
Y-GEN-2048,480.58,202404,KG
Y-GEN-2049,429.99,202403,KG
Y-GEN-2049,510.63,202404,KG
Y-GEN-2050,310.73,202403,KG
Y-GEN-2050,398.99,202404,KG
Y-GEN-2051,438.52,202403,KG
Y-GEN-2051,560.29,202404,KG
Y-GEN-2052,121.02,202403,KG
Y-GEN-2052,148.88,202404,KG
Y-GEN-2053,344.61,202403,KG
Y-GEN-2053,425.91,202404,KG
Y-GEN-2054,150.78,202403,KG
Y-GEN-2054,165.51,202404,KG
Y-GEN-2055,192.52,202403,KG
Y-GEN-2055,234.62,202404,KG
Y-GEN-2056,333.8,202403,KG
Y-GEN-2056,363.17,202404,KG
Y-GEN-2057,190.29,202403,KG
Y-GEN-2057,187.97,202404,KG
Y-GEN-2058,180.67,202403,KG
Y-GEN-2058,225.46,202404,KG
Y-GEN-2059,365.67,202403,KG
Y-GEN-2059,450.11,202404,KG
Y-GEN-2060,211.27,202403,KG
Y-GEN-2060,257.09,202404,KG
Y-GEN-2061,247.61,202403,KG
Y-GEN-2061,260.14,202404,KG
Y-GEN-2062,226.33,202403,KG
Y-GEN-2062,283.22,202404,KG
Y-GEN-2063,411.19,202403,KG
Y-GEN-2063,445.81,202404,KG
Y-GEN-2064,339.14,202403,KG
Y-GEN-2064,361.82,202404,KG
Y-GEN-2065,350.35,202403,KG
Y-GEN-2065,334.21,202404,KG
Y-GEN-2066,339.21,202403,KG
Y-GEN-2066,380.91,202404,KG
Y-GEN-2067,333.54,202403,KG
Y-GEN-2067,349.52,202404,KG
Y-GEN-2068,362.1,202403,KG
Y-GEN-2068,354.07,202404,KG
Y-GEN-2069,418.05,202403,KG
Y-GEN-2069,504.0,202404,KG
Y-GEN-2070,311.97,202403,KG
Y-GEN-2070,308.59,202404,KG
Y-GEN-2071,368.61,202403,KG
Y-GEN-2071,409.57,202404,KG
Y-GEN-2072,194.49,202403,KG
Y-GEN-2072,232.87,202404,KG
Y-GEN-2073,395940.0,202403,TO
Y-GEN-2073,490430.0,202404,TO
Y-GEN-2074,385.75,202403,KG
Y-GEN-2074,470.14,202404,KG
Y-GEN-2075,222.06,202403,KG
Y-GEN-2075,259.51,202404,KG
Y-GEN-2076,144.67,202403,KG
Y-GEN-2076,165.63,202404,KG
Y-GEN-2077,347.15,202403,KG
Y-GEN-2077,349.94,202404,KG
Y-GEN-2078,225.71,202403,KG
Y-GEN-2078,236.33,202404,KG
Y-GEN-2079,330.25,202403,KG
Y-GEN-2079,339.5,202404,KG
Y-GEN-2080,428.36,202403,KG
Y-GEN-2080,462.14,202404,KG
Y-GEN-2081,409.61,202403,KG
Y-GEN-2081,439.51,202404,KG
Y-GEN-2082,324.18,202403,KG
Y-GEN-2082,317.31,202404,KG
Y-GEN-2083,289.04,202403,KG
Y-GEN-2083,305.66,202404,KG
Y-GEN-2084,316.8,202403,KG
Y-GEN-2084,338.77,202404,KG
Y-GEN-2085,123.89,202403,KG
Y-GEN-2085,123.79,202404,KG
Y-GEN-2086,361.1,202403,KG
Y-GEN-2086,384.66,202404,KG
Y-GEN-2087,364.29,202403,KG
Y-GEN-2087,440.27,202404,KG
Y-GEN-2088,338.53,202403,KG
Y-GEN-2088,388.21,202404,KG
Y-GEN-2089,264.73,202403,KG
Y-GEN-2089,286.33,202404,KG
Y-GEN-2090,148.16,202403,KG
Y-GEN-2090,160.46,202404,KG
Y-GEN-2091,224.12,202403,KG
Y-GEN-2091,213.34,202404,KG
Y-GEN-2092,416.74,202403,KG
Y-GEN-2092,472.04,202404,KG
Y-GEN-2093,157.28,202403,KG
Y-GEN-2093,182.2,202404,KG
Y-GEN-2094,399.11,202403,KG
Y-GEN-2094,440.79,202404,KG
Y-GEN-2095,319.71,202403,KG
Y-GEN-2095,316.87,202404,KG
Y-GEN-2096,242.49,202403,KG
Y-GEN-2096,254.02,202404,KG
Y-GEN-2097,369.19,202403,KG
Y-GEN-2097,354.59,202404,KG
Y-GEN-2098,219.72,202403,KG
Y-GEN-2098,247.53,202404,KG
Y-GEN-2099,442.14,202403,KG
Y-GEN-2099,565.08,202404,KG
Y-GEN-2100,438.16,202403,KG
Y-GEN-2100,422.98,202404,KG
Y-GEN-2101,339.07,202403,KG
Y-GEN-2101,424.76,202404,KG
Y-GEN-2102,171.19,202403,KG
Y-GEN-2102,211.7,202404,KG
Y-GEN-2103,360.38,202403,KG
Y-GEN-2103,360.53,202404,KG
Y-GEN-2104,204.14,202403,KG
Y-GEN-2104,195.05,202404,KG
Y-GEN-2105,382.58,202403,KG
Y-GEN-2105,467.55,202404,KG
Y-GEN-2106,198.37,202403,KG
Y-GEN-2106,197.57,202404,KG
Y-GEN-2107,398.09,202403,KG
Y-GEN-2107,415.67,202404,KG
Y-GEN-2108,318.68,202403,KG
Y-GEN-2108,411.82,202404,KG
Y-GEN-2109,217.56,202403,KG
Y-GEN-2109,231.12,202404,KG
Y-GEN-2110,174210.0,202403,TO
Y-GEN-2110,213660.0,202404,TO
Y-GEN-2111,242.3,202403,KG
Y-GEN-2111,236.75,202404,KG
Y-GEN-2112,254.02,202403,KG
Y-GEN-2112,315.55,202404,KG
Y-GEN-2113,218.44,202403,KG
Y-GEN-2113,254.63,202404,KG
Y-GEN-2114,364.08,202403,KG
Y-GEN-2114,363.67,202404,KG
Y-GEN-2115,318.42,202403,KG
Y-GEN-2115,392.03,202404,KG
Y-GEN-2116,359.71,202403,KG
Y-GEN-2116,459.25,202404,KG
Y-GEN-2117,397.33,202403,KG
Y-GEN-2117,475.05,202404,KG
Y-GEN-2118,131.39,202403,KG
Y-GEN-2118,134.32,202404,KG
Y-GEN-2119,151.36,202403,KG
Y-GEN-2119,146.83,202404,KG
Y-GEN-2120,165.95,202403,KG
Y-GEN-2120,181.71,202404,KG
Y-GEN-2121,196.03,202403,KG
Y-GEN-2121,245.37,202404,KG
Y-GEN-2122,242.17,202403,KG
Y-GEN-2122,280.9,202404,KG
Y-GEN-2123,372.51,202403,KG
Y-GEN-2123,416.43,202404,KG
Y-GEN-2124,363.69,202403,KG
Y-GEN-2124,469.56,202404,KG
Y-GEN-2125,430.17,202403,KG
Y-GEN-2125,454.73,202404,KG
Y-GEN-2126,327.2,202403,KG
Y-GEN-2126,414.85,202404,KG
Y-GEN-2127,287.89,202403,KG
Y-GEN-2127,368.96,202404,KG
Y-GEN-2128,270.95,202403,KG
Y-GEN-2128,348.7,202404,KG
Y-GEN-2129,242.43,202403,KG
Y-GEN-2129,286.16,202404,KG
Y-GEN-2130,401.9,202403,KG
Y-GEN-2130,427.11,202404,KG
Y-GEN-2131,239.97,202403,KG
Y-GEN-2131,291.98,202404,KG
Y-GEN-2132,309.94,202403,KG
Y-GEN-2132,333.54,202404,KG
Y-GEN-2133,184.94,202403,KG
Y-GEN-2133,215.83,202404,KG
Y-GEN-2134,173.83,202403,KG
Y-GEN-2134,199.75,202404,KG
Y-GEN-2135,445.37,202403,KG
Y-GEN-2135,506.17,202404,KG
Y-GEN-2136,374.3,202403,KG
Y-GEN-2136,479.37,202404,KG
Y-GEN-2137,339.26,202403,KG
Y-GEN-2137,396.11,202404,KG
Y-GEN-2138,133.47,202403,KG
Y-GEN-2138,139.9,202404,KG
Y-GEN-2139,446.26,202403,KG
Y-GEN-2139,463.2,202404,KG
Y-GEN-2140,359.58,202403,KG
Y-GEN-2140,457.31,202404,KG
Y-GEN-2141,311.55,202403,KG
Y-GEN-2141,304.82,202404,KG
Y-GEN-2142,396.11,202403,KG
Y-GEN-2142,457.44,202404,KG
Y-GEN-2143,184.4,202403,KG
Y-GEN-2143,208.89,202404,KG
Y-GEN-2144,240.55,202403,KG
Y-GEN-2144,304.21,202404,KG
Y-GEN-2145,136.65,202403,KG
Y-GEN-2145,148.25,202404,KG
Y-GEN-2146,299.77,202403,KG
Y-GEN-2146,355.95,202404,KG
Y-GEN-2147,120490.0,202403,TO
Y-GEN-2147,127890.0,202404,TO
Y-GEN-2148,404.56,202403,KG
Y-GEN-2148,440.75,202404,KG
Y-GEN-2149,166.66,202403,KG
Y-GEN-2149,174.57,202404,KG
Y-GEN-2150,161.56,202403,KG
Y-GEN-2150,160.3,202404,KG
Y-GEN-2151,279.6,202403,KG
Y-GEN-2151,287.97,202404,KG
Y-GEN-2152,411.03,202403,KG
Y-GEN-2152,430.99,202404,KG
Y-GEN-2153,247.12,202403,KG
Y-GEN-2153,298.13,202404,KG
Y-GEN-2154,206.5,202403,KG
Y-GEN-2154,247.72,202404,KG
Y-GEN-2155,348.01,202403,KG
Y-GEN-2155,398.78,202404,KG
Y-GEN-2156,392.87,202403,KG
Y-GEN-2156,415.65,202404,KG
Y-GEN-2157,239.94,202403,KG
Y-GEN-2157,265.12,202404,KG
Y-GEN-2158,141.99,202403,KG
Y-GEN-2158,181.81,202404,KG
Y-GEN-2159,219.8,202403,KG
Y-GEN-2159,270.2,202404,KG
Y-GEN-2160,195.18,202403,KG
Y-GEN-2160,235.0,202404,KG
Y-GEN-2161,366.09,202403,KG
Y-GEN-2161,383.22,202404,KG
Y-GEN-2162,446.87,202403,KG
Y-GEN-2162,540.51,202404,KG
Y-GEN-2163,242.59,202403,KG
Y-GEN-2163,291.72,202404,KG
Y-GEN-2164,156.57,202403,KG
Y-GEN-2164,151.62,202404,KG
Y-GEN-2165,393.29,202403,KG
Y-GEN-2165,510.58,202404,KG
Y-GEN-2166,162.62,202403,KG
Y-GEN-2166,183.5,202404,KG
Y-GEN-2167,332.73,202403,KG
Y-GEN-2167,333.88,202404,KG
Y-GEN-2168,157.39,202403,KG
Y-GEN-2168,155.18,202404,KG
Y-GEN-2169,136.91,202403,KG
Y-GEN-2169,134.29,202404,KG
Y-GEN-2170,435.24,202403,KG
Y-GEN-2170,491.15,202404,KG
Y-GEN-2171,426.7,202403,KG
Y-GEN-2171,541.02,202404,KG
Y-GEN-2172,347.16,202403,KG
Y-GEN-2172,365.27,202404,KG
Y-GEN-2173,336.2,202403,KG
Y-GEN-2173,319.42,202404,KG
Y-GEN-2174,332.06,202403,KG
Y-GEN-2174,351.87,202404,KG
Y-GEN-2175,325.19,202403,KG
Y-GEN-2175,417.06,202404,KG
Y-GEN-2176,130.3,202403,KG
Y-GEN-2176,128.58,202404,KG
Y-GEN-2177,298.82,202403,KG
Y-GEN-2177,317.89,202404,KG
Y-GEN-2178,173.98,202403,KG
Y-GEN-2178,170.46,202404,KG
Y-GEN-2179,166.1,202403,KG
Y-GEN-2179,202.97,202404,KG
Y-GEN-2180,164.85,202403,KG
Y-GEN-2180,158.93,202404,KG
Y-GEN-2181,356.37,202403,KG
Y-GEN-2181,456.18,202404,KG
Y-GEN-2182,162.66,202403,KG
Y-GEN-2182,186.64,202404,KG
Y-GEN-2183,373.25,202403,KG
Y-GEN-2183,430.43,202404,KG
Y-GEN-2184,413210.0,202403,TO
Y-GEN-2184,526920.0,202404,TO
Y-GEN-2185,202.93,202403,KG
Y-GEN-2185,205.73,202404,KG
Y-GEN-2186,156.21,202403,KG
Y-GEN-2186,195.73,202404,KG
Y-GEN-2187,418.24,202403,KG
Y-GEN-2187,511.33,202404,KG
Y-GEN-2188,381.57,202403,KG
Y-GEN-2188,363.97,202404,KG
Y-GEN-2189,290.15,202403,KG
Y-GEN-2189,372.16,202404,KG
Y-GEN-2190,443.29,202403,KG
Y-GEN-2190,550.44,202404,KG
Y-GEN-2191,168.34,202403,KG
Y-GEN-2191,214.18,202404,KG
Y-GEN-2192,132.84,202403,KG
Y-GEN-2192,126.6,202404,KG
Y-GEN-2193,363.16,202403,KG
Y-GEN-2193,391.32,202404,KG
Y-GEN-2194,414.33,202403,KG
Y-GEN-2194,532.04,202404,KG
Y-GEN-2195,157.02,202403,KG
Y-GEN-2195,185.66,202404,KG
Y-GEN-2196,302.83,202403,KG
Y-GEN-2196,355.87,202404,KG
Y-GEN-2197,409.93,202403,KG
Y-GEN-2197,419.85,202404,KG
Y-GEN-2198,366.58,202403,KG
Y-GEN-2198,411.47,202404,KG
Y-GEN-2199,433.78,202403,KG
Y-GEN-2199,455.18,202404,KG
Y-GEN-2200,218.67,202403,KG
Y-GEN-2200,246.44,202404,KG
Y-GEN-2201,315.01,202403,KG
Y-GEN-2201,349.31,202404,KG
Y-GEN-2202,171.15,202403,KG
Y-GEN-2202,204.49,202404,KG
Y-GEN-2203,340.18,202403,KG
Y-GEN-2203,392.24,202404,KG
Y-GEN-2204,143.31,202403,KG
Y-GEN-2204,156.47,202404,KG
Y-GEN-2205,376.52,202403,KG
Y-GEN-2205,454.07,202404,KG
Y-GEN-2206,255.48,202403,KG
Y-GEN-2206,302.31,202404,KG
Y-GEN-2207,248.44,202403,KG
Y-GEN-2207,270.19,202404,KG
Y-GEN-2208,327.06,202403,KG
Y-GEN-2208,331.8,202404,KG
Y-GEN-2209,262.01,202403,KG
Y-GEN-2209,310.05,202404,KG
Y-GEN-2210,362.92,202403,KG
Y-GEN-2210,409.93,202404,KG
Y-GEN-2211,164.76,202403,KG
Y-GEN-2211,212.17,202404,KG
Y-GEN-2212,286.13,202403,KG
Y-GEN-2212,336.06,202404,KG
Y-GEN-2213,375.65,202403,KG
Y-GEN-2213,407.11,202404,KG
Y-GEN-2214,350.35,202403,KG
Y-GEN-2214,351.16,202404,KG
Y-GEN-2215,242.26,202403,KG
Y-GEN-2215,284.28,202404,KG
Y-GEN-2216,287.08,202403,KG
Y-GEN-2216,304.75,202404,KG
Y-GEN-2217,250.0,202403,KG
Y-GEN-2217,315.2,202404,KG
Y-GEN-2218,429.0,202403,KG
Y-GEN-2218,471.53,202404,KG
Y-GEN-2219,233.31,202403,KG
Y-GEN-2219,285.61,202404,KG
Y-GEN-2220,217.81,202403,KG
Y-GEN-2220,245.81,202404,KG
Y-GEN-2221,216790.0,202403,TO
Y-GEN-2221,219080.0,202404,TO
Y-GEN-2222,130.04,202403,KG
Y-GEN-2222,139.29,202404,KG
Y-GEN-2223,207.66,202403,KG
Y-GEN-2223,205.45,202404,KG
Y-GEN-2224,445.67,202403,KG
Y-GEN-2224,454.12,202404,KG
Y-GEN-2225,185.77,202403,KG
Y-GEN-2225,233.46,202404,KG
Y-GEN-2226,178.66,202403,KG
Y-GEN-2226,211.59,202404,KG
Y-GEN-2227,373.85,202403,KG
Y-GEN-2227,416.32,202404,KG
Y-GEN-2228,336.52,202403,KG
Y-GEN-2228,413.86,202404,KG
Y-GEN-2229,130.66,202403,KG
Y-GEN-2229,132.83,202404,KG
Y-GEN-2230,268.65,202403,KG
Y-GEN-2230,342.37,202404,KG
Y-GEN-2231,229.59,202403,KG
Y-GEN-2231,240.5,202404,KG
Y-GEN-2232,175.76,202403,KG
Y-GEN-2232,225.13,202404,KG
Y-GEN-2233,419.92,202403,KG
Y-GEN-2233,412.65,202404,KG
Y-GEN-2234,427.25,202403,KG
Y-GEN-2234,431.81,202404,KG
Y-GEN-2235,193.85,202403,KG
Y-GEN-2235,251.6,202404,KG
Y-GEN-2236,436.24,202403,KG
Y-GEN-2236,527.28,202404,KG
Y-GEN-2237,294.45,202403,KG
Y-GEN-2237,344.75,202404,KG
Y-GEN-2238,129.67,202403,KG
Y-GEN-2238,157.08,202404,KG
Y-GEN-2239,321.15,202403,KG
Y-GEN-2239,306.81,202404,KG
Y-GEN-2240,206.08,202403,KG
Y-GEN-2240,206.58,202404,KG
Y-GEN-2241,427.97,202403,KG
Y-GEN-2241,534.25,202404,KG
Y-GEN-2242,263.96,202403,KG
Y-GEN-2242,313.45,202404,KG
Y-GEN-2243,200.74,202403,KG
Y-GEN-2243,236.33,202404,KG
Y-GEN-2244,257.25,202403,KG
Y-GEN-2244,261.83,202404,KG
Y-GEN-2245,326.31,202403,KG
Y-GEN-2245,369.56,202404,KG
Y-GEN-2246,163.67,202403,KG
Y-GEN-2246,186.31,202404,KG
Y-GEN-2247,345.73,202403,KG
Y-GEN-2247,346.16,202404,KG
Y-GEN-2248,446.3,202403,KG
Y-GEN-2248,559.64,202404,KG
Y-GEN-2249,122.36,202403,KG
Y-GEN-2249,146.07,202404,KG
Y-GEN-2250,151.5,202403,KG
Y-GEN-2250,151.86,202404,KG
Y-GEN-2251,156.3,202403,KG
Y-GEN-2251,189.07,202404,KG
Y-GEN-2252,175.57,202403,KG
Y-GEN-2252,196.45,202404,KG
Y-GEN-2253,319.6,202403,KG
Y-GEN-2253,360.97,202404,KG
Y-GEN-2254,241.62,202403,KG
Y-GEN-2254,277.72,202404,KG
Y-GEN-2255,253.45,202403,KG
Y-GEN-2255,296.78,202404,KG
Y-GEN-2256,145.48,202403,KG
Y-GEN-2256,142.68,202404,KG
Y-GEN-2257,424.78,202403,KG
Y-GEN-2257,533.42,202404,KG
Y-GEN-2258,301900.0,202403,TO
Y-GEN-2258,288590.0,202404,TO
Y-GEN-2259,175.24,202403,KG
Y-GEN-2259,173.38,202404,KG
Y-GEN-2260,138.05,202403,KG
Y-GEN-2260,178.18,202404,KG
Y-GEN-2261,438.02,202403,KG
Y-GEN-2261,448.63,202404,KG
Y-GEN-2262,127.02,202403,KG
Y-GEN-2262,131.6,202404,KG
Y-GEN-2263,244.65,202403,KG
Y-GEN-2263,301.06,202404,KG
Y-GEN-2264,160.54,202403,KG
Y-GEN-2264,180.57,202404,KG
Y-GEN-2265,385.7,202403,KG
Y-GEN-2265,388.69,202404,KG
Y-GEN-2266,147.26,202403,KG
Y-GEN-2266,169.04,202404,KG
Y-GEN-2267,385.46,202403,KG
Y-GEN-2267,450.69,202404,KG
Y-GEN-2268,324.72,202403,KG
Y-GEN-2268,399.01,202404,KG
Y-GEN-2269,289.35,202403,KG
Y-GEN-2269,293.93,202404,KG
Y-GEN-2270,120.35,202403,KG
Y-GEN-2270,115.16,202404,KG
Y-GEN-2271,271.52,202403,KG
Y-GEN-2271,270.59,202404,KG
Y-GEN-2272,343.25,202403,KG
Y-GEN-2272,341.8,202404,KG
Y-GEN-2273,386.98,202403,KG
Y-GEN-2273,446.87,202404,KG
Y-GEN-2274,427.51,202403,KG
Y-GEN-2274,493.49,202404,KG
Y-GEN-2275,138.63,202403,KG
Y-GEN-2275,152.57,202404,KG
Y-GEN-2276,120.4,202403,KG
Y-GEN-2276,135.92,202404,KG
Y-GEN-2277,185.0,202403,KG
Y-GEN-2277,216.86,202404,KG
Y-GEN-2278,393.74,202403,KG
Y-GEN-2278,386.55,202404,KG
Y-GEN-2279,243.42,202403,KG
Y-GEN-2279,247.54,202404,KG
Y-GEN-2280,315.12,202403,KG
Y-GEN-2280,390.44,202404,KG
Y-GEN-2281,444.33,202403,KG
Y-GEN-2281,436.12,202404,KG
Y-GEN-2282,334.17,202403,KG
Y-GEN-2282,331.22,202404,KG
Y-GEN-2283,396.14,202403,KG
Y-GEN-2283,482.72,202404,KG
Y-GEN-2284,167.13,202403,KG
Y-GEN-2284,174.66,202404,KG
Y-GEN-2285,448.36,202403,KG
Y-GEN-2285,521.02,202404,KG
Y-GEN-2286,196.07,202403,KG
Y-GEN-2286,191.94,202404,KG
Y-GEN-2287,233.62,202403,KG
Y-GEN-2287,288.55,202404,KG
Y-GEN-2288,182.53,202403,KG
Y-GEN-2288,236.3,202404,KG
Y-GEN-2289,402.28,202403,KG
Y-GEN-2289,398.21,202404,KG
Y-GEN-2290,315.4,202403,KG
Y-GEN-2290,341.66,202404,KG
Y-GEN-2291,320.62,202403,KG
Y-GEN-2291,343.79,202404,KG
Y-GEN-2292,239.03,202403,KG
Y-GEN-2292,252.51,202404,KG
Y-GEN-2293,316.13,202403,KG
Y-GEN-2293,308.67,202404,KG
Y-GEN-2294,426.91,202403,KG
Y-GEN-2294,487.76,202404,KG
Y-GEN-2295,433150.0,202403,TO
Y-GEN-2295,495530.0,202404,TO
Y-GEN-2296,420.76,202403,KG
Y-GEN-2296,472.45,202404,KG
Y-GEN-2297,197.86,202403,KG
Y-GEN-2297,196.55,202404,KG
Y-GEN-2298,353.1,202403,KG
Y-GEN-2298,358.18,202404,KG
Y-GEN-2299,193.51,202403,KG
Y-GEN-2299,244.87,202404,KG
Y-GEN-2300,207.75,202403,KG
Y-GEN-2300,244.45,202404,KG
Y-GEN-2301,350.38,202403,KG
Y-GEN-2301,388.15,202404,KG
Y-GEN-2302,309.37,202403,KG
Y-GEN-2302,397.84,202404,KG
Y-GEN-2303,137.74,202403,KG
Y-GEN-2303,143.74,202404,KG
Y-GEN-2304,355.42,202403,KG
Y-GEN-2304,423.89,202404,KG
Y-GEN-2305,439.32,202403,KG
Y-GEN-2305,460.28,202404,KG
Y-GEN-2306,341.95,202403,KG
Y-GEN-2306,398.46,202404,KG
Y-GEN-2307,385.1,202403,KG
Y-GEN-2307,423.61,202404,KG
Y-GEN-2308,361.83,202403,KG
Y-GEN-2308,433.06,202404,KG
Y-GEN-2309,276.63,202403,KG
Y-GEN-2309,348.39,202404,KG
Y-GEN-2310,369.49,202403,KG
Y-GEN-2310,461.6,202404,KG
Y-GEN-2311,205.49,202403,KG
Y-GEN-2311,218.16,202404,KG
Y-GEN-2312,192.29,202403,KG
Y-GEN-2312,188.26,202404,KG
Y-GEN-2313,329.89,202403,KG
Y-GEN-2313,423.46,202404,KG
Y-GEN-2314,282.81,202403,KG
Y-GEN-2314,358.25,202404,KG
Y-GEN-2315,444.42,202403,KG
Y-GEN-2315,437.49,202404,KG
Y-GEN-2316,393.07,202403,KG
Y-GEN-2316,490.99,202404,KG
Y-GEN-2317,373.96,202403,KG
Y-GEN-2317,415.18,202404,KG
Y-GEN-2318,289.77,202403,KG
Y-GEN-2318,341.72,202404,KG
Y-GEN-2319,390.6,202403,KG
Y-GEN-2319,470.35,202404,KG
Y-GEN-2320,298.18,202403,KG
Y-GEN-2320,330.64,202404,KG
Y-GEN-2321,434.15,202403,KG
Y-GEN-2321,529.01,202404,KG
Y-GEN-2322,232.29,202403,KG
Y-GEN-2322,224.54,202404,KG
Y-GEN-2323,326.58,202403,KG
Y-GEN-2323,319.25,202404,KG
Y-GEN-2324,176.47,202403,KG
Y-GEN-2324,180.55,202404,KG
Y-GEN-2325,407.25,202403,KG
Y-GEN-2325,460.02,202404,KG
Y-GEN-2326,366.57,202403,KG
Y-GEN-2326,377.83,202404,KG
Y-GEN-2327,259.01,202403,KG
Y-GEN-2327,274.92,202404,KG
Y-GEN-2328,323.84,202403,KG
Y-GEN-2328,363.23,202404,KG
Y-GEN-2329,301.48,202403,KG
Y-GEN-2329,308.61,202404,KG
Y-GEN-2330,168.53,202403,KG
Y-GEN-2330,172.81,202404,KG
Y-GEN-2331,228.3,202403,KG
Y-GEN-2331,217.31,202404,KG
Y-GEN-2332,143320.0,202403,TO
Y-GEN-2332,153040.0,202404,TO
Y-GEN-2333,235.02,202403,KG
Y-GEN-2333,236.11,202404,KG
Y-GEN-2334,418.06,202403,KG
Y-GEN-2334,512.78,202404,KG
Y-GEN-2335,406.14,202403,KG
Y-GEN-2335,505.4,202404,KG
Y-GEN-2336,429.52,202403,KG
Y-GEN-2336,458.91,202404,KG
Y-GEN-2337,353.41,202403,KG
Y-GEN-2337,417.65,202404,KG
Y-GEN-2338,146.22,202403,KG
Y-GEN-2338,140.7,202404,KG
Y-GEN-2339,350.03,202403,KG
Y-GEN-2339,399.23,202404,KG
Y-GEN-2340,443.74,202403,KG
Y-GEN-2340,428.08,202404,KG
Y-GEN-2341,279.75,202403,KG
Y-GEN-2341,342.42,202404,KG
Y-GEN-2342,279.2,202403,KG
Y-GEN-2342,277.46,202404,KG
Y-GEN-2343,287.68,202403,KG
Y-GEN-2343,283.49,202404,KG
Y-GEN-2344,361.9,202403,KG
Y-GEN-2344,417.16,202404,KG
Y-GEN-2345,304.14,202403,KG
Y-GEN-2345,342.67,202404,KG
Y-GEN-2346,122.73,202403,KG
Y-GEN-2346,138.8,202404,KG
Y-GEN-2347,304.34,202403,KG
Y-GEN-2347,294.3,202404,KG
Y-GEN-2348,422.58,202403,KG
Y-GEN-2348,434.09,202404,KG
Y-GEN-2349,300.56,202403,KG
Y-GEN-2349,351.84,202404,KG
Y-GEN-2350,153.09,202403,KG
Y-GEN-2350,185.31,202404,KG
Y-GEN-2351,193.02,202403,KG
Y-GEN-2351,243.69,202404,KG
Y-GEN-2352,196.41,202403,KG
Y-GEN-2352,188.1,202404,KG
Y-GEN-2353,250.46,202403,KG
Y-GEN-2353,254.7,202404,KG
Y-GEN-2354,282.76,202403,KG
Y-GEN-2354,324.37,202404,KG
Y-GEN-2355,252.2,202403,KG
Y-GEN-2355,245.91,202404,KG
Y-GEN-2356,175.64,202403,KG
Y-GEN-2356,202.62,202404,KG
Y-GEN-2357,120.59,202403,KG
Y-GEN-2357,120.14,202404,KG
Y-GEN-2358,359.19,202403,KG
Y-GEN-2358,348.81,202404,KG
Y-GEN-2359,275.18,202403,KG
Y-GEN-2359,285.41,202404,KG
Y-GEN-2360,214.64,202403,KG
Y-GEN-2360,225.85,202404,KG
Y-GEN-2361,388.81,202403,KG
Y-GEN-2361,451.78,202404,KG
Y-GEN-2362,320.32,202403,KG
Y-GEN-2362,375.91,202404,KG
Y-GEN-2363,157.3,202403,KG
Y-GEN-2363,158.04,202404,KG
Y-GEN-2364,146.17,202403,KG
Y-GEN-2364,177.89,202404,KG
Y-GEN-2365,266.08,202403,KG
Y-GEN-2365,320.89,202404,KG
Y-GEN-2366,330.34,202403,KG
Y-GEN-2366,398.18,202404,KG
Y-GEN-2367,286.55,202403,KG
Y-GEN-2367,354.08,202404,KG
Y-GEN-2368,209.3,202403,KG
Y-GEN-2368,261.63,202404,KG
Y-GEN-2369,120690.0,202403,TO
Y-GEN-2369,135520.0,202404,TO
Y-GEN-2370,309.79,202403,KG
Y-GEN-2370,303.09,202404,KG
Y-GEN-2371,319.5,202403,KG
Y-GEN-2371,331.76,202404,KG
Y-GEN-2372,176.3,202403,KG
Y-GEN-2372,187.87,202404,KG
Y-GEN-2373,348.48,202403,KG
Y-GEN-2373,411.6,202404,KG
Y-GEN-2374,139.84,202403,KG
Y-GEN-2374,156.62,202404,KG
Y-GEN-2375,189.44,202403,KG
Y-GEN-2375,224.22,202404,KG
Y-GEN-2376,444.8,202403,KG
Y-GEN-2376,545.55,202404,KG
Y-GEN-2377,401.62,202403,KG
Y-GEN-2377,462.72,202404,KG
Y-GEN-2378,307.06,202403,KG
Y-GEN-2378,348.62,202404,KG
Y-GEN-2379,131.23,202403,KG
Y-GEN-2379,139.5,202404,KG
Y-GEN-2380,135.4,202403,KG
Y-GEN-2380,142.72,202404,KG
Y-GEN-2381,418.29,202403,KG
Y-GEN-2381,429.47,202404,KG
Y-GEN-2382,152.47,202403,KG
Y-GEN-2382,192.8,202404,KG
Y-GEN-2383,326.68,202403,KG
Y-GEN-2383,359.45,202404,KG
Y-GEN-2384,129.17,202403,KG
Y-GEN-2384,138.32,202404,KG
Y-GEN-2385,154.7,202403,KG
Y-GEN-2385,184.11,202404,KG
Y-GEN-2386,138.87,202403,KG
Y-GEN-2386,147.16,202404,KG
Y-GEN-2387,431.85,202403,KG
Y-GEN-2387,440.11,202404,KG
Y-GEN-2388,370.97,202403,KG
Y-GEN-2388,477.1,202404,KG
Y-GEN-2389,345.16,202403,KG
Y-GEN-2389,348.16,202404,KG
Y-GEN-2390,201.22,202403,KG
Y-GEN-2390,217.23,202404,KG
Y-GEN-2391,189.43,202403,KG
Y-GEN-2391,230.83,202404,KG
Y-GEN-2392,234.78,202403,KG
Y-GEN-2392,266.79,202404,KG
Y-GEN-2393,320.36,202403,KG
Y-GEN-2393,318.41,202404,KG
Y-GEN-2394,301.4,202403,KG
Y-GEN-2394,326.83,202404,KG
Y-GEN-2395,392.38,202403,KG
Y-GEN-2395,397.97,202404,KG
Y-GEN-2396,307.26,202403,KG
Y-GEN-2396,320.82,202404,KG
Y-GEN-2397,290.31,202403,KG
Y-GEN-2397,362.78,202404,KG
Y-GEN-2398,251.54,202403,KG
Y-GEN-2398,283.62,202404,KG
Y-GEN-2399,217.18,202403,KG
Y-GEN-2399,237.13,202404,KG
Y-GEN-2400,335.97,202403,KG
Y-GEN-2400,381.84,202404,KG
Y-GEN-2401,203.92,202403,KG
Y-GEN-2401,225.14,202404,KG
Y-GEN-2402,193.57,202403,KG
Y-GEN-2402,225.79,202404,KG
Y-GEN-2403,301.99,202403,KG
Y-GEN-2403,346.92,202404,KG
Y-GEN-2404,334.08,202403,KG
Y-GEN-2404,327.17,202404,KG
Y-GEN-2405,260.55,202403,KG
Y-GEN-2405,336.07,202404,KG
Y-GEN-2406,434940.0,202403,TO
Y-GEN-2406,555200.0,202404,TO
Y-GEN-2407,166.9,202403,KG
Y-GEN-2407,169.11,202404,KG
Y-GEN-2408,162.75,202403,KG
Y-GEN-2408,183.97,202404,KG
Y-GEN-2409,146.26,202403,KG
Y-GEN-2409,181.22,202404,KG
Y-GEN-2410,395.5,202403,KG
Y-GEN-2410,378.44,202404,KG
Y-GEN-2411,159.7,202403,KG
Y-GEN-2411,181.43,202404,KG
Y-GEN-2412,391.86,202403,KG
Y-GEN-2412,503.88,202404,KG
Y-GEN-2413,167.83,202403,KG
Y-GEN-2413,204.1,202404,KG
Y-GEN-2414,415.25,202403,KG
Y-GEN-2414,410.74,202404,KG
Y-GEN-2415,212.09,202403,KG
Y-GEN-2415,270.24,202404,KG
Y-GEN-2416,442.59,202403,KG
Y-GEN-2416,452.89,202404,KG
Y-GEN-2417,130.79,202403,KG
Y-GEN-2417,167.56,202404,KG
Y-GEN-2418,376.9,202403,KG
Y-GEN-2418,365.53,202404,KG
Y-GEN-2419,237.2,202403,KG
Y-GEN-2419,286.52,202404,KG
Y-GEN-2420,398.22,202403,KG
Y-GEN-2420,416.68,202404,KG
Y-GEN-2421,391.74,202403,KG
Y-GEN-2421,490.86,202404,KG
Y-GEN-2422,168.22,202403,KG
Y-GEN-2422,185.88,202404,KG
Y-GEN-2423,354.7,202403,KG
Y-GEN-2423,393.13,202404,KG
Y-GEN-2424,324.68,202403,KG
Y-GEN-2424,413.1,202404,KG
Y-GEN-2425,161.25,202403,KG
Y-GEN-2425,182.06,202404,KG
Y-GEN-2426,210.52,202403,KG
Y-GEN-2426,268.39,202404,KG
Y-GEN-2427,122.65,202403,KG
Y-GEN-2427,157.94,202404,KG
Y-GEN-2428,166.65,202403,KG
Y-GEN-2428,189.36,202404,KG
Y-GEN-2429,162.41,202403,KG
Y-GEN-2429,163.9,202404,KG
Y-GEN-2430,128.59,202403,KG
Y-GEN-2430,149.41,202404,KG
Y-GEN-2431,207.78,202403,KG
Y-GEN-2431,200.22,202404,KG
Y-GEN-2432,287.64,202403,KG
Y-GEN-2432,364.6,202404,KG
Y-GEN-2433,161.7,202403,KG
Y-GEN-2433,209.37,202404,KG
Y-GEN-2434,274.48,202403,KG
Y-GEN-2434,327.17,202404,KG
Y-GEN-2435,276.37,202403,KG
Y-GEN-2435,291.2,202404,KG
Y-GEN-2436,255.6,202403,KG
Y-GEN-2436,307.44,202404,KG
Y-GEN-2437,354.77,202403,KG
Y-GEN-2437,457.55,202404,KG
Y-GEN-2438,186.79,202403,KG
Y-GEN-2438,200.77,202404,KG
Y-GEN-2439,392.22,202403,KG
Y-GEN-2439,384.28,202404,KG
Y-GEN-2440,177.18,202403,KG
Y-GEN-2440,197.18,202404,KG
Y-GEN-2441,147.33,202403,KG
Y-GEN-2441,185.18,202404,KG
Y-GEN-2442,347.15,202403,KG
Y-GEN-2442,331.44,202404,KG
Y-GEN-2443,229720.0,202403,TO
Y-GEN-2443,226360.0,202404,TO
Y-GEN-2444,423.83,202403,KG
Y-GEN-2444,517.35,202404,KG
Y-GEN-2445,366.37,202403,KG
Y-GEN-2445,408.11,202404,KG
Y-GEN-2446,421.62,202403,KG
Y-GEN-2446,422.92,202404,KG
Y-GEN-2447,142.7,202403,KG
Y-GEN-2447,141.74,202404,KG
Y-GEN-2448,371.55,202403,KG
Y-GEN-2448,452.09,202404,KG
Y-GEN-2449,314.16,202403,KG
Y-GEN-2449,400.69,202404,KG
Y-GEN-2450,212.04,202403,KG
Y-GEN-2450,262.9,202404,KG
Y-GEN-2451,148.79,202403,KG
Y-GEN-2451,187.05,202404,KG
Y-GEN-2452,250.68,202403,KG
Y-GEN-2452,286.19,202404,KG
Y-GEN-2453,326.46,202403,KG
Y-GEN-2453,406.13,202404,KG
Y-GEN-2454,181.58,202403,KG
Y-GEN-2454,202.53,202404,KG
Y-GEN-2455,337.61,202403,KG
Y-GEN-2455,421.9,202404,KG
Y-GEN-2456,360.15,202403,KG
Y-GEN-2456,449.45,202404,KG
Y-GEN-2457,442.56,202403,KG
Y-GEN-2457,497.66,202404,KG
Y-GEN-2458,275.9,202403,KG
Y-GEN-2458,287.78,202404,KG
Y-GEN-2459,327.52,202403,KG
Y-GEN-2459,402.68,202404,KG
Y-GEN-2460,210.76,202403,KG
Y-GEN-2460,250.17,202404,KG
Y-GEN-2461,411.48,202403,KG
Y-GEN-2461,522.34,202404,KG
Y-GEN-2462,401.29,202403,KG
Y-GEN-2462,392.52,202404,KG
Y-GEN-2463,224.95,202403,KG
Y-GEN-2463,273.37,202404,KG
Y-GEN-2464,183.58,202403,KG
Y-GEN-2464,201.25,202404,KG
Y-GEN-2465,344.22,202403,KG
Y-GEN-2465,385.67,202404,KG
Y-GEN-2466,449.6,202403,KG
Y-GEN-2466,554.4,202404,KG
Y-GEN-2467,154.53,202403,KG
Y-GEN-2467,185.61,202404,KG
Y-GEN-2468,254.71,202403,KG
Y-GEN-2468,264.49,202404,KG
Y-GEN-2469,154.1,202403,KG
Y-GEN-2469,192.88,202404,KG
Y-GEN-2470,168.11,202403,KG
Y-GEN-2470,203.01,202404,KG
Y-GEN-2471,179.48,202403,KG
Y-GEN-2471,180.06,202404,KG
Y-GEN-2472,306.26,202403,KG
Y-GEN-2472,335.79,202404,KG
Y-GEN-2473,193.51,202403,KG
Y-GEN-2473,203.93,202404,KG
Y-GEN-2474,284.29,202403,KG
Y-GEN-2474,356.45,202404,KG
Y-GEN-2475,332.92,202403,KG
Y-GEN-2475,372.1,202404,KG
Y-GEN-2476,305.45,202403,KG
Y-GEN-2476,396.85,202404,KG
Y-GEN-2477,399.33,202403,KG
Y-GEN-2477,515.41,202404,KG
Y-GEN-2478,260.28,202403,KG
Y-GEN-2478,337.42,202404,KG
Y-GEN-2479,272.22,202403,KG
Y-GEN-2479,328.25,202404,KG
Y-GEN-2480,363360.0,202403,TO
Y-GEN-2480,348150.0,202404,TO
Y-GEN-2481,437.89,202403,KG
Y-GEN-2481,557.98,202404,KG
Y-GEN-2482,229.05,202403,KG
Y-GEN-2482,276.05,202404,KG
Y-GEN-2483,241.3,202403,KG
Y-GEN-2483,312.9,202404,KG
Y-GEN-2484,243.22,202403,KG
Y-GEN-2484,283.38,202404,KG
Y-GEN-2485,159.62,202403,KG
Y-GEN-2485,166.22,202404,KG
Y-GEN-2486,170.11,202403,KG
Y-GEN-2486,217.34,202404,KG
Y-GEN-2487,196.21,202403,KG
Y-GEN-2487,195.84,202404,KG
Y-GEN-2488,300.57,202403,KG
Y-GEN-2488,291.83,202404,KG
Y-GEN-2489,264.45,202403,KG
Y-GEN-2489,297.76,202404,KG
Y-GEN-2490,447.68,202403,KG
Y-GEN-2490,581.01,202404,KG
Y-GEN-2491,202.09,202403,KG
Y-GEN-2491,215.02,202404,KG
Y-GEN-2492,195.92,202403,KG
Y-GEN-2492,205.14,202404,KG
Y-GEN-2493,179.27,202403,KG
Y-GEN-2493,177.79,202404,KG
Y-GEN-2494,417.46,202403,KG
Y-GEN-2494,419.36,202404,KG
Y-GEN-2495,303.84,202403,KG
Y-GEN-2495,386.78,202404,KG
Y-GEN-2496,282.82,202403,KG
Y-GEN-2496,326.67,202404,KG
Y-GEN-2497,417.46,202403,KG
Y-GEN-2497,428.51,202404,KG
Y-GEN-2498,228.18,202403,KG
Y-GEN-2498,290.23,202404,KG
Y-GEN-2499,329.52,202403,KG
Y-GEN-2499,426.86,202404,KG
Y-GEN-2500,137.06,202403,KG
Y-GEN-2500,157.88,202404,KG
Y-GEN-2501,353.64,202403,KG
Y-GEN-2501,366.03,202404,KG
Y-GEN-2502,376.33,202403,KG
Y-GEN-2502,394.59,202404,KG
Y-GEN-2503,237.74,202403,KG
Y-GEN-2503,256.91,202404,KG
Y-GEN-2504,287.25,202403,KG
Y-GEN-2504,333.85,202404,KG
Y-GEN-2505,219.74,202403,KG
Y-GEN-2505,227.11,202404,KG
Y-GEN-2506,363.13,202403,KG
Y-GEN-2506,350.53,202404,KG
Y-GEN-2507,411.41,202403,KG
Y-GEN-2507,405.18,202404,KG
Y-GEN-2508,204.53,202403,KG
Y-GEN-2508,195.31,202404,KG
Y-GEN-2509,213.19,202403,KG
Y-GEN-2509,208.03,202404,KG
Y-GEN-2510,269.76,202403,KG
Y-GEN-2510,258.45,202404,KG
Y-GEN-2511,155.82,202403,KG
Y-GEN-2511,152.08,202404,KG
Y-GEN-2512,370.54,202403,KG
Y-GEN-2512,458.12,202404,KG
Y-GEN-2513,313.12,202403,KG
Y-GEN-2513,359.54,202404,KG
Y-GEN-2514,361.4,202403,KG
Y-GEN-2514,350.17,202404,KG
Y-GEN-2515,202.43,202403,KG
Y-GEN-2515,258.17,202404,KG
Y-GEN-2516,247.11,202403,KG
Y-GEN-2516,314.63,202404,KG
Y-GEN-2517,262290.0,202403,TO
Y-GEN-2517,250440.0,202404,TO
Y-GEN-2518,389.3,202403,KG
Y-GEN-2518,445.54,202404,KG
Y-GEN-2519,406.19,202403,KG
Y-GEN-2519,418.29,202404,KG
Y-GEN-2520,213.57,202403,KG
Y-GEN-2520,255.41,202404,KG
Y-GEN-2521,245.98,202403,KG
Y-GEN-2521,306.05,202404,KG
Y-GEN-2522,403.23,202403,KG
Y-GEN-2522,463.51,202404,KG
Y-GEN-2523,202.62,202403,KG
Y-GEN-2523,218.37,202404,KG
Y-GEN-2524,165.53,202403,KG
Y-GEN-2524,215.0,202404,KG
Y-GEN-2525,228.41,202403,KG
Y-GEN-2525,255.67,202404,KG
Y-GEN-2526,168.34,202403,KG
Y-GEN-2526,191.61,202404,KG
Y-GEN-2527,229.37,202403,KG
Y-GEN-2527,275.5,202404,KG
Y-GEN-2528,227.34,202403,KG
Y-GEN-2528,238.33,202404,KG
Y-GEN-2529,212.87,202403,KG
Y-GEN-2529,246.74,202404,KG
Y-GEN-2530,288.27,202403,KG
Y-GEN-2530,373.8,202404,KG
Y-GEN-2531,313.15,202403,KG
Y-GEN-2531,372.72,202404,KG
Y-GEN-2532,191.69,202403,KG
Y-GEN-2532,231.42,202404,KG
Y-GEN-2533,425.29,202403,KG
Y-GEN-2533,533.86,202404,KG
Y-GEN-2534,212.8,202403,KG
Y-GEN-2534,232.66,202404,KG
Y-GEN-2535,139.57,202403,KG
Y-GEN-2535,174.57,202404,KG
Y-GEN-2536,419.69,202403,KG
Y-GEN-2536,518.44,202404,KG
Y-GEN-2537,239.37,202403,KG
Y-GEN-2537,241.13,202404,KG
Y-GEN-2538,350.96,202403,KG
Y-GEN-2538,383.84,202404,KG
Y-GEN-2539,153.61,202403,KG
Y-GEN-2539,195.88,202404,KG
Y-GEN-2540,165.09,202403,KG
Y-GEN-2540,174.18,202404,KG
Y-GEN-2541,156.75,202403,KG
Y-GEN-2541,197.19,202404,KG
Y-GEN-2542,127.16,202403,KG
Y-GEN-2542,127.96,202404,KG
Y-GEN-2543,250.32,202403,KG
Y-GEN-2543,299.99,202404,KG
Y-GEN-2544,435.01,202403,KG
Y-GEN-2544,562.29,202404,KG
Y-GEN-2545,445.33,202403,KG
Y-GEN-2545,519.67,202404,KG
Y-GEN-2546,146.17,202403,KG
Y-GEN-2546,177.79,202404,KG
Y-GEN-2547,268.7,202403,KG
Y-GEN-2547,348.39,202404,KG
Y-GEN-2548,124.58,202403,KG
Y-GEN-2548,137.2,202404,KG
Y-GEN-2549,195.46,202403,KG
Y-GEN-2549,205.99,202404,KG
Y-GEN-2550,288.3,202403,KG
Y-GEN-2550,284.66,202404,KG
Y-GEN-2551,336.11,202403,KG
Y-GEN-2551,421.08,202404,KG
Y-GEN-2552,379.62,202403,KG
Y-GEN-2552,372.24,202404,KG
Y-GEN-2553,160.37,202403,KG
Y-GEN-2553,193.46,202404,KG
Y-GEN-2554,410000.0,202403,TO
Y-GEN-2554,401870.0,202404,TO
Y-GEN-2555,223.29,202403,KG
Y-GEN-2555,253.87,202404,KG
Y-GEN-2556,252.33,202403,KG
Y-GEN-2556,319.38,202404,KG
Y-GEN-2557,292.61,202403,KG
Y-GEN-2557,301.74,202404,KG
Y-GEN-2558,347.34,202403,KG
Y-GEN-2558,439.58,202404,KG
Y-GEN-2559,120.63,202403,KG
Y-GEN-2559,156.19,202404,KG
Y-GEN-2560,322.4,202403,KG
Y-GEN-2560,364.67,202404,KG
Y-GEN-2561,225.41,202403,KG
Y-GEN-2561,281.24,202404,KG
Y-GEN-2562,198.27,202403,KG
Y-GEN-2562,221.34,202404,KG
Y-GEN-2563,135.58,202403,KG
Y-GEN-2563,148.05,202404,KG
Y-GEN-2564,383.36,202403,KG
Y-GEN-2564,442.65,202404,KG
Y-GEN-2565,169.38,202403,KG
Y-GEN-2565,190.89,202404,KG
Y-GEN-2566,388.87,202403,KG
Y-GEN-2566,468.73,202404,KG
Y-GEN-2567,232.71,202403,KG
Y-GEN-2567,232.23,202404,KG
Y-GEN-2568,274.53,202403,KG
Y-GEN-2568,344.15,202404,KG
Y-GEN-2569,299.64,202403,KG
Y-GEN-2569,334.09,202404,KG
Y-GEN-2570,427.34,202403,KG
Y-GEN-2570,433.02,202404,KG
Y-GEN-2571,207.77,202403,KG
Y-GEN-2571,229.2,202404,KG
Y-GEN-2572,316.64,202403,KG
Y-GEN-2572,355.88,202404,KG
Y-GEN-2573,354.19,202403,KG
Y-GEN-2573,437.11,202404,KG
Y-GEN-2574,282.26,202403,KG
Y-GEN-2574,301.43,202404,KG
Y-GEN-2575,231.0,202403,KG
Y-GEN-2575,230.0,202404,KG
Y-GEN-2576,430.7,202403,KG
Y-GEN-2576,422.78,202404,KG
Y-GEN-2577,391.65,202403,KG
Y-GEN-2577,486.43,202404,KG
Y-GEN-2578,410.43,202403,KG
Y-GEN-2578,449.59,202404,KG
Y-GEN-2579,208.03,202403,KG
Y-GEN-2579,241.7,202404,KG
Y-GEN-2580,350.28,202403,KG
Y-GEN-2580,402.5,202404,KG
Y-GEN-2581,424.36,202403,KG
Y-GEN-2581,530.06,202404,KG
Y-GEN-2582,244.75,202403,KG
Y-GEN-2582,311.33,202404,KG
Y-GEN-2583,376.91,202403,KG
Y-GEN-2583,449.47,202404,KG
Y-GEN-2584,216.99,202403,KG
Y-GEN-2584,280.73,202404,KG
Y-GEN-2585,389.26,202403,KG
Y-GEN-2585,499.22,202404,KG
Y-GEN-2586,133.99,202403,KG
Y-GEN-2586,159.96,202404,KG
Y-GEN-2587,406.01,202403,KG
Y-GEN-2587,437.59,202404,KG
Y-GEN-2588,376.92,202403,KG
Y-GEN-2588,486.52,202404,KG
Y-GEN-2589,388.17,202403,KG
Y-GEN-2589,405.52,202404,KG
Y-GEN-2590,320.63,202403,KG
Y-GEN-2590,335.52,202404,KG
Y-GEN-2591,328580.0,202403,TO
Y-GEN-2591,393140.0,202404,TO
Y-GEN-2592,371.57,202403,KG
Y-GEN-2592,445.39,202404,KG
Y-GEN-2593,157.17,202403,KG
Y-GEN-2593,149.88,202404,KG
Y-GEN-2594,122.25,202403,KG
Y-GEN-2594,142.47,202404,KG
Y-GEN-2595,296.3,202403,KG
Y-GEN-2595,329.61,202404,KG
Y-GEN-2596,332.64,202403,KG
Y-GEN-2596,359.77,202404,KG
Y-GEN-2597,345.42,202403,KG
Y-GEN-2597,370.59,202404,KG
Y-GEN-2598,323.76,202403,KG
Y-GEN-2598,342.41,202404,KG
Y-GEN-2599,152.06,202403,KG
Y-GEN-2599,170.72,202404,KG
Y-GEN-2600,315.33,202403,KG
Y-GEN-2600,395.58,202404,KG
Y-GEN-2601,392.25,202403,KG
Y-GEN-2601,425.14,202404,KG
Y-GEN-2602,439.6,202403,KG
Y-GEN-2602,475.16,202404,KG
Y-GEN-2603,436.28,202403,KG
Y-GEN-2603,545.43,202404,KG
Y-GEN-2604,321.61,202403,KG
Y-GEN-2604,313.54,202404,KG
Y-GEN-2605,294.88,202403,KG
Y-GEN-2605,359.23,202404,KG
Y-GEN-2606,356.68,202403,KG
Y-GEN-2606,362.65,202404,KG
Y-GEN-2607,208.38,202403,KG
Y-GEN-2607,251.81,202404,KG
Y-GEN-2608,352.97,202403,KG
Y-GEN-2608,431.05,202404,KG
Y-GEN-2609,181.17,202403,KG
Y-GEN-2609,222.17,202404,KG
Y-GEN-2610,228.66,202403,KG
Y-GEN-2610,239.62,202404,KG
Y-GEN-2611,445.26,202403,KG
Y-GEN-2611,430.12,202404,KG
Y-GEN-2612,235.73,202403,KG
Y-GEN-2612,248.25,202404,KG
Y-GEN-2613,327.11,202403,KG
Y-GEN-2613,367.36,202404,KG
Y-GEN-2614,283.42,202403,KG
Y-GEN-2614,275.2,202404,KG
Y-GEN-2615,432.98,202403,KG
Y-GEN-2615,492.11,202404,KG
Y-GEN-2616,280.2,202403,KG
Y-GEN-2616,337.9,202404,KG
Y-GEN-2617,257.02,202403,KG
Y-GEN-2617,246.85,202404,KG
Y-GEN-2618,269.61,202403,KG
Y-GEN-2618,327.93,202404,KG
Y-GEN-2619,312.67,202403,KG
Y-GEN-2619,392.33,202404,KG
Y-GEN-2620,238.74,202403,KG
Y-GEN-2620,296.61,202404,KG
Y-GEN-2621,415.93,202403,KG
Y-GEN-2621,464.45,202404,KG
Y-GEN-2622,305.0,202403,KG
Y-GEN-2622,380.55,202404,KG
Y-GEN-2623,239.63,202403,KG
Y-GEN-2623,285.23,202404,KG
Y-GEN-2624,154.59,202403,KG
Y-GEN-2624,194.45,202404,KG
Y-GEN-2625,327.53,202403,KG
Y-GEN-2625,330.22,202404,KG
Y-GEN-2626,442.04,202403,KG
Y-GEN-2626,427.54,202404,KG
Y-GEN-2627,291.73,202403,KG
Y-GEN-2627,333.79,202404,KG
Y-GEN-2628,341030.0,202403,TO
Y-GEN-2628,411340.0,202404,TO
Y-GEN-2629,369.07,202403,KG
Y-GEN-2629,407.68,202404,KG
Y-GEN-2630,371.25,202403,KG
Y-GEN-2630,467.45,202404,KG
Y-GEN-2631,132.47,202403,KG
Y-GEN-2631,140.26,202404,KG
Y-GEN-2632,387.38,202403,KG
Y-GEN-2632,374.29,202404,KG
Y-GEN-2633,293.59,202403,KG
Y-GEN-2633,282.37,202404,KG
Y-GEN-2634,444.71,202403,KG
Y-GEN-2634,511.58,202404,KG
Y-GEN-2635,333.0,202403,KG
Y-GEN-2635,393.82,202404,KG
Y-GEN-2636,279.07,202403,KG
Y-GEN-2636,283.76,202404,KG
Y-GEN-2637,125.74,202403,KG
Y-GEN-2637,126.08,202404,KG
Y-GEN-2638,349.78,202403,KG
Y-GEN-2638,376.7,202404,KG
Y-GEN-2639,295.84,202403,KG
Y-GEN-2639,341.85,202404,KG
Y-GEN-2640,413.34,202403,KG
Y-GEN-2640,519.86,202404,KG
Y-GEN-2641,167.15,202403,KG
Y-GEN-2641,159.41,202404,KG
Y-GEN-2642,135.32,202403,KG
Y-GEN-2642,174.16,202404,KG
Y-GEN-2643,377.02,202403,KG
Y-GEN-2643,436.57,202404,KG
Y-GEN-2644,339.6,202403,KG
Y-GEN-2644,402.26,202404,KG
Y-GEN-2645,248.54,202403,KG
Y-GEN-2645,288.09,202404,KG
Y-GEN-2646,365.61,202403,KG
Y-GEN-2646,451.5,202404,KG
Y-GEN-2647,281.37,202403,KG
Y-GEN-2647,294.77,202404,KG
Y-GEN-2648,390.43,202403,KG
Y-GEN-2648,418.06,202404,KG
Y-GEN-2649,355.81,202403,KG
Y-GEN-2649,361.29,202404,KG
Y-GEN-2650,189.77,202403,KG
Y-GEN-2650,237.41,202404,KG
Y-GEN-2651,122.81,202403,KG
Y-GEN-2651,159.35,202404,KG
Y-GEN-2652,350.77,202403,KG
Y-GEN-2652,363.98,202404,KG
Y-GEN-2653,376.22,202403,KG
Y-GEN-2653,415.8,202404,KG
Y-GEN-2654,313.0,202403,KG
Y-GEN-2654,344.12,202404,KG
Y-GEN-2655,346.93,202403,KG
Y-GEN-2655,356.15,202404,KG
Y-GEN-2656,426.9,202403,KG
Y-GEN-2656,534.8,202404,KG
Y-GEN-2657,162.86,202403,KG
Y-GEN-2657,194.76,202404,KG
Y-GEN-2658,239.06,202403,KG
Y-GEN-2658,299.86,202404,KG
Y-GEN-2659,146.06,202403,KG
Y-GEN-2659,179.7,202404,KG
Y-GEN-2660,326.67,202403,KG
Y-GEN-2660,418.02,202404,KG
Y-GEN-2661,292.83,202403,KG
Y-GEN-2661,361.67,202404,KG
Y-GEN-2662,299.32,202403,KG
Y-GEN-2662,358.85,202404,KG
Y-GEN-2663,304.72,202403,KG
Y-GEN-2663,304.25,202404,KG
Y-GEN-2664,208.01,202403,KG
Y-GEN-2664,255.84,202404,KG
Y-GEN-2665,361600.0,202403,TO
Y-GEN-2665,445900.0,202404,TO
Y-GEN-2666,424.77,202403,KG
Y-GEN-2666,491.19,202404,KG
Y-GEN-2667,147.8,202403,KG
Y-GEN-2667,149.9,202404,KG
Y-GEN-2668,413.32,202403,KG
Y-GEN-2668,462.63,202404,KG
Y-GEN-2669,218.36,202403,KG
Y-GEN-2669,223.04,202404,KG
Y-GEN-2670,131.06,202403,KG
Y-GEN-2670,133.55,202404,KG
Y-GEN-2671,232.03,202403,KG
Y-GEN-2671,276.72,202404,KG
Y-GEN-2672,214.16,202403,KG
Y-GEN-2672,203.77,202404,KG
Y-GEN-2673,337.09,202403,KG
Y-GEN-2673,429.75,202404,KG
Y-GEN-2674,183.19,202403,KG
Y-GEN-2674,206.5,202404,KG
Y-GEN-2675,427.12,202403,KG
Y-GEN-2675,442.67,202404,KG
Y-GEN-2676,366.89,202403,KG
Y-GEN-2676,459.42,202404,KG
Y-GEN-2677,258.66,202403,KG
Y-GEN-2677,272.54,202404,KG
Y-GEN-2678,404.06,202403,KG
Y-GEN-2678,389.37,202404,KG
Y-GEN-2679,222.17,202403,KG
Y-GEN-2679,247.83,202404,KG
Y-GEN-2680,381.91,202403,KG
Y-GEN-2680,440.3,202404,KG
Y-GEN-2681,251.72,202403,KG
Y-GEN-2681,258.95,202404,KG
Y-GEN-2682,348.08,202403,KG
Y-GEN-2682,413.59,202404,KG
Y-GEN-2683,397.27,202403,KG
Y-GEN-2683,383.84,202404,KG
Y-GEN-2684,316.76,202403,KG
Y-GEN-2684,354.23,202404,KG
Y-GEN-2685,136.82,202403,KG
Y-GEN-2685,135.9,202404,KG
Y-GEN-2686,126.25,202403,KG
Y-GEN-2686,142.16,202404,KG
Y-GEN-2687,410.15,202403,KG
Y-GEN-2687,484.24,202404,KG
Y-GEN-2688,287.79,202403,KG
Y-GEN-2688,326.89,202404,KG
Y-GEN-2689,172.67,202403,KG
Y-GEN-2689,205.98,202404,KG
Y-GEN-2690,358.91,202403,KG
Y-GEN-2690,379.98,202404,KG
Y-GEN-2691,130.31,202403,KG
Y-GEN-2691,142.79,202404,KG
Y-GEN-2692,231.39,202403,KG
Y-GEN-2692,290.71,202404,KG
Y-GEN-2693,418.05,202403,KG
Y-GEN-2693,407.88,202404,KG
Y-GEN-2694,146.48,202403,KG
Y-GEN-2694,145.55,202404,KG
Y-GEN-2695,159.88,202403,KG
Y-GEN-2695,180.39,202404,KG
Y-GEN-2696,167.19,202403,KG
Y-GEN-2696,213.54,202404,KG
Y-GEN-2697,438.21,202403,KG
Y-GEN-2697,434.69,202404,KG
Y-GEN-2698,167.94,202403,KG
Y-GEN-2698,181.61,202404,KG
Y-GEN-2699,143.19,202403,KG
Y-GEN-2699,142.33,202404,KG
Y-GEN-2700,393.15,202403,KG
Y-GEN-2700,479.92,202404,KG
Y-GEN-2701,299.67,202403,KG
Y-GEN-2701,371.99,202404,KG
Y-GEN-2702,127010.0,202403,TO
Y-GEN-2702,154620.0,202404,TO
Y-GEN-2703,318.01,202403,KG
Y-GEN-2703,369.77,202404,KG
Y-GEN-2704,436.68,202403,KG
Y-GEN-2704,556.33,202404,KG
Y-GEN-2705,292.23,202403,KG
Y-GEN-2705,348.31,202404,KG
Y-GEN-2706,276.34,202403,KG
Y-GEN-2706,322.58,202404,KG
Y-GEN-2707,130.08,202403,KG
Y-GEN-2707,132.84,202404,KG
Y-GEN-2708,256.2,202403,KG
Y-GEN-2708,246.0,202404,KG
Y-GEN-2709,271.38,202403,KG
Y-GEN-2709,300.44,202404,KG
Y-GEN-2710,249.71,202403,KG
Y-GEN-2710,260.53,202404,KG
Y-GEN-2711,438.63,202403,KG
Y-GEN-2711,425.94,202404,KG
Y-GEN-2712,177.8,202403,KG
Y-GEN-2712,193.05,202404,KG
Y-GEN-2713,234.94,202403,KG
Y-GEN-2713,289.46,202404,KG
Y-GEN-2714,177.97,202403,KG
Y-GEN-2714,169.37,202404,KG
Y-GEN-2715,209.64,202403,KG
Y-GEN-2715,236.56,202404,KG
Y-GEN-2716,213.9,202403,KG
Y-GEN-2716,251.18,202404,KG
Y-GEN-2717,146.39,202403,KG
Y-GEN-2717,176.44,202404,KG
Y-GEN-2718,138.52,202403,KG
Y-GEN-2718,157.1,202404,KG
Y-GEN-2719,169.1,202403,KG
Y-GEN-2719,173.52,202404,KG
Y-GEN-2720,285.6,202403,KG
Y-GEN-2720,347.69,202404,KG
Y-GEN-2721,183.79,202403,KG
Y-GEN-2721,204.8,202404,KG
Y-GEN-2722,161.39,202403,KG
Y-GEN-2722,159.19,202404,KG
Y-GEN-2723,288.76,202403,KG
Y-GEN-2723,338.19,202404,KG
Y-GEN-2724,333.02,202403,KG
Y-GEN-2724,381.04,202404,KG
Y-GEN-2725,348.84,202403,KG
Y-GEN-2725,440.09,202404,KG
Y-GEN-2726,351.97,202403,KG
Y-GEN-2726,372.96,202404,KG
Y-GEN-2727,199.49,202403,KG
Y-GEN-2727,257.28,202404,KG
Y-GEN-2728,324.99,202403,KG
Y-GEN-2728,363.21,202404,KG
Y-GEN-2729,429.85,202403,KG
Y-GEN-2729,511.46,202404,KG
Y-GEN-2730,205.39,202403,KG
Y-GEN-2730,245.97,202404,KG
Y-GEN-2731,253.72,202403,KG
Y-GEN-2731,315.45,202404,KG
Y-GEN-2732,297.7,202403,KG
Y-GEN-2732,339.9,202404,KG
Y-GEN-2733,137.64,202403,KG
Y-GEN-2733,144.3,202404,KG
Y-GEN-2734,143.38,202403,KG
Y-GEN-2734,184.79,202404,KG
Y-GEN-2735,316.68,202403,KG
Y-GEN-2735,392.51,202404,KG
Y-GEN-2736,228.98,202403,KG
Y-GEN-2736,294.84,202404,KG
Y-GEN-2737,400.23,202403,KG
Y-GEN-2737,462.38,202404,KG
Y-GEN-2738,332.82,202403,KG
Y-GEN-2738,343.84,202404,KG
Y-GEN-2739,141100.0,202403,TO
Y-GEN-2739,177470.0,202404,TO
Y-GEN-2740,204.35,202403,KG
Y-GEN-2740,240.24,202404,KG
Y-GEN-2741,210.88,202403,KG
Y-GEN-2741,273.16,202404,KG
Y-GEN-2742,327.43,202403,KG
Y-GEN-2742,408.82,202404,KG
Y-GEN-2743,437.86,202403,KG
Y-GEN-2743,501.54,202404,KG
Y-GEN-2744,372.56,202403,KG
Y-GEN-2744,469.27,202404,KG
Y-GEN-2745,147.22,202403,KG
Y-GEN-2745,160.96,202404,KG
Y-GEN-2746,303.07,202403,KG
Y-GEN-2746,339.67,202404,KG
Y-GEN-2747,373.0,202403,KG
Y-GEN-2747,390.38,202404,KG
Y-GEN-2748,407.83,202403,KG
Y-GEN-2748,398.6,202404,KG
Y-GEN-2749,152.16,202403,KG
Y-GEN-2749,150.99,202404,KG
Y-GEN-2750,352.97,202403,KG
Y-GEN-2750,407.44,202404,KG
Y-GEN-2751,223.51,202403,KG
Y-GEN-2751,260.05,202404,KG
Y-GEN-2752,373.75,202403,KG
Y-GEN-2752,425.09,202404,KG
Y-GEN-2753,399.49,202403,KG
Y-GEN-2753,394.61,202404,KG
Y-GEN-2754,164.61,202403,KG
Y-GEN-2754,172.96,202404,KG
Y-GEN-2755,249.71,202403,KG
Y-GEN-2755,294.64,202404,KG
Y-GEN-2756,434.19,202403,KG
Y-GEN-2756,496.92,202404,KG
Y-GEN-2757,268.53,202403,KG
Y-GEN-2757,305.73,202404,KG
Y-GEN-2758,297.33,202403,KG
Y-GEN-2758,347.41,202404,KG
Y-GEN-2759,284.82,202403,KG
Y-GEN-2759,349.74,202404,KG
Y-GEN-2760,282.53,202403,KG
Y-GEN-2760,270.57,202404,KG
Y-GEN-2761,305.32,202403,KG
Y-GEN-2761,315.45,202404,KG
Y-GEN-2762,174.94,202403,KG
Y-GEN-2762,227.27,202404,KG
Y-GEN-2763,179.47,202403,KG
Y-GEN-2763,179.63,202404,KG
Y-GEN-2764,329.63,202403,KG
Y-GEN-2764,424.73,202404,KG
Y-GEN-2765,165.57,202403,KG
Y-GEN-2765,207.21,202404,KG
Y-GEN-2766,235.61,202403,KG
Y-GEN-2766,236.22,202404,KG
Y-GEN-2767,208.84,202403,KG
Y-GEN-2767,258.73,202404,KG
Y-GEN-2768,220.56,202403,KG
Y-GEN-2768,218.96,202404,KG
Y-GEN-2769,354.32,202403,KG
Y-GEN-2769,457.13,202404,KG
Y-GEN-2770,306.85,202403,KG
Y-GEN-2770,304.95,202404,KG
Y-GEN-2771,404.75,202403,KG
Y-GEN-2771,431.42,202404,KG
Y-GEN-2772,448.9,202403,KG
Y-GEN-2772,495.45,202404,KG
Y-GEN-2773,317.99,202403,KG
Y-GEN-2773,359.4,202404,KG
Y-GEN-2774,134.08,202403,KG
Y-GEN-2774,141.75,202404,KG
Y-GEN-2775,316.06,202403,KG
Y-GEN-2775,350.58,202404,KG
Y-GEN-2776,284200.0,202403,TO
Y-GEN-2776,282970.0,202404,TO
Y-GEN-2777,191.62,202403,KG
Y-GEN-2777,182.89,202404,KG
Y-GEN-2778,278.25,202403,KG
Y-GEN-2778,352.21,202404,KG
Y-GEN-2779,394.06,202403,KG
Y-GEN-2779,454.11,202404,KG
Y-GEN-2780,437.53,202403,KG
Y-GEN-2780,485.16,202404,KG
Y-GEN-2781,394.76,202403,KG
Y-GEN-2781,437.53,202404,KG
Y-GEN-2782,395.18,202403,KG
Y-GEN-2782,448.64,202404,KG
Y-GEN-2783,207.2,202403,KG
Y-GEN-2783,216.99,202404,KG
Y-GEN-2784,276.38,202403,KG
Y-GEN-2784,332.25,202404,KG
Y-GEN-2785,446.67,202403,KG
Y-GEN-2785,487.91,202404,KG
Y-GEN-2786,273.83,202403,KG
Y-GEN-2786,351.73,202404,KG
Y-GEN-2787,343.45,202403,KG
Y-GEN-2787,340.53,202404,KG
Y-GEN-2788,213.2,202403,KG
Y-GEN-2788,254.99,202404,KG
Y-GEN-2789,342.55,202403,KG
Y-GEN-2789,410.86,202404,KG
Y-GEN-2790,431.04,202403,KG
Y-GEN-2790,502.6,202404,KG
Y-GEN-2791,380.4,202403,KG
Y-GEN-2791,386.18,202404,KG
Y-GEN-2792,361.31,202403,KG
Y-GEN-2792,417.24,202404,KG
Y-GEN-2793,367.11,202403,KG
Y-GEN-2793,448.88,202404,KG
Y-GEN-2794,296.14,202403,KG
Y-GEN-2794,366.71,202404,KG
Y-GEN-2795,133.55,202403,KG
Y-GEN-2795,143.35,202404,KG
Y-GEN-2796,422.06,202403,KG
Y-GEN-2796,464.17,202404,KG
Y-GEN-2797,157.97,202403,KG
Y-GEN-2797,196.03,202404,KG
Y-GEN-2798,337.25,202403,KG
Y-GEN-2798,345.19,202404,KG
Y-GEN-2799,295.75,202403,KG
Y-GEN-2799,314.76,202404,KG
Y-GEN-2800,290.73,202403,KG
Y-GEN-2800,343.79,202404,KG
Y-GEN-2801,381.79,202403,KG
Y-GEN-2801,367.43,202404,KG
Y-GEN-2802,328.2,202403,KG
Y-GEN-2802,413.52,202404,KG
Y-GEN-2803,399.81,202403,KG
Y-GEN-2803,463.55,202404,KG
Y-GEN-2804,375.99,202403,KG
Y-GEN-2804,391.83,202404,KG
Y-GEN-2805,342.82,202403,KG
Y-GEN-2805,400.0,202404,KG
Y-GEN-2806,442.7,202403,KG
Y-GEN-2806,476.4,202404,KG
Y-GEN-2807,412.26,202403,KG
Y-GEN-2807,462.67,202404,KG
Y-GEN-2808,162.14,202403,KG
Y-GEN-2808,177.24,202404,KG
Y-GEN-2809,250.82,202403,KG
Y-GEN-2809,243.42,202404,KG
Y-GEN-2810,257.19,202403,KG
Y-GEN-2810,305.98,202404,KG
Y-GEN-2811,367.39,202403,KG
Y-GEN-2811,405.94,202404,KG
Y-GEN-2812,162.8,202403,KG
Y-GEN-2812,207.8,202404,KG
Y-GEN-2813,277430.0,202403,TO
Y-GEN-2813,319890.0,202404,TO
Y-GEN-2814,151.05,202403,KG
Y-GEN-2814,157.74,202404,KG
Y-GEN-2815,172.75,202403,KG
Y-GEN-2815,203.43,202404,KG
Y-GEN-2816,290.25,202403,KG
Y-GEN-2816,374.68,202404,KG
Y-GEN-2817,392.39,202403,KG
Y-GEN-2817,495.69,202404,KG
Y-GEN-2818,150.82,202403,KG
Y-GEN-2818,179.41,202404,KG
Y-GEN-2819,261.46,202403,KG
Y-GEN-2819,274.81,202404,KG
Y-GEN-2820,248.0,202403,KG
Y-GEN-2820,313.31,202404,KG
Y-GEN-2821,445.39,202403,KG
Y-GEN-2821,429.33,202404,KG
Y-GEN-2822,155.79,202403,KG
Y-GEN-2822,159.13,202404,KG
Y-GEN-2823,412.79,202403,KG
Y-GEN-2823,463.63,202404,KG
Y-GEN-2824,176.52,202403,KG
Y-GEN-2824,191.83,202404,KG
Y-GEN-2825,165.44,202403,KG
Y-GEN-2825,165.67,202404,KG
Y-GEN-2826,270.74,202403,KG
Y-GEN-2826,262.38,202404,KG
Y-GEN-2827,217.6,202403,KG
Y-GEN-2827,224.44,202404,KG
Y-GEN-2828,372.36,202403,KG
Y-GEN-2828,458.77,202404,KG
Y-GEN-2829,346.29,202403,KG
Y-GEN-2829,437.64,202404,KG
Y-GEN-2830,348.99,202403,KG
Y-GEN-2830,348.7,202404,KG
Y-GEN-2831,393.24,202403,KG
Y-GEN-2831,497.79,202404,KG
Y-GEN-2832,242.42,202403,KG
Y-GEN-2832,287.67,202404,KG
Y-GEN-2833,288.9,202403,KG
Y-GEN-2833,280.69,202404,KG
Y-GEN-2834,356.49,202403,KG
Y-GEN-2834,395.97,202404,KG
Y-GEN-2835,325.8,202403,KG
Y-GEN-2835,388.65,202404,KG
Y-GEN-2836,243.66,202403,KG
Y-GEN-2836,281.38,202404,KG
Y-GEN-2837,318.91,202403,KG
Y-GEN-2837,356.16,202404,KG
Y-GEN-2838,234.25,202403,KG
Y-GEN-2838,284.73,202404,KG
Y-GEN-2839,296.83,202403,KG
Y-GEN-2839,325.72,202404,KG
Y-GEN-2840,218.1,202403,KG
Y-GEN-2840,242.63,202404,KG
Y-GEN-2841,300.28,202403,KG
Y-GEN-2841,387.07,202404,KG
Y-GEN-2842,226.48,202403,KG
Y-GEN-2842,244.43,202404,KG
Y-GEN-2843,150.2,202403,KG
Y-GEN-2843,170.77,202404,KG
Y-GEN-2844,306.27,202403,KG
Y-GEN-2844,361.0,202404,KG
Y-GEN-2845,196.01,202403,KG
Y-GEN-2845,242.67,202404,KG
Y-GEN-2846,212.51,202403,KG
Y-GEN-2846,216.98,202404,KG
Y-GEN-2847,234.28,202403,KG
Y-GEN-2847,239.57,202404,KG
Y-GEN-2848,410.22,202403,KG
Y-GEN-2848,496.04,202404,KG
Y-GEN-2849,175.85,202403,KG
Y-GEN-2849,185.09,202404,KG
Y-GEN-2850,406900.0,202403,TO
Y-GEN-2850,397530.0,202404,TO
Y-GEN-2851,355.88,202403,KG
Y-GEN-2851,345.31,202404,KG
Y-GEN-2852,358.01,202403,KG
Y-GEN-2852,383.58,202404,KG
Y-GEN-2853,356.54,202403,KG
Y-GEN-2853,430.59,202404,KG
Y-GEN-2854,365.91,202403,KG
Y-GEN-2854,383.63,202404,KG
Y-GEN-2855,176.43,202403,KG
Y-GEN-2855,226.28,202404,KG
Y-GEN-2856,201.3,202403,KG
Y-GEN-2856,210.68,202404,KG
Y-GEN-2857,201.15,202403,KG
Y-GEN-2857,212.64,202404,KG
Y-GEN-2858,256.57,202403,KG
Y-GEN-2858,325.47,202404,KG
Y-GEN-2859,287.72,202403,KG
Y-GEN-2859,347.24,202404,KG
Y-GEN-2860,318.96,202403,KG
Y-GEN-2860,326.72,202404,KG
Y-GEN-2861,224.78,202403,KG
Y-GEN-2861,261.94,202404,KG
Y-GEN-2862,256.09,202403,KG
Y-GEN-2862,307.53,202404,KG
Y-GEN-2863,237.91,202403,KG
Y-GEN-2863,288.9,202404,KG
Y-GEN-2864,439.69,202403,KG
Y-GEN-2864,452.49,202404,KG
Y-GEN-2865,253.3,202403,KG
Y-GEN-2865,251.49,202404,KG
Y-GEN-2866,282.65,202403,KG
Y-GEN-2866,325.49,202404,KG
Y-GEN-2867,325.47,202403,KG
Y-GEN-2867,401.24,202404,KG
Y-GEN-2868,206.07,202403,KG
Y-GEN-2868,230.28,202404,KG
Y-GEN-2869,399.9,202403,KG
Y-GEN-2869,435.21,202404,KG
Y-GEN-2870,326.59,202403,KG
Y-GEN-2870,386.22,202404,KG
Y-GEN-2871,274.26,202403,KG
Y-GEN-2871,260.93,202404,KG
Y-GEN-2872,268.2,202403,KG
Y-GEN-2872,346.41,202404,KG
Y-GEN-2873,207.63,202403,KG
Y-GEN-2873,204.25,202404,KG
Y-GEN-2874,120.84,202403,KG
Y-GEN-2874,122.84,202404,KG
Y-GEN-2875,241.39,202403,KG
Y-GEN-2875,272.6,202404,KG
Y-GEN-2876,245.57,202403,KG
Y-GEN-2876,250.0,202404,KG
Y-GEN-2877,130.25,202403,KG
Y-GEN-2877,127.36,202404,KG
Y-GEN-2878,373.82,202403,KG
Y-GEN-2878,449.16,202404,KG
Y-GEN-2879,277.25,202403,KG
Y-GEN-2879,318.01,202404,KG
Y-GEN-2880,445.36,202403,KG
Y-GEN-2880,446.56,202404,KG
Y-GEN-2881,417.85,202403,KG
Y-GEN-2881,460.64,202404,KG
Y-GEN-2882,350.9,202403,KG
Y-GEN-2882,346.83,202404,KG
Y-GEN-2883,430.39,202403,KG
Y-GEN-2883,441.6,202404,KG
Y-GEN-2884,164.93,202403,KG
Y-GEN-2884,168.52,202404,KG
Y-GEN-2885,319.42,202403,KG
Y-GEN-2885,314.2,202404,KG
Y-GEN-2886,407.86,202403,KG
Y-GEN-2886,390.9,202404,KG
Y-GEN-2887,424020.0,202403,TO
Y-GEN-2887,426510.0,202404,TO
Y-GEN-2888,441.8,202403,KG
Y-GEN-2888,430.66,202404,KG
Y-GEN-2889,236.67,202403,KG
Y-GEN-2889,242.76,202404,KG
Y-GEN-2890,433.55,202403,KG
Y-GEN-2890,444.93,202404,KG
Y-GEN-2891,262.5,202403,KG
Y-GEN-2891,253.05,202404,KG
Y-GEN-2892,299.25,202403,KG
Y-GEN-2892,380.84,202404,KG
Y-GEN-2893,182.88,202403,KG
Y-GEN-2893,200.64,202404,KG
Y-GEN-2894,284.3,202403,KG
Y-GEN-2894,352.5,202404,KG
Y-GEN-2895,278.99,202403,KG
Y-GEN-2895,294.19,202404,KG
Y-GEN-2896,135.65,202403,KG
Y-GEN-2896,164.03,202404,KG
Y-GEN-2897,135.86,202403,KG
Y-GEN-2897,137.55,202404,KG
Y-GEN-2898,325.61,202403,KG
Y-GEN-2898,413.79,202404,KG
Y-GEN-2899,345.23,202403,KG
Y-GEN-2899,427.6,202404,KG
Y-GEN-2900,145.57,202403,KG
Y-GEN-2900,171.09,202404,KG
Y-GEN-2901,446.7,202403,KG
Y-GEN-2901,577.37,202404,KG
Y-GEN-2902,270.48,202403,KG
Y-GEN-2902,345.95,202404,KG
Y-GEN-2903,405.55,202403,KG
Y-GEN-2903,461.58,202404,KG
Y-GEN-2904,204.46,202403,KG
Y-GEN-2904,237.19,202404,KG
Y-GEN-2905,163.75,202403,KG
Y-GEN-2905,191.84,202404,KG
Y-GEN-2906,267.62,202403,KG
Y-GEN-2906,313.12,202404,KG
Y-GEN-2907,396.05,202403,KG
Y-GEN-2907,474.15,202404,KG
Y-GEN-2908,345.31,202403,KG
Y-GEN-2908,384.92,202404,KG
Y-GEN-2909,206.89,202403,KG
Y-GEN-2909,223.69,202404,KG
Y-GEN-2910,387.7,202403,KG
Y-GEN-2910,474.0,202404,KG
Y-GEN-2911,151.8,202403,KG
Y-GEN-2911,160.1,202404,KG
Y-GEN-2912,243.43,202403,KG
Y-GEN-2912,257.58,202404,KG
Y-GEN-2913,290.72,202403,KG
Y-GEN-2913,352.05,202404,KG
Y-GEN-2914,128.13,202403,KG
Y-GEN-2914,138.74,202404,KG
Y-GEN-2915,447.82,202403,KG
Y-GEN-2915,573.0,202404,KG
Y-GEN-2916,220.44,202403,KG
Y-GEN-2916,228.36,202404,KG
Y-GEN-2917,198.82,202403,KG
Y-GEN-2917,216.35,202404,KG
Y-GEN-2918,260.09,202403,KG
Y-GEN-2918,273.0,202404,KG
Y-GEN-2919,157.21,202403,KG
Y-GEN-2919,193.79,202404,KG
Y-GEN-2920,419.06,202403,KG
Y-GEN-2920,439.3,202404,KG
Y-GEN-2921,321.93,202403,KG
Y-GEN-2921,345.63,202404,KG
Y-GEN-2922,409.32,202403,KG
Y-GEN-2922,455.27,202404,KG
Y-GEN-2923,237.02,202403,KG
Y-GEN-2923,245.6,202404,KG
Y-GEN-2924,389610.0,202403,TO
Y-GEN-2924,427990.0,202404,TO
Y-GEN-2925,345.71,202403,KG
Y-GEN-2925,425.6,202404,KG
Y-GEN-2926,346.0,202403,KG
Y-GEN-2926,366.73,202404,KG
Y-GEN-2927,121.78,202403,KG
Y-GEN-2927,130.22,202404,KG
Y-GEN-2928,313.71,202403,KG
Y-GEN-2928,317.52,202404,KG
Y-GEN-2929,186.52,202403,KG
Y-GEN-2929,241.77,202404,KG
Y-GEN-2930,362.95,202403,KG
Y-GEN-2930,385.45,202404,KG
Y-GEN-2931,258.46,202403,KG
Y-GEN-2931,314.55,202404,KG
Y-GEN-2932,160.44,202403,KG
Y-GEN-2932,165.2,202404,KG
Y-GEN-2933,327.73,202403,KG
Y-GEN-2933,417.36,202404,KG
Y-GEN-2934,257.35,202403,KG
Y-GEN-2934,332.59,202404,KG
Y-GEN-2935,194.48,202403,KG
Y-GEN-2935,233.64,202404,KG
Y-GEN-2936,328.61,202403,KG
Y-GEN-2936,380.54,202404,KG
Y-GEN-2937,420.44,202403,KG
Y-GEN-2937,449.82,202404,KG
Y-GEN-2938,198.78,202403,KG
Y-GEN-2938,245.6,202404,KG
Y-GEN-2939,183.62,202403,KG
Y-GEN-2939,195.55,202404,KG
Y-GEN-2940,132.09,202403,KG
Y-GEN-2940,159.98,202404,KG
Y-GEN-2941,404.16,202403,KG
Y-GEN-2941,449.72,202404,KG
Y-GEN-2942,237.62,202403,KG
Y-GEN-2942,252.28,202404,KG
Y-GEN-2943,404.03,202403,KG
Y-GEN-2943,496.03,202404,KG
Y-GEN-2944,352.13,202403,KG
Y-GEN-2944,428.97,202404,KG
Y-GEN-2945,361.81,202403,KG
Y-GEN-2945,366.75,202404,KG
Y-GEN-2946,406.42,202403,KG
Y-GEN-2946,515.94,202404,KG
Y-GEN-2947,430.41,202403,KG
Y-GEN-2947,411.13,202404,KG
Y-GEN-2948,274.84,202403,KG
Y-GEN-2948,335.26,202404,KG
Y-GEN-2949,142.32,202403,KG
Y-GEN-2949,171.95,202404,KG
Y-GEN-2950,321.99,202403,KG
Y-GEN-2950,407.29,202404,KG
Y-GEN-2951,151.0,202403,KG
Y-GEN-2951,149.25,202404,KG
Y-GEN-2952,157.26,202403,KG
Y-GEN-2952,178.85,202404,KG
Y-GEN-2953,348.94,202403,KG
Y-GEN-2953,449.11,202404,KG
Y-GEN-2954,381.03,202403,KG
Y-GEN-2954,442.77,202404,KG
Y-GEN-2955,356.66,202403,KG
Y-GEN-2955,346.48,202404,KG
Y-GEN-2956,333.56,202403,KG
Y-GEN-2956,375.42,202404,KG
Y-GEN-2957,282.36,202403,KG
Y-GEN-2957,295.88,202404,KG
Y-GEN-2958,241.09,202403,KG
Y-GEN-2958,280.51,202404,KG
Y-GEN-2959,413.92,202403,KG
Y-GEN-2959,448.92,202404,KG
Y-GEN-2960,353.94,202403,KG
Y-GEN-2960,404.23,202404,KG
Y-GEN-2961,442250.0,202403,TO
Y-GEN-2961,535720.0,202404,TO
Y-GEN-2962,397.52,202403,KG
Y-GEN-2962,458.83,202404,KG
Y-GEN-2963,412.17,202403,KG
Y-GEN-2963,488.51,202404,KG
Y-GEN-2964,300.7,202403,KG
Y-GEN-2964,340.84,202404,KG
Y-GEN-2965,179.66,202403,KG
Y-GEN-2965,218.53,202404,KG
Y-GEN-2966,224.79,202403,KG
Y-GEN-2966,239.7,202404,KG
Y-GEN-2967,381.26,202403,KG
Y-GEN-2967,484.14,202404,KG
Y-GEN-2968,326.69,202403,KG
Y-GEN-2968,359.69,202404,KG
Y-GEN-2969,198.13,202403,KG
Y-GEN-2969,191.3,202404,KG
Y-GEN-2970,432.62,202403,KG
Y-GEN-2970,537.0,202404,KG
Y-GEN-2971,188.48,202403,KG
Y-GEN-2971,218.24,202404,KG
Y-GEN-2972,313.81,202403,KG
Y-GEN-2972,333.66,202404,KG
Y-GEN-2973,424.14,202403,KG
Y-GEN-2973,528.12,202404,KG
Y-GEN-2974,143.86,202403,KG
Y-GEN-2974,180.47,202404,KG
Y-GEN-2975,357.1,202403,KG
Y-GEN-2975,361.33,202404,KG
Y-GEN-2976,440.69,202403,KG
Y-GEN-2976,545.75,202404,KG
Y-GEN-2977,283.13,202403,KG
Y-GEN-2977,332.62,202404,KG
Y-GEN-2978,410.26,202403,KG
Y-GEN-2978,434.26,202404,KG
Y-GEN-2979,167.16,202403,KG
Y-GEN-2979,200.57,202404,KG
Y-GEN-2980,167.96,202403,KG
Y-GEN-2980,174.89,202404,KG
Y-GEN-2981,149.92,202403,KG
Y-GEN-2981,145.68,202404,KG
Y-GEN-2982,210.11,202403,KG
Y-GEN-2982,209.25,202404,KG
Y-GEN-2983,337.55,202403,KG
Y-GEN-2983,331.53,202404,KG
Y-GEN-2984,333.29,202403,KG
Y-GEN-2984,326.87,202404,KG
Y-GEN-2985,366.58,202403,KG
Y-GEN-2985,392.7,202404,KG
Y-GEN-2986,193.15,202403,KG
Y-GEN-2986,222.75,202404,KG
Y-GEN-2987,292.61,202403,KG
Y-GEN-2987,282.2,202404,KG
Y-GEN-2988,375.49,202403,KG
Y-GEN-2988,402.45,202404,KG
Y-GEN-2989,326.61,202403,KG
Y-GEN-2989,420.21,202404,KG
Y-GEN-2990,332.4,202403,KG
Y-GEN-2990,349.26,202404,KG
Y-GEN-2991,187.38,202403,KG
Y-GEN-2991,189.34,202404,KG
Y-GEN-2992,403.49,202403,KG
Y-GEN-2992,496.54,202404,KG
Y-GEN-2993,182.07,202403,KG
Y-GEN-2993,215.37,202404,KG
Y-GEN-2994,284.86,202403,KG
Y-GEN-2994,301.44,202404,KG
Y-GEN-2995,414.3,202403,KG
Y-GEN-2995,415.19,202404,KG
Y-GEN-2996,319.54,202403,KG
Y-GEN-2996,313.53,202404,KG
Y-GEN-2997,350.21,202403,KG
Y-GEN-2997,370.77,202404,KG
Y-GEN-2998,371910.0,202403,TO
Y-GEN-2998,426340.0,202404,TO
Y-GEN-2999,137.41,202403,KG
Y-GEN-2999,157.69,202404,KG
Y-GEN-3000,209.27,202403,KG
Y-GEN-3000,228.64,202404,KG
Y-GEN-3001,186.53,202403,KG
Y-GEN-3001,207.3,202404,KG
Y-GEN-3002,145.54,202403,KG
Y-GEN-3002,172.03,202404,KG
Y-GEN-3003,262.64,202403,KG
Y-GEN-3003,319.6,202404,KG
Y-GEN-3004,449.42,202403,KG
Y-GEN-3004,538.94,202404,KG
Y-GEN-3005,363.61,202403,KG
Y-GEN-3005,422.51,202404,KG
Y-GEN-3006,362.49,202403,KG
Y-GEN-3006,364.98,202404,KG
Y-GEN-3007,209.46,202403,KG
Y-GEN-3007,230.75,202404,KG
Y-GEN-3008,292.21,202403,KG
Y-GEN-3008,315.11,202404,KG
Y-GEN-3009,244.54,202403,KG
Y-GEN-3009,270.06,202404,KG
Y-GEN-3010,257.85,202403,KG
Y-GEN-3010,299.61,202404,KG
Y-GEN-3011,269.65,202403,KG
Y-GEN-3011,286.19,202404,KG
Y-GEN-3012,341.15,202403,KG
Y-GEN-3012,421.41,202404,KG
Y-GEN-3013,200.0,202403,KG
Y-GEN-3013,192.24,202404,KG
Y-GEN-3014,155.71,202403,KG
Y-GEN-3014,184.78,202404,KG
Y-GEN-3015,142.84,202403,KG
Y-GEN-3015,147.09,202404,KG
Y-GEN-3016,132.65,202403,KG
Y-GEN-3016,127.89,202404,KG
Y-GEN-3017,365.13,202403,KG
Y-GEN-3017,417.4,202404,KG
Y-GEN-3018,313.83,202403,KG
Y-GEN-3018,363.96,202404,KG
Y-GEN-3019,157.1,202403,KG
Y-GEN-3019,196.29,202404,KG
Y-GEN-3020,203.69,202403,KG
Y-GEN-3020,211.73,202404,KG
Y-GEN-3021,192.7,202403,KG
Y-GEN-3021,234.09,202404,KG
Y-GEN-3022,331.31,202403,KG
Y-GEN-3022,425.92,202404,KG
Y-GEN-3023,202.84,202403,KG
Y-GEN-3023,239.77,202404,KG
Y-GEN-3024,142.36,202403,KG
Y-GEN-3024,152.05,202404,KG
Y-GEN-3025,247.76,202403,KG
Y-GEN-3025,252.13,202404,KG
Y-GEN-3026,239.23,202403,KG
Y-GEN-3026,253.09,202404,KG
Y-GEN-3027,246.81,202403,KG
Y-GEN-3027,251.49,202404,KG
Y-GEN-3028,125.35,202403,KG
Y-GEN-3028,127.65,202404,KG
Y-GEN-3029,287.86,202403,KG
Y-GEN-3029,307.35,202404,KG
Y-GEN-3030,223.49,202403,KG
Y-GEN-3030,245.08,202404,KG
Y-GEN-3031,395.14,202403,KG
Y-GEN-3031,495.14,202404,KG
Y-GEN-3032,143.86,202403,KG
Y-GEN-3032,141.36,202404,KG
Y-GEN-3033,176.86,202403,KG
Y-GEN-3033,205.57,202404,KG
Y-GEN-3034,333.86,202403,KG
Y-GEN-3034,400.5,202404,KG
Y-GEN-3035,121640.0,202403,TO
Y-GEN-3035,147420.0,202404,TO
Y-GEN-3036,143.69,202403,KG
Y-GEN-3036,160.59,202404,KG
Y-GEN-3037,436.53,202403,KG
Y-GEN-3037,461.43,202404,KG
Y-GEN-3038,157.05,202403,KG
Y-GEN-3038,201.96,202404,KG
Y-GEN-3039,406.34,202403,KG
Y-GEN-3039,505.62,202404,KG
Y-GEN-3040,236.54,202403,KG
Y-GEN-3040,237.27,202404,KG
Y-GEN-3041,303.64,202403,KG
Y-GEN-3041,360.06,202404,KG
Y-GEN-3042,185.35,202403,KG
Y-GEN-3042,212.0,202404,KG
Y-GEN-3043,266.67,202403,KG
Y-GEN-3043,285.96,202404,KG
Y-GEN-3044,323.49,202403,KG
Y-GEN-3044,419.73,202404,KG
Y-GEN-3045,236.81,202403,KG
Y-GEN-3045,239.94,202404,KG
Y-GEN-3046,274.55,202403,KG
Y-GEN-3046,303.15,202404,KG
Y-GEN-3047,440.44,202403,KG
Y-GEN-3047,521.09,202404,KG
Y-GEN-3048,302.51,202403,KG
Y-GEN-3048,391.32,202404,KG
Y-GEN-3049,175.44,202403,KG
Y-GEN-3049,205.87,202404,KG
Y-GEN-3050,406.74,202403,KG
Y-GEN-3050,492.32,202404,KG
Y-GEN-3051,269.43,202403,KG
Y-GEN-3051,275.17,202404,KG
Y-GEN-3052,353.07,202403,KG
Y-GEN-3052,353.75,202404,KG
Y-GEN-3053,224.3,202403,KG
Y-GEN-3053,246.99,202404,KG
Y-GEN-3054,293.75,202403,KG
Y-GEN-3054,325.5,202404,KG
Y-GEN-3055,404.86,202403,KG
Y-GEN-3055,393.24,202404,KG
Y-GEN-3056,223.82,202403,KG
Y-GEN-3056,275.59,202404,KG
Y-GEN-3057,376.19,202403,KG
Y-GEN-3057,404.32,202404,KG
Y-GEN-3058,437.61,202403,KG
Y-GEN-3058,425.54,202404,KG
Y-GEN-3059,142.88,202403,KG
Y-GEN-3059,183.09,202404,KG
Y-GEN-3060,298.74,202403,KG
Y-GEN-3060,359.24,202404,KG
Y-GEN-3061,265.1,202403,KG
Y-GEN-3061,272.14,202404,KG
Y-GEN-3062,384.5,202403,KG
Y-GEN-3062,485.77,202404,KG
Y-GEN-3063,231.91,202403,KG
Y-GEN-3063,235.53,202404,KG
Y-GEN-3064,221.05,202403,KG
Y-GEN-3064,217.71,202404,KG
Y-GEN-3065,164.37,202403,KG
Y-GEN-3065,191.63,202404,KG
Y-GEN-3066,292.29,202403,KG
Y-GEN-3066,338.89,202404,KG
Y-GEN-3067,292.33,202403,KG
Y-GEN-3067,300.2,202404,KG
Y-GEN-3068,395.88,202403,KG
Y-GEN-3068,395.05,202404,KG
Y-GEN-3069,204.49,202403,KG
Y-GEN-3069,230.83,202404,KG
Y-GEN-3070,184.87,202403,KG
Y-GEN-3070,194.59,202404,KG
Y-GEN-3071,363.68,202403,KG
Y-GEN-3071,363.63,202404,KG
Y-GEN-3072,344670.0,202403,TO
Y-GEN-3072,436860.0,202404,TO
Y-GEN-3073,159.84,202403,KG
Y-GEN-3073,206.7,202404,KG
Y-GEN-3074,434.3,202403,KG
Y-GEN-3074,448.83,202404,KG
Y-GEN-3075,171.85,202403,KG
Y-GEN-3075,183.61,202404,KG
Y-GEN-3076,340.79,202403,KG
Y-GEN-3076,435.17,202404,KG
Y-GEN-3077,384.49,202403,KG
Y-GEN-3077,428.42,202404,KG
Y-GEN-3078,170.29,202403,KG
Y-GEN-3078,209.75,202404,KG
Y-GEN-3079,213.97,202403,KG
Y-GEN-3079,244.21,202404,KG
Y-GEN-3080,447.93,202403,KG
Y-GEN-3080,467.72,202404,KG
Y-GEN-3081,205.06,202403,KG
Y-GEN-3081,199.13,202404,KG
Y-GEN-3082,231.94,202403,KG
Y-GEN-3082,236.4,202404,KG
Y-GEN-3083,394.3,202403,KG
Y-GEN-3083,494.67,202404,KG
Y-GEN-3084,328.76,202403,KG
Y-GEN-3084,374.33,202404,KG
Y-GEN-3085,138.44,202403,KG
Y-GEN-3085,147.88,202404,KG
Y-GEN-3086,382.81,202403,KG
Y-GEN-3086,434.49,202404,KG
Y-GEN-3087,134.99,202403,KG
Y-GEN-3087,150.36,202404,KG
Y-GEN-3088,179.33,202403,KG
Y-GEN-3088,191.02,202404,KG
Y-GEN-3089,170.63,202403,KG
Y-GEN-3089,196.39,202404,KG
Y-GEN-3090,399.97,202403,KG
Y-GEN-3090,422.86,202404,KG
Y-GEN-3091,195.83,202403,KG
Y-GEN-3091,251.19,202404,KG
Y-GEN-3092,351.68,202403,KG
Y-GEN-3092,397.98,202404,KG
Y-GEN-3093,173.38,202403,KG
Y-GEN-3093,176.8,202404,KG
Y-GEN-3094,395.81,202403,KG
Y-GEN-3094,485.9,202404,KG
Y-GEN-3095,166.32,202403,KG
Y-GEN-3095,163.11,202404,KG
Y-GEN-3096,188.06,202403,KG
Y-GEN-3096,222.48,202404,KG
Y-GEN-3097,290.94,202403,KG
Y-GEN-3097,364.83,202404,KG
Y-GEN-3098,375.9,202403,KG
Y-GEN-3098,385.5,202404,KG
Y-GEN-3099,170.19,202403,KG
Y-GEN-3099,164.58,202404,KG
Y-GEN-3100,286.77,202403,KG
Y-GEN-3100,343.93,202404,KG
Y-GEN-3101,444.62,202403,KG
Y-GEN-3101,539.73,202404,KG
Y-GEN-3102,243.79,202403,KG
Y-GEN-3102,265.37,202404,KG
Y-GEN-3103,214.59,202403,KG
Y-GEN-3103,278.54,202404,KG
Y-GEN-3104,137.92,202403,KG
Y-GEN-3104,155.86,202404,KG
Y-GEN-3105,271.05,202403,KG
Y-GEN-3105,299.35,202404,KG
Y-GEN-3106,334.89,202403,KG
Y-GEN-3106,429.19,202404,KG
Y-GEN-3107,193.74,202403,KG
Y-GEN-3107,237.85,202404,KG
Y-GEN-3108,302.88,202403,KG
Y-GEN-3108,319.82,202404,KG
Y-GEN-3109,329370.0,202403,TO
Y-GEN-3109,319980.0,202404,TO
Y-GEN-3110,137.94,202403,KG
Y-GEN-3110,170.71,202404,KG
Y-GEN-3111,175.31,202403,KG
Y-GEN-3111,182.61,202404,KG
Y-GEN-3112,324.41,202403,KG
Y-GEN-3112,309.23,202404,KG
Y-GEN-3113,400.3,202403,KG
Y-GEN-3113,387.71,202404,KG
Y-GEN-3114,367.14,202403,KG
Y-GEN-3114,378.22,202404,KG
Y-GEN-3115,339.26,202403,KG
Y-GEN-3115,416.62,202404,KG
Y-GEN-3116,323.53,202403,KG
Y-GEN-3116,419.46,202404,KG
Y-GEN-3117,357.42,202403,KG
Y-GEN-3117,385.7,202404,KG
Y-GEN-3118,241.48,202403,KG
Y-GEN-3118,261.67,202404,KG
Y-GEN-3119,194.42,202403,KG
Y-GEN-3119,208.34,202404,KG
Y-GEN-3120,358.86,202403,KG
Y-GEN-3120,439.54,202404,KG
Y-GEN-3121,331.86,202403,KG
Y-GEN-3121,342.64,202404,KG
Y-GEN-3122,432.93,202403,KG
Y-GEN-3122,555.04,202404,KG
Y-GEN-3123,303.43,202403,KG
Y-GEN-3123,345.14,202404,KG
Y-GEN-3124,268.78,202403,KG
Y-GEN-3124,267.43,202404,KG
Y-GEN-3125,440.95,202403,KG
Y-GEN-3125,419.5,202404,KG
Y-GEN-3126,187.37,202403,KG
Y-GEN-3126,190.37,202404,KG
Y-GEN-3127,244.3,202403,KG
Y-GEN-3127,298.76,202404,KG
Y-GEN-3128,259.56,202403,KG
Y-GEN-3128,277.91,202404,KG
Y-GEN-3129,306.23,202403,KG
Y-GEN-3129,354.44,202404,KG
Y-GEN-3130,129.06,202403,KG
Y-GEN-3130,139.9,202404,KG
Y-GEN-3131,330.9,202403,KG
Y-GEN-3131,316.01,202404,KG
Y-GEN-3132,192.8,202403,KG
Y-GEN-3132,190.0,202404,KG
Y-GEN-3133,270.95,202403,KG
Y-GEN-3133,288.76,202404,KG
Y-GEN-3134,410.24,202403,KG
Y-GEN-3134,403.94,202404,KG
Y-GEN-3135,225.79,202403,KG
Y-GEN-3135,240.62,202404,KG
Y-GEN-3136,406.26,202403,KG
Y-GEN-3136,447.7,202404,KG
Y-GEN-3137,437.07,202403,KG
Y-GEN-3137,442.38,202404,KG
Y-GEN-3138,433.32,202403,KG
Y-GEN-3138,473.52,202404,KG
Y-GEN-3139,163.56,202403,KG
Y-GEN-3139,164.41,202404,KG
Y-GEN-3140,381.77,202403,KG
Y-GEN-3140,490.02,202404,KG
Y-GEN-3141,294.17,202403,KG
Y-GEN-3141,322.5,202404,KG
Y-GEN-3142,362.48,202403,KG
Y-GEN-3142,404.6,202404,KG
Y-GEN-3143,183.81,202403,KG
Y-GEN-3143,189.31,202404,KG
Y-GEN-3144,147.99,202403,KG
Y-GEN-3144,146.24,202404,KG
Y-GEN-3145,317.9,202403,KG
Y-GEN-3145,379.94,202404,KG
Y-GEN-3146,352540.0,202403,TO
Y-GEN-3146,428560.0,202404,TO
Y-GEN-3147,436.61,202403,KG
Y-GEN-3147,551.34,202404,KG
Y-GEN-3148,448.74,202403,KG
Y-GEN-3148,454.73,202404,KG
Y-GEN-3149,399.77,202403,KG
Y-GEN-3149,518.93,202404,KG
Y-GEN-3150,382.91,202403,KG
Y-GEN-3150,373.34,202404,KG
Y-GEN-3151,188.07,202403,KG
Y-GEN-3151,212.84,202404,KG
Y-GEN-3152,428.73,202403,KG
Y-GEN-3152,485.15,202404,KG
Y-GEN-3153,289.62,202403,KG
Y-GEN-3153,328.42,202404,KG
Y-GEN-3154,393.37,202403,KG
Y-GEN-3154,442.46,202404,KG
Y-GEN-3155,275.16,202403,KG
Y-GEN-3155,268.49,202404,KG
Y-GEN-3156,129.97,202403,KG
Y-GEN-3156,149.92,202404,KG
Y-GEN-3157,134.78,202403,KG
Y-GEN-3157,155.66,202404,KG
Y-GEN-3158,433.92,202403,KG
Y-GEN-3158,511.38,202404,KG
Y-GEN-3159,369.57,202403,KG
Y-GEN-3159,352.46,202404,KG
Y-GEN-3160,425.41,202403,KG
Y-GEN-3160,497.53,202404,KG
Y-GEN-3161,447.92,202403,KG
Y-GEN-3161,482.62,202404,KG
Y-GEN-3162,278.88,202403,KG
Y-GEN-3162,273.37,202404,KG
Y-GEN-3163,319.25,202403,KG
Y-GEN-3163,351.32,202404,KG
Y-GEN-3164,409.79,202403,KG
Y-GEN-3164,468.73,202404,KG
Y-GEN-3165,305.72,202403,KG
Y-GEN-3165,364.86,202404,KG
Y-GEN-3166,417.55,202403,KG
Y-GEN-3166,541.99,202404,KG
Y-GEN-3167,142.86,202403,KG
Y-GEN-3167,162.9,202404,KG
Y-GEN-3168,169.76,202403,KG
Y-GEN-3168,162.86,202404,KG
Y-GEN-3169,150.3,202403,KG
Y-GEN-3169,190.29,202404,KG
Y-GEN-3170,197.7,202403,KG
Y-GEN-3170,253.25,202404,KG
Y-GEN-3171,262.56,202403,KG
Y-GEN-3171,322.46,202404,KG
Y-GEN-3172,433.24,202403,KG
Y-GEN-3172,417.74,202404,KG
Y-GEN-3173,298.96,202403,KG
Y-GEN-3173,381.63,202404,KG
Y-GEN-3174,195.81,202403,KG
Y-GEN-3174,219.57,202404,KG
Y-GEN-3175,316.47,202403,KG
Y-GEN-3175,386.61,202404,KG
Y-GEN-3176,268.61,202403,KG
Y-GEN-3176,319.55,202404,KG
Y-GEN-3177,331.09,202403,KG
Y-GEN-3177,386.04,202404,KG
Y-GEN-3178,365.47,202403,KG
Y-GEN-3178,356.21,202404,KG
Y-GEN-3179,234.4,202403,KG
Y-GEN-3179,265.39,202404,KG
Y-GEN-3180,323.39,202403,KG
Y-GEN-3180,328.72,202404,KG
Y-GEN-3181,227.05,202403,KG
Y-GEN-3181,238.33,202404,KG
Y-GEN-3182,290.63,202403,KG
Y-GEN-3182,328.25,202404,KG
Y-GEN-3183,291950.0,202403,TO
Y-GEN-3183,332610.0,202404,TO
Y-GEN-3184,275.47,202403,KG
Y-GEN-3184,283.69,202404,KG
Y-GEN-3185,181.09,202403,KG
Y-GEN-3185,202.21,202404,KG
Y-GEN-3186,409.48,202403,KG
Y-GEN-3186,421.98,202404,KG
Y-GEN-3187,297.36,202403,KG
Y-GEN-3187,331.19,202404,KG
Y-GEN-3188,406.62,202403,KG
Y-GEN-3188,522.86,202404,KG
Y-GEN-3189,182.62,202403,KG
Y-GEN-3189,221.73,202404,KG
Y-GEN-3190,370.29,202403,KG
Y-GEN-3190,370.83,202404,KG
Y-GEN-3191,191.2,202403,KG
Y-GEN-3191,247.22,202404,KG
Y-GEN-3192,322.52,202403,KG
Y-GEN-3192,410.94,202404,KG
Y-GEN-3193,155.96,202403,KG
Y-GEN-3193,179.4,202404,KG
Y-GEN-3194,259.05,202403,KG
Y-GEN-3194,316.85,202404,KG
Y-GEN-3195,403.7,202403,KG
Y-GEN-3195,454.4,202404,KG
Y-GEN-3196,355.86,202403,KG
Y-GEN-3196,361.29,202404,KG
Y-GEN-3197,157.22,202403,KG
Y-GEN-3197,196.76,202404,KG
Y-GEN-3198,198.61,202403,KG
Y-GEN-3198,213.99,202404,KG
Y-GEN-3199,261.4,202403,KG
Y-GEN-3199,294.13,202404,KG
Y-GEN-3200,269.2,202403,KG
Y-GEN-3200,272.22,202404,KG
Y-GEN-3201,244.46,202403,KG
Y-GEN-3201,284.15,202404,KG
Y-GEN-3202,273.63,202403,KG
Y-GEN-3202,276.01,202404,KG
Y-GEN-3203,305.41,202403,KG
Y-GEN-3203,306.43,202404,KG
Y-GEN-3204,374.15,202403,KG
Y-GEN-3204,422.68,202404,KG
Y-GEN-3205,251.04,202403,KG
Y-GEN-3205,298.66,202404,KG
Y-GEN-3206,333.43,202403,KG
Y-GEN-3206,395.27,202404,KG
Y-GEN-3207,311.71,202403,KG
Y-GEN-3207,298.24,202404,KG
Y-GEN-3208,144.57,202403,KG
Y-GEN-3208,174.87,202404,KG
Y-GEN-3209,416.23,202403,KG
Y-GEN-3209,428.25,202404,KG
Y-GEN-3210,293.04,202403,KG
Y-GEN-3210,279.81,202404,KG
Y-GEN-3211,179.23,202403,KG
Y-GEN-3211,230.37,202404,KG
Y-GEN-3212,305.88,202403,KG
Y-GEN-3212,386.51,202404,KG
Y-GEN-3213,328.61,202403,KG
Y-GEN-3213,345.52,202404,KG
Y-GEN-3214,367.01,202403,KG
Y-GEN-3214,374.25,202404,KG
Y-GEN-3215,176.0,202403,KG
Y-GEN-3215,194.66,202404,KG
Y-GEN-3216,394.0,202403,KG
Y-GEN-3216,483.82,202404,KG
Y-GEN-3217,232.48,202403,KG
Y-GEN-3217,267.71,202404,KG
Y-GEN-3218,351.74,202403,KG
Y-GEN-3218,432.0,202404,KG
Y-GEN-3219,367.16,202403,KG
Y-GEN-3219,354.8,202404,KG
Y-GEN-3220,186340.0,202403,TO
Y-GEN-3220,229180.0,202404,TO
Y-GEN-3221,172.49,202403,KG
Y-GEN-3221,168.23,202404,KG
Y-GEN-3222,170.0,202403,KG
Y-GEN-3222,173.88,202404,KG
Y-GEN-3223,320.55,202403,KG
Y-GEN-3223,380.13,202404,KG
Y-GEN-3224,400.22,202403,KG
Y-GEN-3224,386.12,202404,KG
Y-GEN-3225,350.53,202403,KG
Y-GEN-3225,430.51,202404,KG
Y-GEN-3226,295.44,202403,KG
Y-GEN-3226,365.03,202404,KG
Y-GEN-3227,442.88,202403,KG
Y-GEN-3227,536.99,202404,KG
Y-GEN-3228,150.17,202403,KG
Y-GEN-3228,162.9,202404,KG
Y-GEN-3229,308.47,202403,KG
Y-GEN-3229,332.57,202404,KG
Y-GEN-3230,389.74,202403,KG
Y-GEN-3230,503.56,202404,KG
Y-GEN-3231,196.98,202403,KG
Y-GEN-3231,228.71,202404,KG
Y-GEN-3232,393.12,202403,KG
Y-GEN-3232,392.55,202404,KG
Y-GEN-3233,134.07,202403,KG
Y-GEN-3233,173.46,202404,KG
Y-GEN-3234,182.52,202403,KG
Y-GEN-3234,222.55,202404,KG
Y-GEN-3235,335.74,202403,KG
Y-GEN-3235,343.0,202404,KG
Y-GEN-3236,431.93,202403,KG
Y-GEN-3236,432.93,202404,KG
Y-GEN-3237,299.12,202403,KG
Y-GEN-3237,344.36,202404,KG
Y-GEN-3238,351.44,202403,KG
Y-GEN-3238,345.51,202404,KG
Y-GEN-3239,338.35,202403,KG
Y-GEN-3239,340.78,202404,KG
Y-GEN-3240,215.56,202403,KG
Y-GEN-3240,214.28,202404,KG
Y-GEN-3241,426.0,202403,KG
Y-GEN-3241,548.5,202404,KG
Y-GEN-3242,231.95,202403,KG
Y-GEN-3242,278.0,202404,KG
Y-GEN-3243,214.11,202403,KG
Y-GEN-3243,244.56,202404,KG
Y-GEN-3244,255.1,202403,KG
Y-GEN-3244,301.89,202404,KG
Y-GEN-3245,382.08,202403,KG
Y-GEN-3245,465.55,202404,KG
Y-GEN-3246,368.9,202403,KG
Y-GEN-3246,397.02,202404,KG
Y-GEN-3247,315.75,202403,KG
Y-GEN-3247,378.85,202404,KG
Y-GEN-3248,190.64,202403,KG
Y-GEN-3248,194.11,202404,KG
Y-GEN-3249,400.92,202403,KG
Y-GEN-3249,420.13,202404,KG
Y-GEN-3250,200.89,202403,KG
Y-GEN-3250,235.65,202404,KG
Y-GEN-3251,277.75,202403,KG
Y-GEN-3251,287.75,202404,KG
Y-GEN-3252,274.6,202403,KG
Y-GEN-3252,306.98,202404,KG
Y-GEN-3253,258.26,202403,KG
Y-GEN-3253,302.82,202404,KG
Y-GEN-3254,171.07,202403,KG
Y-GEN-3254,174.69,202404,KG
Y-GEN-3255,170.88,202403,KG
Y-GEN-3255,197.26,202404,KG
Y-GEN-3256,317.23,202403,KG
Y-GEN-3256,343.48,202404,KG
Y-GEN-3257,211680.0,202403,TO
Y-GEN-3257,218910.0,202404,TO
Y-GEN-3258,139.91,202403,KG
Y-GEN-3258,153.66,202404,KG
Y-GEN-3259,382.2,202403,KG
Y-GEN-3259,383.65,202404,KG
Y-GEN-3260,437.3,202403,KG
Y-GEN-3260,485.05,202404,KG
Y-GEN-3261,122.99,202403,KG
Y-GEN-3261,149.65,202404,KG
Y-GEN-3262,276.36,202403,KG
Y-GEN-3262,303.26,202404,KG
Y-GEN-3263,235.5,202403,KG
Y-GEN-3263,301.73,202404,KG
Y-GEN-3264,304.28,202403,KG
Y-GEN-3264,310.39,202404,KG
Y-GEN-3265,374.71,202403,KG
Y-GEN-3265,478.79,202404,KG
Y-GEN-3266,202.65,202403,KG
Y-GEN-3266,200.14,202404,KG
Y-GEN-3267,386.05,202403,KG
Y-GEN-3267,408.3,202404,KG
Y-GEN-3268,134.45,202403,KG
Y-GEN-3268,167.01,202404,KG
Y-GEN-3269,265.64,202403,KG
Y-GEN-3269,267.48,202404,KG
Y-GEN-3270,255.9,202403,KG
Y-GEN-3270,291.83,202404,KG
Y-GEN-3271,428.09,202403,KG
Y-GEN-3271,509.64,202404,KG
Y-GEN-3272,156.86,202403,KG
Y-GEN-3272,171.98,202404,KG
Y-GEN-3273,167.86,202403,KG
Y-GEN-3273,197.93,202404,KG
Y-GEN-3274,365.26,202403,KG
Y-GEN-3274,409.09,202404,KG
Y-GEN-3275,448.3,202403,KG
Y-GEN-3275,581.59,202404,KG
Y-GEN-3276,224.14,202403,KG
Y-GEN-3276,218.64,202404,KG
Y-GEN-3277,271.9,202403,KG
Y-GEN-3277,335.47,202404,KG
Y-GEN-3278,281.96,202403,KG
Y-GEN-3278,364.43,202404,KG
Y-GEN-3279,432.93,202403,KG
Y-GEN-3279,431.37,202404,KG
Y-GEN-3280,158.81,202403,KG
Y-GEN-3280,189.77,202404,KG
Y-GEN-3281,149.28,202403,KG
Y-GEN-3281,159.55,202404,KG
Y-GEN-3282,286.07,202403,KG
Y-GEN-3282,320.14,202404,KG
Y-GEN-3283,266.76,202403,KG
Y-GEN-3283,259.7,202404,KG
Y-GEN-3284,250.01,202403,KG
Y-GEN-3284,314.61,202404,KG
Y-GEN-3285,277.4,202403,KG
Y-GEN-3285,328.11,202404,KG
Y-GEN-3286,403.44,202403,KG
Y-GEN-3286,447.38,202404,KG
Y-GEN-3287,395.86,202403,KG
Y-GEN-3287,498.39,202404,KG
Y-GEN-3288,246.35,202403,KG
Y-GEN-3288,291.28,202404,KG
Y-GEN-3289,377.87,202403,KG
Y-GEN-3289,440.1,202404,KG
Y-GEN-3290,134.1,202403,KG
Y-GEN-3290,162.35,202404,KG
Y-GEN-3291,402.8,202403,KG
Y-GEN-3291,469.5,202404,KG
Y-GEN-3292,358.94,202403,KG
Y-GEN-3292,385.09,202404,KG
Y-GEN-3293,231.24,202403,KG
Y-GEN-3293,242.8,202404,KG
Y-GEN-3294,201660.0,202403,TO
Y-GEN-3294,256970.0,202404,TO
Y-GEN-3295,301.83,202403,KG
Y-GEN-3295,302.47,202404,KG
Y-GEN-3296,263.45,202403,KG
Y-GEN-3296,277.13,202404,KG
Y-GEN-3297,229.74,202403,KG
Y-GEN-3297,281.98,202404,KG
Y-GEN-3298,431.41,202403,KG
Y-GEN-3298,530.85,202404,KG
Y-GEN-3299,304.89,202403,KG
Y-GEN-3299,391.77,202404,KG
Y-GEN-3300,173.72,202403,KG
Y-GEN-3300,222.23,202404,KG
Y-GEN-3301,221.19,202403,KG
Y-GEN-3301,217.94,202404,KG
Y-GEN-3302,215.01,202403,KG
Y-GEN-3302,231.84,202404,KG
Y-GEN-3303,209.99,202403,KG
Y-GEN-3303,262.32,202404,KG
Y-GEN-3304,404.67,202403,KG
Y-GEN-3304,498.81,202404,KG
Y-GEN-3305,280.57,202403,KG
Y-GEN-3305,300.25,202404,KG
Y-GEN-3306,377.22,202403,KG
Y-GEN-3306,406.94,202404,KG
Y-GEN-3307,191.49,202403,KG
Y-GEN-3307,220.28,202404,KG
Y-GEN-3308,419.17,202403,KG
Y-GEN-3308,420.47,202404,KG
Y-GEN-3309,440.1,202403,KG
Y-GEN-3309,485.91,202404,KG
Y-GEN-3310,315.48,202403,KG
Y-GEN-3310,339.57,202404,KG
Y-GEN-3311,258.97,202403,KG
Y-GEN-3311,280.64,202404,KG
Y-GEN-3312,165.59,202403,KG
Y-GEN-3312,192.47,202404,KG
Y-GEN-3313,440.41,202403,KG
Y-GEN-3313,486.1,202404,KG
Y-GEN-3314,190.82,202403,KG
Y-GEN-3314,181.51,202404,KG
Y-GEN-3315,228.12,202403,KG
Y-GEN-3315,238.73,202404,KG
Y-GEN-3316,438.91,202403,KG
Y-GEN-3316,450.81,202404,KG
Y-GEN-3317,255.83,202403,KG
Y-GEN-3317,310.71,202404,KG
Y-GEN-3318,438.47,202403,KG
Y-GEN-3318,506.04,202404,KG
Y-GEN-3319,277.46,202403,KG
Y-GEN-3319,359.24,202404,KG
Y-GEN-3320,380.32,202403,KG
Y-GEN-3320,425.77,202404,KG
Y-GEN-3321,124.07,202403,KG
Y-GEN-3321,142.05,202404,KG
Y-GEN-3322,414.25,202403,KG
Y-GEN-3322,501.3,202404,KG
Y-GEN-3323,427.28,202403,KG
Y-GEN-3323,552.96,202404,KG
Y-GEN-3324,261.79,202403,KG
Y-GEN-3324,298.91,202404,KG
Y-GEN-3325,187.04,202403,KG
Y-GEN-3325,227.29,202404,KG
Y-GEN-3326,341.49,202403,KG
Y-GEN-3326,410.75,202404,KG
Y-GEN-3327,209.26,202403,KG
Y-GEN-3327,241.41,202404,KG
Y-GEN-3328,261.57,202403,KG
Y-GEN-3328,292.93,202404,KG
Y-GEN-3329,365.07,202403,KG
Y-GEN-3329,402.72,202404,KG
Y-GEN-3330,400.16,202403,KG
Y-GEN-3330,484.5,202404,KG
Y-GEN-3331,395600.0,202403,TO
Y-GEN-3331,499300.0,202404,TO
Y-GEN-3332,448.19,202403,KG
Y-GEN-3332,473.21,202404,KG
Y-GEN-3333,129.72,202403,KG
Y-GEN-3333,157.6,202404,KG
Y-GEN-3334,356.66,202403,KG
Y-GEN-3334,380.84,202404,KG
Y-GEN-3335,446.17,202403,KG
Y-GEN-3335,531.03,202404,KG
Y-GEN-3336,385.04,202403,KG
Y-GEN-3336,470.45,202404,KG
Y-GEN-3337,258.87,202403,KG
Y-GEN-3337,310.65,202404,KG
Y-GEN-3338,378.97,202403,KG
Y-GEN-3338,422.14,202404,KG
Y-GEN-3339,281.64,202403,KG
Y-GEN-3339,322.75,202404,KG
Y-GEN-3340,301.2,202403,KG
Y-GEN-3340,346.69,202404,KG
Y-GEN-3341,187.71,202403,KG
Y-GEN-3341,232.97,202404,KG
Y-GEN-3342,263.72,202403,KG
Y-GEN-3342,292.58,202404,KG
Y-GEN-3343,257.92,202403,KG
Y-GEN-3343,286.29,202404,KG
Y-GEN-3344,177.42,202403,KG
Y-GEN-3344,207.62,202404,KG
Y-GEN-3345,127.82,202403,KG
Y-GEN-3345,131.59,202404,KG
Y-GEN-3346,402.49,202403,KG
Y-GEN-3346,398.13,202404,KG
Y-GEN-3347,197.85,202403,KG
Y-GEN-3347,191.09,202404,KG
Y-GEN-3348,136.43,202403,KG
Y-GEN-3348,175.03,202404,KG
Y-GEN-3349,382.78,202403,KG
Y-GEN-3349,479.33,202404,KG
Y-GEN-3350,224.38,202403,KG
Y-GEN-3350,219.26,202404,KG
Y-GEN-3351,370.82,202403,KG
Y-GEN-3351,369.86,202404,KG
Y-GEN-3352,422.65,202403,KG
Y-GEN-3352,526.94,202404,KG
Y-GEN-3353,221.74,202403,KG
Y-GEN-3353,287.19,202404,KG
Y-GEN-3354,128.86,202403,KG
Y-GEN-3354,123.85,202404,KG
Y-GEN-3355,274.4,202403,KG
Y-GEN-3355,344.94,202404,KG
Y-GEN-3356,220.07,202403,KG
Y-GEN-3356,221.48,202404,KG
Y-GEN-3357,169.6,202403,KG
Y-GEN-3357,179.14,202404,KG
Y-GEN-3358,137.6,202403,KG
Y-GEN-3358,149.99,202404,KG
Y-GEN-3359,313.57,202403,KG
Y-GEN-3359,401.56,202404,KG
Y-GEN-3360,337.24,202403,KG
Y-GEN-3360,322.71,202404,KG
Y-GEN-3361,333.08,202403,KG
Y-GEN-3361,323.63,202404,KG
Y-GEN-3362,167.05,202403,KG
Y-GEN-3362,170.49,202404,KG
Y-GEN-3363,139.28,202403,KG
Y-GEN-3363,151.74,202404,KG
Y-GEN-3364,307.55,202403,KG
Y-GEN-3364,310.77,202404,KG
Y-GEN-3365,285.87,202403,KG
Y-GEN-3365,310.87,202404,KG
Y-GEN-3366,311.19,202403,KG
Y-GEN-3366,331.63,202404,KG
Y-GEN-3367,231.07,202403,KG
Y-GEN-3367,250.46,202404,KG
Y-GEN-3368,392460.0,202403,TO
Y-GEN-3368,392750.0,202404,TO
Y-GEN-3369,120.46,202403,KG
Y-GEN-3369,150.47,202404,KG
Y-GEN-3370,295.69,202403,KG
Y-GEN-3370,377.38,202404,KG
Y-GEN-3371,267.64,202403,KG
Y-GEN-3371,289.01,202404,KG
Y-GEN-3372,318.36,202403,KG
Y-GEN-3372,380.75,202404,KG
Y-GEN-3373,438.28,202403,KG
Y-GEN-3373,542.61,202404,KG
Y-GEN-3374,385.67,202403,KG
Y-GEN-3374,494.63,202404,KG
Y-GEN-3375,121.36,202403,KG
Y-GEN-3375,117.08,202404,KG
Y-GEN-3376,404.78,202403,KG
Y-GEN-3376,424.24,202404,KG
Y-GEN-3377,270.9,202403,KG
Y-GEN-3377,326.78,202404,KG
Y-GEN-3378,218.68,202403,KG
Y-GEN-3378,266.44,202404,KG
Y-GEN-3379,134.41,202403,KG
Y-GEN-3379,131.79,202404,KG
Y-GEN-3380,243.01,202403,KG
Y-GEN-3380,254.87,202404,KG
Y-GEN-3381,419.34,202403,KG
Y-GEN-3381,472.82,202404,KG
Y-GEN-3382,414.63,202403,KG
Y-GEN-3382,467.41,202404,KG
Y-GEN-3383,408.75,202403,KG
Y-GEN-3383,398.17,202404,KG
Y-GEN-3384,181.03,202403,KG
Y-GEN-3384,219.27,202404,KG
Y-GEN-3385,369.12,202403,KG
Y-GEN-3385,435.91,202404,KG
Y-GEN-3386,181.57,202403,KG
Y-GEN-3386,202.18,202404,KG
Y-GEN-3387,227.93,202403,KG
Y-GEN-3387,276.38,202404,KG
Y-GEN-3388,418.84,202403,KG
Y-GEN-3388,492.3,202404,KG
Y-GEN-3389,211.23,202403,KG
Y-GEN-3389,232.44,202404,KG
Y-GEN-3390,306.87,202403,KG
Y-GEN-3390,295.52,202404,KG
Y-GEN-3391,448.97,202403,KG
Y-GEN-3391,481.52,202404,KG
Y-GEN-3392,266.11,202403,KG
Y-GEN-3392,270.45,202404,KG
Y-GEN-3393,155.56,202403,KG
Y-GEN-3393,157.23,202404,KG
Y-GEN-3394,232.13,202403,KG
Y-GEN-3394,247.25,202404,KG
Y-GEN-3395,165.66,202403,KG
Y-GEN-3395,184.36,202404,KG
Y-GEN-3396,326.53,202403,KG
Y-GEN-3396,369.67,202404,KG
Y-GEN-3397,255.68,202403,KG
Y-GEN-3397,284.79,202404,KG
Y-GEN-3398,332.64,202403,KG
Y-GEN-3398,417.46,202404,KG
Y-GEN-3399,177.32,202403,KG
Y-GEN-3399,228.97,202404,KG
Y-GEN-3400,399.59,202403,KG
Y-GEN-3400,478.23,202404,KG
Y-GEN-3401,304.96,202403,KG
Y-GEN-3401,348.66,202404,KG
Y-GEN-3402,350.75,202403,KG
Y-GEN-3402,398.32,202404,KG
Y-GEN-3403,378.12,202403,KG
Y-GEN-3403,431.63,202404,KG
Y-GEN-3404,432.72,202403,KG
Y-GEN-3404,536.38,202404,KG
Y-GEN-3405,271780.0,202403,TO
Y-GEN-3405,305540.0,202404,TO
Y-GEN-3406,312.28,202403,KG
Y-GEN-3406,350.37,202404,KG
Y-GEN-3407,419.23,202403,KG
Y-GEN-3407,448.6,202404,KG
Y-GEN-3408,428.24,202403,KG
Y-GEN-3408,495.79,202404,KG
Y-GEN-3409,361.82,202403,KG
Y-GEN-3409,402.45,202404,KG
Y-GEN-3410,331.43,202403,KG
Y-GEN-3410,377.41,202404,KG
Y-GEN-3411,195.93,202403,KG
Y-GEN-3411,228.63,202404,KG
Y-GEN-3412,284.15,202403,KG
Y-GEN-3412,341.06,202404,KG
Y-GEN-3413,314.77,202403,KG
Y-GEN-3413,388.55,202404,KG
Y-GEN-3414,305.6,202403,KG
Y-GEN-3414,375.46,202404,KG
Y-GEN-3415,182.09,202403,KG
Y-GEN-3415,179.92,202404,KG
Y-GEN-3416,214.72,202403,KG
Y-GEN-3416,207.45,202404,KG
Y-GEN-3417,336.75,202403,KG
Y-GEN-3417,416.02,202404,KG
Y-GEN-3418,408.19,202403,KG
Y-GEN-3418,529.75,202404,KG
Y-GEN-3419,403.02,202403,KG
Y-GEN-3419,497.12,202404,KG
Y-GEN-3420,341.48,202403,KG
Y-GEN-3420,402.38,202404,KG
Y-GEN-3421,201.02,202403,KG
Y-GEN-3421,220.24,202404,KG
Y-GEN-3422,316.92,202403,KG
Y-GEN-3422,337.03,202404,KG
Y-GEN-3423,126.42,202403,KG
Y-GEN-3423,125.25,202404,KG
Y-GEN-3424,290.41,202403,KG
Y-GEN-3424,298.98,202404,KG
Y-GEN-3425,259.85,202403,KG
Y-GEN-3425,258.28,202404,KG
Y-GEN-3426,143.86,202403,KG
Y-GEN-3426,178.71,202404,KG
Y-GEN-3427,408.32,202403,KG
Y-GEN-3427,424.61,202404,KG
Y-GEN-3428,346.89,202403,KG
Y-GEN-3428,344.39,202404,KG
Y-GEN-3429,394.88,202403,KG
Y-GEN-3429,408.67,202404,KG
Y-GEN-3430,221.02,202403,KG
Y-GEN-3430,262.74,202404,KG
Y-GEN-3431,146.06,202403,KG
Y-GEN-3431,139.25,202404,KG
Y-GEN-3432,340.37,202403,KG
Y-GEN-3432,423.06,202404,KG
Y-GEN-3433,225.4,202403,KG
Y-GEN-3433,258.81,202404,KG
Y-GEN-3434,250.16,202403,KG
Y-GEN-3434,276.65,202404,KG
Y-GEN-3435,378.36,202403,KG
Y-GEN-3435,414.61,202404,KG
Y-GEN-3436,198.14,202403,KG
Y-GEN-3436,225.87,202404,KG
Y-GEN-3437,148.12,202403,KG
Y-GEN-3437,155.4,202404,KG
Y-GEN-3438,225.71,202403,KG
Y-GEN-3438,270.76,202404,KG
Y-GEN-3439,399.32,202403,KG
Y-GEN-3439,508.08,202404,KG
Y-GEN-3440,432.36,202403,KG
Y-GEN-3440,542.28,202404,KG
Y-GEN-3441,301.89,202403,KG
Y-GEN-3441,359.76,202404,KG
Y-GEN-3442,369290.0,202403,TO
Y-GEN-3442,476060.0,202404,TO
Y-GEN-3443,208.83,202403,KG
Y-GEN-3443,215.71,202404,KG
Y-GEN-3444,380.32,202403,KG
Y-GEN-3444,372.94,202404,KG
Y-GEN-3445,137.22,202403,KG
Y-GEN-3445,164.29,202404,KG
Y-GEN-3446,405.42,202403,KG
Y-GEN-3446,473.93,202404,KG
Y-GEN-3447,135.28,202403,KG
Y-GEN-3447,174.53,202404,KG
Y-GEN-3448,190.05,202403,KG
Y-GEN-3448,242.83,202404,KG
Y-GEN-3449,147.03,202403,KG
Y-GEN-3449,174.83,202404,KG
Y-GEN-3450,268.76,202403,KG
Y-GEN-3450,258.87,202404,KG
Y-GEN-3451,324.12,202403,KG
Y-GEN-3451,341.1,202404,KG
Y-GEN-3452,380.77,202403,KG
Y-GEN-3452,410.18,202404,KG
Y-GEN-3453,211.98,202403,KG
Y-GEN-3453,218.59,202404,KG
Y-GEN-3454,298.59,202403,KG
Y-GEN-3454,377.69,202404,KG
Y-GEN-3455,148.19,202403,KG
Y-GEN-3455,186.81,202404,KG
Y-GEN-3456,242.33,202403,KG
Y-GEN-3456,313.03,202404,KG
Y-GEN-3457,222.21,202403,KG
Y-GEN-3457,229.25,202404,KG
Y-GEN-3458,218.84,202403,KG
Y-GEN-3458,284.22,202404,KG
Y-GEN-3459,398.27,202403,KG
Y-GEN-3459,478.66,202404,KG
Y-GEN-3460,228.16,202403,KG
Y-GEN-3460,263.72,202404,KG
Y-GEN-3461,170.24,202403,KG
Y-GEN-3461,178.17,202404,KG
Y-GEN-3462,153.93,202403,KG
Y-GEN-3462,174.09,202404,KG
Y-GEN-3463,439.45,202403,KG
Y-GEN-3463,523.75,202404,KG
Y-GEN-3464,317.99,202403,KG
Y-GEN-3464,405.84,202404,KG
Y-GEN-3465,435.57,202403,KG
Y-GEN-3465,552.42,202404,KG
Y-GEN-3466,383.72,202403,KG
Y-GEN-3466,420.97,202404,KG
Y-GEN-3467,416.0,202403,KG
Y-GEN-3467,436.87,202404,KG
Y-GEN-3468,410.75,202403,KG
Y-GEN-3468,392.07,202404,KG
Y-GEN-3469,287.52,202403,KG
Y-GEN-3469,344.41,202404,KG
Y-GEN-3470,419.51,202403,KG
Y-GEN-3470,418.66,202404,KG
Y-GEN-3471,393.29,202403,KG
Y-GEN-3471,448.5,202404,KG
Y-GEN-3472,174.68,202403,KG
Y-GEN-3472,197.38,202404,KG
Y-GEN-3473,216.69,202403,KG
Y-GEN-3473,266.05,202404,KG
Y-GEN-3474,182.55,202403,KG
Y-GEN-3474,187.74,202404,KG
Y-GEN-3475,408.45,202403,KG
Y-GEN-3475,522.75,202404,KG
Y-GEN-3476,325.86,202403,KG
Y-GEN-3476,382.98,202404,KG
Y-GEN-3477,223.4,202403,KG
Y-GEN-3477,261.01,202404,KG
Y-GEN-3478,332.79,202403,KG
Y-GEN-3478,325.94,202404,KG
Y-GEN-3479,434690.0,202403,TO
Y-GEN-3479,454940.0,202404,TO
Y-GEN-3480,414.83,202403,KG
Y-GEN-3480,398.74,202404,KG
Y-GEN-3481,292.31,202403,KG
Y-GEN-3481,374.21,202404,KG
Y-GEN-3482,408.55,202403,KG
Y-GEN-3482,495.68,202404,KG
Y-GEN-3483,137.34,202403,KG
Y-GEN-3483,166.99,202404,KG
Y-GEN-3484,121.55,202403,KG
Y-GEN-3484,135.63,202404,KG
Y-GEN-3485,213.95,202403,KG
Y-GEN-3485,255.48,202404,KG
Y-GEN-3486,394.07,202403,KG
Y-GEN-3486,453.39,202404,KG
Y-GEN-3487,143.24,202403,KG
Y-GEN-3487,184.79,202404,KG
Y-GEN-3488,131.6,202403,KG
Y-GEN-3488,155.6,202404,KG
Y-GEN-3489,155.61,202403,KG
Y-GEN-3489,188.92,202404,KG
Y-GEN-3490,400.92,202403,KG
Y-GEN-3490,477.19,202404,KG
Y-GEN-3491,365.18,202403,KG
Y-GEN-3491,365.63,202404,KG
Y-GEN-3492,292.31,202403,KG
Y-GEN-3492,366.77,202404,KG
Y-GEN-3493,135.48,202403,KG
Y-GEN-3493,145.22,202404,KG
Y-GEN-3494,363.85,202403,KG
Y-GEN-3494,381.41,202404,KG
Y-GEN-3495,408.6,202403,KG
Y-GEN-3495,489.38,202404,KG
Y-GEN-3496,336.54,202403,KG
Y-GEN-3496,396.49,202404,KG
Y-GEN-3497,363.19,202403,KG
Y-GEN-3497,419.01,202404,KG
Y-GEN-3498,336.26,202403,KG
Y-GEN-3498,431.01,202404,KG
Y-GEN-3499,343.42,202403,KG
Y-GEN-3499,327.4,202404,KG
Y-GEN-3500,365.85,202403,KG
Y-GEN-3500,426.19,202404,KG
Y-GEN-3501,365.83,202403,KG
Y-GEN-3501,451.08,202404,KG
Y-GEN-3502,132.53,202403,KG
Y-GEN-3502,139.77,202404,KG
Y-GEN-3503,166.6,202403,KG
Y-GEN-3503,163.77,202404,KG
Y-GEN-3504,401.45,202403,KG
Y-GEN-3504,512.13,202404,KG
Y-GEN-3505,228.46,202403,KG
Y-GEN-3505,222.35,202404,KG
Y-GEN-3506,173.17,202403,KG
Y-GEN-3506,200.68,202404,KG
Y-GEN-3507,329.7,202403,KG
Y-GEN-3507,379.93,202404,KG
Y-GEN-3508,349.05,202403,KG
Y-GEN-3508,443.42,202404,KG
Y-GEN-3509,239.85,202403,KG
Y-GEN-3509,248.9,202404,KG
Y-GEN-3510,341.59,202403,KG
Y-GEN-3510,377.18,202404,KG
Y-GEN-3511,298.42,202403,KG
Y-GEN-3511,321.53,202404,KG
Y-GEN-3512,418.83,202403,KG
Y-GEN-3512,484.7,202404,KG
Y-GEN-3513,398.69,202403,KG
Y-GEN-3513,416.73,202404,KG
Y-GEN-3514,162.14,202403,KG
Y-GEN-3514,175.17,202404,KG
Y-GEN-3515,421.17,202403,KG
Y-GEN-3515,502.97,202404,KG
Y-GEN-3516,159940.0,202403,TO
Y-GEN-3516,159370.0,202404,TO
Y-GEN-3517,301.6,202403,KG
Y-GEN-3517,329.45,202404,KG
Y-GEN-3518,379.64,202403,KG
Y-GEN-3518,453.69,202404,KG
Y-GEN-3519,225.74,202403,KG
Y-GEN-3519,260.44,202404,KG
Y-GEN-3520,124.53,202403,KG
Y-GEN-3520,119.98,202404,KG
Y-GEN-3521,323.45,202403,KG
Y-GEN-3521,331.21,202404,KG
Y-GEN-3522,241.22,202403,KG
Y-GEN-3522,309.04,202404,KG
Y-GEN-3523,220.01,202403,KG
Y-GEN-3523,215.48,202404,KG
Y-GEN-3524,190.46,202403,KG
Y-GEN-3524,199.43,202404,KG
Y-GEN-3525,159.67,202403,KG
Y-GEN-3525,157.67,202404,KG
Y-GEN-3526,195.96,202403,KG
Y-GEN-3526,212.8,202404,KG
Y-GEN-3527,151.97,202403,KG
Y-GEN-3527,181.29,202404,KG
Y-GEN-3528,358.2,202403,KG
Y-GEN-3528,378.83,202404,KG
Y-GEN-3529,130.94,202403,KG
Y-GEN-3529,143.89,202404,KG
Y-GEN-3530,437.52,202403,KG
Y-GEN-3530,434.54,202404,KG
Y-GEN-3531,181.57,202403,KG
Y-GEN-3531,213.68,202404,KG
Y-GEN-3532,293.96,202403,KG
Y-GEN-3532,326.39,202404,KG
Y-GEN-3533,317.34,202403,KG
Y-GEN-3533,312.87,202404,KG
Y-GEN-3534,260.58,202403,KG
Y-GEN-3534,262.55,202404,KG
Y-GEN-3535,427.16,202403,KG
Y-GEN-3535,529.75,202404,KG
Y-GEN-3536,123.06,202403,KG
Y-GEN-3536,146.56,202404,KG
Y-GEN-3537,197.95,202403,KG
Y-GEN-3537,244.47,202404,KG
Y-GEN-3538,226.66,202403,KG
Y-GEN-3538,248.85,202404,KG
Y-GEN-3539,442.86,202403,KG
Y-GEN-3539,491.95,202404,KG
Y-GEN-3540,426.04,202403,KG
Y-GEN-3540,460.52,202404,KG
Y-GEN-3541,172.32,202403,KG
Y-GEN-3541,199.07,202404,KG
Y-GEN-3542,130.88,202403,KG
Y-GEN-3542,161.85,202404,KG
Y-GEN-3543,164.97,202403,KG
Y-GEN-3543,191.23,202404,KG
Y-GEN-3544,142.11,202403,KG
Y-GEN-3544,164.85,202404,KG
Y-GEN-3545,261.94,202403,KG
Y-GEN-3545,330.97,202404,KG
Y-GEN-3546,295.45,202403,KG
Y-GEN-3546,295.36,202404,KG
Y-GEN-3547,196.02,202403,KG
Y-GEN-3547,217.62,202404,KG
Y-GEN-3548,433.88,202403,KG
Y-GEN-3548,540.14,202404,KG
Y-GEN-3549,122.22,202403,KG
Y-GEN-3549,124.38,202404,KG
Y-GEN-3550,217.71,202403,KG
Y-GEN-3550,265.83,202404,KG
Y-GEN-3551,135.59,202403,KG
Y-GEN-3551,169.08,202404,KG
Y-GEN-3552,135.43,202403,KG
Y-GEN-3552,149.91,202404,KG
Y-GEN-3553,214690.0,202403,TO
Y-GEN-3553,204870.0,202404,TO
Y-GEN-3554,404.05,202403,KG
Y-GEN-3554,463.12,202404,KG
Y-GEN-3555,243.93,202403,KG
Y-GEN-3555,263.82,202404,KG
Y-GEN-3556,183.5,202403,KG
Y-GEN-3556,200.63,202404,KG
Y-GEN-3557,403.66,202403,KG
Y-GEN-3557,419.29,202404,KG
Y-GEN-3558,184.22,202403,KG
Y-GEN-3558,235.9,202404,KG
Y-GEN-3559,438.92,202403,KG
Y-GEN-3559,546.46,202404,KG
Y-GEN-3560,428.16,202403,KG
Y-GEN-3560,458.62,202404,KG
Y-GEN-3561,287.06,202403,KG
Y-GEN-3561,353.16,202404,KG
Y-GEN-3562,262.48,202403,KG
Y-GEN-3562,295.84,202404,KG
Y-GEN-3563,278.81,202403,KG
Y-GEN-3563,286.94,202404,KG
Y-GEN-3564,439.44,202403,KG
Y-GEN-3564,491.7,202404,KG
Y-GEN-3565,266.33,202403,KG
Y-GEN-3565,332.94,202404,KG
Y-GEN-3566,212.93,202403,KG
Y-GEN-3566,215.88,202404,KG
Y-GEN-3567,229.37,202403,KG
Y-GEN-3567,266.21,202404,KG
Y-GEN-3568,282.42,202403,KG
Y-GEN-3568,319.45,202404,KG
Y-GEN-3569,260.88,202403,KG
Y-GEN-3569,319.71,202404,KG
Y-GEN-3570,163.34,202403,KG
Y-GEN-3570,158.55,202404,KG
Y-GEN-3571,396.58,202403,KG
Y-GEN-3571,423.12,202404,KG
Y-GEN-3572,244.85,202403,KG
Y-GEN-3572,244.61,202404,KG
Y-GEN-3573,163.36,202403,KG
Y-GEN-3573,177.41,202404,KG
Y-GEN-3574,292.44,202403,KG
Y-GEN-3574,379.83,202404,KG
Y-GEN-3575,435.45,202403,KG
Y-GEN-3575,442.66,202404,KG
Y-GEN-3576,189.63,202403,KG
Y-GEN-3576,185.58,202404,KG
Y-GEN-3577,447.77,202403,KG
Y-GEN-3577,553.74,202404,KG
Y-GEN-3578,383.68,202403,KG
Y-GEN-3578,496.98,202404,KG
Y-GEN-3579,257.96,202403,KG
Y-GEN-3579,327.41,202404,KG
Y-GEN-3580,335.01,202403,KG
Y-GEN-3580,428.86,202404,KG
Y-GEN-3581,353.4,202403,KG
Y-GEN-3581,432.27,202404,KG
Y-GEN-3582,417.18,202403,KG
Y-GEN-3582,416.45,202404,KG
Y-GEN-3583,283.4,202403,KG
Y-GEN-3583,365.55,202404,KG
Y-GEN-3584,415.43,202403,KG
Y-GEN-3584,506.32,202404,KG
Y-GEN-3585,384.32,202403,KG
Y-GEN-3585,467.89,202404,KG
Y-GEN-3586,177.36,202403,KG
Y-GEN-3586,212.45,202404,KG
Y-GEN-3587,200.09,202403,KG
Y-GEN-3587,197.4,202404,KG
Y-GEN-3588,183.01,202403,KG
Y-GEN-3588,237.09,202404,KG
Y-GEN-3589,384.73,202403,KG
Y-GEN-3589,487.67,202404,KG
Y-GEN-3590,409060.0,202403,TO
Y-GEN-3590,476100.0,202404,TO
Y-GEN-3591,381.9,202403,KG
Y-GEN-3591,381.2,202404,KG
Y-GEN-3592,140.5,202403,KG
Y-GEN-3592,164.45,202404,KG
Y-GEN-3593,356.07,202403,KG
Y-GEN-3593,445.63,202404,KG
Y-GEN-3594,185.19,202403,KG
Y-GEN-3594,182.75,202404,KG
Y-GEN-3595,412.5,202403,KG
Y-GEN-3595,435.1,202404,KG
Y-GEN-3596,244.53,202403,KG
Y-GEN-3596,257.56,202404,KG
Y-GEN-3597,248.58,202403,KG
Y-GEN-3597,263.05,202404,KG
Y-GEN-3598,261.83,202403,KG
Y-GEN-3598,258.33,202404,KG
Y-GEN-3599,319.01,202403,KG
Y-GEN-3599,353.9,202404,KG
Y-GEN-3600,154.21,202403,KG
Y-GEN-3600,196.83,202404,KG
Y-GEN-3601,194.81,202403,KG
Y-GEN-3601,230.13,202404,KG
Y-GEN-3602,410.39,202403,KG
Y-GEN-3602,443.34,202404,KG
Y-GEN-3603,337.64,202403,KG
Y-GEN-3603,425.84,202404,KG
Y-GEN-3604,158.27,202403,KG
Y-GEN-3604,201.79,202404,KG
Y-GEN-3605,175.63,202403,KG
Y-GEN-3605,214.26,202404,KG
Y-GEN-3606,224.28,202403,KG
Y-GEN-3606,258.36,202404,KG
Y-GEN-3607,270.87,202403,KG
Y-GEN-3607,271.13,202404,KG
Y-GEN-3608,183.85,202403,KG
Y-GEN-3608,178.71,202404,KG
Y-GEN-3609,194.87,202403,KG
Y-GEN-3609,233.88,202404,KG
Y-GEN-3610,186.54,202403,KG
Y-GEN-3610,183.67,202404,KG
Y-GEN-3611,434.08,202403,KG
Y-GEN-3611,456.39,202404,KG
Y-GEN-3612,224.82,202403,KG
Y-GEN-3612,284.77,202404,KG
Y-GEN-3613,295.71,202403,KG
Y-GEN-3613,374.75,202404,KG
Y-GEN-3614,283.22,202403,KG
Y-GEN-3614,333.19,202404,KG
Y-GEN-3615,150.88,202403,KG
Y-GEN-3615,153.24,202404,KG
Y-GEN-3616,242.97,202403,KG
Y-GEN-3616,271.65,202404,KG
Y-GEN-3617,194.29,202403,KG
Y-GEN-3617,185.55,202404,KG
Y-GEN-3618,187.42,202403,KG
Y-GEN-3618,194.89,202404,KG
Y-GEN-3619,438.77,202403,KG
Y-GEN-3619,475.31,202404,KG
Y-GEN-3620,220.1,202403,KG
Y-GEN-3620,268.52,202404,KG
Y-GEN-3621,175.14,202403,KG
Y-GEN-3621,169.49,202404,KG
Y-GEN-3622,278.99,202403,KG
Y-GEN-3622,324.02,202404,KG
Y-GEN-3623,400.74,202403,KG
Y-GEN-3623,391.42,202404,KG
Y-GEN-3624,211.7,202403,KG
Y-GEN-3624,236.45,202404,KG
Y-GEN-3625,240.11,202403,KG
Y-GEN-3625,309.72,202404,KG
Y-GEN-3626,393.73,202403,KG
Y-GEN-3626,429.78,202404,KG
Y-GEN-3627,240970.0,202403,TO
Y-GEN-3627,233490.0,202404,TO
Y-GEN-3628,396.47,202403,KG
Y-GEN-3628,445.75,202404,KG
Y-GEN-3629,129.55,202403,KG
Y-GEN-3629,156.0,202404,KG
Y-GEN-3630,403.02,202403,KG
Y-GEN-3630,492.89,202404,KG
Y-GEN-3631,255.59,202403,KG
Y-GEN-3631,258.06,202404,KG
Y-GEN-3632,205.24,202403,KG
Y-GEN-3632,211.24,202404,KG
Y-GEN-3633,298.15,202403,KG
Y-GEN-3633,351.83,202404,KG
Y-GEN-3634,210.07,202403,KG
Y-GEN-3634,269.45,202404,KG
Y-GEN-3635,228.92,202403,KG
Y-GEN-3635,224.41,202404,KG
Y-GEN-3636,312.33,202403,KG
Y-GEN-3636,379.5,202404,KG
Y-GEN-3637,347.58,202403,KG
Y-GEN-3637,403.39,202404,KG
Y-GEN-3638,393.7,202403,KG
Y-GEN-3638,454.87,202404,KG
Y-GEN-3639,163.59,202403,KG
Y-GEN-3639,158.7,202404,KG
Y-GEN-3640,254.23,202403,KG
Y-GEN-3640,330.0,202404,KG
Y-GEN-3641,154.99,202403,KG
Y-GEN-3641,151.42,202404,KG
Y-GEN-3642,180.33,202403,KG
Y-GEN-3642,226.47,202404,KG
Y-GEN-3643,421.29,202403,KG
Y-GEN-3643,517.5,202404,KG
Y-GEN-3644,412.18,202403,KG
Y-GEN-3644,407.15,202404,KG
Y-GEN-3645,299.66,202403,KG
Y-GEN-3645,325.5,202404,KG
Y-GEN-3646,437.96,202403,KG
Y-GEN-3646,418.36,202404,KG
Y-GEN-3647,305.66,202403,KG
Y-GEN-3647,295.71,202404,KG
Y-GEN-3648,342.51,202403,KG
Y-GEN-3648,430.65,202404,KG
Y-GEN-3649,263.51,202403,KG
Y-GEN-3649,258.12,202404,KG
Y-GEN-3650,151.8,202403,KG
Y-GEN-3650,150.29,202404,KG
Y-GEN-3651,162.47,202403,KG
Y-GEN-3651,187.38,202404,KG
Y-GEN-3652,381.25,202403,KG
Y-GEN-3652,423.27,202404,KG
Y-GEN-3653,204.03,202403,KG
Y-GEN-3653,239.33,202404,KG
Y-GEN-3654,399.87,202403,KG
Y-GEN-3654,413.04,202404,KG
Y-GEN-3655,153.73,202403,KG
Y-GEN-3655,166.48,202404,KG
Y-GEN-3656,164.11,202403,KG
Y-GEN-3656,199.21,202404,KG
Y-GEN-3657,182.78,202403,KG
Y-GEN-3657,225.72,202404,KG
Y-GEN-3658,260.99,202403,KG
Y-GEN-3658,258.53,202404,KG
Y-GEN-3659,309.77,202403,KG
Y-GEN-3659,336.87,202404,KG
Y-GEN-3660,187.88,202403,KG
Y-GEN-3660,228.4,202404,KG
Y-GEN-3661,132.5,202403,KG
Y-GEN-3661,127.67,202404,KG
Y-GEN-3662,262.84,202403,KG
Y-GEN-3662,309.87,202404,KG
Y-GEN-3663,440.6,202403,KG
Y-GEN-3663,518.29,202404,KG
Y-GEN-3664,170100.0,202403,TO
Y-GEN-3664,175250.0,202404,TO
Y-GEN-3665,380.3,202403,KG
Y-GEN-3665,362.14,202404,KG
Y-GEN-3666,384.26,202403,KG
Y-GEN-3666,416.97,202404,KG
Y-GEN-3667,219.9,202403,KG
Y-GEN-3667,249.76,202404,KG
Y-GEN-3668,302.64,202403,KG
Y-GEN-3668,387.52,202404,KG
Y-GEN-3669,238.43,202403,KG
Y-GEN-3669,275.05,202404,KG
Y-GEN-3670,338.89,202403,KG
Y-GEN-3670,432.34,202404,KG
Y-GEN-3671,148.8,202403,KG
Y-GEN-3671,164.11,202404,KG
Y-GEN-3672,397.38,202403,KG
Y-GEN-3672,454.26,202404,KG
Y-GEN-3673,314.88,202403,KG
Y-GEN-3673,308.04,202404,KG
Y-GEN-3674,360.49,202403,KG
Y-GEN-3674,414.41,202404,KG
Y-GEN-3675,348.74,202403,KG
Y-GEN-3675,398.89,202404,KG
Y-GEN-3676,325.65,202403,KG
Y-GEN-3676,416.51,202404,KG
Y-GEN-3677,161.74,202403,KG
Y-GEN-3677,163.35,202404,KG
Y-GEN-3678,128.96,202403,KG
Y-GEN-3678,156.07,202404,KG
Y-GEN-3679,124.14,202403,KG
Y-GEN-3679,148.55,202404,KG
Y-GEN-3680,346.14,202403,KG
Y-GEN-3680,355.22,202404,KG
Y-GEN-3681,440.19,202403,KG
Y-GEN-3681,544.07,202404,KG
Y-GEN-3682,186.07,202403,KG
Y-GEN-3682,241.34,202404,KG
Y-GEN-3683,231.62,202403,KG
Y-GEN-3683,258.25,202404,KG
Y-GEN-3684,243.41,202403,KG
Y-GEN-3684,281.29,202404,KG
Y-GEN-3685,236.47,202403,KG
Y-GEN-3685,245.94,202404,KG
Y-GEN-3686,130.41,202403,KG
Y-GEN-3686,166.38,202404,KG
Y-GEN-3687,227.94,202403,KG
Y-GEN-3687,282.66,202404,KG
Y-GEN-3688,170.72,202403,KG
Y-GEN-3688,189.06,202404,KG
Y-GEN-3689,413.06,202403,KG
Y-GEN-3689,393.49,202404,KG
Y-GEN-3690,332.51,202403,KG
Y-GEN-3690,349.32,202404,KG
Y-GEN-3691,438.47,202403,KG
Y-GEN-3691,538.69,202404,KG
Y-GEN-3692,413.81,202403,KG
Y-GEN-3692,458.28,202404,KG
Y-GEN-3693,156.89,202403,KG
Y-GEN-3693,171.98,202404,KG
Y-GEN-3694,167.63,202403,KG
Y-GEN-3694,194.7,202404,KG
Y-GEN-3695,422.36,202403,KG
Y-GEN-3695,524.86,202404,KG
Y-GEN-3696,412.91,202403,KG
Y-GEN-3696,465.0,202404,KG
Y-GEN-3697,384.15,202403,KG
Y-GEN-3697,468.73,202404,KG
Y-GEN-3698,413.49,202403,KG
Y-GEN-3698,436.86,202404,KG
Y-GEN-3699,435.42,202403,KG
Y-GEN-3699,424.63,202404,KG
Y-GEN-3700,447.66,202403,KG
Y-GEN-3700,481.3,202404,KG
Y-GEN-3701,400540.0,202403,TO
Y-GEN-3701,512559.9999999999,202404,TO
Y-GEN-3702,315.18,202403,KG
Y-GEN-3702,397.28,202404,KG
Y-GEN-3703,215.75,202403,KG
Y-GEN-3703,233.74,202404,KG
Y-GEN-3704,398.07,202403,KG
Y-GEN-3704,431.01,202404,KG
Y-GEN-3705,234.35,202403,KG
Y-GEN-3705,251.73,202404,KG
Y-GEN-3706,265.55,202403,KG
Y-GEN-3706,312.03,202404,KG
Y-GEN-3707,210.64,202403,KG
Y-GEN-3707,241.77,202404,KG
Y-GEN-3708,288.36,202403,KG
Y-GEN-3708,352.47,202404,KG
Y-GEN-3709,123.9,202403,KG
Y-GEN-3709,119.48,202404,KG
Y-GEN-3710,188.3,202403,KG
Y-GEN-3710,219.98,202404,KG
Y-GEN-3711,205.9,202403,KG
Y-GEN-3711,254.36,202404,KG
Y-GEN-3712,311.64,202403,KG
Y-GEN-3712,403.6,202404,KG
Y-GEN-3713,388.79,202403,KG
Y-GEN-3713,370.49,202404,KG
Y-GEN-3714,394.43,202403,KG
Y-GEN-3714,503.46,202404,KG
Y-GEN-3715,406.13,202403,KG
Y-GEN-3715,422.23,202404,KG
Y-GEN-3716,173.84,202403,KG
Y-GEN-3716,223.9,202404,KG
Y-GEN-3717,385.41,202403,KG
Y-GEN-3717,392.78,202404,KG
Y-GEN-3718,445.68,202403,KG
Y-GEN-3718,567.62,202404,KG
Y-GEN-3719,189.57,202403,KG
Y-GEN-3719,242.34,202404,KG
Y-GEN-3720,121.41,202403,KG
Y-GEN-3720,127.03,202404,KG
Y-GEN-3721,440.89,202403,KG
Y-GEN-3721,490.31,202404,KG
Y-GEN-3722,400.25,202403,KG
Y-GEN-3722,491.42,202404,KG
Y-GEN-3723,181.94,202403,KG
Y-GEN-3723,223.33,202404,KG
Y-GEN-3724,402.61,202403,KG
Y-GEN-3724,383.47,202404,KG
Y-GEN-3725,138.23,202403,KG
Y-GEN-3725,163.67,202404,KG
Y-GEN-3726,273.41,202403,KG
Y-GEN-3726,287.49,202404,KG
Y-GEN-3727,327.73,202403,KG
Y-GEN-3727,316.78,202404,KG
Y-GEN-3728,362.62,202403,KG
Y-GEN-3728,391.77,202404,KG
Y-GEN-3729,282.68,202403,KG
Y-GEN-3729,337.37,202404,KG
Y-GEN-3730,243.74,202403,KG
Y-GEN-3730,270.58,202404,KG
Y-GEN-3731,173.81,202403,KG
Y-GEN-3731,214.35,202404,KG
Y-GEN-3732,219.71,202403,KG
Y-GEN-3732,239.05,202404,KG
Y-GEN-3733,266.39,202403,KG
Y-GEN-3733,291.87,202404,KG
Y-GEN-3734,217.32,202403,KG
Y-GEN-3734,275.46,202404,KG
Y-GEN-3735,164.34,202403,KG
Y-GEN-3735,162.38,202404,KG
Y-GEN-3736,222.64,202403,KG
Y-GEN-3736,257.7,202404,KG
Y-GEN-3737,446.52,202403,KG
Y-GEN-3737,499.72,202404,KG
Y-GEN-3738,180710.0,202403,TO
Y-GEN-3738,212710.0,202404,TO
Y-GEN-3739,129.22,202403,KG
Y-GEN-3739,126.1,202404,KG
Y-GEN-3740,289.04,202403,KG
Y-GEN-3740,321.62,202404,KG
Y-GEN-3741,171.76,202403,KG
Y-GEN-3741,176.63,202404,KG
Y-GEN-3742,320.3,202403,KG
Y-GEN-3742,411.16,202404,KG
Y-GEN-3743,424.44,202403,KG
Y-GEN-3743,504.9,202404,KG
Y-GEN-3744,290.66,202403,KG
Y-GEN-3744,333.39,202404,KG
Y-GEN-3745,290.15,202403,KG
Y-GEN-3745,377.05,202404,KG
Y-GEN-3746,263.42,202403,KG
Y-GEN-3746,283.18,202404,KG
Y-GEN-3747,168.55,202403,KG
Y-GEN-3747,190.58,202404,KG
Y-GEN-3748,447.34,202403,KG
Y-GEN-3748,578.12,202404,KG
Y-GEN-3749,130.57,202403,KG
Y-GEN-3749,136.99,202404,KG
Y-GEN-3750,301.87,202403,KG
Y-GEN-3750,331.96,202404,KG
Y-GEN-3751,347.21,202403,KG
Y-GEN-3751,354.96,202404,KG
Y-GEN-3752,203.56,202403,KG
Y-GEN-3752,256.75,202404,KG
Y-GEN-3753,423.31,202403,KG
Y-GEN-3753,403.27,202404,KG
Y-GEN-3754,325.97,202403,KG
Y-GEN-3754,333.78,202404,KG
Y-GEN-3755,234.84,202403,KG
Y-GEN-3755,276.22,202404,KG
Y-GEN-3756,275.1,202403,KG
Y-GEN-3756,309.34,202404,KG
Y-GEN-3757,319.38,202403,KG
Y-GEN-3757,323.81,202404,KG
Y-GEN-3758,286.49,202403,KG
Y-GEN-3758,357.25,202404,KG
Y-GEN-3759,247.11,202403,KG
Y-GEN-3759,321.18,202404,KG
Y-GEN-3760,433.91,202403,KG
Y-GEN-3760,528.94,202404,KG
Y-GEN-3761,439.93,202403,KG
Y-GEN-3761,501.32,202404,KG
Y-GEN-3762,209.66,202403,KG
Y-GEN-3762,222.04,202404,KG
Y-GEN-3763,241.4,202403,KG
Y-GEN-3763,284.23,202404,KG
Y-GEN-3764,258.58,202403,KG
Y-GEN-3764,328.07,202404,KG
Y-GEN-3765,419.64,202403,KG
Y-GEN-3765,523.89,202404,KG
Y-GEN-3766,318.81,202403,KG
Y-GEN-3766,383.02,202404,KG
Y-GEN-3767,288.85,202403,KG
Y-GEN-3767,322.93,202404,KG
Y-GEN-3768,440.45,202403,KG
Y-GEN-3768,561.07,202404,KG
Y-GEN-3769,283.32,202403,KG
Y-GEN-3769,366.92,202404,KG
Y-GEN-3770,185.69,202403,KG
Y-GEN-3770,200.68,202404,KG
Y-GEN-3771,400.71,202403,KG
Y-GEN-3771,490.66,202404,KG
Y-GEN-3772,216.07,202403,KG
Y-GEN-3772,266.75,202404,KG
Y-GEN-3773,441.43,202403,KG
Y-GEN-3773,446.28,202404,KG
Y-GEN-3774,340.55,202403,KG
Y-GEN-3774,434.12,202404,KG
Y-GEN-3775,235850.0,202403,TO
Y-GEN-3775,249540.0,202404,TO
Y-GEN-3776,372.88,202403,KG
Y-GEN-3776,374.61,202404,KG
Y-GEN-3777,135.86,202403,KG
Y-GEN-3777,149.32,202404,KG
Y-GEN-3778,254.59,202403,KG
Y-GEN-3778,255.59,202404,KG
Y-GEN-3779,194.75,202403,KG
Y-GEN-3779,233.72,202404,KG
Y-GEN-3780,334.29,202403,KG
Y-GEN-3780,355.42,202404,KG
Y-GEN-3781,171.03,202403,KG
Y-GEN-3781,196.3,202404,KG
Y-GEN-3782,135.27,202403,KG
Y-GEN-3782,130.96,202404,KG
Y-GEN-3783,146.34,202403,KG
Y-GEN-3783,164.57,202404,KG
Y-GEN-3784,252.27,202403,KG
Y-GEN-3784,310.55,202404,KG
Y-GEN-3785,248.83,202403,KG
Y-GEN-3785,313.56,202404,KG
Y-GEN-3786,404.03,202403,KG
Y-GEN-3786,472.84,202404,KG
Y-GEN-3787,354.08,202403,KG
Y-GEN-3787,351.82,202404,KG
Y-GEN-3788,255.12,202403,KG
Y-GEN-3788,298.64,202404,KG
Y-GEN-3789,413.83,202403,KG
Y-GEN-3789,484.94,202404,KG
Y-GEN-3790,264.71,202403,KG
Y-GEN-3790,319.89,202404,KG
Y-GEN-3791,309.21,202403,KG
Y-GEN-3791,330.71,202404,KG
Y-GEN-3792,268.46,202403,KG
Y-GEN-3792,313.73,202404,KG
Y-GEN-3793,274.49,202403,KG
Y-GEN-3793,349.07,202404,KG
Y-GEN-3794,245.63,202403,KG
Y-GEN-3794,281.56,202404,KG
Y-GEN-3795,375.24,202403,KG
Y-GEN-3795,461.05,202404,KG
Y-GEN-3796,367.63,202403,KG
Y-GEN-3796,470.19,202404,KG
Y-GEN-3797,126.35,202403,KG
Y-GEN-3797,139.86,202404,KG
Y-GEN-3798,374.45,202403,KG
Y-GEN-3798,471.26,202404,KG
Y-GEN-3799,198.91,202403,KG
Y-GEN-3799,198.57,202404,KG
Y-GEN-3800,258.47,202403,KG
Y-GEN-3800,275.56,202404,KG
Y-GEN-3801,143.22,202403,KG
Y-GEN-3801,142.81,202404,KG
Y-GEN-3802,226.98,202403,KG
Y-GEN-3802,260.2,202404,KG
Y-GEN-3803,274.85,202403,KG
Y-GEN-3803,316.76,202404,KG
Y-GEN-3804,409.83,202403,KG
Y-GEN-3804,520.57,202404,KG
Y-GEN-3805,201.28,202403,KG
Y-GEN-3805,258.29,202404,KG
Y-GEN-3806,135.77,202403,KG
Y-GEN-3806,168.15,202404,KG
Y-GEN-3807,147.9,202403,KG
Y-GEN-3807,171.67,202404,KG
Y-GEN-3808,426.37,202403,KG
Y-GEN-3808,414.09,202404,KG
Y-GEN-3809,214.44,202403,KG
Y-GEN-3809,270.1,202404,KG
Y-GEN-3810,260.96,202403,KG
Y-GEN-3810,320.05,202404,KG
Y-GEN-3811,264.96,202403,KG
Y-GEN-3811,320.41,202404,KG
Y-GEN-3812,214010.0,202403,TO
Y-GEN-3812,266430.0,202404,TO
Y-GEN-3813,337.74,202403,KG
Y-GEN-3813,375.91,202404,KG
Y-GEN-3814,388.55,202403,KG
Y-GEN-3814,391.21,202404,KG
Y-GEN-3815,379.73,202403,KG
Y-GEN-3815,470.05,202404,KG
Y-GEN-3816,134.5,202403,KG
Y-GEN-3816,144.21,202404,KG
Y-GEN-3817,190.63,202403,KG
Y-GEN-3817,218.46,202404,KG
Y-GEN-3818,177.57,202403,KG
Y-GEN-3818,222.53,202404,KG
Y-GEN-3819,244.54,202403,KG
Y-GEN-3819,297.0,202404,KG
Y-GEN-3820,340.68,202403,KG
Y-GEN-3820,431.27,202404,KG
Y-GEN-3821,154.96,202403,KG
Y-GEN-3821,187.35,202404,KG
Y-GEN-3822,347.56,202403,KG
Y-GEN-3822,417.77,202404,KG
Y-GEN-3823,278.18,202403,KG
Y-GEN-3823,336.28,202404,KG
Y-GEN-3824,272.78,202403,KG
Y-GEN-3824,334.37,202404,KG
Y-GEN-3825,293.03,202403,KG
Y-GEN-3825,318.84,202404,KG
Y-GEN-3826,310.11,202403,KG
Y-GEN-3826,388.41,202404,KG
Y-GEN-3827,267.85,202403,KG
Y-GEN-3827,277.65,202404,KG
Y-GEN-3828,301.87,202403,KG
Y-GEN-3828,364.98,202404,KG
Y-GEN-3829,162.13,202403,KG
Y-GEN-3829,165.21,202404,KG
Y-GEN-3830,166.31,202403,KG
Y-GEN-3830,184.98,202404,KG
Y-GEN-3831,394.96,202403,KG
Y-GEN-3831,389.4,202404,KG
Y-GEN-3832,275.25,202403,KG
Y-GEN-3832,317.5,202404,KG
Y-GEN-3833,237.27,202403,KG
Y-GEN-3833,239.98,202404,KG
Y-GEN-3834,369.33,202403,KG
Y-GEN-3834,406.88,202404,KG
Y-GEN-3835,432.1,202403,KG
Y-GEN-3835,410.53,202404,KG
Y-GEN-3836,184.59,202403,KG
Y-GEN-3836,216.31,202404,KG
Y-GEN-3837,222.57,202403,KG
Y-GEN-3837,218.95,202404,KG
Y-GEN-3838,313.5,202403,KG
Y-GEN-3838,398.24,202404,KG
Y-GEN-3839,386.01,202403,KG
Y-GEN-3839,457.89,202404,KG
Y-GEN-3840,153.66,202403,KG
Y-GEN-3840,193.83,202404,KG
Y-GEN-3841,256.7,202403,KG
Y-GEN-3841,329.62,202404,KG
Y-GEN-3842,150.67,202403,KG
Y-GEN-3842,147.1,202404,KG
Y-GEN-3843,278.69,202403,KG
Y-GEN-3843,359.07,202404,KG
Y-GEN-3844,153.79,202403,KG
Y-GEN-3844,182.62,202404,KG
Y-GEN-3845,402.7,202403,KG
Y-GEN-3845,399.71,202404,KG
Y-GEN-3846,127.63,202403,KG
Y-GEN-3846,141.09,202404,KG
Y-GEN-3847,399.45,202403,KG
Y-GEN-3847,428.1,202404,KG
Y-GEN-3848,176.03,202403,KG
Y-GEN-3848,197.62,202404,KG
Y-GEN-3849,204600.0,202403,TO
Y-GEN-3849,245220.0,202404,TO
Y-GEN-3850,167.3,202403,KG
Y-GEN-3850,201.78,202404,KG
Y-GEN-3851,140.89,202403,KG
Y-GEN-3851,152.11,202404,KG
Y-GEN-3852,337.43,202403,KG
Y-GEN-3852,346.39,202404,KG
Y-GEN-3853,285.2,202403,KG
Y-GEN-3853,324.39,202404,KG
Y-GEN-3854,221.8,202403,KG
Y-GEN-3854,258.41,202404,KG
Y-GEN-3855,299.18,202403,KG
Y-GEN-3855,385.33,202404,KG
Y-GEN-3856,273.24,202403,KG
Y-GEN-3856,321.8,202404,KG
Y-GEN-3857,320.68,202403,KG
Y-GEN-3857,335.12,202404,KG
Y-GEN-3858,234.52,202403,KG
Y-GEN-3858,284.69,202404,KG
Y-GEN-3859,277.04,202403,KG
Y-GEN-3859,306.2,202404,KG
Y-GEN-3860,357.45,202403,KG
Y-GEN-3860,404.34,202404,KG
Y-GEN-3861,287.03,202403,KG
Y-GEN-3861,327.77,202404,KG
Y-GEN-3862,273.65,202403,KG
Y-GEN-3862,271.99,202404,KG
Y-GEN-3863,349.76,202403,KG
Y-GEN-3863,402.82,202404,KG
Y-GEN-3864,252.57,202403,KG
Y-GEN-3864,254.56,202404,KG
Y-GEN-3865,376.39,202403,KG
Y-GEN-3865,383.53,202404,KG
Y-GEN-3866,441.85,202403,KG
Y-GEN-3866,552.88,202404,KG
Y-GEN-3867,144.03,202403,KG
Y-GEN-3867,160.42,202404,KG
Y-GEN-3868,307.94,202403,KG
Y-GEN-3868,387.02,202404,KG
Y-GEN-3869,277.29,202403,KG
Y-GEN-3869,268.83,202404,KG
Y-GEN-3870,344.04,202403,KG
Y-GEN-3870,345.74,202404,KG
Y-GEN-3871,188.01,202403,KG
Y-GEN-3871,213.77,202404,KG
Y-GEN-3872,205.27,202403,KG
Y-GEN-3872,261.95,202404,KG
Y-GEN-3873,299.06,202403,KG
Y-GEN-3873,355.78,202404,KG
Y-GEN-3874,269.41,202403,KG
Y-GEN-3874,300.33,202404,KG
Y-GEN-3875,271.05,202403,KG
Y-GEN-3875,311.74,202404,KG
Y-GEN-3876,293.83,202403,KG
Y-GEN-3876,320.57,202404,KG
Y-GEN-3877,202.92,202403,KG
Y-GEN-3877,227.33,202404,KG
Y-GEN-3878,297.73,202403,KG
Y-GEN-3878,361.47,202404,KG
Y-GEN-3879,303.71,202403,KG
Y-GEN-3879,317.22,202404,KG
Y-GEN-3880,316.86,202403,KG
Y-GEN-3880,350.37,202404,KG
Y-GEN-3881,327.74,202403,KG
Y-GEN-3881,372.59,202404,KG
Y-GEN-3882,372.6,202403,KG
Y-GEN-3882,362.65,202404,KG
Y-GEN-3883,430.48,202403,KG
Y-GEN-3883,421.77,202404,KG
Y-GEN-3884,280.0,202403,KG
Y-GEN-3884,332.65,202404,KG
Y-GEN-3885,190.44,202403,KG
Y-GEN-3885,202.91,202404,KG
Y-GEN-3886,396100.0,202403,TO
Y-GEN-3886,486640.0,202404,TO
Y-GEN-3887,393.71,202403,KG
Y-GEN-3887,385.91,202404,KG
Y-GEN-3888,320.5,202403,KG
Y-GEN-3888,304.57,202404,KG
Y-GEN-3889,396.29,202403,KG
Y-GEN-3889,514.27,202404,KG
Y-GEN-3890,331.14,202403,KG
Y-GEN-3890,400.37,202404,KG
Y-GEN-3891,166.3,202403,KG
Y-GEN-3891,206.25,202404,KG
Y-GEN-3892,154.65,202403,KG
Y-GEN-3892,164.56,202404,KG
Y-GEN-3893,158.89,202403,KG
Y-GEN-3893,172.45,202404,KG
Y-GEN-3894,319.33,202403,KG
Y-GEN-3894,403.72,202404,KG
Y-GEN-3895,214.63,202403,KG
Y-GEN-3895,210.34,202404,KG
Y-GEN-3896,173.24,202403,KG
Y-GEN-3896,197.68,202404,KG
Y-GEN-3897,349.96,202403,KG
Y-GEN-3897,401.51,202404,KG
Y-GEN-3898,144.51,202403,KG
Y-GEN-3898,175.75,202404,KG
Y-GEN-3899,285.62,202403,KG
Y-GEN-3899,360.76,202404,KG
Y-GEN-3900,317.58,202403,KG
Y-GEN-3900,395.88,202404,KG
Y-GEN-3901,366.68,202403,KG
Y-GEN-3901,428.08,202404,KG
Y-GEN-3902,393.28,202403,KG
Y-GEN-3902,387.48,202404,KG
Y-GEN-3903,159.35,202403,KG
Y-GEN-3903,202.46,202404,KG
Y-GEN-3904,227.7,202403,KG
Y-GEN-3904,269.32,202404,KG
Y-GEN-3905,267.45,202403,KG
Y-GEN-3905,329.74,202404,KG
Y-GEN-3906,437.52,202403,KG
Y-GEN-3906,529.19,202404,KG
Y-GEN-3907,215.41,202403,KG
Y-GEN-3907,276.59,202404,KG
Y-GEN-3908,137.59,202403,KG
Y-GEN-3908,165.17,202404,KG
Y-GEN-3909,255.11,202403,KG
Y-GEN-3909,319.43,202404,KG
Y-GEN-3910,141.57,202403,KG
Y-GEN-3910,180.89,202404,KG
Y-GEN-3911,158.05,202403,KG
Y-GEN-3911,163.18,202404,KG
Y-GEN-3912,293.01,202403,KG
Y-GEN-3912,341.07,202404,KG
Y-GEN-3913,434.3,202403,KG
Y-GEN-3913,520.09,202404,KG
Y-GEN-3914,319.04,202403,KG
Y-GEN-3914,410.81,202404,KG
Y-GEN-3915,284.61,202403,KG
Y-GEN-3915,309.28,202404,KG
Y-GEN-3916,295.5,202403,KG
Y-GEN-3916,333.66,202404,KG
Y-GEN-3917,319.98,202403,KG
Y-GEN-3917,391.61,202404,KG
Y-GEN-3918,379.85,202403,KG
Y-GEN-3918,386.98,202404,KG
Y-GEN-3919,282.51,202403,KG
Y-GEN-3919,299.02,202404,KG
Y-GEN-3920,330.8,202403,KG
Y-GEN-3920,394.4,202404,KG
Y-GEN-3921,189.86,202403,KG
Y-GEN-3921,229.68,202404,KG
Y-GEN-3922,422.06,202403,KG
Y-GEN-3922,419.67,202404,KG
Y-GEN-3923,361470.0,202403,TO
Y-GEN-3923,389850.0,202404,TO
Y-GEN-3924,384.11,202403,KG
Y-GEN-3924,397.41,202404,KG
Y-GEN-3925,274.05,202403,KG
Y-GEN-3925,261.87,202404,KG
Y-GEN-3926,329.36,202403,KG
Y-GEN-3926,420.53,202404,KG
Y-GEN-3927,344.94,202403,KG
Y-GEN-3927,438.88,202404,KG
Y-GEN-3928,266.24,202403,KG
Y-GEN-3928,271.84,202404,KG
Y-GEN-3929,232.87,202403,KG
Y-GEN-3929,255.23,202404,KG
Y-GEN-3930,144.75,202403,KG
Y-GEN-3930,147.32,202404,KG
Y-GEN-3931,421.49,202403,KG
Y-GEN-3931,401.76,202404,KG
Y-GEN-3932,230.2,202403,KG
Y-GEN-3932,242.17,202404,KG
Y-GEN-3933,145.44,202403,KG
Y-GEN-3933,157.21,202404,KG
Y-GEN-3934,195.5,202403,KG
Y-GEN-3934,251.99,202404,KG
Y-GEN-3935,134.77,202403,KG
Y-GEN-3935,163.19,202404,KG
Y-GEN-3936,411.9,202403,KG
Y-GEN-3936,456.92,202404,KG
Y-GEN-3937,374.37,202403,KG
Y-GEN-3937,463.41,202404,KG
Y-GEN-3938,159.36,202403,KG
Y-GEN-3938,177.42,202404,KG
Y-GEN-3939,244.71,202403,KG
Y-GEN-3939,249.28,202404,KG
Y-GEN-3940,223.36,202403,KG
Y-GEN-3940,275.78,202404,KG
Y-GEN-3941,333.32,202403,KG
Y-GEN-3941,373.45,202404,KG
Y-GEN-3942,424.19,202403,KG
Y-GEN-3942,479.14,202404,KG
Y-GEN-3943,289.41,202403,KG
Y-GEN-3943,332.48,202404,KG
Y-GEN-3944,384.58,202403,KG
Y-GEN-3944,466.39,202404,KG
Y-GEN-3945,215.7,202403,KG
Y-GEN-3945,221.18,202404,KG
Y-GEN-3946,196.81,202403,KG
Y-GEN-3946,242.77,202404,KG
Y-GEN-3947,162.97,202403,KG
Y-GEN-3947,193.67,202404,KG
Y-GEN-3948,205.84,202403,KG
Y-GEN-3948,241.14,202404,KG
Y-GEN-3949,175.39,202403,KG
Y-GEN-3949,221.97,202404,KG
Y-GEN-3950,306.18,202403,KG
Y-GEN-3950,384.61,202404,KG
Y-GEN-3951,395.15,202403,KG
Y-GEN-3951,406.65,202404,KG
Y-GEN-3952,377.33,202403,KG
Y-GEN-3952,477.02,202404,KG
Y-GEN-3953,163.43,202403,KG
Y-GEN-3953,211.01,202404,KG
Y-GEN-3954,449.68,202403,KG
Y-GEN-3954,572.59,202404,KG
Y-GEN-3955,396.6,202403,KG
Y-GEN-3955,493.11,202404,KG
Y-GEN-3956,135.7,202403,KG
Y-GEN-3956,139.58,202404,KG
Y-GEN-3957,199.8,202403,KG
Y-GEN-3957,247.69,202404,KG
Y-GEN-3958,192.81,202403,KG
Y-GEN-3958,188.63,202404,KG
Y-GEN-3959,314.45,202403,KG
Y-GEN-3959,348.16,202404,KG
Y-GEN-3960,320280.0,202403,TO
Y-GEN-3960,376650.0,202404,TO
Y-GEN-3961,395.21,202403,KG
Y-GEN-3961,422.42,202404,KG
Y-GEN-3962,280.23,202403,KG
Y-GEN-3962,361.78,202404,KG
Y-GEN-3963,437.46,202403,KG
Y-GEN-3963,517.72,202404,KG
Y-GEN-3964,256.17,202403,KG
Y-GEN-3964,277.62,202404,KG
Y-GEN-3965,180.54,202403,KG
Y-GEN-3965,230.42,202404,KG
Y-GEN-3966,169.51,202403,KG
Y-GEN-3966,171.48,202404,KG
Y-GEN-3967,281.15,202403,KG
Y-GEN-3967,306.68,202404,KG
Y-GEN-3968,268.14,202403,KG
Y-GEN-3968,305.64,202404,KG
Y-GEN-3969,202.23,202403,KG
Y-GEN-3969,207.88,202404,KG
Y-GEN-3970,389.95,202403,KG
Y-GEN-3970,428.99,202404,KG
Y-GEN-3971,279.71,202403,KG
Y-GEN-3971,279.61,202404,KG
Y-GEN-3972,187.21,202403,KG
Y-GEN-3972,209.83,202404,KG
Y-GEN-3973,255.34,202403,KG
Y-GEN-3973,293.01,202404,KG
Y-GEN-3974,409.49,202403,KG
Y-GEN-3974,508.16,202404,KG
Y-GEN-3975,186.24,202403,KG
Y-GEN-3975,189.41,202404,KG
Y-GEN-3976,356.8,202403,KG
Y-GEN-3976,431.65,202404,KG
Y-GEN-3977,377.21,202403,KG
Y-GEN-3977,392.95,202404,KG
Y-GEN-3978,339.83,202403,KG
Y-GEN-3978,401.57,202404,KG
Y-GEN-3979,351.52,202403,KG
Y-GEN-3979,400.81,202404,KG
Y-GEN-3980,266.46,202403,KG
Y-GEN-3980,312.09,202404,KG
Y-GEN-3981,239.33,202403,KG
Y-GEN-3981,273.39,202404,KG
Y-GEN-3982,340.81,202403,KG
Y-GEN-3982,335.55,202404,KG
Y-GEN-3983,251.21,202403,KG
Y-GEN-3983,263.06,202404,KG
Y-GEN-3984,291.17,202403,KG
Y-GEN-3984,325.12,202404,KG
Y-GEN-3985,349.71,202403,KG
Y-GEN-3985,335.56,202404,KG
Y-GEN-3986,364.19,202403,KG
Y-GEN-3986,445.32,202404,KG
Y-GEN-3987,410.51,202403,KG
Y-GEN-3987,517.81,202404,KG
Y-GEN-3988,360.33,202403,KG
Y-GEN-3988,396.95,202404,KG
Y-GEN-3989,430.36,202403,KG
Y-GEN-3989,431.17,202404,KG
Y-GEN-3990,162.01,202403,KG
Y-GEN-3990,190.7,202404,KG
Y-GEN-3991,234.83,202403,KG
Y-GEN-3991,228.04,202404,KG
Y-GEN-3992,208.43,202403,KG
Y-GEN-3992,208.84,202404,KG
Y-GEN-3993,413.53,202403,KG
Y-GEN-3993,516.14,202404,KG
Y-GEN-3994,356.85,202403,KG
Y-GEN-3994,385.98,202404,KG
Y-GEN-3995,166.45,202403,KG
Y-GEN-3995,205.13,202404,KG
Y-GEN-3996,349.95,202403,KG
Y-GEN-3996,350.55,202404,KG
Y-GEN-3997,405970.0,202403,TO
Y-GEN-3997,487000.0,202404,TO
Y-GEN-3998,285.26,202403,KG
Y-GEN-3998,307.5,202404,KG
Y-GEN-3999,434.84,202403,KG
Y-GEN-3999,432.9,202404,KG
Y-GEN-4000,141.13,202403,KG
Y-GEN-4000,141.1,202404,KG
Y-GEN-4001,215.28,202403,KG
Y-GEN-4001,215.31,202404,KG
Y-GEN-4002,190.21,202403,KG
Y-GEN-4002,188.34,202404,KG
Y-GEN-4003,127.3,202403,KG
Y-GEN-4003,150.55,202404,KG
Y-GEN-4004,396.61,202403,KG
Y-GEN-4004,411.5,202404,KG
Y-GEN-4005,402.79,202403,KG
Y-GEN-4005,389.3,202404,KG
Y-GEN-4006,296.61,202403,KG
Y-GEN-4006,306.16,202404,KG
Y-GEN-4007,195.02,202403,KG
Y-GEN-4007,192.63,202404,KG
Y-GEN-4008,377.91,202403,KG
Y-GEN-4008,447.69,202404,KG
Y-GEN-4009,230.69,202403,KG
Y-GEN-4009,296.6,202404,KG
Y-GEN-4010,376.24,202403,KG
Y-GEN-4010,450.02,202404,KG
Y-GEN-4011,121.2,202403,KG
Y-GEN-4011,131.45,202404,KG
Y-GEN-4012,336.23,202403,KG
Y-GEN-4012,349.33,202404,KG
Y-GEN-4013,319.64,202403,KG
Y-GEN-4013,350.15,202404,KG
Y-GEN-4014,232.38,202403,KG
Y-GEN-4014,294.28,202404,KG
Y-GEN-4015,243.04,202403,KG
Y-GEN-4015,290.53,202404,KG
Y-GEN-4016,235.13,202403,KG
Y-GEN-4016,262.08,202404,KG
Y-GEN-4017,146.44,202403,KG
Y-GEN-4017,175.92,202404,KG
Y-GEN-4018,338.65,202403,KG
Y-GEN-4018,341.39,202404,KG
Y-GEN-4019,288.19,202403,KG
Y-GEN-4019,309.4,202404,KG
Y-GEN-4020,444.65,202403,KG
Y-GEN-4020,511.78,202404,KG
Y-GEN-4021,413.27,202403,KG
Y-GEN-4021,469.1,202404,KG
Y-GEN-4022,360.09,202403,KG
Y-GEN-4022,375.1,202404,KG
Y-GEN-4023,378.9,202403,KG
Y-GEN-4023,451.94,202404,KG
Y-GEN-4024,284.27,202403,KG
Y-GEN-4024,368.97,202404,KG
Y-GEN-4025,262.27,202403,KG
Y-GEN-4025,260.23,202404,KG
Y-GEN-4026,318.33,202403,KG
Y-GEN-4026,361.94,202404,KG
Y-GEN-4027,212.9,202403,KG
Y-GEN-4027,202.58,202404,KG
Y-GEN-4028,304.48,202403,KG
Y-GEN-4028,372.06,202404,KG
Y-GEN-4029,125.53,202403,KG
Y-GEN-4029,148.15,202404,KG
Y-GEN-4030,312.51,202403,KG
Y-GEN-4030,393.19,202404,KG
Y-GEN-4031,181.06,202403,KG
Y-GEN-4031,214.79,202404,KG
Y-GEN-4032,438.63,202403,KG
Y-GEN-4032,420.97,202404,KG
Y-GEN-4033,307.44,202403,KG
Y-GEN-4033,362.33,202404,KG
Y-GEN-4034,200450.0,202403,TO
Y-GEN-4034,216850.0,202404,TO
Y-GEN-4035,320.45,202403,KG
Y-GEN-4035,414.82,202404,KG
Y-GEN-4036,121.36,202403,KG
Y-GEN-4036,119.33,202404,KG
Y-GEN-4037,438.85,202403,KG
Y-GEN-4037,509.28,202404,KG
Y-GEN-4038,328.3,202403,KG
Y-GEN-4038,333.09,202404,KG
Y-GEN-4039,294.43,202403,KG
Y-GEN-4039,296.54,202404,KG
Y-GEN-4040,178.4,202403,KG
Y-GEN-4040,191.65,202404,KG
Y-GEN-4041,304.9,202403,KG
Y-GEN-4041,327.92,202404,KG
Y-GEN-4042,365.88,202403,KG
Y-GEN-4042,350.94,202404,KG
Y-GEN-4043,372.43,202403,KG
Y-GEN-4043,455.64,202404,KG
Y-GEN-4044,430.26,202403,KG
Y-GEN-4044,419.88,202404,KG
Y-GEN-4045,191.45,202403,KG
Y-GEN-4045,247.0,202404,KG
Y-GEN-4046,302.43,202403,KG
Y-GEN-4046,313.71,202404,KG
Y-GEN-4047,291.22,202403,KG
Y-GEN-4047,290.55,202404,KG
Y-GEN-4048,362.47,202403,KG
Y-GEN-4048,384.78,202404,KG
Y-GEN-4049,352.12,202403,KG
Y-GEN-4049,457.51,202404,KG
Y-GEN-4050,445.98,202403,KG
Y-GEN-4050,511.35,202404,KG
Y-GEN-4051,258.68,202403,KG
Y-GEN-4051,301.59,202404,KG
Y-GEN-4052,354.67,202403,KG
Y-GEN-4052,427.48,202404,KG
Y-GEN-4053,172.61,202403,KG
Y-GEN-4053,177.9,202404,KG
Y-GEN-4054,385.06,202403,KG
Y-GEN-4054,443.6,202404,KG
Y-GEN-4055,422.47,202403,KG
Y-GEN-4055,501.63,202404,KG
Y-GEN-4056,251.09,202403,KG
Y-GEN-4056,243.55,202404,KG
Y-GEN-4057,121.73,202403,KG
Y-GEN-4057,127.58,202404,KG
Y-GEN-4058,249.88,202403,KG
Y-GEN-4058,282.52,202404,KG
Y-GEN-4059,238.53,202403,KG
Y-GEN-4059,238.62,202404,KG
Y-GEN-4060,220.25,202403,KG
Y-GEN-4060,269.97,202404,KG
Y-GEN-4061,332.56,202403,KG
Y-GEN-4061,322.31,202404,KG
Y-GEN-4062,258.27,202403,KG
Y-GEN-4062,259.71,202404,KG
Y-GEN-4063,427.05,202403,KG
Y-GEN-4063,525.39,202404,KG
Y-GEN-4064,402.62,202403,KG
Y-GEN-4064,486.84,202404,KG
Y-GEN-4065,224.44,202403,KG
Y-GEN-4065,216.85,202404,KG
Y-GEN-4066,156.9,202403,KG
Y-GEN-4066,154.66,202404,KG
Y-GEN-4067,225.56,202403,KG
Y-GEN-4067,258.76,202404,KG
Y-GEN-4068,317.62,202403,KG
Y-GEN-4068,399.5,202404,KG
Y-GEN-4069,137.83,202403,KG
Y-GEN-4069,171.16,202404,KG
Y-GEN-4070,234.88,202403,KG
Y-GEN-4070,301.03,202404,KG
Y-GEN-4071,235660.0,202403,TO
Y-GEN-4071,260850.0,202404,TO
Y-GEN-4072,425.99,202403,KG
Y-GEN-4072,418.73,202404,KG
Y-GEN-4073,170.22,202403,KG
Y-GEN-4073,190.53,202404,KG
Y-GEN-4074,120.4,202403,KG
Y-GEN-4074,119.2,202404,KG
Y-GEN-4075,428.43,202403,KG
Y-GEN-4075,545.95,202404,KG
Y-GEN-4076,260.15,202403,KG
Y-GEN-4076,317.29,202404,KG
Y-GEN-4077,447.91,202403,KG
Y-GEN-4077,490.98,202404,KG
Y-GEN-4078,164.32,202403,KG
Y-GEN-4078,190.52,202404,KG
Y-GEN-4079,363.62,202403,KG
Y-GEN-4079,383.68,202404,KG
Y-GEN-4080,282.28,202403,KG
Y-GEN-4080,316.87,202404,KG
Y-GEN-4081,312.89,202403,KG
Y-GEN-4081,385.98,202404,KG
Y-GEN-4082,165.35,202403,KG
Y-GEN-4082,174.41,202404,KG
Y-GEN-4083,298.44,202403,KG
Y-GEN-4083,378.1,202404,KG
Y-GEN-4084,174.65,202403,KG
Y-GEN-4084,210.63,202404,KG
Y-GEN-4085,197.65,202403,KG
Y-GEN-4085,197.42,202404,KG
Y-GEN-4086,299.89,202403,KG
Y-GEN-4086,366.46,202404,KG
Y-GEN-4087,399.75,202403,KG
Y-GEN-4087,436.38,202404,KG
Y-GEN-4088,344.63,202403,KG
Y-GEN-4088,398.15,202404,KG
Y-GEN-4089,162.85,202403,KG
Y-GEN-4089,181.95,202404,KG
Y-GEN-4090,261.77,202403,KG
Y-GEN-4090,283.01,202404,KG
Y-GEN-4091,444.67,202403,KG
Y-GEN-4091,457.44,202404,KG
Y-GEN-4092,246.82,202403,KG
Y-GEN-4092,268.7,202404,KG
Y-GEN-4093,168.43,202403,KG
Y-GEN-4093,201.25,202404,KG
Y-GEN-4094,157.99,202403,KG
Y-GEN-4094,157.66,202404,KG
Y-GEN-4095,397.35,202403,KG
Y-GEN-4095,508.83,202404,KG
Y-GEN-4096,440.24,202403,KG
Y-GEN-4096,441.74,202404,KG
Y-GEN-4097,391.68,202403,KG
Y-GEN-4097,384.44,202404,KG
Y-GEN-4098,347.31,202403,KG
Y-GEN-4098,393.46,202404,KG
Y-GEN-4099,171.22,202403,KG
Y-GEN-4099,208.29,202404,KG
Y-GEN-4100,325.83,202403,KG
Y-GEN-4100,331.99,202404,KG
Y-GEN-4101,364.33,202403,KG
Y-GEN-4101,441.39,202404,KG
Y-GEN-4102,273.27,202403,KG
Y-GEN-4102,303.09,202404,KG
Y-GEN-4103,370.4,202403,KG
Y-GEN-4103,367.81,202404,KG
Y-GEN-4104,161.98,202403,KG
Y-GEN-4104,170.3,202404,KG
Y-GEN-4105,212.38,202403,KG
Y-GEN-4105,241.28,202404,KG
Y-GEN-4106,181.68,202403,KG
Y-GEN-4106,232.67,202404,KG
Y-GEN-4107,434.67,202403,KG
Y-GEN-4107,541.21,202404,KG
Y-GEN-4108,290100.0,202403,TO
Y-GEN-4108,299930.0,202404,TO
Y-GEN-4109,235.2,202403,KG
Y-GEN-4109,283.04,202404,KG
Y-GEN-4110,390.45,202403,KG
Y-GEN-4110,382.0,202404,KG
Y-GEN-4111,299.07,202403,KG
Y-GEN-4111,365.39,202404,KG
Y-GEN-4112,276.93,202403,KG
Y-GEN-4112,263.93,202404,KG
Y-GEN-4113,204.2,202403,KG
Y-GEN-4113,256.75,202404,KG
Y-GEN-4114,364.84,202403,KG
Y-GEN-4114,392.83,202404,KG
Y-GEN-4115,292.26,202403,KG
Y-GEN-4115,335.29,202404,KG
Y-GEN-4116,177.72,202403,KG
Y-GEN-4116,186.82,202404,KG
Y-GEN-4117,258.84,202403,KG
Y-GEN-4117,266.6,202404,KG
Y-GEN-4118,423.37,202403,KG
Y-GEN-4118,427.62,202404,KG
Y-GEN-4119,144.72,202403,KG
Y-GEN-4119,168.74,202404,KG
Y-GEN-4120,203.68,202403,KG
Y-GEN-4120,195.85,202404,KG
Y-GEN-4121,407.79,202403,KG
Y-GEN-4121,397.5,202404,KG
Y-GEN-4122,406.83,202403,KG
Y-GEN-4122,480.06,202404,KG
Y-GEN-4123,198.5,202403,KG
Y-GEN-4123,228.08,202404,KG
Y-GEN-4124,193.49,202403,KG
Y-GEN-4124,227.02,202404,KG
Y-GEN-4125,148.1,202403,KG
Y-GEN-4125,186.98,202404,KG
Y-GEN-4126,335.12,202403,KG
Y-GEN-4126,424.61,202404,KG
Y-GEN-4127,340.43,202403,KG
Y-GEN-4127,406.14,202404,KG
Y-GEN-4128,349.14,202403,KG
Y-GEN-4128,336.83,202404,KG
Y-GEN-4129,328.8,202403,KG
Y-GEN-4129,329.94,202404,KG
Y-GEN-4130,282.28,202403,KG
Y-GEN-4130,318.13,202404,KG
Y-GEN-4131,234.09,202403,KG
Y-GEN-4131,260.18,202404,KG
Y-GEN-4132,176.44,202403,KG
Y-GEN-4132,207.86,202404,KG
Y-GEN-4133,329.33,202403,KG
Y-GEN-4133,321.62,202404,KG
Y-GEN-4134,284.28,202403,KG
Y-GEN-4134,300.59,202404,KG
Y-GEN-4135,381.1,202403,KG
Y-GEN-4135,392.11,202404,KG
Y-GEN-4136,131.11,202403,KG
Y-GEN-4136,168.86,202404,KG
Y-GEN-4137,369.01,202403,KG
Y-GEN-4137,477.91,202404,KG
Y-GEN-4138,394.72,202403,KG
Y-GEN-4138,430.77,202404,KG
Y-GEN-4139,176.17,202403,KG
Y-GEN-4139,194.33,202404,KG
Y-GEN-4140,418.91,202403,KG
Y-GEN-4140,484.07,202404,KG
Y-GEN-4141,435.32,202403,KG
Y-GEN-4141,561.49,202404,KG
Y-GEN-4142,325.5,202403,KG
Y-GEN-4142,367.71,202404,KG
Y-GEN-4143,425.96,202403,KG
Y-GEN-4143,482.2,202404,KG
Y-GEN-4144,243.95,202403,KG
Y-GEN-4144,290.72,202404,KG
Y-GEN-4145,255890.0,202403,TO
Y-GEN-4145,254290.0,202404,TO
Y-GEN-4146,248.28,202403,KG
Y-GEN-4146,257.43,202404,KG
Y-GEN-4147,231.42,202403,KG
Y-GEN-4147,253.21,202404,KG
Y-GEN-4148,332.47,202403,KG
Y-GEN-4148,406.21,202404,KG
Y-GEN-4149,409.42,202403,KG
Y-GEN-4149,464.1,202404,KG
Y-GEN-4150,197.26,202403,KG
Y-GEN-4150,191.81,202404,KG
Y-GEN-4151,275.83,202403,KG
Y-GEN-4151,345.53,202404,KG
Y-GEN-4152,262.59,202403,KG
Y-GEN-4152,276.57,202404,KG
Y-GEN-4153,314.83,202403,KG
Y-GEN-4153,402.08,202404,KG
Y-GEN-4154,442.6,202403,KG
Y-GEN-4154,453.03,202404,KG
Y-GEN-4155,351.94,202403,KG
Y-GEN-4155,366.36,202404,KG
Y-GEN-4156,301.69,202403,KG
Y-GEN-4156,336.58,202404,KG
Y-GEN-4157,358.05,202403,KG
Y-GEN-4157,443.58,202404,KG
Y-GEN-4158,398.5,202403,KG
Y-GEN-4158,444.84,202404,KG
Y-GEN-4159,325.35,202403,KG
Y-GEN-4159,372.29,202404,KG
Y-GEN-4160,334.41,202403,KG
Y-GEN-4160,323.2,202404,KG
Y-GEN-4161,244.66,202403,KG
Y-GEN-4161,288.48,202404,KG
Y-GEN-4162,244.76,202403,KG
Y-GEN-4162,237.09,202404,KG
Y-GEN-4163,400.46,202403,KG
Y-GEN-4163,471.75,202404,KG
Y-GEN-4164,302.98,202403,KG
Y-GEN-4164,325.36,202404,KG
Y-GEN-4165,395.33,202403,KG
Y-GEN-4165,442.5,202404,KG
Y-GEN-4166,248.32,202403,KG
Y-GEN-4166,312.69,202404,KG
Y-GEN-4167,189.24,202403,KG
Y-GEN-4167,205.75,202404,KG
Y-GEN-4168,177.56,202403,KG
Y-GEN-4168,180.81,202404,KG
Y-GEN-4169,302.37,202403,KG
Y-GEN-4169,295.3,202404,KG
Y-GEN-4170,404.97,202403,KG
Y-GEN-4170,391.15,202404,KG
Y-GEN-4171,437.45,202403,KG
Y-GEN-4171,568.2,202404,KG
Y-GEN-4172,308.46,202403,KG
Y-GEN-4172,330.6,202404,KG
Y-GEN-4173,394.86,202403,KG
Y-GEN-4173,504.7,202404,KG
Y-GEN-4174,210.29,202403,KG
Y-GEN-4174,265.58,202404,KG
Y-GEN-4175,242.01,202403,KG
Y-GEN-4175,286.36,202404,KG
Y-GEN-4176,137.49,202403,KG
Y-GEN-4176,145.83,202404,KG
Y-GEN-4177,351.48,202403,KG
Y-GEN-4177,443.32,202404,KG
Y-GEN-4178,344.27,202403,KG
Y-GEN-4178,330.06,202404,KG
Y-GEN-4179,231.94,202403,KG
Y-GEN-4179,246.57,202404,KG
Y-GEN-4180,278.67,202403,KG
Y-GEN-4180,318.56,202404,KG
Y-GEN-4181,279.23,202403,KG
Y-GEN-4181,293.23,202404,KG
Y-GEN-4182,253290.0,202403,TO
Y-GEN-4182,253960.0,202404,TO
Y-GEN-4183,321.49,202403,KG
Y-GEN-4183,318.58,202404,KG
Y-GEN-4184,212.14,202403,KG
Y-GEN-4184,231.97,202404,KG
Y-GEN-4185,222.14,202403,KG
Y-GEN-4185,282.21,202404,KG
Y-GEN-4186,335.2,202403,KG
Y-GEN-4186,433.17,202404,KG
Y-GEN-4187,273.9,202403,KG
Y-GEN-4187,351.22,202404,KG
Y-GEN-4188,252.63,202403,KG
Y-GEN-4188,299.72,202404,KG
Y-GEN-4189,155.5,202403,KG
Y-GEN-4189,197.71,202404,KG
Y-GEN-4190,448.71,202403,KG
Y-GEN-4190,455.13,202404,KG
Y-GEN-4191,206.17,202403,KG
Y-GEN-4191,242.66,202404,KG
Y-GEN-4192,253.66,202403,KG
Y-GEN-4192,306.67,202404,KG
Y-GEN-4193,370.24,202403,KG
Y-GEN-4193,448.49,202404,KG
Y-GEN-4194,149.81,202403,KG
Y-GEN-4194,188.03,202404,KG
Y-GEN-4195,334.74,202403,KG
Y-GEN-4195,349.86,202404,KG
Y-GEN-4196,272.45,202403,KG
Y-GEN-4196,309.4,202404,KG
Y-GEN-4197,319.75,202403,KG
Y-GEN-4197,343.77,202404,KG
Y-GEN-4198,378.88,202403,KG
Y-GEN-4198,390.47,202404,KG
Y-GEN-4199,247.06,202403,KG
Y-GEN-4199,302.83,202404,KG
Y-GEN-4200,410.26,202403,KG
Y-GEN-4200,418.77,202404,KG
Y-GEN-4201,369.76,202403,KG
Y-GEN-4201,478.85,202404,KG
Y-GEN-4202,289.35,202403,KG
Y-GEN-4202,366.69,202404,KG
Y-GEN-4203,391.21,202403,KG
Y-GEN-4203,486.73,202404,KG
Y-GEN-4204,300.19,202403,KG
Y-GEN-4204,297.99,202404,KG
Y-GEN-4205,291.09,202403,KG
Y-GEN-4205,314.52,202404,KG
Y-GEN-4206,441.67,202403,KG
Y-GEN-4206,435.77,202404,KG
Y-GEN-4207,305.31,202403,KG
Y-GEN-4207,351.9,202404,KG
Y-GEN-4208,260.64,202403,KG
Y-GEN-4208,270.73,202404,KG
Y-GEN-4209,412.34,202403,KG
Y-GEN-4209,511.87,202404,KG
Y-GEN-4210,127.66,202403,KG
Y-GEN-4210,152.81,202404,KG
Y-GEN-4211,362.53,202403,KG
Y-GEN-4211,448.6,202404,KG
Y-GEN-4212,293.26,202403,KG
Y-GEN-4212,296.88,202404,KG
Y-GEN-4213,275.11,202403,KG
Y-GEN-4213,318.22,202404,KG
Y-GEN-4214,385.33,202403,KG
Y-GEN-4214,454.17,202404,KG
Y-GEN-4215,174.24,202403,KG
Y-GEN-4215,219.58,202404,KG
Y-GEN-4216,295.65,202403,KG
Y-GEN-4216,302.09,202404,KG
Y-GEN-4217,126.82,202403,KG
Y-GEN-4217,155.26,202404,KG
Y-GEN-4218,355.46,202403,KG
Y-GEN-4218,457.87,202404,KG
Y-GEN-4219,147500.0,202403,TO
Y-GEN-4219,188710.0,202404,TO
Y-GEN-4220,177.79,202403,KG
Y-GEN-4220,180.19,202404,KG
Y-GEN-4221,322.12,202403,KG
Y-GEN-4221,407.84,202404,KG
Y-GEN-4222,186.67,202403,KG
Y-GEN-4222,226.83,202404,KG
Y-GEN-4223,449.24,202403,KG
Y-GEN-4223,518.77,202404,KG
Y-GEN-4224,316.59,202403,KG
Y-GEN-4224,379.72,202404,KG
Y-GEN-4225,427.33,202403,KG
Y-GEN-4225,415.28,202404,KG
Y-GEN-4226,413.29,202403,KG
Y-GEN-4226,443.53,202404,KG
Y-GEN-4227,367.93,202403,KG
Y-GEN-4227,459.5,202404,KG
Y-GEN-4228,173.5,202403,KG
Y-GEN-4228,194.98,202404,KG
Y-GEN-4229,273.93,202403,KG
Y-GEN-4229,263.39,202404,KG
Y-GEN-4230,242.88,202403,KG
Y-GEN-4230,299.4,202404,KG
Y-GEN-4231,422.0,202403,KG
Y-GEN-4231,537.23,202404,KG
Y-GEN-4232,423.4,202403,KG
Y-GEN-4232,415.74,202404,KG
Y-GEN-4233,296.67,202403,KG
Y-GEN-4233,362.28,202404,KG
Y-GEN-4234,327.82,202403,KG
Y-GEN-4234,379.78,202404,KG
Y-GEN-4235,167.13,202403,KG
Y-GEN-4235,211.21,202404,KG
Y-GEN-4236,276.05,202403,KG
Y-GEN-4236,301.67,202404,KG
Y-GEN-4237,224.3,202403,KG
Y-GEN-4237,259.39,202404,KG
Y-GEN-4238,231.69,202403,KG
Y-GEN-4238,293.58,202404,KG
Y-GEN-4239,186.12,202403,KG
Y-GEN-4239,226.29,202404,KG
Y-GEN-4240,334.76,202403,KG
Y-GEN-4240,359.68,202404,KG
Y-GEN-4241,264.82,202403,KG
Y-GEN-4241,278.54,202404,KG
Y-GEN-4242,145.31,202403,KG
Y-GEN-4242,143.52,202404,KG
Y-GEN-4243,342.72,202403,KG
Y-GEN-4243,393.91,202404,KG
Y-GEN-4244,202.98,202403,KG
Y-GEN-4244,218.47,202404,KG
Y-GEN-4245,202.96,202403,KG
Y-GEN-4245,258.99,202404,KG
Y-GEN-4246,256.88,202403,KG
Y-GEN-4246,263.27,202404,KG
Y-GEN-4247,394.28,202403,KG
Y-GEN-4247,437.41,202404,KG
Y-GEN-4248,152.36,202403,KG
Y-GEN-4248,181.64,202404,KG
Y-GEN-4249,342.98,202403,KG
Y-GEN-4249,444.28,202404,KG
Y-GEN-4250,154.2,202403,KG
Y-GEN-4250,174.53,202404,KG
Y-GEN-4251,247.02,202403,KG
Y-GEN-4251,251.08,202404,KG
Y-GEN-4252,233.8,202403,KG
Y-GEN-4252,260.52,202404,KG
Y-GEN-4253,254.09,202403,KG
Y-GEN-4253,285.7,202404,KG
Y-GEN-4254,429.53,202403,KG
Y-GEN-4254,498.28,202404,KG
Y-GEN-4255,275.69,202403,KG
Y-GEN-4255,279.16,202404,KG
Y-GEN-4256,425000.0,202403,TO
Y-GEN-4256,411960.0,202404,TO
Y-GEN-4257,446.36,202403,KG
Y-GEN-4257,444.93,202404,KG
Y-GEN-4258,204.98,202403,KG
Y-GEN-4258,258.81,202404,KG
Y-GEN-4259,344.97,202403,KG
Y-GEN-4259,380.18,202404,KG
Y-GEN-4260,367.27,202403,KG
Y-GEN-4260,371.02,202404,KG
Y-GEN-4261,148.99,202403,KG
Y-GEN-4261,148.97,202404,KG
Y-GEN-4262,221.76,202403,KG
Y-GEN-4262,227.06,202404,KG
Y-GEN-4263,323.86,202403,KG
Y-GEN-4263,318.99,202404,KG
Y-GEN-4264,269.21,202403,KG
Y-GEN-4264,339.9,202404,KG
Y-GEN-4265,172.94,202403,KG
Y-GEN-4265,167.34,202404,KG
Y-GEN-4266,322.54,202403,KG
Y-GEN-4266,313.97,202404,KG
Y-GEN-4267,166.06,202403,KG
Y-GEN-4267,195.02,202404,KG
Y-GEN-4268,419.99,202403,KG
Y-GEN-4268,440.48,202404,KG
Y-GEN-4269,445.97,202403,KG
Y-GEN-4269,478.03,202404,KG
Y-GEN-4270,374.05,202403,KG
Y-GEN-4270,367.48,202404,KG
Y-GEN-4271,366.08,202403,KG
Y-GEN-4271,408.3,202404,KG
Y-GEN-4272,202.24,202403,KG
Y-GEN-4272,201.62,202404,KG
Y-GEN-4273,196.79,202403,KG
Y-GEN-4273,221.87,202404,KG
Y-GEN-4274,186.74,202403,KG
Y-GEN-4274,217.39,202404,KG
Y-GEN-4275,230.09,202403,KG
Y-GEN-4275,246.07,202404,KG
Y-GEN-4276,203.38,202403,KG
Y-GEN-4276,220.31,202404,KG
Y-GEN-4277,407.5,202403,KG
Y-GEN-4277,500.39,202404,KG
Y-GEN-4278,185.38,202403,KG
Y-GEN-4278,221.93,202404,KG
Y-GEN-4279,351.22,202403,KG
Y-GEN-4279,430.54,202404,KG
Y-GEN-4280,294.04,202403,KG
Y-GEN-4280,307.48,202404,KG
Y-GEN-4281,435.55,202403,KG
Y-GEN-4281,512.24,202404,KG
Y-GEN-4282,331.32,202403,KG
Y-GEN-4282,351.26,202404,KG
Y-GEN-4283,321.98,202403,KG
Y-GEN-4283,328.25,202404,KG
Y-GEN-4284,419.72,202403,KG
Y-GEN-4284,508.19,202404,KG
Y-GEN-4285,307.48,202403,KG
Y-GEN-4285,304.71,202404,KG
Y-GEN-4286,404.35,202403,KG
Y-GEN-4286,393.15,202404,KG
Y-GEN-4287,447.12,202403,KG
Y-GEN-4287,504.06,202404,KG
Y-GEN-4288,120.39,202403,KG
Y-GEN-4288,135.51,202404,KG
Y-GEN-4289,203.85,202403,KG
Y-GEN-4289,242.57,202404,KG
Y-GEN-4290,385.6,202403,KG
Y-GEN-4290,445.93,202404,KG
Y-GEN-4291,210.84,202403,KG
Y-GEN-4291,231.73,202404,KG
Y-GEN-4292,246.46,202403,KG
Y-GEN-4292,248.09,202404,KG
Y-GEN-4293,194350.0,202403,TO
Y-GEN-4293,216300.0,202404,TO
Y-GEN-4294,206.5,202403,KG
Y-GEN-4294,235.38,202404,KG
Y-GEN-4295,182.89,202403,KG
Y-GEN-4295,216.46,202404,KG
Y-GEN-4296,314.37,202403,KG
Y-GEN-4296,318.62,202404,KG
Y-GEN-4297,395.93,202403,KG
Y-GEN-4297,432.75,202404,KG
Y-GEN-4298,416.55,202403,KG
Y-GEN-4298,539.7,202404,KG
Y-GEN-4299,194.94,202403,KG
Y-GEN-4299,218.86,202404,KG
Y-GEN-4300,339.35,202403,KG
Y-GEN-4300,398.23,202404,KG
Y-GEN-4301,402.22,202403,KG
Y-GEN-4301,439.29,202404,KG
Y-GEN-4302,147.15,202403,KG
Y-GEN-4302,150.28,202404,KG
Y-GEN-4303,391.72,202403,KG
Y-GEN-4303,503.45,202404,KG
Y-GEN-4304,366.0,202403,KG
Y-GEN-4304,395.21,202404,KG
Y-GEN-4305,274.82,202403,KG
Y-GEN-4305,301.68,202404,KG
Y-GEN-4306,298.19,202403,KG
Y-GEN-4306,381.06,202404,KG
Y-GEN-4307,170.88,202403,KG
Y-GEN-4307,165.59,202404,KG
Y-GEN-4308,364.21,202403,KG
Y-GEN-4308,357.32,202404,KG
Y-GEN-4309,397.15,202403,KG
Y-GEN-4309,414.22,202404,KG
Y-GEN-4310,380.0,202403,KG
Y-GEN-4310,492.33,202404,KG
Y-GEN-4311,403.71,202403,KG
Y-GEN-4311,465.79,202404,KG
Y-GEN-4312,364.96,202403,KG
Y-GEN-4312,471.97,202404,KG
Y-GEN-4313,126.77,202403,KG
Y-GEN-4313,131.83,202404,KG
Y-GEN-4314,301.8,202403,KG
Y-GEN-4314,373.53,202404,KG
Y-GEN-4315,320.62,202403,KG
Y-GEN-4315,326.15,202404,KG
Y-GEN-4316,380.01,202403,KG
Y-GEN-4316,372.64,202404,KG
Y-GEN-4317,384.36,202403,KG
Y-GEN-4317,418.97,202404,KG
Y-GEN-4318,221.85,202403,KG
Y-GEN-4318,275.48,202404,KG
Y-GEN-4319,432.33,202403,KG
Y-GEN-4319,435.69,202404,KG
Y-GEN-4320,369.14,202403,KG
Y-GEN-4320,456.91,202404,KG
Y-GEN-4321,446.4,202403,KG
Y-GEN-4321,449.23,202404,KG
Y-GEN-4322,149.34,202403,KG
Y-GEN-4322,155.0,202404,KG
Y-GEN-4323,214.25,202403,KG
Y-GEN-4323,223.4,202404,KG
Y-GEN-4324,321.7,202403,KG
Y-GEN-4324,362.85,202404,KG
Y-GEN-4325,389.45,202403,KG
Y-GEN-4325,435.79,202404,KG
Y-GEN-4326,400.57,202403,KG
Y-GEN-4326,398.08,202404,KG
Y-GEN-4327,152.04,202403,KG
Y-GEN-4327,151.88,202404,KG
Y-GEN-4328,309.08,202403,KG
Y-GEN-4328,300.88,202404,KG
Y-GEN-4329,273.85,202403,KG
Y-GEN-4329,331.47,202404,KG
Y-GEN-4330,424600.0,202403,TO
Y-GEN-4330,407950.0,202404,TO
Y-GEN-4331,143.86,202403,KG
Y-GEN-4331,143.59,202404,KG
Y-GEN-4332,181.0,202403,KG
Y-GEN-4332,178.89,202404,KG
Y-GEN-4333,165.18,202403,KG
Y-GEN-4333,212.52,202404,KG
Y-GEN-4334,324.12,202403,KG
Y-GEN-4334,309.57,202404,KG
Y-GEN-4335,378.4,202403,KG
Y-GEN-4335,394.42,202404,KG
Y-GEN-4336,366.91,202403,KG
Y-GEN-4336,392.76,202404,KG
Y-GEN-4337,437.6,202403,KG
Y-GEN-4337,471.83,202404,KG
Y-GEN-4338,448.18,202403,KG
Y-GEN-4338,544.47,202404,KG
Y-GEN-4339,208.63,202403,KG
Y-GEN-4339,258.54,202404,KG
Y-GEN-4340,354.18,202403,KG
Y-GEN-4340,452.03,202404,KG
Y-GEN-4341,161.39,202403,KG
Y-GEN-4341,181.14,202404,KG
Y-GEN-4342,212.48,202403,KG
Y-GEN-4342,207.66,202404,KG
Y-GEN-4343,283.34,202403,KG
Y-GEN-4343,348.84,202404,KG
Y-GEN-4344,322.13,202403,KG
Y-GEN-4344,391.56,202404,KG
Y-GEN-4345,261.13,202403,KG
Y-GEN-4345,276.07,202404,KG
Y-GEN-4346,134.45,202403,KG
Y-GEN-4346,151.22,202404,KG
Y-GEN-4347,262.73,202403,KG
Y-GEN-4347,337.37,202404,KG
Y-GEN-4348,449.15,202403,KG
Y-GEN-4348,546.92,202404,KG
Y-GEN-4349,156.26,202403,KG
Y-GEN-4349,153.8,202404,KG
Y-GEN-4350,376.78,202403,KG
Y-GEN-4350,408.1,202404,KG
Y-GEN-4351,360.3,202403,KG
Y-GEN-4351,390.04,202404,KG
Y-GEN-4352,189.54,202403,KG
Y-GEN-4352,185.42,202404,KG
Y-GEN-4353,129.76,202403,KG
Y-GEN-4353,148.5,202404,KG
Y-GEN-4354,330.26,202403,KG
Y-GEN-4354,382.61,202404,KG
Y-GEN-4355,416.82,202403,KG
Y-GEN-4355,475.35,202404,KG
Y-GEN-4356,347.91,202403,KG
Y-GEN-4356,404.65,202404,KG
Y-GEN-4357,269.75,202403,KG
Y-GEN-4357,325.2,202404,KG
Y-GEN-4358,307.25,202403,KG
Y-GEN-4358,308.46,202404,KG
Y-GEN-4359,191.81,202403,KG
Y-GEN-4359,209.72,202404,KG
Y-GEN-4360,219.04,202403,KG
Y-GEN-4360,222.68,202404,KG
Y-GEN-4361,355.63,202403,KG
Y-GEN-4361,433.49,202404,KG
Y-GEN-4362,120.3,202403,KG
Y-GEN-4362,125.3,202404,KG
Y-GEN-4363,203.55,202403,KG
Y-GEN-4363,212.97,202404,KG
Y-GEN-4364,392.23,202403,KG
Y-GEN-4364,486.01,202404,KG
Y-GEN-4365,182.69,202403,KG
Y-GEN-4365,188.12,202404,KG
Y-GEN-4366,265.92,202403,KG
Y-GEN-4366,328.95,202404,KG
Y-GEN-4367,312730.0,202403,TO
Y-GEN-4367,385000.0,202404,TO
Y-GEN-4368,356.22,202403,KG
Y-GEN-4368,453.53,202404,KG
Y-GEN-4369,160.47,202403,KG
Y-GEN-4369,189.48,202404,KG
Y-GEN-4370,257.88,202403,KG
Y-GEN-4370,273.63,202404,KG
Y-GEN-4371,382.76,202403,KG
Y-GEN-4371,441.36,202404,KG
Y-GEN-4372,327.28,202403,KG
Y-GEN-4372,420.84,202404,KG
Y-GEN-4373,138.62,202403,KG
Y-GEN-4373,152.66,202404,KG
Y-GEN-4374,293.41,202403,KG
Y-GEN-4374,312.85,202404,KG
Y-GEN-4375,234.27,202403,KG
Y-GEN-4375,272.2,202404,KG
Y-GEN-4376,263.94,202403,KG
Y-GEN-4376,304.28,202404,KG
Y-GEN-4377,205.82,202403,KG
Y-GEN-4377,229.26,202404,KG
Y-GEN-4378,157.15,202403,KG
Y-GEN-4378,175.28,202404,KG
Y-GEN-4379,334.09,202403,KG
Y-GEN-4379,400.01,202404,KG
Y-GEN-4380,376.5,202403,KG
Y-GEN-4380,465.24,202404,KG
Y-GEN-4381,411.97,202403,KG
Y-GEN-4381,443.12,202404,KG
Y-GEN-4382,230.57,202403,KG
Y-GEN-4382,228.65,202404,KG
Y-GEN-4383,269.76,202403,KG
Y-GEN-4383,287.31,202404,KG
Y-GEN-4384,204.08,202403,KG
Y-GEN-4384,244.76,202404,KG
Y-GEN-4385,270.04,202403,KG
Y-GEN-4385,257.26,202404,KG
Y-GEN-4386,282.79,202403,KG
Y-GEN-4386,323.99,202404,KG
Y-GEN-4387,180.62,202403,KG
Y-GEN-4387,213.37,202404,KG
Y-GEN-4388,167.89,202403,KG
Y-GEN-4388,166.13,202404,KG
Y-GEN-4389,270.39,202403,KG
Y-GEN-4389,269.15,202404,KG
Y-GEN-4390,290.9,202403,KG
Y-GEN-4390,343.75,202404,KG
Y-GEN-4391,308.2,202403,KG
Y-GEN-4391,356.18,202404,KG
Y-GEN-4392,346.98,202403,KG
Y-GEN-4392,350.76,202404,KG
Y-GEN-4393,125.15,202403,KG
Y-GEN-4393,157.92,202404,KG
Y-GEN-4394,333.06,202403,KG
Y-GEN-4394,321.5,202404,KG
Y-GEN-4395,407.41,202403,KG
Y-GEN-4395,495.22,202404,KG
Y-GEN-4396,289.04,202403,KG
Y-GEN-4396,354.91,202404,KG
Y-GEN-4397,432.31,202403,KG
Y-GEN-4397,477.82,202404,KG
Y-GEN-4398,308.84,202403,KG
Y-GEN-4398,312.63,202404,KG
Y-GEN-4399,439.5,202403,KG
Y-GEN-4399,465.87,202404,KG
Y-GEN-4400,313.9,202403,KG
Y-GEN-4400,354.64,202404,KG
Y-GEN-4401,326.79,202403,KG
Y-GEN-4401,387.15,202404,KG
Y-GEN-4402,331.34,202403,KG
Y-GEN-4402,374.11,202404,KG
Y-GEN-4403,384.55,202403,KG
Y-GEN-4403,435.59,202404,KG
Y-GEN-4404,225690.0,202403,TO
Y-GEN-4404,257350.0,202404,TO
Y-GEN-4405,335.62,202403,KG
Y-GEN-4405,402.28,202404,KG
Y-GEN-4406,300.42,202403,KG
Y-GEN-4406,339.87,202404,KG
Y-GEN-4407,313.74,202403,KG
Y-GEN-4407,340.16,202404,KG
Y-GEN-4408,415.47,202403,KG
Y-GEN-4408,416.51,202404,KG
Y-GEN-4409,264.87,202403,KG
Y-GEN-4409,299.47,202404,KG
Y-GEN-4410,432.17,202403,KG
Y-GEN-4410,533.17,202404,KG
Y-GEN-4411,339.56,202403,KG
Y-GEN-4411,430.67,202404,KG
Y-GEN-4412,352.56,202403,KG
Y-GEN-4412,373.3,202404,KG
Y-GEN-4413,202.25,202403,KG
Y-GEN-4413,216.75,202404,KG
Y-GEN-4414,369.3,202403,KG
Y-GEN-4414,357.98,202404,KG
Y-GEN-4415,398.76,202403,KG
Y-GEN-4415,429.62,202404,KG
Y-GEN-4416,277.62,202403,KG
Y-GEN-4416,271.15,202404,KG
Y-GEN-4417,187.98,202403,KG
Y-GEN-4417,221.1,202404,KG
Y-GEN-4418,432.11,202403,KG
Y-GEN-4418,507.54,202404,KG
Y-GEN-4419,422.85,202403,KG
Y-GEN-4419,426.1,202404,KG
Y-GEN-4420,293.17,202403,KG
Y-GEN-4420,286.11,202404,KG
Y-GEN-4421,247.97,202403,KG
Y-GEN-4421,258.81,202404,KG
Y-GEN-4422,188.95,202403,KG
Y-GEN-4422,180.93,202404,KG
Y-GEN-4423,416.84,202403,KG
Y-GEN-4423,409.9,202404,KG
Y-GEN-4424,355.67,202403,KG
Y-GEN-4424,344.19,202404,KG
Y-GEN-4425,345.98,202403,KG
Y-GEN-4425,352.28,202404,KG
Y-GEN-4426,294.15,202403,KG
Y-GEN-4426,319.92,202404,KG
Y-GEN-4427,135.05,202403,KG
Y-GEN-4427,169.12,202404,KG
Y-GEN-4428,247.98,202403,KG
Y-GEN-4428,302.55,202404,KG
Y-GEN-4429,245.06,202403,KG
Y-GEN-4429,288.67,202404,KG
Y-GEN-4430,335.53,202403,KG
Y-GEN-4430,412.65,202404,KG
Y-GEN-4431,232.08,202403,KG
Y-GEN-4431,265.49,202404,KG
Y-GEN-4432,205.43,202403,KG
Y-GEN-4432,253.32,202404,KG
Y-GEN-4433,186.38,202403,KG
Y-GEN-4433,227.08,202404,KG
Y-GEN-4434,395.24,202403,KG
Y-GEN-4434,417.92,202404,KG
Y-GEN-4435,127.58,202403,KG
Y-GEN-4435,139.18,202404,KG
Y-GEN-4436,414.38,202403,KG
Y-GEN-4436,428.77,202404,KG
Y-GEN-4437,368.75,202403,KG
Y-GEN-4437,368.12,202404,KG
Y-GEN-4438,241.11,202403,KG
Y-GEN-4438,238.3,202404,KG
Y-GEN-4439,263.9,202403,KG
Y-GEN-4439,320.99,202404,KG
Y-GEN-4440,162.41,202403,KG
Y-GEN-4440,162.84,202404,KG
Y-GEN-4441,404420.0,202403,TO
Y-GEN-4441,484810.0,202404,TO
Y-GEN-4442,312.07,202403,KG
Y-GEN-4442,360.02,202404,KG
Y-GEN-4443,236.5,202403,KG
Y-GEN-4443,229.48,202404,KG
Y-GEN-4444,239.78,202403,KG
Y-GEN-4444,249.25,202404,KG
Y-GEN-4445,348.8,202403,KG
Y-GEN-4445,440.92,202404,KG
Y-GEN-4446,236.62,202403,KG
Y-GEN-4446,283.2,202404,KG
Y-GEN-4447,163.34,202403,KG
Y-GEN-4447,191.19,202404,KG
Y-GEN-4448,365.34,202403,KG
Y-GEN-4448,420.38,202404,KG
Y-GEN-4449,408.85,202403,KG
Y-GEN-4449,443.94,202404,KG
Y-GEN-4450,272.75,202403,KG
Y-GEN-4450,318.1,202404,KG
Y-GEN-4451,222.64,202403,KG
Y-GEN-4451,222.53,202404,KG
Y-GEN-4452,239.27,202403,KG
Y-GEN-4452,269.62,202404,KG
Y-GEN-4453,448.47,202403,KG
Y-GEN-4453,567.39,202404,KG
Y-GEN-4454,379.32,202403,KG
Y-GEN-4454,422.71,202404,KG
Y-GEN-4455,383.56,202403,KG
Y-GEN-4455,483.12,202404,KG
Y-GEN-4456,391.22,202403,KG
Y-GEN-4456,403.44,202404,KG
Y-GEN-4457,332.35,202403,KG
Y-GEN-4457,393.01,202404,KG
Y-GEN-4458,342.67,202403,KG
Y-GEN-4458,440.27,202404,KG
Y-GEN-4459,170.15,202403,KG
Y-GEN-4459,210.36,202404,KG
Y-GEN-4460,275.87,202403,KG
Y-GEN-4460,353.39,202404,KG
Y-GEN-4461,306.69,202403,KG
Y-GEN-4461,300.87,202404,KG
Y-GEN-4462,419.67,202403,KG
Y-GEN-4462,407.83,202404,KG
Y-GEN-4463,180.06,202403,KG
Y-GEN-4463,180.48,202404,KG
Y-GEN-4464,397.71,202403,KG
Y-GEN-4464,382.19,202404,KG
Y-GEN-4465,159.91,202403,KG
Y-GEN-4465,196.89,202404,KG
Y-GEN-4466,367.41,202403,KG
Y-GEN-4466,448.64,202404,KG
Y-GEN-4467,435.58,202403,KG
Y-GEN-4467,462.84,202404,KG
Y-GEN-4468,375.57,202403,KG
Y-GEN-4468,472.9,202404,KG
Y-GEN-4469,334.62,202403,KG
Y-GEN-4469,368.14,202404,KG
Y-GEN-4470,439.65,202403,KG
Y-GEN-4470,568.46,202404,KG
Y-GEN-4471,398.45,202403,KG
Y-GEN-4471,422.71,202404,KG
Y-GEN-4472,135.36,202403,KG
Y-GEN-4472,166.71,202404,KG
Y-GEN-4473,314.21,202403,KG
Y-GEN-4473,325.1,202404,KG
Y-GEN-4474,336.75,202403,KG
Y-GEN-4474,374.31,202404,KG
Y-GEN-4475,428.87,202403,KG
Y-GEN-4475,457.68,202404,KG
Y-GEN-4476,327.21,202403,KG
Y-GEN-4476,324.65,202404,KG
Y-GEN-4477,448.56,202403,KG
Y-GEN-4477,462.43,202404,KG
Y-GEN-4478,174740.0,202403,TO
Y-GEN-4478,193130.0,202404,TO
Y-GEN-4479,447.37,202403,KG
Y-GEN-4479,451.12,202404,KG
Y-GEN-4480,197.21,202403,KG
Y-GEN-4480,250.37,202404,KG
Y-GEN-4481,423.57,202403,KG
Y-GEN-4481,426.73,202404,KG
Y-GEN-4482,227.57,202403,KG
Y-GEN-4482,260.67,202404,KG
Y-GEN-4483,181.2,202403,KG
Y-GEN-4483,176.45,202404,KG
Y-GEN-4484,431.93,202403,KG
Y-GEN-4484,467.72,202404,KG
Y-GEN-4485,214.64,202403,KG
Y-GEN-4485,230.12,202404,KG
Y-GEN-4486,441.79,202403,KG
Y-GEN-4486,470.09,202404,KG
Y-GEN-4487,171.43,202403,KG
Y-GEN-4487,209.19,202404,KG
Y-GEN-4488,184.46,202403,KG
Y-GEN-4488,186.3,202404,KG
Y-GEN-4489,240.59,202403,KG
Y-GEN-4489,293.41,202404,KG
Y-GEN-4490,362.85,202403,KG
Y-GEN-4490,468.49,202404,KG
Y-GEN-4491,154.89,202403,KG
Y-GEN-4491,185.01,202404,KG
Y-GEN-4492,310.34,202403,KG
Y-GEN-4492,325.23,202404,KG
Y-GEN-4493,177.31,202403,KG
Y-GEN-4493,170.43,202404,KG
Y-GEN-4494,282.22,202403,KG
Y-GEN-4494,285.74,202404,KG
Y-GEN-4495,395.26,202403,KG
Y-GEN-4495,440.66,202404,KG
Y-GEN-4496,445.73,202403,KG
Y-GEN-4496,520.48,202404,KG
Y-GEN-4497,139.02,202403,KG
Y-GEN-4497,152.9,202404,KG
Y-GEN-4498,334.77,202403,KG
Y-GEN-4498,323.01,202404,KG
Y-GEN-4499,166.81,202403,KG
Y-GEN-4499,215.42,202404,KG
Y-GEN-4500,337.15,202403,KG
Y-GEN-4500,336.69,202404,KG
Y-GEN-4501,393.03,202403,KG
Y-GEN-4501,466.23,202404,KG
Y-GEN-4502,321.84,202403,KG
Y-GEN-4502,355.87,202404,KG
Y-GEN-4503,418.47,202403,KG
Y-GEN-4503,449.23,202404,KG
Y-GEN-4504,390.82,202403,KG
Y-GEN-4504,417.23,202404,KG
Y-GEN-4505,369.07,202403,KG
Y-GEN-4505,397.56,202404,KG
Y-GEN-4506,321.27,202403,KG
Y-GEN-4506,377.14,202404,KG
Y-GEN-4507,393.38,202403,KG
Y-GEN-4507,441.08,202404,KG
Y-GEN-4508,283.06,202403,KG
Y-GEN-4508,289.34,202404,KG
Y-GEN-4509,327.95,202403,KG
Y-GEN-4509,330.36,202404,KG
Y-GEN-4510,178.0,202403,KG
Y-GEN-4510,180.92,202404,KG
Y-GEN-4511,120.1,202403,KG
Y-GEN-4511,126.27,202404,KG
Y-GEN-4512,298.47,202403,KG
Y-GEN-4512,319.03,202404,KG
Y-GEN-4513,149.71,202403,KG
Y-GEN-4513,193.29,202404,KG
Y-GEN-4514,146.56,202403,KG
Y-GEN-4514,140.72,202404,KG
Y-GEN-4515,290260.0,202403,TO
Y-GEN-4515,328480.0,202404,TO
Y-GEN-4516,333.12,202403,KG
Y-GEN-4516,331.5,202404,KG
Y-GEN-4517,404.38,202403,KG
Y-GEN-4517,445.59,202404,KG
Y-GEN-4518,321.18,202403,KG
Y-GEN-4518,391.31,202404,KG
Y-GEN-4519,126.37,202403,KG
Y-GEN-4519,158.56,202404,KG
Y-GEN-4520,266.88,202403,KG
Y-GEN-4520,302.37,202404,KG
Y-GEN-4521,288.39,202403,KG
Y-GEN-4521,296.25,202404,KG
Y-GEN-4522,227.13,202403,KG
Y-GEN-4522,240.6,202404,KG
Y-GEN-4523,296.95,202403,KG
Y-GEN-4523,373.56,202404,KG
Y-GEN-4524,234.54,202403,KG
Y-GEN-4524,239.52,202404,KG
Y-GEN-4525,153.79,202403,KG
Y-GEN-4525,193.61,202404,KG
Y-GEN-4526,260.85,202403,KG
Y-GEN-4526,259.85,202404,KG
Y-GEN-4527,409.32,202403,KG
Y-GEN-4527,400.47,202404,KG
Y-GEN-4528,332.89,202403,KG
Y-GEN-4528,420.69,202404,KG
Y-GEN-4529,349.61,202403,KG
Y-GEN-4529,382.19,202404,KG
Y-GEN-4530,446.31,202403,KG
Y-GEN-4530,437.71,202404,KG
Y-GEN-4531,436.16,202403,KG
Y-GEN-4531,556.19,202404,KG
Y-GEN-4532,145.01,202403,KG
Y-GEN-4532,150.97,202404,KG
Y-GEN-4533,398.92,202403,KG
Y-GEN-4533,498.0,202404,KG
Y-GEN-4534,157.6,202403,KG
Y-GEN-4534,153.25,202404,KG
Y-GEN-4535,335.0,202403,KG
Y-GEN-4535,351.88,202404,KG
Y-GEN-4536,420.89,202403,KG
Y-GEN-4536,511.55,202404,KG
Y-GEN-4537,182.18,202403,KG
Y-GEN-4537,210.43,202404,KG
Y-GEN-4538,141.78,202403,KG
Y-GEN-4538,164.08,202404,KG
Y-GEN-4539,281.4,202403,KG
Y-GEN-4539,321.04,202404,KG
Y-GEN-4540,142.17,202403,KG
Y-GEN-4540,142.78,202404,KG
Y-GEN-4541,203.67,202403,KG
Y-GEN-4541,235.92,202404,KG
Y-GEN-4542,435.25,202403,KG
Y-GEN-4542,443.31,202404,KG
Y-GEN-4543,333.05,202403,KG
Y-GEN-4543,409.84,202404,KG
Y-GEN-4544,281.61,202403,KG
Y-GEN-4544,281.27,202404,KG
Y-GEN-4545,314.58,202403,KG
Y-GEN-4545,339.46,202404,KG
Y-GEN-4546,449.76,202403,KG
Y-GEN-4546,518.14,202404,KG
Y-GEN-4547,396.5,202403,KG
Y-GEN-4547,393.49,202404,KG
Y-GEN-4548,183.83,202403,KG
Y-GEN-4548,235.15,202404,KG
Y-GEN-4549,124.75,202403,KG
Y-GEN-4549,141.36,202404,KG
Y-GEN-4550,190.56,202403,KG
Y-GEN-4550,237.81,202404,KG
Y-GEN-4551,206.48,202403,KG
Y-GEN-4551,267.76,202404,KG
Y-GEN-4552,295290.0,202403,TO
Y-GEN-4552,333780.0,202404,TO
Y-GEN-4553,206.58,202403,KG
Y-GEN-4553,209.19,202404,KG
Y-GEN-4554,327.52,202403,KG
Y-GEN-4554,356.67,202404,KG
Y-GEN-4555,214.63,202403,KG
Y-GEN-4555,274.56,202404,KG
Y-GEN-4556,336.61,202403,KG
Y-GEN-4556,367.82,202404,KG
Y-GEN-4557,187.77,202403,KG
Y-GEN-4557,178.64,202404,KG
Y-GEN-4558,318.32,202403,KG
Y-GEN-4558,335.71,202404,KG
Y-GEN-4559,273.47,202403,KG
Y-GEN-4559,262.1,202404,KG
Y-GEN-4560,304.7,202403,KG
Y-GEN-4560,294.05,202404,KG
Y-GEN-4561,145.93,202403,KG
Y-GEN-4561,157.26,202404,KG
Y-GEN-4562,195.2,202403,KG
Y-GEN-4562,228.84,202404,KG
Y-GEN-4563,176.05,202403,KG
Y-GEN-4563,170.05,202404,KG
Y-GEN-4564,253.82,202403,KG
Y-GEN-4564,305.43,202404,KG
Y-GEN-4565,379.88,202403,KG
Y-GEN-4565,391.77,202404,KG
Y-GEN-4566,432.88,202403,KG
Y-GEN-4566,561.63,202404,KG
Y-GEN-4567,130.7,202403,KG
Y-GEN-4567,141.75,202404,KG
Y-GEN-4568,161.27,202403,KG
Y-GEN-4568,176.45,202404,KG
Y-GEN-4569,275.4,202403,KG
Y-GEN-4569,294.68,202404,KG
Y-GEN-4570,395.45,202403,KG
Y-GEN-4570,507.4,202404,KG
Y-GEN-4571,217.2,202403,KG
Y-GEN-4571,230.19,202404,KG
Y-GEN-4572,239.63,202403,KG
Y-GEN-4572,256.12,202404,KG
Y-GEN-4573,165.97,202403,KG
Y-GEN-4573,182.3,202404,KG
Y-GEN-4574,146.94,202403,KG
Y-GEN-4574,152.05,202404,KG
Y-GEN-4575,210.81,202403,KG
Y-GEN-4575,223.45,202404,KG
Y-GEN-4576,278.63,202403,KG
Y-GEN-4576,352.21,202404,KG
Y-GEN-4577,361.01,202403,KG
Y-GEN-4577,343.84,202404,KG
Y-GEN-4578,416.63,202403,KG
Y-GEN-4578,480.09,202404,KG
Y-GEN-4579,172.55,202403,KG
Y-GEN-4579,168.95,202404,KG
Y-GEN-4580,134.75,202403,KG
Y-GEN-4580,152.19,202404,KG
Y-GEN-4581,184.74,202403,KG
Y-GEN-4581,212.1,202404,KG
Y-GEN-4582,294.99,202403,KG
Y-GEN-4582,381.9,202404,KG
Y-GEN-4583,345.33,202403,KG
Y-GEN-4583,437.94,202404,KG
Y-GEN-4584,304.52,202403,KG
Y-GEN-4584,317.31,202404,KG
Y-GEN-4585,141.86,202403,KG
Y-GEN-4585,172.49,202404,KG
Y-GEN-4586,255.35,202403,KG
Y-GEN-4586,280.85,202404,KG
Y-GEN-4587,186.34,202403,KG
Y-GEN-4587,240.66,202404,KG
Y-GEN-4588,398.83,202403,KG
Y-GEN-4588,496.53,202404,KG
Y-GEN-4589,219160.0,202403,TO
Y-GEN-4589,259290.0,202404,TO
Y-GEN-4590,291.6,202403,KG
Y-GEN-4590,282.8,202404,KG
Y-GEN-4591,128.03,202403,KG
Y-GEN-4591,126.92,202404,KG
Y-GEN-4592,166.21,202403,KG
Y-GEN-4592,200.29,202404,KG
Y-GEN-4593,321.97,202403,KG
Y-GEN-4593,413.4,202404,KG
Y-GEN-4594,232.87,202403,KG
Y-GEN-4594,299.49,202404,KG
Y-GEN-4595,181.67,202403,KG
Y-GEN-4595,227.59,202404,KG
Y-GEN-4596,156.33,202403,KG
Y-GEN-4596,167.98,202404,KG
Y-GEN-4597,369.98,202403,KG
Y-GEN-4597,455.07,202404,KG
Y-GEN-4598,184.51,202403,KG
Y-GEN-4598,202.14,202404,KG
Y-GEN-4599,382.27,202403,KG
Y-GEN-4599,363.21,202404,KG
Y-GEN-4600,355.49,202403,KG
Y-GEN-4600,456.93,202404,KG
Y-GEN-4601,434.13,202403,KG
Y-GEN-4601,520.39,202404,KG
Y-GEN-4602,148.09,202403,KG
Y-GEN-4602,184.21,202404,KG
Y-GEN-4603,417.72,202403,KG
Y-GEN-4603,483.45,202404,KG
Y-GEN-4604,218.1,202403,KG
Y-GEN-4604,228.18,202404,KG
Y-GEN-4605,387.8,202403,KG
Y-GEN-4605,386.24,202404,KG
Y-GEN-4606,410.57,202403,KG
Y-GEN-4606,497.61,202404,KG
Y-GEN-4607,145.73,202403,KG
Y-GEN-4607,150.12,202404,KG
Y-GEN-4608,199.24,202403,KG
Y-GEN-4608,230.74,202404,KG
Y-GEN-4609,123.67,202403,KG
Y-GEN-4609,159.84,202404,KG
Y-GEN-4610,130.67,202403,KG
Y-GEN-4610,132.08,202404,KG
Y-GEN-4611,161.34,202403,KG
Y-GEN-4611,178.1,202404,KG
Y-GEN-4612,226.58,202403,KG
Y-GEN-4612,237.13,202404,KG
Y-GEN-4613,306.91,202403,KG
Y-GEN-4613,373.6,202404,KG
Y-GEN-4614,391.91,202403,KG
Y-GEN-4614,464.11,202404,KG
Y-GEN-4615,237.45,202403,KG
Y-GEN-4615,264.33,202404,KG
Y-GEN-4616,221.93,202403,KG
Y-GEN-4616,276.81,202404,KG
Y-GEN-4617,338.54,202403,KG
Y-GEN-4617,397.28,202404,KG
Y-GEN-4618,252.95,202403,KG
Y-GEN-4618,258.72,202404,KG
Y-GEN-4619,419.43,202403,KG
Y-GEN-4619,424.9,202404,KG
Y-GEN-4620,226.09,202403,KG
Y-GEN-4620,216.51,202404,KG
Y-GEN-4621,167.67,202403,KG
Y-GEN-4621,209.57,202404,KG
Y-GEN-4622,435.28,202403,KG
Y-GEN-4622,482.45,202404,KG
Y-GEN-4623,289.1,202403,KG
Y-GEN-4623,346.66,202404,KG
Y-GEN-4624,284.97,202403,KG
Y-GEN-4624,336.2,202404,KG
Y-GEN-4625,363.72,202403,KG
Y-GEN-4625,435.5,202404,KG
Y-GEN-4626,161490.0,202403,TO
Y-GEN-4626,175890.0,202404,TO
Y-GEN-4627,277.27,202403,KG
Y-GEN-4627,357.72,202404,KG
Y-GEN-4628,217.6,202403,KG
Y-GEN-4628,245.99,202404,KG
Y-GEN-4629,188.69,202403,KG
Y-GEN-4629,198.78,202404,KG
Y-GEN-4630,400.32,202403,KG
Y-GEN-4630,449.62,202404,KG
Y-GEN-4631,270.3,202403,KG
Y-GEN-4631,305.54,202404,KG
Y-GEN-4632,169.97,202403,KG
Y-GEN-4632,180.18,202404,KG
Y-GEN-4633,272.32,202403,KG
Y-GEN-4633,308.21,202404,KG
Y-GEN-4634,378.63,202403,KG
Y-GEN-4634,389.78,202404,KG
Y-GEN-4635,375.66,202403,KG
Y-GEN-4635,361.39,202404,KG
Y-GEN-4636,277.59,202403,KG
Y-GEN-4636,345.48,202404,KG
Y-GEN-4637,342.06,202403,KG
Y-GEN-4637,338.45,202404,KG
Y-GEN-4638,408.81,202403,KG
Y-GEN-4638,415.03,202404,KG
Y-GEN-4639,138.92,202403,KG
Y-GEN-4639,168.53,202404,KG
Y-GEN-4640,142.9,202403,KG
Y-GEN-4640,147.21,202404,KG
Y-GEN-4641,371.84,202403,KG
Y-GEN-4641,437.55,202404,KG
Y-GEN-4642,167.99,202403,KG
Y-GEN-4642,211.77,202404,KG
Y-GEN-4643,373.55,202403,KG
Y-GEN-4643,404.55,202404,KG
Y-GEN-4644,365.96,202403,KG
Y-GEN-4644,457.74,202404,KG
Y-GEN-4645,357.9,202403,KG
Y-GEN-4645,390.07,202404,KG
Y-GEN-4646,184.85,202403,KG
Y-GEN-4646,226.16,202404,KG
Y-GEN-4647,405.93,202403,KG
Y-GEN-4647,403.23,202404,KG
Y-GEN-4648,289.93,202403,KG
Y-GEN-4648,275.72,202404,KG
Y-GEN-4649,201.77,202403,KG
Y-GEN-4649,251.17,202404,KG
Y-GEN-4650,199.99,202403,KG
Y-GEN-4650,231.41,202404,KG
Y-GEN-4651,422.37,202403,KG
Y-GEN-4651,519.8,202404,KG
Y-GEN-4652,263.72,202403,KG
Y-GEN-4652,304.02,202404,KG
Y-GEN-4653,320.66,202403,KG
Y-GEN-4653,385.81,202404,KG
Y-GEN-4654,301.9,202403,KG
Y-GEN-4654,365.23,202404,KG
Y-GEN-4655,125.66,202403,KG
Y-GEN-4655,158.38,202404,KG
Y-GEN-4656,361.27,202403,KG
Y-GEN-4656,385.29,202404,KG
Y-GEN-4657,297.49,202403,KG
Y-GEN-4657,337.9,202404,KG
Y-GEN-4658,163.52,202403,KG
Y-GEN-4658,207.82,202404,KG
Y-GEN-4659,325.08,202403,KG
Y-GEN-4659,406.44,202404,KG
Y-GEN-4660,120.06,202403,KG
Y-GEN-4660,135.45,202404,KG
Y-GEN-4661,168.14,202403,KG
Y-GEN-4661,164.25,202404,KG
Y-GEN-4662,430.79,202403,KG
Y-GEN-4662,446.65,202404,KG
Y-GEN-4663,192820.0,202403,TO
Y-GEN-4663,247340.0,202404,TO
Y-GEN-4664,309.02,202403,KG
Y-GEN-4664,302.0,202404,KG
Y-GEN-4665,143.61,202403,KG
Y-GEN-4665,140.12,202404,KG
Y-GEN-4666,125.19,202403,KG
Y-GEN-4666,160.35,202404,KG
Y-GEN-4667,327.86,202403,KG
Y-GEN-4667,351.57,202404,KG
Y-GEN-4668,448.48,202403,KG
Y-GEN-4668,476.35,202404,KG
Y-GEN-4669,201.86,202403,KG
Y-GEN-4669,196.73,202404,KG
Y-GEN-4670,345.58,202403,KG
Y-GEN-4670,329.38,202404,KG
Y-GEN-4671,221.21,202403,KG
Y-GEN-4671,242.42,202404,KG
Y-GEN-4672,308.1,202403,KG
Y-GEN-4672,380.12,202404,KG
Y-GEN-4673,318.81,202403,KG
Y-GEN-4673,396.14,202404,KG
Y-GEN-4674,329.09,202403,KG
Y-GEN-4674,383.78,202404,KG
Y-GEN-4675,348.55,202403,KG
Y-GEN-4675,416.06,202404,KG
Y-GEN-4676,250.52,202403,KG
Y-GEN-4676,260.79,202404,KG
Y-GEN-4677,236.63,202403,KG
Y-GEN-4677,298.91,202404,KG
Y-GEN-4678,175.13,202403,KG
Y-GEN-4678,170.51,202404,KG
Y-GEN-4679,294.86,202403,KG
Y-GEN-4679,359.9,202404,KG
Y-GEN-4680,123.02,202403,KG
Y-GEN-4680,147.6,202404,KG
Y-GEN-4681,223.75,202403,KG
Y-GEN-4681,257.97,202404,KG
Y-GEN-4682,217.49,202403,KG
Y-GEN-4682,226.82,202404,KG
Y-GEN-4683,263.22,202403,KG
Y-GEN-4683,277.51,202404,KG
Y-GEN-4684,279.58,202403,KG
Y-GEN-4684,315.76,202404,KG
Y-GEN-4685,179.72,202403,KG
Y-GEN-4685,191.64,202404,KG
Y-GEN-4686,385.0,202403,KG
Y-GEN-4686,418.75,202404,KG
Y-GEN-4687,128.47,202403,KG
Y-GEN-4687,145.98,202404,KG
Y-GEN-4688,155.31,202403,KG
Y-GEN-4688,198.43,202404,KG
Y-GEN-4689,135.74,202403,KG
Y-GEN-4689,158.16,202404,KG
Y-GEN-4690,285.36,202403,KG
Y-GEN-4690,352.82,202404,KG
Y-GEN-4691,405.22,202403,KG
Y-GEN-4691,409.92,202404,KG
Y-GEN-4692,449.21,202403,KG
Y-GEN-4692,536.15,202404,KG
Y-GEN-4693,256.8,202403,KG
Y-GEN-4693,298.27,202404,KG
Y-GEN-4694,352.14,202403,KG
Y-GEN-4694,401.26,202404,KG
Y-GEN-4695,393.51,202403,KG
Y-GEN-4695,375.18,202404,KG
Y-GEN-4696,206.63,202403,KG
Y-GEN-4696,255.39,202404,KG
Y-GEN-4697,422.41,202403,KG
Y-GEN-4697,440.72,202404,KG
Y-GEN-4698,210.46,202403,KG
Y-GEN-4698,254.53,202404,KG
Y-GEN-4699,403.79,202403,KG
Y-GEN-4699,401.45,202404,KG
Y-GEN-4700,208370.0,202403,TO
Y-GEN-4700,265880.0,202404,TO
Y-GEN-4701,358.09,202403,KG
Y-GEN-4701,439.58,202404,KG
Y-GEN-4702,288.95,202403,KG
Y-GEN-4702,363.48,202404,KG
Y-GEN-4703,377.71,202403,KG
Y-GEN-4703,466.32,202404,KG
Y-GEN-4704,375.84,202403,KG
Y-GEN-4704,395.42,202404,KG
Y-GEN-4705,235.58,202403,KG
Y-GEN-4705,273.24,202404,KG
Y-GEN-4706,250.98,202403,KG
Y-GEN-4706,283.19,202404,KG
Y-GEN-4707,147.08,202403,KG
Y-GEN-4707,158.55,202404,KG
Y-GEN-4708,175.89,202403,KG
Y-GEN-4708,184.31,202404,KG
Y-GEN-4709,330.04,202403,KG
Y-GEN-4709,345.78,202404,KG
Y-GEN-4710,193.49,202403,KG
Y-GEN-4710,245.19,202404,KG
Y-GEN-4711,163.31,202403,KG
Y-GEN-4711,199.73,202404,KG
Y-GEN-4712,268.25,202403,KG
Y-GEN-4712,273.29,202404,KG
Y-GEN-4713,264.36,202403,KG
Y-GEN-4713,302.11,202404,KG
Y-GEN-4714,239.85,202403,KG
Y-GEN-4714,287.81,202404,KG
Y-GEN-4715,142.48,202403,KG
Y-GEN-4715,164.66,202404,KG
Y-GEN-4716,133.41,202403,KG
Y-GEN-4716,129.41,202404,KG
Y-GEN-4717,197.38,202403,KG
Y-GEN-4717,208.69,202404,KG
Y-GEN-4718,354.72,202403,KG
Y-GEN-4718,405.04,202404,KG
Y-GEN-4719,400.38,202403,KG
Y-GEN-4719,446.07,202404,KG
Y-GEN-4720,173.58,202403,KG
Y-GEN-4720,175.81,202404,KG
Y-GEN-4721,331.95,202403,KG
Y-GEN-4721,372.27,202404,KG
Y-GEN-4722,171.25,202403,KG
Y-GEN-4722,196.7,202404,KG
Y-GEN-4723,425.1,202403,KG
Y-GEN-4723,478.48,202404,KG
Y-GEN-4724,428.5,202403,KG
Y-GEN-4724,483.98,202404,KG
Y-GEN-4725,388.68,202403,KG
Y-GEN-4725,444.09,202404,KG
Y-GEN-4726,415.24,202403,KG
Y-GEN-4726,441.44,202404,KG
Y-GEN-4727,433.58,202403,KG
Y-GEN-4727,466.9,202404,KG
Y-GEN-4728,355.92,202403,KG
Y-GEN-4728,445.57,202404,KG
Y-GEN-4729,266.51,202403,KG
Y-GEN-4729,279.4,202404,KG
Y-GEN-4730,170.81,202403,KG
Y-GEN-4730,218.76,202404,KG
Y-GEN-4731,321.05,202403,KG
Y-GEN-4731,412.66,202404,KG
Y-GEN-4732,355.15,202403,KG
Y-GEN-4732,411.86,202404,KG
Y-GEN-4733,256.41,202403,KG
Y-GEN-4733,301.41,202404,KG
Y-GEN-4734,320.34,202403,KG
Y-GEN-4734,321.8,202404,KG
Y-GEN-4735,121.95,202403,KG
Y-GEN-4735,156.44,202404,KG
Y-GEN-4736,279.23,202403,KG
Y-GEN-4736,330.09,202404,KG
Y-GEN-4737,271190.0,202403,TO
Y-GEN-4737,307050.0,202404,TO
Y-GEN-4738,150.36,202403,KG
Y-GEN-4738,170.72,202404,KG
Y-GEN-4739,299.3,202403,KG
Y-GEN-4739,356.46,202404,KG
Y-GEN-4740,174.29,202403,KG
Y-GEN-4740,224.28,202404,KG
Y-GEN-4741,313.89,202403,KG
Y-GEN-4741,320.83,202404,KG
Y-GEN-4742,251.41,202403,KG
Y-GEN-4742,323.96,202404,KG
Y-GEN-4743,238.14,202403,KG
Y-GEN-4743,234.01,202404,KG
Y-GEN-4744,229.38,202403,KG
Y-GEN-4744,242.76,202404,KG
Y-GEN-4745,206.57,202403,KG
Y-GEN-4745,249.11,202404,KG
Y-GEN-4746,254.19,202403,KG
Y-GEN-4746,324.65,202404,KG
Y-GEN-4747,322.2,202403,KG
Y-GEN-4747,380.69,202404,KG
Y-GEN-4748,195.64,202403,KG
Y-GEN-4748,227.45,202404,KG
Y-GEN-4749,328.58,202403,KG
Y-GEN-4749,323.1,202404,KG
Y-GEN-4750,150.29,202403,KG
Y-GEN-4750,192.23,202404,KG
Y-GEN-4751,402.79,202403,KG
Y-GEN-4751,496.19,202404,KG
Y-GEN-4752,150.39,202403,KG
Y-GEN-4752,143.89,202404,KG
Y-GEN-4753,304.9,202403,KG
Y-GEN-4753,293.08,202404,KG
Y-GEN-4754,148.57,202403,KG
Y-GEN-4754,185.23,202404,KG
Y-GEN-4755,342.2,202403,KG
Y-GEN-4755,401.93,202404,KG
Y-GEN-4756,133.44,202403,KG
Y-GEN-4756,156.76,202404,KG
Y-GEN-4757,125.15,202403,KG
Y-GEN-4757,127.38,202404,KG
Y-GEN-4758,283.47,202403,KG
Y-GEN-4758,334.77,202404,KG
Y-GEN-4759,209.87,202403,KG
Y-GEN-4759,220.94,202404,KG
Y-GEN-4760,130.38,202403,KG
Y-GEN-4760,162.91,202404,KG
Y-GEN-4761,444.69,202403,KG
Y-GEN-4761,510.01,202404,KG
Y-GEN-4762,178.85,202403,KG
Y-GEN-4762,175.49,202404,KG
Y-GEN-4763,395.3,202403,KG
Y-GEN-4763,437.14,202404,KG
Y-GEN-4764,139.7,202403,KG
Y-GEN-4764,146.52,202404,KG
Y-GEN-4765,218.86,202403,KG
Y-GEN-4765,217.91,202404,KG
Y-GEN-4766,336.45,202403,KG
Y-GEN-4766,432.72,202404,KG
Y-GEN-4767,276.41,202403,KG
Y-GEN-4767,325.99,202404,KG
Y-GEN-4768,201.78,202403,KG
Y-GEN-4768,196.33,202404,KG
Y-GEN-4769,275.89,202403,KG
Y-GEN-4769,278.15,202404,KG
Y-GEN-4770,196.46,202403,KG
Y-GEN-4770,238.15,202404,KG
Y-GEN-4771,267.15,202403,KG
Y-GEN-4771,264.98,202404,KG
Y-GEN-4772,432.85,202403,KG
Y-GEN-4772,517.07,202404,KG
Y-GEN-4773,351.53,202403,KG
Y-GEN-4773,435.7,202404,KG
Y-GEN-4774,383850.0,202403,TO
Y-GEN-4774,485430.0,202404,TO
Y-GEN-4775,336.52,202403,KG
Y-GEN-4775,394.97,202404,KG
Y-GEN-4776,371.4,202403,KG
Y-GEN-4776,353.85,202404,KG
Y-GEN-4777,413.33,202403,KG
Y-GEN-4777,469.14,202404,KG
Y-GEN-4778,317.24,202403,KG
Y-GEN-4778,368.81,202404,KG
Y-GEN-4779,293.89,202403,KG
Y-GEN-4779,330.42,202404,KG
Y-GEN-4780,449.16,202403,KG
Y-GEN-4780,450.47,202404,KG
Y-GEN-4781,430.64,202403,KG
Y-GEN-4781,529.53,202404,KG
Y-GEN-4782,154.65,202403,KG
Y-GEN-4782,192.91,202404,KG
Y-GEN-4783,262.82,202403,KG
Y-GEN-4783,303.05,202404,KG
Y-GEN-4784,279.78,202403,KG
Y-GEN-4784,362.43,202404,KG
Y-GEN-4785,357.7,202403,KG
Y-GEN-4785,405.99,202404,KG
Y-GEN-4786,267.13,202403,KG
Y-GEN-4786,300.17,202404,KG
Y-GEN-4787,233.49,202403,KG
Y-GEN-4787,299.47,202404,KG
Y-GEN-4788,396.3,202403,KG
Y-GEN-4788,477.48,202404,KG
Y-GEN-4789,148.3,202403,KG
Y-GEN-4789,156.17,202404,KG
Y-GEN-4790,381.14,202403,KG
Y-GEN-4790,414.96,202404,KG
Y-GEN-4791,315.53,202403,KG
Y-GEN-4791,372.19,202404,KG
Y-GEN-4792,309.1,202403,KG
Y-GEN-4792,320.89,202404,KG
Y-GEN-4793,267.85,202403,KG
Y-GEN-4793,311.69,202404,KG
Y-GEN-4794,254.06,202403,KG
Y-GEN-4794,251.76,202404,KG
Y-GEN-4795,383.78,202403,KG
Y-GEN-4795,468.22,202404,KG
Y-GEN-4796,120.04,202403,KG
Y-GEN-4796,143.44,202404,KG
Y-GEN-4797,264.63,202403,KG
Y-GEN-4797,341.08,202404,KG
Y-GEN-4798,430.44,202403,KG
Y-GEN-4798,445.93,202404,KG
Y-GEN-4799,371.04,202403,KG
Y-GEN-4799,429.12,202404,KG
Y-GEN-4800,136.6,202403,KG
Y-GEN-4800,166.23,202404,KG
Y-GEN-4801,399.94,202403,KG
Y-GEN-4801,488.71,202404,KG
Y-GEN-4802,280.91,202403,KG
Y-GEN-4802,338.68,202404,KG
Y-GEN-4803,217.29,202403,KG
Y-GEN-4803,217.69,202404,KG
Y-GEN-4804,419.62,202403,KG
Y-GEN-4804,485.15,202404,KG
Y-GEN-4805,186.32,202403,KG
Y-GEN-4805,220.21,202404,KG
Y-GEN-4806,360.25,202403,KG
Y-GEN-4806,381.77,202404,KG
Y-GEN-4807,431.59,202403,KG
Y-GEN-4807,483.16,202404,KG
Y-GEN-4808,255.19,202403,KG
Y-GEN-4808,286.21,202404,KG
Y-GEN-4809,243.8,202403,KG
Y-GEN-4809,258.82,202404,KG
Y-GEN-4810,386.47,202403,KG
Y-GEN-4810,386.88,202404,KG
Y-GEN-4811,412610.0,202403,TO
Y-GEN-4811,469210.0,202404,TO
Y-GEN-4812,244.67,202403,KG
Y-GEN-4812,301.35,202404,KG
Y-GEN-4813,233.56,202403,KG
Y-GEN-4813,289.04,202404,KG
Y-GEN-4814,265.02,202403,KG
Y-GEN-4814,297.66,202404,KG
Y-GEN-4815,157.4,202403,KG
Y-GEN-4815,177.82,202404,KG
Y-GEN-4816,140.77,202403,KG
Y-GEN-4816,146.94,202404,KG
Y-GEN-4817,435.4,202403,KG
Y-GEN-4817,424.54,202404,KG
Y-GEN-4818,172.45,202403,KG
Y-GEN-4818,163.85,202404,KG
Y-GEN-4819,362.38,202403,KG
Y-GEN-4819,467.67,202404,KG
Y-GEN-4820,328.09,202403,KG
Y-GEN-4820,357.19,202404,KG
Y-GEN-4821,214.92,202403,KG
Y-GEN-4821,268.87,202404,KG
Y-GEN-4822,189.2,202403,KG
Y-GEN-4822,226.04,202404,KG
Y-GEN-4823,324.04,202403,KG
Y-GEN-4823,344.71,202404,KG
Y-GEN-4824,292.39,202403,KG
Y-GEN-4824,330.23,202404,KG
Y-GEN-4825,162.02,202403,KG
Y-GEN-4825,154.65,202404,KG
Y-GEN-4826,291.73,202403,KG
Y-GEN-4826,333.81,202404,KG
Y-GEN-4827,305.33,202403,KG
Y-GEN-4827,359.72,202404,KG
Y-GEN-4828,348.4,202403,KG
Y-GEN-4828,449.07,202404,KG
Y-GEN-4829,361.3,202403,KG
Y-GEN-4829,429.46,202404,KG
Y-GEN-4830,230.27,202403,KG
Y-GEN-4830,281.24,202404,KG
Y-GEN-4831,387.09,202403,KG
Y-GEN-4831,402.08,202404,KG
Y-GEN-4832,180.7,202403,KG
Y-GEN-4832,188.89,202404,KG
Y-GEN-4833,449.93,202403,KG
Y-GEN-4833,433.86,202404,KG
Y-GEN-4834,142.12,202403,KG
Y-GEN-4834,158.95,202404,KG
Y-GEN-4835,379.4,202403,KG
Y-GEN-4835,368.12,202404,KG
Y-GEN-4836,229.33,202403,KG
Y-GEN-4836,288.44,202404,KG
Y-GEN-4837,299.89,202403,KG
Y-GEN-4837,367.52,202404,KG
Y-GEN-4838,198.96,202403,KG
Y-GEN-4838,218.74,202404,KG
Y-GEN-4839,413.49,202403,KG
Y-GEN-4839,526.95,202404,KG
Y-GEN-4840,311.62,202403,KG
Y-GEN-4840,380.48,202404,KG
Y-GEN-4841,315.53,202403,KG
Y-GEN-4841,393.38,202404,KG
Y-GEN-4842,125.6,202403,KG
Y-GEN-4842,145.83,202404,KG
Y-GEN-4843,179.61,202403,KG
Y-GEN-4843,231.34,202404,KG
Y-GEN-4844,431.32,202403,KG
Y-GEN-4844,538.21,202404,KG
Y-GEN-4845,122.94,202403,KG
Y-GEN-4845,142.7,202404,KG
Y-GEN-4846,308.86,202403,KG
Y-GEN-4846,348.3,202404,KG
Y-GEN-4847,359.99,202403,KG
Y-GEN-4847,451.23,202404,KG
Y-GEN-4848,239990.0,202403,TO
Y-GEN-4848,267620.0,202404,TO
Y-GEN-4849,212.97,202403,KG
Y-GEN-4849,210.13,202404,KG
Y-GEN-4850,242.01,202403,KG
Y-GEN-4850,313.3,202404,KG
Y-GEN-4851,380.19,202403,KG
Y-GEN-4851,383.71,202404,KG
Y-GEN-4852,183.11,202403,KG
Y-GEN-4852,193.07,202404,KG
Y-GEN-4853,123.13,202403,KG
Y-GEN-4853,140.3,202404,KG
Y-GEN-4854,436.61,202403,KG
Y-GEN-4854,515.83,202404,KG
Y-GEN-4855,151.18,202403,KG
Y-GEN-4855,174.89,202404,KG
Y-GEN-4856,165.73,202403,KG
Y-GEN-4856,199.43,202404,KG
Y-GEN-4857,155.74,202403,KG
Y-GEN-4857,174.73,202404,KG
Y-GEN-4858,264.86,202403,KG
Y-GEN-4858,274.01,202404,KG
Y-GEN-4859,180.4,202403,KG
Y-GEN-4859,193.59,202404,KG
Y-GEN-4860,322.43,202403,KG
Y-GEN-4860,315.64,202404,KG
Y-GEN-4861,409.79,202403,KG
Y-GEN-4861,503.08,202404,KG
Y-GEN-4862,202.39,202403,KG
Y-GEN-4862,219.16,202404,KG
Y-GEN-4863,233.6,202403,KG
Y-GEN-4863,302.61,202404,KG
Y-GEN-4864,259.64,202403,KG
Y-GEN-4864,270.99,202404,KG
Y-GEN-4865,437.94,202403,KG
Y-GEN-4865,445.55,202404,KG
Y-GEN-4866,159.26,202403,KG
Y-GEN-4866,196.73,202404,KG
Y-GEN-4867,381.21,202403,KG
Y-GEN-4867,442.75,202404,KG
Y-GEN-4868,192.03,202403,KG
Y-GEN-4868,229.06,202404,KG
Y-GEN-4869,352.94,202403,KG
Y-GEN-4869,342.48,202404,KG
Y-GEN-4870,440.58,202403,KG
Y-GEN-4870,552.17,202404,KG
Y-GEN-4871,277.78,202403,KG
Y-GEN-4871,315.17,202404,KG
Y-GEN-4872,184.98,202403,KG
Y-GEN-4872,199.31,202404,KG
Y-GEN-4873,336.52,202403,KG
Y-GEN-4873,320.4,202404,KG
Y-GEN-4874,201.51,202403,KG
Y-GEN-4874,198.31,202404,KG
Y-GEN-4875,129.57,202403,KG
Y-GEN-4875,146.12,202404,KG
Y-GEN-4876,222.6,202403,KG
Y-GEN-4876,218.57,202404,KG
Y-GEN-4877,390.09,202403,KG
Y-GEN-4877,506.11,202404,KG
Y-GEN-4878,347.84,202403,KG
Y-GEN-4878,445.42,202404,KG
Y-GEN-4879,182.49,202403,KG
Y-GEN-4879,220.62,202404,KG
Y-GEN-4880,298.19,202403,KG
Y-GEN-4880,289.72,202404,KG
Y-GEN-4881,259.67,202403,KG
Y-GEN-4881,310.51,202404,KG
Y-GEN-4882,148.9,202403,KG
Y-GEN-4882,169.37,202404,KG
Y-GEN-4883,163.35,202403,KG
Y-GEN-4883,209.77,202404,KG
Y-GEN-4884,294.16,202403,KG
Y-GEN-4884,285.39,202404,KG
Y-GEN-4885,248140.0,202403,TO
Y-GEN-4885,278700.0,202404,TO
Y-GEN-4886,352.02,202403,KG
Y-GEN-4886,404.61,202404,KG
Y-GEN-4887,216.41,202403,KG
Y-GEN-4887,274.93,202404,KG
Y-GEN-4888,267.74,202403,KG
Y-GEN-4888,337.95,202404,KG
Y-GEN-4889,178.36,202403,KG
Y-GEN-4889,183.14,202404,KG
Y-GEN-4890,252.53,202403,KG
Y-GEN-4890,312.44,202404,KG
Y-GEN-4891,421.19,202403,KG
Y-GEN-4891,400.4,202404,KG
Y-GEN-4892,260.33,202403,KG
Y-GEN-4892,315.04,202404,KG
Y-GEN-4893,185.78,202403,KG
Y-GEN-4893,240.72,202404,KG
Y-GEN-4894,177.65,202403,KG
Y-GEN-4894,203.1,202404,KG
Y-GEN-4895,198.56,202403,KG
Y-GEN-4895,215.6,202404,KG
Y-GEN-4896,366.74,202403,KG
Y-GEN-4896,468.79,202404,KG
Y-GEN-4897,380.86,202403,KG
Y-GEN-4897,486.01,202404,KG
Y-GEN-4898,169.33,202403,KG
Y-GEN-4898,177.72,202404,KG
Y-GEN-4899,247.36,202403,KG
Y-GEN-4899,301.2,202404,KG
Y-GEN-4900,189.23,202403,KG
Y-GEN-4900,214.07,202404,KG
Y-GEN-4901,196.39,202403,KG
Y-GEN-4901,206.21,202404,KG
Y-GEN-4902,263.3,202403,KG
Y-GEN-4902,289.2,202404,KG
Y-GEN-4903,155.5,202403,KG
Y-GEN-4903,163.33,202404,KG
Y-GEN-4904,325.7,202403,KG
Y-GEN-4904,350.58,202404,KG
Y-GEN-4905,293.35,202403,KG
Y-GEN-4905,324.04,202404,KG
Y-GEN-4906,272.13,202403,KG
Y-GEN-4906,308.34,202404,KG
Y-GEN-4907,440.67,202403,KG
Y-GEN-4907,510.31,202404,KG
Y-GEN-4908,328.08,202403,KG
Y-GEN-4908,346.45,202404,KG
Y-GEN-4909,188.32,202403,KG
Y-GEN-4909,184.72,202404,KG
Y-GEN-4910,174.81,202403,KG
Y-GEN-4910,182.94,202404,KG
Y-GEN-4911,342.61,202403,KG
Y-GEN-4911,371.12,202404,KG
Y-GEN-4912,302.07,202403,KG
Y-GEN-4912,289.16,202404,KG
Y-GEN-4913,323.77,202403,KG
Y-GEN-4913,384.68,202404,KG
Y-GEN-4914,250.66,202403,KG
Y-GEN-4914,254.0,202404,KG
Y-GEN-4915,160.54,202403,KG
Y-GEN-4915,203.79,202404,KG
Y-GEN-4916,143.9,202403,KG
Y-GEN-4916,163.85,202404,KG
Y-GEN-4917,154.7,202403,KG
Y-GEN-4917,149.91,202404,KG
Y-GEN-4918,417.89,202403,KG
Y-GEN-4918,442.98,202404,KG
Y-GEN-4919,282.8,202403,KG
Y-GEN-4919,321.66,202404,KG
Y-GEN-4920,225.78,202403,KG
Y-GEN-4920,249.2,202404,KG
Y-GEN-4921,355.24,202403,KG
Y-GEN-4921,434.03,202404,KG
Y-GEN-4922,198640.0,202403,TO
Y-GEN-4922,189040.0,202404,TO
Y-GEN-4923,385.76,202403,KG
Y-GEN-4923,391.1,202404,KG
Y-GEN-4924,124.19,202403,KG
Y-GEN-4924,138.7,202404,KG
Y-GEN-4925,362.57,202403,KG
Y-GEN-4925,363.89,202404,KG
Y-GEN-4926,186.39,202403,KG
Y-GEN-4926,212.81,202404,KG
Y-GEN-4927,163.46,202403,KG
Y-GEN-4927,181.24,202404,KG
Y-GEN-4928,154.67,202403,KG
Y-GEN-4928,169.45,202404,KG
Y-GEN-4929,247.94,202403,KG
Y-GEN-4929,277.94,202404,KG
Y-GEN-4930,274.9,202403,KG
Y-GEN-4930,289.88,202404,KG
Y-GEN-4931,293.72,202403,KG
Y-GEN-4931,335.73,202404,KG
Y-GEN-4932,221.41,202403,KG
Y-GEN-4932,253.05,202404,KG
Y-GEN-4933,399.88,202403,KG
Y-GEN-4933,446.05,202404,KG
Y-GEN-4934,347.4,202403,KG
Y-GEN-4934,408.32,202404,KG
Y-GEN-4935,287.31,202403,KG
Y-GEN-4935,337.74,202404,KG
Y-GEN-4936,353.07,202403,KG
Y-GEN-4936,431.25,202404,KG
Y-GEN-4937,184.69,202403,KG
Y-GEN-4937,179.63,202404,KG
Y-GEN-4938,171.47,202403,KG
Y-GEN-4938,178.9,202404,KG
Y-GEN-4939,241.36,202403,KG
Y-GEN-4939,305.13,202404,KG
Y-GEN-4940,403.2,202403,KG
Y-GEN-4940,513.95,202404,KG
Y-GEN-4941,131.32,202403,KG
Y-GEN-4941,162.19,202404,KG
Y-GEN-4942,210.17,202403,KG
Y-GEN-4942,206.65,202404,KG
Y-GEN-4943,161.99,202403,KG
Y-GEN-4943,171.37,202404,KG
Y-GEN-4944,306.75,202403,KG
Y-GEN-4944,293.77,202404,KG
Y-GEN-4945,240.93,202403,KG
Y-GEN-4945,284.66,202404,KG
Y-GEN-4946,373.17,202403,KG
Y-GEN-4946,365.93,202404,KG
Y-GEN-4947,260.47,202403,KG
Y-GEN-4947,333.63,202404,KG
Y-GEN-4948,146.64,202403,KG
Y-GEN-4948,153.01,202404,KG
Y-GEN-4949,313.59,202403,KG
Y-GEN-4949,398.75,202404,KG
Y-GEN-4950,350.92,202403,KG
Y-GEN-4950,347.53,202404,KG
Y-GEN-4951,192.24,202403,KG
Y-GEN-4951,228.56,202404,KG
Y-GEN-4952,428.87,202403,KG
Y-GEN-4952,480.1,202404,KG
Y-GEN-4953,410.74,202403,KG
Y-GEN-4953,519.61,202404,KG
Y-GEN-4954,423.99,202403,KG
Y-GEN-4954,426.67,202404,KG
Y-GEN-4955,140.25,202403,KG
Y-GEN-4955,154.16,202404,KG
Y-GEN-4956,396.17,202403,KG
Y-GEN-4956,510.12,202404,KG
Y-GEN-4957,264.83,202403,KG
Y-GEN-4957,336.46,202404,KG
Y-GEN-4958,221.47,202403,KG
Y-GEN-4958,277.99,202404,KG
Y-GEN-4959,347680.0,202403,TO
Y-GEN-4959,406540.0,202404,TO
Y-GEN-4960,140.32,202403,KG
Y-GEN-4960,142.74,202404,KG
Y-GEN-4961,150.81,202403,KG
Y-GEN-4961,170.24,202404,KG
Y-GEN-4962,373.26,202403,KG
Y-GEN-4962,459.4,202404,KG
Y-GEN-4963,346.63,202403,KG
Y-GEN-4963,419.87,202404,KG
Y-GEN-4964,160.31,202403,KG
Y-GEN-4964,204.37,202404,KG
Y-GEN-4965,362.03,202403,KG
Y-GEN-4965,451.97,202404,KG
Y-GEN-4966,448.91,202403,KG
Y-GEN-4966,454.98,202404,KG
Y-GEN-4967,289.03,202403,KG
Y-GEN-4967,362.49,202404,KG
Y-GEN-4968,356.37,202403,KG
Y-GEN-4968,391.81,202404,KG
Y-GEN-4969,398.91,202403,KG
Y-GEN-4969,404.84,202404,KG
Y-GEN-4970,411.84,202403,KG
Y-GEN-4970,522.15,202404,KG
Y-GEN-4971,436.2,202403,KG
Y-GEN-4971,562.07,202404,KG
Y-GEN-4972,442.74,202403,KG
Y-GEN-4972,524.36,202404,KG
Y-GEN-4973,436.94,202403,KG
Y-GEN-4973,422.46,202404,KG
Y-GEN-4974,432.89,202403,KG
Y-GEN-4974,481.06,202404,KG
Y-GEN-4975,302.42,202403,KG
Y-GEN-4975,315.55,202404,KG
Y-GEN-4976,391.56,202403,KG
Y-GEN-4976,460.14,202404,KG
Y-GEN-4977,315.23,202403,KG
Y-GEN-4977,306.58,202404,KG
Y-GEN-4978,376.16,202403,KG
Y-GEN-4978,392.51,202404,KG
Y-GEN-4979,303.77,202403,KG
Y-GEN-4979,344.11,202404,KG
Y-GEN-4980,307.14,202403,KG
Y-GEN-4980,297.33,202404,KG
Y-GEN-4981,363.82,202403,KG
Y-GEN-4981,375.67,202404,KG
Y-GEN-4982,258.82,202403,KG
Y-GEN-4982,292.43,202404,KG
Y-GEN-4983,405.64,202403,KG
Y-GEN-4983,444.21,202404,KG
Y-GEN-4984,317.06,202403,KG
Y-GEN-4984,313.4,202404,KG
Y-GEN-4985,290.35,202403,KG
Y-GEN-4985,346.64,202404,KG
Y-GEN-4986,348.0,202403,KG
Y-GEN-4986,396.82,202404,KG
Y-GEN-4987,352.98,202403,KG
Y-GEN-4987,393.15,202404,KG
Y-GEN-4988,245.26,202403,KG
Y-GEN-4988,244.82,202404,KG
Y-GEN-4989,175.45,202403,KG
Y-GEN-4989,182.65,202404,KG
Y-GEN-4990,412.56,202403,KG
Y-GEN-4990,457.43,202404,KG
Y-GEN-4991,146.02,202403,KG
Y-GEN-4991,176.39,202404,KG
Y-GEN-4992,309.93,202403,KG
Y-GEN-4992,308.45,202404,KG
Y-GEN-4993,380.15,202403,KG
Y-GEN-4993,407.44,202404,KG
Y-GEN-4994,186.33,202403,KG
Y-GEN-4994,202.6,202404,KG
Y-GEN-4995,265.18,202403,KG
Y-GEN-4995,293.91,202404,KG
Y-GEN-4996,192250.0,202403,TO
Y-GEN-4996,241490.0,202404,TO
Y-GEN-4997,226.57,202403,KG
Y-GEN-4997,237.79,202404,KG
Y-GEN-4998,277.09,202403,KG
Y-GEN-4998,295.45,202404,KG
Y-GEN-4999,436.1,202403,KG
Y-GEN-4999,493.12,202404,KG
Y-GEN-5000,165.14,202403,KG
Y-GEN-5000,175.84,202404,KG
Y-GEN-5001,424.47,202403,KG
Y-GEN-5001,426.62,202404,KG
Y-GEN-5002,341.35,202403,KG
Y-GEN-5002,382.15,202404,KG
Y-GEN-5003,423.52,202403,KG
Y-GEN-5003,532.84,202404,KG
Y-GEN-5004,305.61,202403,KG
Y-GEN-5004,326.06,202404,KG
Y-GEN-5005,223.38,202403,KG
Y-GEN-5005,245.9,202404,KG
Y-GEN-5006,341.41,202403,KG
Y-GEN-5006,443.83,202404,KG
Y-GEN-5007,133.36,202403,KG
Y-GEN-5007,129.66,202404,KG
Y-GEN-5008,303.63,202403,KG
Y-GEN-5008,346.41,202404,KG
Y-GEN-5009,238.02,202403,KG
Y-GEN-5009,250.57,202404,KG
Y-GEN-5010,326.44,202403,KG
Y-GEN-5010,369.09,202404,KG
Y-GEN-5011,131.9,202403,KG
Y-GEN-5011,142.36,202404,KG
Y-GEN-5012,264.47,202403,KG
Y-GEN-5012,290.53,202404,KG
Y-GEN-5013,144.4,202403,KG
Y-GEN-5013,158.23,202404,KG
Y-GEN-5014,409.94,202403,KG
Y-GEN-5014,434.91,202404,KG
Y-GEN-5015,282.43,202403,KG
Y-GEN-5015,299.03,202404,KG
Y-GEN-5016,173.55,202403,KG
Y-GEN-5016,175.82,202404,KG
Y-GEN-5017,428.63,202403,KG
Y-GEN-5017,556.14,202404,KG
Y-GEN-5018,249.12,202403,KG
Y-GEN-5018,315.74,202404,KG
Y-GEN-5019,442.48,202403,KG
Y-GEN-5019,502.45,202404,KG
Y-GEN-5020,438.26,202403,KG
Y-GEN-5020,534.25,202404,KG
Y-GEN-5021,160.16,202403,KG
Y-GEN-5021,202.81,202404,KG
Y-GEN-5022,137.03,202403,KG
Y-GEN-5022,169.56,202404,KG
Y-GEN-5023,449.41,202403,KG
Y-GEN-5023,541.51,202404,KG
Y-GEN-5024,136.56,202403,KG
Y-GEN-5024,148.88,202404,KG
Y-GEN-5025,145.17,202403,KG
Y-GEN-5025,148.9,202404,KG
Y-GEN-5026,319.08,202403,KG
Y-GEN-5026,317.6,202404,KG
Y-GEN-5027,291.22,202403,KG
Y-GEN-5027,345.45,202404,KG
Y-GEN-5028,381.76,202403,KG
Y-GEN-5028,452.14,202404,KG
Y-GEN-5029,371.87,202403,KG
Y-GEN-5029,381.23,202404,KG
Y-GEN-5030,299.33,202403,KG
Y-GEN-5030,335.65,202404,KG
Y-GEN-5031,170.71,202403,KG
Y-GEN-5031,199.61,202404,KG
Y-GEN-5032,369.61,202403,KG
Y-GEN-5032,452.81,202404,KG
Y-GEN-5033,380280.0,202403,TO
Y-GEN-5033,400980.0,202404,TO
Y-GEN-5034,199.79,202403,KG
Y-GEN-5034,207.78,202404,KG
Y-GEN-5035,408.93,202403,KG
Y-GEN-5035,393.7,202404,KG
Y-GEN-5036,377.43,202403,KG
Y-GEN-5036,434.58,202404,KG
Y-GEN-5037,152.8,202403,KG
Y-GEN-5037,187.45,202404,KG
Y-GEN-5038,135.67,202403,KG
Y-GEN-5038,171.11,202404,KG
Y-GEN-5039,434.46,202403,KG
Y-GEN-5039,510.36,202404,KG
Y-GEN-5040,146.17,202403,KG
Y-GEN-5040,189.14,202404,KG
Y-GEN-5041,435.65,202403,KG
Y-GEN-5041,562.73,202404,KG
Y-GEN-5042,345.01,202403,KG
Y-GEN-5042,405.31,202404,KG
Y-GEN-5043,169.39,202403,KG
Y-GEN-5043,177.57,202404,KG
Y-GEN-5044,389.19,202403,KG
Y-GEN-5044,478.15,202404,KG
Y-GEN-5045,142.66,202403,KG
Y-GEN-5045,157.93,202404,KG
Y-GEN-5046,180.28,202403,KG
Y-GEN-5046,179.44,202404,KG
Y-GEN-5047,405.14,202403,KG
Y-GEN-5047,520.28,202404,KG
Y-GEN-5048,410.05,202403,KG
Y-GEN-5048,425.83,202404,KG
Y-GEN-5049,296.49,202403,KG
Y-GEN-5049,293.4,202404,KG
Y-GEN-5050,137.68,202403,KG
Y-GEN-5050,130.85,202404,KG
Y-GEN-5051,161.67,202403,KG
Y-GEN-5051,196.13,202404,KG
Y-GEN-5052,367.76,202403,KG
Y-GEN-5052,451.64,202404,KG
Y-GEN-5053,340.57,202403,KG
Y-GEN-5053,355.6,202404,KG
Y-GEN-5054,133.42,202403,KG
Y-GEN-5054,150.36,202404,KG
Y-GEN-5055,207.25,202403,KG
Y-GEN-5055,209.89,202404,KG
Y-GEN-5056,342.14,202403,KG
Y-GEN-5056,438.51,202404,KG
Y-GEN-5057,201.65,202403,KG
Y-GEN-5057,256.75,202404,KG
Y-GEN-5058,223.62,202403,KG
Y-GEN-5058,227.12,202404,KG
Y-GEN-5059,427.61,202403,KG
Y-GEN-5059,483.01,202404,KG
Y-GEN-5060,225.72,202403,KG
Y-GEN-5060,268.25,202404,KG
Y-GEN-5061,435.14,202403,KG
Y-GEN-5061,514.51,202404,KG
Y-GEN-5062,413.82,202403,KG
Y-GEN-5062,522.57,202404,KG
Y-GEN-5063,298.02,202403,KG
Y-GEN-5063,329.78,202404,KG
Y-GEN-5064,348.77,202403,KG
Y-GEN-5064,402.35,202404,KG
Y-GEN-5065,263.81,202403,KG
Y-GEN-5065,265.31,202404,KG
Y-GEN-5066,197.49,202403,KG
Y-GEN-5066,245.69,202404,KG
Y-GEN-5067,260.78,202403,KG
Y-GEN-5067,275.19,202404,KG
Y-GEN-5068,308.47,202403,KG
Y-GEN-5068,342.34,202404,KG
Y-GEN-5069,409.69,202403,KG
Y-GEN-5069,479.54,202404,KG
Y-GEN-5070,431810.0,202403,TO
Y-GEN-5070,452640.0,202404,TO
Y-GEN-5071,149.57,202403,KG
Y-GEN-5071,188.29,202404,KG
Y-GEN-5072,266.34,202403,KG
Y-GEN-5072,285.67,202404,KG
Y-GEN-5073,422.69,202403,KG
Y-GEN-5073,512.42,202404,KG
Y-GEN-5074,408.1,202403,KG
Y-GEN-5074,473.06,202404,KG
Y-GEN-5075,383.25,202403,KG
Y-GEN-5075,421.01,202404,KG
Y-GEN-5076,279.27,202403,KG
Y-GEN-5076,300.69,202404,KG
Y-GEN-5077,256.21,202403,KG
Y-GEN-5077,329.49,202404,KG
Y-GEN-5078,402.83,202403,KG
Y-GEN-5078,488.66,202404,KG
Y-GEN-5079,166.76,202403,KG
Y-GEN-5079,211.74,202404,KG
Y-GEN-5080,195.21,202403,KG
Y-GEN-5080,208.36,202404,KG
Y-GEN-5081,362.84,202403,KG
Y-GEN-5081,352.37,202404,KG
Y-GEN-5082,385.85,202403,KG
Y-GEN-5082,446.53,202404,KG
Y-GEN-5083,169.31,202403,KG
Y-GEN-5083,189.55,202404,KG
Y-GEN-5084,241.82,202403,KG
Y-GEN-5084,270.12,202404,KG
Y-GEN-5085,399.72,202403,KG
Y-GEN-5085,489.44,202404,KG
Y-GEN-5086,423.54,202403,KG
Y-GEN-5086,471.91,202404,KG
Y-GEN-5087,339.02,202403,KG
Y-GEN-5087,326.38,202404,KG
Y-GEN-5088,376.61,202403,KG
Y-GEN-5088,392.41,202404,KG
Y-GEN-5089,419.57,202403,KG
Y-GEN-5089,436.68,202404,KG
Y-GEN-5090,239.07,202403,KG
Y-GEN-5090,253.55,202404,KG
Y-GEN-5091,131.32,202403,KG
Y-GEN-5091,128.44,202404,KG
Y-GEN-5092,209.97,202403,KG
Y-GEN-5092,240.1,202404,KG
Y-GEN-5093,377.59,202403,KG
Y-GEN-5093,385.83,202404,KG
Y-GEN-5094,210.78,202403,KG
Y-GEN-5094,233.17,202404,KG
Y-GEN-5095,320.2,202403,KG
Y-GEN-5095,329.32,202404,KG
Y-GEN-5096,296.08,202403,KG
Y-GEN-5096,381.79,202404,KG
Y-GEN-5097,339.75,202403,KG
Y-GEN-5097,375.19,202404,KG
Y-GEN-5098,213.23,202403,KG
Y-GEN-5098,209.07,202404,KG
Y-GEN-5099,138.49,202403,KG
Y-GEN-5099,152.38,202404,KG
Y-GEN-5100,381.11,202403,KG
Y-GEN-5100,388.35,202404,KG
Y-GEN-5101,247.59,202403,KG
Y-GEN-5101,308.87,202404,KG
Y-GEN-5102,260.4,202403,KG
Y-GEN-5102,248.92,202404,KG
Y-GEN-5103,249.28,202403,KG
Y-GEN-5103,274.24,202404,KG
Y-GEN-5104,415.74,202403,KG
Y-GEN-5104,502.02,202404,KG
Y-GEN-5105,270.18,202403,KG
Y-GEN-5105,314.97,202404,KG
Y-GEN-5106,367.8,202403,KG
Y-GEN-5106,365.63,202404,KG
Y-GEN-5107,290530.0,202403,TO
Y-GEN-5107,300600.0,202404,TO
Y-GEN-5108,136.87,202403,KG
Y-GEN-5108,138.22,202404,KG
Y-GEN-5109,377.38,202403,KG
Y-GEN-5109,478.11,202404,KG
Y-GEN-5110,193.09,202403,KG
Y-GEN-5110,225.37,202404,KG
Y-GEN-5111,398.2,202403,KG
Y-GEN-5111,380.89,202404,KG
Y-GEN-5112,207.72,202403,KG
Y-GEN-5112,201.94,202404,KG
Y-GEN-5113,390.52,202403,KG
Y-GEN-5113,459.89,202404,KG
Y-GEN-5114,348.06,202403,KG
Y-GEN-5114,331.55,202404,KG
Y-GEN-5115,136.54,202403,KG
Y-GEN-5115,170.74,202404,KG
Y-GEN-5116,167.18,202403,KG
Y-GEN-5116,209.57,202404,KG
Y-GEN-5117,203.38,202403,KG
Y-GEN-5117,254.42,202404,KG
Y-GEN-5118,337.14,202403,KG
Y-GEN-5118,421.45,202404,KG
Y-GEN-5119,263.84,202403,KG
Y-GEN-5119,336.93,202404,KG
Y-GEN-5120,355.54,202403,KG
Y-GEN-5120,340.31,202404,KG
Y-GEN-5121,408.81,202403,KG
Y-GEN-5121,531.3,202404,KG
Y-GEN-5122,253.62,202403,KG
Y-GEN-5122,244.93,202404,KG
Y-GEN-5123,244.17,202403,KG
Y-GEN-5123,264.7,202404,KG
Y-GEN-5124,273.74,202403,KG
Y-GEN-5124,313.18,202404,KG
Y-GEN-5125,368.84,202403,KG
Y-GEN-5125,405.29,202404,KG
Y-GEN-5126,186.42,202403,KG
Y-GEN-5126,177.81,202404,KG
Y-GEN-5127,187.33,202403,KG
Y-GEN-5127,184.77,202404,KG
Y-GEN-5128,401.37,202403,KG
Y-GEN-5128,487.79,202404,KG
Y-GEN-5129,241.19,202403,KG
Y-GEN-5129,287.26,202404,KG
Y-GEN-5130,286.39,202403,KG
Y-GEN-5130,318.29,202404,KG
Y-GEN-5131,247.82,202403,KG
Y-GEN-5131,273.63,202404,KG
Y-GEN-5132,236.15,202403,KG
Y-GEN-5132,244.25,202404,KG
Y-GEN-5133,156.3,202403,KG
Y-GEN-5133,185.32,202404,KG
Y-GEN-5134,329.77,202403,KG
Y-GEN-5134,329.95,202404,KG
Y-GEN-5135,281.31,202403,KG
Y-GEN-5135,302.85,202404,KG
Y-GEN-5136,230.82,202403,KG
Y-GEN-5136,265.94,202404,KG
Y-GEN-5137,447.86,202403,KG
Y-GEN-5137,507.78,202404,KG
Y-GEN-5138,323.39,202403,KG
Y-GEN-5138,331.82,202404,KG
Y-GEN-5139,301.35,202403,KG
Y-GEN-5139,370.22,202404,KG
Y-GEN-5140,350.06,202403,KG
Y-GEN-5140,439.46,202404,KG
Y-GEN-5141,446.56,202403,KG
Y-GEN-5141,560.97,202404,KG
Y-GEN-5142,157.59,202403,KG
Y-GEN-5142,161.0,202404,KG
Y-GEN-5143,237.95,202403,KG
Y-GEN-5143,248.69,202404,KG
Y-GEN-5144,214610.0,202403,TO
Y-GEN-5144,228280.0,202404,TO
Y-GEN-5145,411.17,202403,KG
Y-GEN-5145,487.48,202404,KG
Y-GEN-5146,252.7,202403,KG
Y-GEN-5146,327.88,202404,KG
Y-GEN-5147,180.94,202403,KG
Y-GEN-5147,231.71,202404,KG
Y-GEN-5148,448.93,202403,KG
Y-GEN-5148,538.04,202404,KG
Y-GEN-5149,138.51,202403,KG
Y-GEN-5149,171.02,202404,KG
Y-GEN-5150,404.55,202403,KG
Y-GEN-5150,394.47,202404,KG
Y-GEN-5151,370.04,202403,KG
Y-GEN-5151,460.79,202404,KG
Y-GEN-5152,286.66,202403,KG
Y-GEN-5152,332.25,202404,KG
Y-GEN-5153,277.44,202403,KG
Y-GEN-5153,329.17,202404,KG
Y-GEN-5154,369.28,202403,KG
Y-GEN-5154,419.76,202404,KG
Y-GEN-5155,432.25,202403,KG
Y-GEN-5155,526.63,202404,KG
Y-GEN-5156,262.56,202403,KG
Y-GEN-5156,282.88,202404,KG
Y-GEN-5157,374.61,202403,KG
Y-GEN-5157,356.12,202404,KG
Y-GEN-5158,186.18,202403,KG
Y-GEN-5158,240.88,202404,KG
Y-GEN-5159,237.7,202403,KG
Y-GEN-5159,304.09,202404,KG
Y-GEN-5160,432.21,202403,KG
Y-GEN-5160,503.43,202404,KG
Y-GEN-5161,322.88,202403,KG
Y-GEN-5161,321.81,202404,KG
Y-GEN-5162,285.56,202403,KG
Y-GEN-5162,276.51,202404,KG
Y-GEN-5163,422.32,202403,KG
Y-GEN-5163,528.74,202404,KG
Y-GEN-5164,262.88,202403,KG
Y-GEN-5164,257.6,202404,KG
Y-GEN-5165,133.59,202403,KG
Y-GEN-5165,162.0,202404,KG
Y-GEN-5166,309.02,202403,KG
Y-GEN-5166,371.82,202404,KG
Y-GEN-5167,253.38,202403,KG
Y-GEN-5167,258.23,202404,KG
Y-GEN-5168,145.53,202403,KG
Y-GEN-5168,158.88,202404,KG
Y-GEN-5169,383.22,202403,KG
Y-GEN-5169,410.57,202404,KG
Y-GEN-5170,194.24,202403,KG
Y-GEN-5170,215.3,202404,KG
Y-GEN-5171,383.73,202403,KG
Y-GEN-5171,407.17,202404,KG
Y-GEN-5172,150.14,202403,KG
Y-GEN-5172,189.85,202404,KG
Y-GEN-5173,291.38,202403,KG
Y-GEN-5173,277.95,202404,KG
Y-GEN-5174,151.4,202403,KG
Y-GEN-5174,175.47,202404,KG
Y-GEN-5175,285.25,202403,KG
Y-GEN-5175,339.0,202404,KG
Y-GEN-5176,185.75,202403,KG
Y-GEN-5176,184.57,202404,KG
Y-GEN-5177,179.5,202403,KG
Y-GEN-5177,189.34,202404,KG
Y-GEN-5178,211.62,202403,KG
Y-GEN-5178,210.13,202404,KG
Y-GEN-5179,389.47,202403,KG
Y-GEN-5179,454.2,202404,KG
Y-GEN-5180,198.74,202403,KG
Y-GEN-5180,225.86,202404,KG
Y-GEN-5181,170170.0,202403,TO
Y-GEN-5181,221190.0,202404,TO
Y-GEN-5182,272.34,202403,KG
Y-GEN-5182,291.94,202404,KG
Y-GEN-5183,448.79,202403,KG
Y-GEN-5183,536.4,202404,KG
Y-GEN-5184,225.18,202403,KG
Y-GEN-5184,240.51,202404,KG
Y-GEN-5185,328.85,202403,KG
Y-GEN-5185,424.82,202404,KG
Y-GEN-5186,406.72,202403,KG
Y-GEN-5186,426.82,202404,KG
Y-GEN-5187,371.57,202403,KG
Y-GEN-5187,480.56,202404,KG
Y-GEN-5188,323.65,202403,KG
Y-GEN-5188,357.33,202404,KG
Y-GEN-5189,150.83,202403,KG
Y-GEN-5189,176.15,202404,KG
Y-GEN-5190,433.08,202403,KG
Y-GEN-5190,473.5,202404,KG
Y-GEN-5191,432.53,202403,KG
Y-GEN-5191,533.42,202404,KG
Y-GEN-5192,130.2,202403,KG
Y-GEN-5192,129.03,202404,KG
Y-GEN-5193,192.2,202403,KG
Y-GEN-5193,211.05,202404,KG
Y-GEN-5194,250.78,202403,KG
Y-GEN-5194,317.91,202404,KG
Y-GEN-5195,329.3,202403,KG
Y-GEN-5195,387.25,202404,KG
Y-GEN-5196,439.85,202403,KG
Y-GEN-5196,529.42,202404,KG
Y-GEN-5197,349.48,202403,KG
Y-GEN-5197,360.66,202404,KG
Y-GEN-5198,221.04,202403,KG
Y-GEN-5198,258.26,202404,KG
Y-GEN-5199,377.42,202403,KG
Y-GEN-5199,377.76,202404,KG
Y-GEN-5200,281.8,202403,KG
Y-GEN-5200,334.4,202404,KG
Y-GEN-5201,167.61,202403,KG
Y-GEN-5201,198.84,202404,KG
Y-GEN-5202,445.9,202403,KG
Y-GEN-5202,424.83,202404,KG
Y-GEN-5203,172.15,202403,KG
Y-GEN-5203,164.56,202404,KG
Y-GEN-5204,394.27,202403,KG
Y-GEN-5204,443.26,202404,KG
Y-GEN-5205,246.12,202403,KG
Y-GEN-5205,286.45,202404,KG
Y-GEN-5206,160.29,202403,KG
Y-GEN-5206,198.39,202404,KG
Y-GEN-5207,218.15,202403,KG
Y-GEN-5207,223.0,202404,KG
Y-GEN-5208,276.34,202403,KG
Y-GEN-5208,264.87,202404,KG
Y-GEN-5209,136.53,202403,KG
Y-GEN-5209,157.93,202404,KG
Y-GEN-5210,251.92,202403,KG
Y-GEN-5210,293.88,202404,KG
Y-GEN-5211,434.36,202403,KG
Y-GEN-5211,534.27,202404,KG
Y-GEN-5212,404.19,202403,KG
Y-GEN-5212,415.99,202404,KG
Y-GEN-5213,135.5,202403,KG
Y-GEN-5213,133.46,202404,KG
Y-GEN-5214,332.9,202403,KG
Y-GEN-5214,349.01,202404,KG
Y-GEN-5215,402.07,202403,KG
Y-GEN-5215,389.39,202404,KG
Y-GEN-5216,196.57,202403,KG
Y-GEN-5216,194.52,202404,KG
Y-GEN-5217,273.91,202403,KG
Y-GEN-5217,298.03,202404,KG
Y-GEN-5218,186860.0,202403,TO
Y-GEN-5218,180750.0,202404,TO
Y-GEN-5219,322.18,202403,KG
Y-GEN-5219,351.85,202404,KG
Y-GEN-5220,429.25,202403,KG
Y-GEN-5220,418.99,202404,KG
Y-GEN-5221,323.55,202403,KG
Y-GEN-5221,419.2,202404,KG
Y-GEN-5222,144.64,202403,KG
Y-GEN-5222,165.84,202404,KG
Y-GEN-5223,237.34,202403,KG
Y-GEN-5223,299.47,202404,KG
Y-GEN-5224,291.35,202403,KG
Y-GEN-5224,319.48,202404,KG
Y-GEN-5225,448.12,202403,KG
Y-GEN-5225,498.75,202404,KG
Y-GEN-5226,249.09,202403,KG
Y-GEN-5226,243.4,202404,KG
Y-GEN-5227,433.28,202403,KG
Y-GEN-5227,498.86,202404,KG
Y-GEN-5228,233.32,202403,KG
Y-GEN-5228,234.35,202404,KG
Y-GEN-5229,333.13,202403,KG
Y-GEN-5229,339.71,202404,KG
Y-GEN-5230,261.37,202403,KG
Y-GEN-5230,338.68,202404,KG
Y-GEN-5231,320.51,202403,KG
Y-GEN-5231,325.85,202404,KG
Y-GEN-5232,255.2,202403,KG
Y-GEN-5232,306.44,202404,KG
Y-GEN-5233,428.18,202403,KG
Y-GEN-5233,447.04,202404,KG
Y-GEN-5234,287.73,202403,KG
Y-GEN-5234,298.87,202404,KG
Y-GEN-5235,436.25,202403,KG
Y-GEN-5235,434.14,202404,KG
Y-GEN-5236,194.32,202403,KG
Y-GEN-5236,228.44,202404,KG
Y-GEN-5237,333.56,202403,KG
Y-GEN-5237,338.11,202404,KG
Y-GEN-5238,277.87,202403,KG
Y-GEN-5238,358.31,202404,KG
Y-GEN-5239,365.77,202403,KG
Y-GEN-5239,474.04,202404,KG
Y-GEN-5240,208.89,202403,KG
Y-GEN-5240,269.51,202404,KG
Y-GEN-5241,248.57,202403,KG
Y-GEN-5241,250.36,202404,KG
Y-GEN-5242,427.11,202403,KG
Y-GEN-5242,436.33,202404,KG
Y-GEN-5243,242.28,202403,KG
Y-GEN-5243,283.36,202404,KG
Y-GEN-5244,440.75,202403,KG
Y-GEN-5244,523.78,202404,KG
Y-GEN-5245,229.78,202403,KG
Y-GEN-5245,228.36,202404,KG
Y-GEN-5246,394.74,202403,KG
Y-GEN-5246,488.37,202404,KG
Y-GEN-5247,270.82,202403,KG
Y-GEN-5247,300.7,202404,KG
Y-GEN-5248,408.01,202403,KG
Y-GEN-5248,510.26,202404,KG
Y-GEN-5249,279.94,202403,KG
Y-GEN-5249,304.71,202404,KG
Y-GEN-5250,419.2,202403,KG
Y-GEN-5250,512.99,202404,KG
Y-GEN-5251,135.38,202403,KG
Y-GEN-5251,170.55,202404,KG
Y-GEN-5252,411.15,202403,KG
Y-GEN-5252,498.86,202404,KG
Y-GEN-5253,447.56,202403,KG
Y-GEN-5253,562.45,202404,KG
Y-GEN-5254,237.14,202403,KG
Y-GEN-5254,286.0,202404,KG
Y-GEN-5255,423520.0,202403,TO
Y-GEN-5255,487310.0,202404,TO
Y-GEN-5256,330.12,202403,KG
Y-GEN-5256,385.93,202404,KG
Y-GEN-5257,207.98,202403,KG
Y-GEN-5257,239.52,202404,KG
Y-GEN-5258,363.59,202403,KG
Y-GEN-5258,354.23,202404,KG
Y-GEN-5259,449.73,202403,KG
Y-GEN-5259,473.99,202404,KG
Y-GEN-5260,430.15,202403,KG
Y-GEN-5260,521.77,202404,KG
Y-GEN-5261,199.38,202403,KG
Y-GEN-5261,222.93,202404,KG
Y-GEN-5262,302.56,202403,KG
Y-GEN-5262,343.7,202404,KG
Y-GEN-5263,428.16,202403,KG
Y-GEN-5263,527.5,202404,KG
Y-GEN-5264,258.33,202403,KG
Y-GEN-5264,246.0,202404,KG
Y-GEN-5265,138.67,202403,KG
Y-GEN-5265,176.27,202404,KG
Y-GEN-5266,325.58,202403,KG
Y-GEN-5266,404.65,202404,KG
Y-GEN-5267,394.99,202403,KG
Y-GEN-5267,506.63,202404,KG
Y-GEN-5268,427.84,202403,KG
Y-GEN-5268,545.79,202404,KG
Y-GEN-5269,372.14,202403,KG
Y-GEN-5269,431.29,202404,KG
Y-GEN-5270,132.78,202403,KG
Y-GEN-5270,151.86,202404,KG
Y-GEN-5271,335.44,202403,KG
Y-GEN-5271,431.24,202404,KG
Y-GEN-5272,149.6,202403,KG
Y-GEN-5272,174.29,202404,KG
Y-GEN-5273,171.49,202403,KG
Y-GEN-5273,221.03,202404,KG
Y-GEN-5274,233.88,202403,KG
Y-GEN-5274,298.03,202404,KG
Y-GEN-5275,170.2,202403,KG
Y-GEN-5275,209.47,202404,KG
Y-GEN-5276,291.46,202403,KG
Y-GEN-5276,281.7,202404,KG
Y-GEN-5277,374.43,202403,KG
Y-GEN-5277,442.13,202404,KG
Y-GEN-5278,252.85,202403,KG
Y-GEN-5278,274.46,202404,KG
Y-GEN-5279,127.63,202403,KG
Y-GEN-5279,155.12,202404,KG
Y-GEN-5280,162.8,202403,KG
Y-GEN-5280,205.96,202404,KG
Y-GEN-5281,344.53,202403,KG
Y-GEN-5281,350.97,202404,KG
Y-GEN-5282,290.78,202403,KG
Y-GEN-5282,325.56,202404,KG
Y-GEN-5283,255.48,202403,KG
Y-GEN-5283,307.51,202404,KG
Y-GEN-5284,234.34,202403,KG
Y-GEN-5284,284.52,202404,KG
Y-GEN-5285,122.65,202403,KG
Y-GEN-5285,127.0,202404,KG
Y-GEN-5286,191.01,202403,KG
Y-GEN-5286,222.24,202404,KG
Y-GEN-5287,418.66,202403,KG
Y-GEN-5287,532.38,202404,KG
Y-GEN-5288,344.43,202403,KG
Y-GEN-5288,337.26,202404,KG
Y-GEN-5289,442.81,202403,KG
Y-GEN-5289,487.34,202404,KG
Y-GEN-5290,310.88,202403,KG
Y-GEN-5290,346.45,202404,KG
Y-GEN-5291,390.65,202403,KG
Y-GEN-5291,411.85,202404,KG
Y-GEN-5292,259080.0,202403,TO
Y-GEN-5292,270600.0,202404,TO
Y-GEN-5293,346.95,202403,KG
Y-GEN-5293,415.74,202404,KG
Y-GEN-5294,282.91,202403,KG
Y-GEN-5294,286.79,202404,KG
Y-GEN-5295,135.48,202403,KG
Y-GEN-5295,150.85,202404,KG
Y-GEN-5296,289.11,202403,KG
Y-GEN-5296,367.27,202404,KG
Y-GEN-5297,181.83,202403,KG
Y-GEN-5297,233.28,202404,KG
Y-GEN-5298,349.83,202403,KG
Y-GEN-5298,422.68,202404,KG
Y-GEN-5299,306.96,202403,KG
Y-GEN-5299,296.54,202404,KG
Y-GEN-5300,376.8,202403,KG
Y-GEN-5300,477.12,202404,KG
Y-GEN-5301,296.58,202403,KG
Y-GEN-5301,381.7,202404,KG
Y-GEN-5302,288.69,202403,KG
Y-GEN-5302,341.93,202404,KG
Y-GEN-5303,310.72,202403,KG
Y-GEN-5303,319.71,202404,KG
Y-GEN-5304,271.14,202403,KG
Y-GEN-5304,299.97,202404,KG
Y-GEN-5305,422.2,202403,KG
Y-GEN-5305,493.31,202404,KG
Y-GEN-5306,128.41,202403,KG
Y-GEN-5306,162.0,202404,KG
Y-GEN-5307,377.8,202403,KG
Y-GEN-5307,403.8,202404,KG
Y-GEN-5308,143.72,202403,KG
Y-GEN-5308,172.32,202404,KG
Y-GEN-5309,296.87,202403,KG
Y-GEN-5309,356.17,202404,KG
Y-GEN-5310,280.65,202403,KG
Y-GEN-5310,350.65,202404,KG
Y-GEN-5311,318.18,202403,KG
Y-GEN-5311,396.02,202404,KG
Y-GEN-5312,261.62,202403,KG
Y-GEN-5312,254.11,202404,KG
Y-GEN-5313,243.75,202403,KG
Y-GEN-5313,309.5,202404,KG
Y-GEN-5314,166.07,202403,KG
Y-GEN-5314,161.91,202404,KG
Y-GEN-5315,289.27,202403,KG
Y-GEN-5315,340.48,202404,KG
Y-GEN-5316,321.84,202403,KG
Y-GEN-5316,396.54,202404,KG
Y-GEN-5317,235.53,202403,KG
Y-GEN-5317,225.2,202404,KG
Y-GEN-5318,275.34,202403,KG
Y-GEN-5318,313.58,202404,KG
Y-GEN-5319,194.98,202403,KG
Y-GEN-5319,224.28,202404,KG
Y-GEN-5320,391.84,202403,KG
Y-GEN-5320,462.09,202404,KG
Y-GEN-5321,337.89,202403,KG
Y-GEN-5321,437.44,202404,KG
Y-GEN-5322,368.71,202403,KG
Y-GEN-5322,428.51,202404,KG
Y-GEN-5323,427.65,202403,KG
Y-GEN-5323,421.47,202404,KG
Y-GEN-5324,146.3,202403,KG
Y-GEN-5324,170.37,202404,KG
Y-GEN-5325,355.62,202403,KG
Y-GEN-5325,450.51,202404,KG
Y-GEN-5326,414.67,202403,KG
Y-GEN-5326,425.0,202404,KG
Y-GEN-5327,440.11,202403,KG
Y-GEN-5327,547.32,202404,KG
Y-GEN-5328,175.85,202403,KG
Y-GEN-5328,214.38,202404,KG
Y-GEN-5329,170960.0,202403,TO
Y-GEN-5329,194120.0,202404,TO
Y-GEN-5330,277.98,202403,KG
Y-GEN-5330,352.55,202404,KG
Y-GEN-5331,131.64,202403,KG
Y-GEN-5331,139.84,202404,KG
Y-GEN-5332,322.28,202403,KG
Y-GEN-5332,331.22,202404,KG
Y-GEN-5333,365.25,202403,KG
Y-GEN-5333,463.86,202404,KG
Y-GEN-5334,267.72,202403,KG
Y-GEN-5334,295.74,202404,KG
Y-GEN-5335,438.42,202403,KG
Y-GEN-5335,433.37,202404,KG
Y-GEN-5336,295.59,202403,KG
Y-GEN-5336,337.75,202404,KG
Y-GEN-5337,200.79,202403,KG
Y-GEN-5337,216.85,202404,KG
Y-GEN-5338,232.37,202403,KG
Y-GEN-5338,291.95,202404,KG
Y-GEN-5339,153.18,202403,KG
Y-GEN-5339,146.02,202404,KG
Y-GEN-5340,152.31,202403,KG
Y-GEN-5340,194.73,202404,KG
Y-GEN-5341,319.85,202403,KG
Y-GEN-5341,347.5,202404,KG
Y-GEN-5342,171.54,202403,KG
Y-GEN-5342,218.45,202404,KG
Y-GEN-5343,384.59,202403,KG
Y-GEN-5343,392.89,202404,KG
Y-GEN-5344,178.07,202403,KG
Y-GEN-5344,202.29,202404,KG
Y-GEN-5345,159.57,202403,KG
Y-GEN-5345,171.79,202404,KG
Y-GEN-5346,205.52,202403,KG
Y-GEN-5346,204.75,202404,KG
Y-GEN-5347,202.86,202403,KG
Y-GEN-5347,203.18,202404,KG
Y-GEN-5348,210.77,202403,KG
Y-GEN-5348,268.18,202404,KG
Y-GEN-5349,172.62,202403,KG
Y-GEN-5349,201.43,202404,KG
Y-GEN-5350,292.72,202403,KG
Y-GEN-5350,357.55,202404,KG
Y-GEN-5351,441.25,202403,KG
Y-GEN-5351,484.92,202404,KG
Y-GEN-5352,229.14,202403,KG
Y-GEN-5352,236.43,202404,KG
Y-GEN-5353,220.88,202403,KG
Y-GEN-5353,237.68,202404,KG
Y-GEN-5354,437.68,202403,KG
Y-GEN-5354,484.62,202404,KG
Y-GEN-5355,437.6,202403,KG
Y-GEN-5355,532.33,202404,KG
Y-GEN-5356,422.17,202403,KG
Y-GEN-5356,513.4,202404,KG
Y-GEN-5357,155.27,202403,KG
Y-GEN-5357,172.73,202404,KG
Y-GEN-5358,230.03,202403,KG
Y-GEN-5358,254.42,202404,KG
Y-GEN-5359,297.06,202403,KG
Y-GEN-5359,370.09,202404,KG
Y-GEN-5360,420.42,202403,KG
Y-GEN-5360,533.25,202404,KG
Y-GEN-5361,242.4,202403,KG
Y-GEN-5361,250.17,202404,KG
Y-GEN-5362,165.83,202403,KG
Y-GEN-5362,201.97,202404,KG
Y-GEN-5363,417.0,202403,KG
Y-GEN-5363,411.11,202404,KG
Y-GEN-5364,321.36,202403,KG
Y-GEN-5364,319.11,202404,KG
Y-GEN-5365,152.45,202403,KG
Y-GEN-5365,181.92,202404,KG
Y-GEN-5366,208940.0,202403,TO
Y-GEN-5366,257410.0,202404,TO
Y-GEN-5367,435.06,202403,KG
Y-GEN-5367,494.18,202404,KG
Y-GEN-5368,265.35,202403,KG
Y-GEN-5368,313.08,202404,KG
Y-GEN-5369,280.46,202403,KG
Y-GEN-5369,317.92,202404,KG
Y-GEN-5370,222.79,202403,KG
Y-GEN-5370,276.6,202404,KG
Y-GEN-5371,281.03,202403,KG
Y-GEN-5371,292.87,202404,KG
Y-GEN-5372,398.7,202403,KG
Y-GEN-5372,380.07,202404,KG
Y-GEN-5373,245.38,202403,KG
Y-GEN-5373,318.35,202404,KG
Y-GEN-5374,191.43,202403,KG
Y-GEN-5374,238.33,202404,KG
Y-GEN-5375,245.3,202403,KG
Y-GEN-5375,287.26,202404,KG
Y-GEN-5376,397.25,202403,KG
Y-GEN-5376,514.79,202404,KG
Y-GEN-5377,128.25,202403,KG
Y-GEN-5377,128.71,202404,KG
Y-GEN-5378,180.23,202403,KG
Y-GEN-5378,226.36,202404,KG
Y-GEN-5379,156.11,202403,KG
Y-GEN-5379,196.44,202404,KG
Y-GEN-5380,125.07,202403,KG
Y-GEN-5380,162.07,202404,KG
Y-GEN-5381,373.92,202403,KG
Y-GEN-5381,471.17,202404,KG
Y-GEN-5382,217.41,202403,KG
Y-GEN-5382,255.81,202404,KG
Y-GEN-5383,288.49,202403,KG
Y-GEN-5383,339.3,202404,KG
Y-GEN-5384,329.74,202403,KG
Y-GEN-5384,347.53,202404,KG
Y-GEN-5385,255.16,202403,KG
Y-GEN-5385,274.46,202404,KG
Y-GEN-5386,384.17,202403,KG
Y-GEN-5386,495.29,202404,KG
Y-GEN-5387,381.13,202403,KG
Y-GEN-5387,476.99,202404,KG
Y-GEN-5388,279.78,202403,KG
Y-GEN-5388,317.16,202404,KG
Y-GEN-5389,429.47,202403,KG
Y-GEN-5389,450.39,202404,KG
Y-GEN-5390,388.5,202403,KG
Y-GEN-5390,473.52,202404,KG
Y-GEN-5391,360.87,202403,KG
Y-GEN-5391,400.55,202404,KG
Y-GEN-5392,278.11,202403,KG
Y-GEN-5392,297.69,202404,KG
Y-GEN-5393,305.01,202403,KG
Y-GEN-5393,338.55,202404,KG
Y-GEN-5394,332.69,202403,KG
Y-GEN-5394,353.24,202404,KG
Y-GEN-5395,247.33,202403,KG
Y-GEN-5395,301.48,202404,KG
Y-GEN-5396,247.51,202403,KG
Y-GEN-5396,304.57,202404,KG
Y-GEN-5397,394.06,202403,KG
Y-GEN-5397,416.19,202404,KG
Y-GEN-5398,397.48,202403,KG
Y-GEN-5398,447.1,202404,KG
Y-GEN-5399,305.74,202403,KG
Y-GEN-5399,338.3,202404,KG
Y-GEN-5400,185.88,202403,KG
Y-GEN-5400,226.62,202404,KG
Y-GEN-5401,147.26,202403,KG
Y-GEN-5401,162.58,202404,KG
Y-GEN-5402,233.93,202403,KG
Y-GEN-5402,258.96,202404,KG
Y-GEN-5403,409280.0,202403,TO
Y-GEN-5403,424520.0,202404,TO
Y-GEN-5404,432.43,202403,KG
Y-GEN-5404,518.77,202404,KG
Y-GEN-5405,393.99,202403,KG
Y-GEN-5405,401.89,202404,KG
Y-GEN-5406,394.1,202403,KG
Y-GEN-5406,489.8,202404,KG
Y-GEN-5407,209.32,202403,KG
Y-GEN-5407,261.82,202404,KG
Y-GEN-5408,399.75,202403,KG
Y-GEN-5408,473.7,202404,KG
Y-GEN-5409,408.29,202403,KG
Y-GEN-5409,418.24,202404,KG
Y-GEN-5410,203.68,202403,KG
Y-GEN-5410,253.0,202404,KG
Y-GEN-5411,191.7,202403,KG
Y-GEN-5411,220.94,202404,KG
Y-GEN-5412,307.42,202403,KG
Y-GEN-5412,382.76,202404,KG
Y-GEN-5413,147.94,202403,KG
Y-GEN-5413,174.77,202404,KG
Y-GEN-5414,293.7,202403,KG
Y-GEN-5414,358.16,202404,KG
Y-GEN-5415,418.44,202403,KG
Y-GEN-5415,494.27,202404,KG
Y-GEN-5416,273.66,202403,KG
Y-GEN-5416,317.76,202404,KG
Y-GEN-5417,364.54,202403,KG
Y-GEN-5417,375.91,202404,KG
Y-GEN-5418,265.83,202403,KG
Y-GEN-5418,287.04,202404,KG
Y-GEN-5419,206.25,202403,KG
Y-GEN-5419,220.02,202404,KG
Y-GEN-5420,358.81,202403,KG
Y-GEN-5420,438.92,202404,KG
Y-GEN-5421,330.92,202403,KG
Y-GEN-5421,349.69,202404,KG
Y-GEN-5422,385.58,202403,KG
Y-GEN-5422,382.89,202404,KG
Y-GEN-5423,401.13,202403,KG
Y-GEN-5423,450.59,202404,KG
Y-GEN-5424,414.98,202403,KG
Y-GEN-5424,398.72,202404,KG
Y-GEN-5425,342.25,202403,KG
Y-GEN-5425,402.57,202404,KG
Y-GEN-5426,361.52,202403,KG
Y-GEN-5426,355.9,202404,KG
Y-GEN-5427,447.55,202403,KG
Y-GEN-5427,519.16,202404,KG
Y-GEN-5428,371.03,202403,KG
Y-GEN-5428,463.26,202404,KG
Y-GEN-5429,143.72,202403,KG
Y-GEN-5429,164.17,202404,KG
Y-GEN-5430,279.33,202403,KG
Y-GEN-5430,340.01,202404,KG
Y-GEN-5431,144.07,202403,KG
Y-GEN-5431,173.45,202404,KG
Y-GEN-5432,225.51,202403,KG
Y-GEN-5432,221.07,202404,KG
Y-GEN-5433,208.02,202403,KG
Y-GEN-5433,255.08,202404,KG
Y-GEN-5434,267.54,202403,KG
Y-GEN-5434,284.72,202404,KG
Y-GEN-5435,410.33,202403,KG
Y-GEN-5435,472.01,202404,KG
Y-GEN-5436,360.02,202403,KG
Y-GEN-5436,459.47,202404,KG
Y-GEN-5437,322.11,202403,KG
Y-GEN-5437,391.32,202404,KG
Y-GEN-5438,245.01,202403,KG
Y-GEN-5438,306.67,202404,KG
Y-GEN-5439,365.31,202403,KG
Y-GEN-5439,438.68,202404,KG
Y-GEN-5440,127130.0,202403,TO
Y-GEN-5440,145990.0,202404,TO
Y-GEN-5441,349.99,202403,KG
Y-GEN-5441,453.6,202404,KG
Y-GEN-5442,281.09,202403,KG
Y-GEN-5442,292.78,202404,KG
Y-GEN-5443,435.82,202403,KG
Y-GEN-5443,468.19,202404,KG
Y-GEN-5444,363.08,202403,KG
Y-GEN-5444,435.19,202404,KG
Y-GEN-5445,410.82,202403,KG
Y-GEN-5445,414.33,202404,KG
Y-GEN-5446,285.09,202403,KG
Y-GEN-5446,368.27,202404,KG
Y-GEN-5447,218.33,202403,KG
Y-GEN-5447,263.34,202404,KG
Y-GEN-5448,360.51,202403,KG
Y-GEN-5448,413.23,202404,KG
Y-GEN-5449,159.32,202403,KG
Y-GEN-5449,203.36,202404,KG
Y-GEN-5450,308.86,202403,KG
Y-GEN-5450,393.24,202404,KG
Y-GEN-5451,368.84,202403,KG
Y-GEN-5451,393.5,202404,KG
Y-GEN-5452,417.73,202403,KG
Y-GEN-5452,398.7,202404,KG
Y-GEN-5453,281.91,202403,KG
Y-GEN-5453,279.95,202404,KG
Y-GEN-5454,262.77,202403,KG
Y-GEN-5454,293.3,202404,KG
Y-GEN-5455,121.45,202403,KG
Y-GEN-5455,130.62,202404,KG
Y-GEN-5456,444.14,202403,KG
Y-GEN-5456,481.99,202404,KG
Y-GEN-5457,244.91,202403,KG
Y-GEN-5457,252.0,202404,KG
Y-GEN-5458,330.79,202403,KG
Y-GEN-5458,345.22,202404,KG
Y-GEN-5459,431.3,202403,KG
Y-GEN-5459,423.1,202404,KG
Y-GEN-5460,386.95,202403,KG
Y-GEN-5460,458.44,202404,KG
Y-GEN-5461,147.49,202403,KG
Y-GEN-5461,154.27,202404,KG
Y-GEN-5462,339.98,202403,KG
Y-GEN-5462,377.97,202404,KG
Y-GEN-5463,187.45,202403,KG
Y-GEN-5463,224.08,202404,KG
Y-GEN-5464,205.53,202403,KG
Y-GEN-5464,204.48,202404,KG
Y-GEN-5465,443.91,202403,KG
Y-GEN-5465,561.03,202404,KG
Y-GEN-5466,412.32,202403,KG
Y-GEN-5466,500.11,202404,KG
Y-GEN-5467,208.67,202403,KG
Y-GEN-5467,236.19,202404,KG
Y-GEN-5468,429.31,202403,KG
Y-GEN-5468,410.56,202404,KG
Y-GEN-5469,409.11,202403,KG
Y-GEN-5469,485.96,202404,KG
Y-GEN-5470,251.58,202403,KG
Y-GEN-5470,287.65,202404,KG
Y-GEN-5471,348.33,202403,KG
Y-GEN-5471,388.63,202404,KG
Y-GEN-5472,411.05,202403,KG
Y-GEN-5472,458.97,202404,KG
Y-GEN-5473,305.24,202403,KG
Y-GEN-5473,330.66,202404,KG
Y-GEN-5474,153.65,202403,KG
Y-GEN-5474,176.9,202404,KG
Y-GEN-5475,429.78,202403,KG
Y-GEN-5475,505.29,202404,KG
Y-GEN-5476,426.21,202403,KG
Y-GEN-5476,520.58,202404,KG
Y-GEN-5477,449280.0,202403,TO
Y-GEN-5477,483850.0,202404,TO
Y-GEN-5478,344.52,202403,KG
Y-GEN-5478,425.69,202404,KG
Y-GEN-5479,346.33,202403,KG
Y-GEN-5479,330.31,202404,KG
Y-GEN-5480,431.59,202403,KG
Y-GEN-5480,524.86,202404,KG
Y-GEN-5481,228.55,202403,KG
Y-GEN-5481,224.38,202404,KG
Y-GEN-5482,270.9,202403,KG
Y-GEN-5482,339.34,202404,KG
Y-GEN-5483,402.61,202403,KG
Y-GEN-5483,444.64,202404,KG
Y-GEN-5484,271.06,202403,KG
Y-GEN-5484,344.48,202404,KG
Y-GEN-5485,142.08,202403,KG
Y-GEN-5485,174.87,202404,KG
Y-GEN-5486,371.11,202403,KG
Y-GEN-5486,435.98,202404,KG
Y-GEN-5487,178.82,202403,KG
Y-GEN-5487,212.16,202404,KG
Y-GEN-5488,120.69,202403,KG
Y-GEN-5488,114.85,202404,KG
Y-GEN-5489,387.36,202403,KG
Y-GEN-5489,475.93,202404,KG
Y-GEN-5490,308.42,202403,KG
Y-GEN-5490,352.97,202404,KG
Y-GEN-5491,146.99,202403,KG
Y-GEN-5491,148.76,202404,KG
Y-GEN-5492,317.1,202403,KG
Y-GEN-5492,322.29,202404,KG
Y-GEN-5493,175.76,202403,KG
Y-GEN-5493,192.93,202404,KG
Y-GEN-5494,389.48,202403,KG
Y-GEN-5494,412.63,202404,KG
Y-GEN-5495,351.82,202403,KG
Y-GEN-5495,362.76,202404,KG
Y-GEN-5496,378.16,202403,KG
Y-GEN-5496,471.29,202404,KG
Y-GEN-5497,285.92,202403,KG
Y-GEN-5497,362.32,202404,KG
Y-GEN-5498,419.41,202403,KG
Y-GEN-5498,534.16,202404,KG
Y-GEN-5499,124.9,202403,KG
Y-GEN-5499,151.15,202404,KG
Y-GEN-5500,164.07,202403,KG
Y-GEN-5500,163.95,202404,KG
Y-GEN-5501,329.1,202403,KG
Y-GEN-5501,343.18,202404,KG
Y-GEN-5502,204.43,202403,KG
Y-GEN-5502,223.71,202404,KG
Y-GEN-5503,383.93,202403,KG
Y-GEN-5503,470.02,202404,KG
Y-GEN-5504,222.76,202403,KG
Y-GEN-5504,268.92,202404,KG
Y-GEN-5505,375.13,202403,KG
Y-GEN-5505,442.77,202404,KG
Y-GEN-5506,245.92,202403,KG
Y-GEN-5506,290.07,202404,KG
Y-GEN-5507,208.37,202403,KG
Y-GEN-5507,239.41,202404,KG
Y-GEN-5508,287.03,202403,KG
Y-GEN-5508,348.8,202404,KG
Y-GEN-5509,129.69,202403,KG
Y-GEN-5509,135.67,202404,KG
Y-GEN-5510,191.1,202403,KG
Y-GEN-5510,220.83,202404,KG
Y-GEN-5511,158.81,202403,KG
Y-GEN-5511,167.27,202404,KG
Y-GEN-5512,236.75,202403,KG
Y-GEN-5512,282.53,202404,KG
Y-GEN-5513,162.74,202403,KG
Y-GEN-5513,210.22,202404,KG
Y-GEN-5514,312240.0,202403,TO
Y-GEN-5514,325640.0,202404,TO
Y-GEN-5515,364.24,202403,KG
Y-GEN-5515,407.74,202404,KG
Y-GEN-5516,422.88,202403,KG
Y-GEN-5516,489.32,202404,KG
Y-GEN-5517,152.08,202403,KG
Y-GEN-5517,192.42,202404,KG
Y-GEN-5518,370.67,202403,KG
Y-GEN-5518,409.24,202404,KG
Y-GEN-5519,388.13,202403,KG
Y-GEN-5519,400.97,202404,KG
Y-GEN-5520,248.94,202403,KG
Y-GEN-5520,315.99,202404,KG
Y-GEN-5521,184.08,202403,KG
Y-GEN-5521,208.2,202404,KG
Y-GEN-5522,161.94,202403,KG
Y-GEN-5522,178.5,202404,KG
Y-GEN-5523,360.69,202403,KG
Y-GEN-5523,432.06,202404,KG
Y-GEN-5524,358.7,202403,KG
Y-GEN-5524,357.01,202404,KG
Y-GEN-5525,391.58,202403,KG
Y-GEN-5525,497.91,202404,KG
Y-GEN-5526,422.82,202403,KG
Y-GEN-5526,442.82,202404,KG
Y-GEN-5527,440.26,202403,KG
Y-GEN-5527,476.95,202404,KG
Y-GEN-5528,253.82,202403,KG
Y-GEN-5528,283.31,202404,KG
Y-GEN-5529,434.48,202403,KG
Y-GEN-5529,555.31,202404,KG
Y-GEN-5530,345.53,202403,KG
Y-GEN-5530,395.14,202404,KG
Y-GEN-5531,123.95,202403,KG
Y-GEN-5531,136.67,202404,KG
Y-GEN-5532,122.71,202403,KG
Y-GEN-5532,132.94,202404,KG
Y-GEN-5533,161.17,202403,KG
Y-GEN-5533,191.77,202404,KG
Y-GEN-5534,228.88,202403,KG
Y-GEN-5534,232.32,202404,KG
Y-GEN-5535,318.02,202403,KG
Y-GEN-5535,318.52,202404,KG
Y-GEN-5536,193.69,202403,KG
Y-GEN-5536,221.88,202404,KG
Y-GEN-5537,361.37,202403,KG
Y-GEN-5537,374.47,202404,KG
Y-GEN-5538,168.86,202403,KG
Y-GEN-5538,210.91,202404,KG
Y-GEN-5539,360.42,202403,KG
Y-GEN-5539,465.99,202404,KG
Y-GEN-5540,396.29,202403,KG
Y-GEN-5540,507.92,202404,KG
Y-GEN-5541,361.41,202403,KG
Y-GEN-5541,367.86,202404,KG
Y-GEN-5542,264.58,202403,KG
Y-GEN-5542,331.41,202404,KG
Y-GEN-5543,302.72,202403,KG
Y-GEN-5543,350.28,202404,KG
Y-GEN-5544,379.89,202403,KG
Y-GEN-5544,449.35,202404,KG
Y-GEN-5545,286.13,202403,KG
Y-GEN-5545,342.86,202404,KG
Y-GEN-5546,189.18,202403,KG
Y-GEN-5546,239.97,202404,KG
Y-GEN-5547,305.28,202403,KG
Y-GEN-5547,302.59,202404,KG
Y-GEN-5548,347.33,202403,KG
Y-GEN-5548,375.87,202404,KG
Y-GEN-5549,390.49,202403,KG
Y-GEN-5549,446.31,202404,KG
Y-GEN-5550,153.99,202403,KG
Y-GEN-5550,192.07,202404,KG
Y-GEN-5551,175040.0,202403,TO
Y-GEN-5551,170230.0,202404,TO
Y-GEN-5552,214.08,202403,KG
Y-GEN-5552,230.44,202404,KG
Y-GEN-5553,184.35,202403,KG
Y-GEN-5553,218.52,202404,KG
Y-GEN-5554,312.54,202403,KG
Y-GEN-5554,299.61,202404,KG
Y-GEN-5555,170.38,202403,KG
Y-GEN-5555,174.61,202404,KG
Y-GEN-5556,155.59,202403,KG
Y-GEN-5556,162.99,202404,KG
Y-GEN-5557,397.71,202403,KG
Y-GEN-5557,470.98,202404,KG
Y-GEN-5558,233.62,202403,KG
Y-GEN-5558,295.89,202404,KG
Y-GEN-5559,434.63,202403,KG
Y-GEN-5559,503.05,202404,KG
Y-GEN-5560,374.0,202403,KG
Y-GEN-5560,451.59,202404,KG
Y-GEN-5561,267.96,202403,KG
Y-GEN-5561,303.0,202404,KG
Y-GEN-5562,379.94,202403,KG
Y-GEN-5562,390.26,202404,KG
Y-GEN-5563,216.41,202403,KG
Y-GEN-5563,269.42,202404,KG
Y-GEN-5564,401.74,202403,KG
Y-GEN-5564,439.19,202404,KG
Y-GEN-5565,258.19,202403,KG
Y-GEN-5565,250.37,202404,KG
Y-GEN-5566,403.74,202403,KG
Y-GEN-5566,500.07,202404,KG
Y-GEN-5567,336.46,202403,KG
Y-GEN-5567,432.0,202404,KG
Y-GEN-5568,201.14,202403,KG
Y-GEN-5568,203.34,202404,KG
Y-GEN-5569,294.94,202403,KG
Y-GEN-5569,303.89,202404,KG
Y-GEN-5570,256.26,202403,KG
Y-GEN-5570,291.55,202404,KG
Y-GEN-5571,300.94,202403,KG
Y-GEN-5571,327.13,202404,KG
Y-GEN-5572,348.41,202403,KG
Y-GEN-5572,374.57,202404,KG
Y-GEN-5573,331.39,202403,KG
Y-GEN-5573,326.19,202404,KG
Y-GEN-5574,266.37,202403,KG
Y-GEN-5574,291.5,202404,KG
Y-GEN-5575,215.06,202403,KG
Y-GEN-5575,277.16,202404,KG
Y-GEN-5576,175.73,202403,KG
Y-GEN-5576,209.58,202404,KG
Y-GEN-5577,424.48,202403,KG
Y-GEN-5577,533.39,202404,KG
Y-GEN-5578,231.01,202403,KG
Y-GEN-5578,275.24,202404,KG
Y-GEN-5579,140.35,202403,KG
Y-GEN-5579,146.3,202404,KG
Y-GEN-5580,409.98,202403,KG
Y-GEN-5580,477.33,202404,KG
Y-GEN-5581,299.44,202403,KG
Y-GEN-5581,323.23,202404,KG
Y-GEN-5582,234.81,202403,KG
Y-GEN-5582,227.18,202404,KG
Y-GEN-5583,429.07,202403,KG
Y-GEN-5583,555.77,202404,KG
Y-GEN-5584,325.42,202403,KG
Y-GEN-5584,407.89,202404,KG
Y-GEN-5585,254.88,202403,KG
Y-GEN-5585,274.71,202404,KG
Y-GEN-5586,294.27,202403,KG
Y-GEN-5586,377.21,202404,KG
Y-GEN-5587,280.55,202403,KG
Y-GEN-5587,278.4,202404,KG
Y-GEN-5588,244050.0,202403,TO
Y-GEN-5588,279360.0,202404,TO
Y-GEN-5589,307.76,202403,KG
Y-GEN-5589,352.78,202404,KG
Y-GEN-5590,405.76,202403,KG
Y-GEN-5590,479.47,202404,KG
Y-GEN-5591,303.98,202403,KG
Y-GEN-5591,296.95,202404,KG
Y-GEN-5592,306.24,202403,KG
Y-GEN-5592,391.86,202404,KG
Y-GEN-5593,299.58,202403,KG
Y-GEN-5593,284.94,202404,KG
Y-GEN-5594,268.38,202403,KG
Y-GEN-5594,265.03,202404,KG
Y-GEN-5595,328.7,202403,KG
Y-GEN-5595,387.97,202404,KG
Y-GEN-5596,170.77,202403,KG
Y-GEN-5596,169.14,202404,KG
Y-GEN-5597,235.23,202403,KG
Y-GEN-5597,291.23,202404,KG
Y-GEN-5598,226.01,202403,KG
Y-GEN-5598,258.02,202404,KG
Y-GEN-5599,301.6,202403,KG
Y-GEN-5599,303.07,202404,KG
Y-GEN-5600,422.38,202403,KG
Y-GEN-5600,435.01,202404,KG
Y-GEN-5601,276.1,202403,KG
Y-GEN-5601,272.53,202404,KG
Y-GEN-5602,442.13,202403,KG
Y-GEN-5602,521.9,202404,KG
Y-GEN-5603,358.17,202403,KG
Y-GEN-5603,422.86,202404,KG
Y-GEN-5604,250.36,202403,KG
Y-GEN-5604,244.82,202404,KG
Y-GEN-5605,282.54,202403,KG
Y-GEN-5605,311.19,202404,KG
Y-GEN-5606,419.74,202403,KG
Y-GEN-5606,455.7,202404,KG
Y-GEN-5607,151.73,202403,KG
Y-GEN-5607,171.8,202404,KG
Y-GEN-5608,238.65,202403,KG
Y-GEN-5608,266.47,202404,KG
Y-GEN-5609,386.88,202403,KG
Y-GEN-5609,404.89,202404,KG
Y-GEN-5610,161.0,202403,KG
Y-GEN-5610,201.08,202404,KG
Y-GEN-5611,125.31,202403,KG
Y-GEN-5611,157.34,202404,KG
Y-GEN-5612,278.9,202403,KG
Y-GEN-5612,271.68,202404,KG
Y-GEN-5613,240.63,202403,KG
Y-GEN-5613,301.33,202404,KG
Y-GEN-5614,406.37,202403,KG
Y-GEN-5614,437.18,202404,KG
Y-GEN-5615,421.73,202403,KG
Y-GEN-5615,442.58,202404,KG
Y-GEN-5616,393.85,202403,KG
Y-GEN-5616,418.17,202404,KG
Y-GEN-5617,414.75,202403,KG
Y-GEN-5617,531.69,202404,KG
Y-GEN-5618,446.27,202403,KG
Y-GEN-5618,473.62,202404,KG
Y-GEN-5619,179.1,202403,KG
Y-GEN-5619,213.73,202404,KG
Y-GEN-5620,263.94,202403,KG
Y-GEN-5620,274.26,202404,KG
Y-GEN-5621,142.52,202403,KG
Y-GEN-5621,178.92,202404,KG
Y-GEN-5622,429.64,202403,KG
Y-GEN-5622,476.98,202404,KG
Y-GEN-5623,379.58,202403,KG
Y-GEN-5623,439.56,202404,KG
Y-GEN-5624,143.01,202403,KG
Y-GEN-5624,138.44,202404,KG
Y-GEN-5625,441770.0,202403,TO
Y-GEN-5625,547260.0,202404,TO
Y-GEN-5626,305.06,202403,KG
Y-GEN-5626,319.64,202404,KG
Y-GEN-5627,329.88,202403,KG
Y-GEN-5627,366.74,202404,KG
Y-GEN-5628,426.55,202403,KG
Y-GEN-5628,551.05,202404,KG
Y-GEN-5629,424.56,202403,KG
Y-GEN-5629,485.43,202404,KG
Y-GEN-5630,145.13,202403,KG
Y-GEN-5630,164.57,202404,KG
Y-GEN-5631,130.09,202403,KG
Y-GEN-5631,155.79,202404,KG
Y-GEN-5632,379.29,202403,KG
Y-GEN-5632,438.99,202404,KG
Y-GEN-5633,251.85,202403,KG
Y-GEN-5633,257.35,202404,KG
Y-GEN-5634,383.43,202403,KG
Y-GEN-5634,448.4,202404,KG
Y-GEN-5635,218.26,202403,KG
Y-GEN-5635,227.34,202404,KG
Y-GEN-5636,229.44,202403,KG
Y-GEN-5636,230.04,202404,KG
Y-GEN-5637,171.9,202403,KG
Y-GEN-5637,168.52,202404,KG
Y-GEN-5638,282.84,202403,KG
Y-GEN-5638,334.2,202404,KG
Y-GEN-5639,205.36,202403,KG
Y-GEN-5639,201.49,202404,KG
Y-GEN-5640,148.42,202403,KG
Y-GEN-5640,189.84,202404,KG
Y-GEN-5641,255.81,202403,KG
Y-GEN-5641,318.68,202404,KG
Y-GEN-5642,368.98,202403,KG
Y-GEN-5642,413.59,202404,KG
Y-GEN-5643,445.48,202403,KG
Y-GEN-5643,512.0,202404,KG
Y-GEN-5644,418.69,202403,KG
Y-GEN-5644,536.34,202404,KG
Y-GEN-5645,148.06,202403,KG
Y-GEN-5645,151.32,202404,KG
Y-GEN-5646,363.37,202403,KG
Y-GEN-5646,370.73,202404,KG
Y-GEN-5647,336.78,202403,KG
Y-GEN-5647,425.42,202404,KG
Y-GEN-5648,357.57,202403,KG
Y-GEN-5648,460.9,202404,KG
Y-GEN-5649,330.69,202403,KG
Y-GEN-5649,421.54,202404,KG
Y-GEN-5650,245.26,202403,KG
Y-GEN-5650,237.52,202404,KG
Y-GEN-5651,319.6,202403,KG
Y-GEN-5651,408.26,202404,KG
Y-GEN-5652,383.8,202403,KG
Y-GEN-5652,395.57,202404,KG
Y-GEN-5653,274.29,202403,KG
Y-GEN-5653,272.63,202404,KG
Y-GEN-5654,349.82,202403,KG
Y-GEN-5654,378.14,202404,KG
Y-GEN-5655,141.84,202403,KG
Y-GEN-5655,170.51,202404,KG
Y-GEN-5656,168.39,202403,KG
Y-GEN-5656,209.84,202404,KG
Y-GEN-5657,228.56,202403,KG
Y-GEN-5657,252.33,202404,KG
Y-GEN-5658,141.12,202403,KG
Y-GEN-5658,181.77,202404,KG
Y-GEN-5659,315.47,202403,KG
Y-GEN-5659,344.04,202404,KG
Y-GEN-5660,237.45,202403,KG
Y-GEN-5660,237.82,202404,KG
Y-GEN-5661,297.35,202403,KG
Y-GEN-5661,301.05,202404,KG
Y-GEN-5662,268090.0,202403,TO
Y-GEN-5662,295360.0,202404,TO
Y-GEN-5663,380.81,202403,KG
Y-GEN-5663,379.68,202404,KG
Y-GEN-5664,143.93,202403,KG
Y-GEN-5664,138.24,202404,KG
Y-GEN-5665,341.28,202403,KG
Y-GEN-5665,335.44,202404,KG
Y-GEN-5666,299.55,202403,KG
Y-GEN-5666,340.15,202404,KG
Y-GEN-5667,306.71,202403,KG
Y-GEN-5667,320.79,202404,KG
Y-GEN-5668,352.04,202403,KG
Y-GEN-5668,434.37,202404,KG
Y-GEN-5669,268.6,202403,KG
Y-GEN-5669,307.91,202404,KG
Y-GEN-5670,173.58,202403,KG
Y-GEN-5670,195.65,202404,KG
Y-GEN-5671,397.15,202403,KG
Y-GEN-5671,380.63,202404,KG
Y-GEN-5672,155.98,202403,KG
Y-GEN-5672,183.14,202404,KG
Y-GEN-5673,198.73,202403,KG
Y-GEN-5673,216.12,202404,KG
Y-GEN-5674,176.5,202403,KG
Y-GEN-5674,203.1,202404,KG
Y-GEN-5675,255.05,202403,KG
Y-GEN-5675,322.44,202404,KG
Y-GEN-5676,259.43,202403,KG
Y-GEN-5676,307.3,202404,KG
Y-GEN-5677,261.29,202403,KG
Y-GEN-5677,333.52,202404,KG
Y-GEN-5678,391.94,202403,KG
Y-GEN-5678,372.86,202404,KG
Y-GEN-5679,376.12,202403,KG
Y-GEN-5679,468.41,202404,KG
Y-GEN-5680,339.56,202403,KG
Y-GEN-5680,434.58,202404,KG
Y-GEN-5681,436.34,202403,KG
Y-GEN-5681,543.26,202404,KG
Y-GEN-5682,235.47,202403,KG
Y-GEN-5682,286.65,202404,KG
Y-GEN-5683,410.32,202403,KG
Y-GEN-5683,398.76,202404,KG
Y-GEN-5684,158.55,202403,KG
Y-GEN-5684,200.58,202404,KG
Y-GEN-5685,243.74,202403,KG
Y-GEN-5685,263.84,202404,KG
Y-GEN-5686,285.49,202403,KG
Y-GEN-5686,352.47,202404,KG
Y-GEN-5687,177.92,202403,KG
Y-GEN-5687,188.2,202404,KG
Y-GEN-5688,445.34,202403,KG
Y-GEN-5688,493.57,202404,KG
Y-GEN-5689,290.14,202403,KG
Y-GEN-5689,284.78,202404,KG
Y-GEN-5690,337.75,202403,KG
Y-GEN-5690,358.29,202404,KG
Y-GEN-5691,151.06,202403,KG
Y-GEN-5691,146.94,202404,KG
Y-GEN-5692,126.33,202403,KG
Y-GEN-5692,150.75,202404,KG
Y-GEN-5693,181.55,202403,KG
Y-GEN-5693,197.16,202404,KG
Y-GEN-5694,225.96,202403,KG
Y-GEN-5694,272.81,202404,KG
Y-GEN-5695,239.45,202403,KG
Y-GEN-5695,257.52,202404,KG
Y-GEN-5696,419.74,202403,KG
Y-GEN-5696,460.93,202404,KG
Y-GEN-5697,131.81,202403,KG
Y-GEN-5697,150.6,202404,KG
Y-GEN-5698,176.34,202403,KG
Y-GEN-5698,202.71,202404,KG
Y-GEN-5699,207400.0,202403,TO
Y-GEN-5699,249180.0,202404,TO
Y-GEN-5700,392.6,202403,KG
Y-GEN-5700,467.36,202404,KG
Y-GEN-5701,329.31,202403,KG
Y-GEN-5701,395.51,202404,KG
Y-GEN-5702,295.12,202403,KG
Y-GEN-5702,302.24,202404,KG
Y-GEN-5703,123.85,202403,KG
Y-GEN-5703,154.13,202404,KG
Y-GEN-5704,409.9,202403,KG
Y-GEN-5704,529.77,202404,KG
Y-GEN-5705,273.53,202403,KG
Y-GEN-5705,327.7,202404,KG
Y-GEN-5706,391.45,202403,KG
Y-GEN-5706,434.21,202404,KG
Y-GEN-5707,361.6,202403,KG
Y-GEN-5707,451.58,202404,KG
Y-GEN-5708,408.99,202403,KG
Y-GEN-5708,446.13,202404,KG
Y-GEN-5709,214.7,202403,KG
Y-GEN-5709,208.74,202404,KG
Y-GEN-5710,179.21,202403,KG
Y-GEN-5710,221.9,202404,KG
Y-GEN-5711,332.42,202403,KG
Y-GEN-5711,358.16,202404,KG
Y-GEN-5712,409.05,202403,KG
Y-GEN-5712,395.73,202404,KG
Y-GEN-5713,430.05,202403,KG
Y-GEN-5713,554.79,202404,KG
Y-GEN-5714,314.76,202403,KG
Y-GEN-5714,314.51,202404,KG
Y-GEN-5715,148.92,202403,KG
Y-GEN-5715,163.32,202404,KG
Y-GEN-5716,366.35,202403,KG
Y-GEN-5716,471.62,202404,KG
Y-GEN-5717,296.59,202403,KG
Y-GEN-5717,371.3,202404,KG
Y-GEN-5718,270.23,202403,KG
Y-GEN-5718,318.3,202404,KG
Y-GEN-5719,181.38,202403,KG
Y-GEN-5719,214.88,202404,KG
Y-GEN-5720,324.46,202403,KG
Y-GEN-5720,350.93,202404,KG
Y-GEN-5721,251.64,202403,KG
Y-GEN-5721,313.31,202404,KG
Y-GEN-5722,143.25,202403,KG
Y-GEN-5722,136.36,202404,KG
Y-GEN-5723,405.8,202403,KG
Y-GEN-5723,395.76,202404,KG
Y-GEN-5724,287.23,202403,KG
Y-GEN-5724,344.04,202404,KG
Y-GEN-5725,209.61,202403,KG
Y-GEN-5725,244.49,202404,KG
Y-GEN-5726,174.55,202403,KG
Y-GEN-5726,206.19,202404,KG
Y-GEN-5727,327.52,202403,KG
Y-GEN-5727,408.7,202404,KG
Y-GEN-5728,433.17,202403,KG
Y-GEN-5728,488.69,202404,KG
Y-GEN-5729,349.13,202403,KG
Y-GEN-5729,436.14,202404,KG
Y-GEN-5730,433.22,202403,KG
Y-GEN-5730,492.39,202404,KG
Y-GEN-5731,404.83,202403,KG
Y-GEN-5731,432.57,202404,KG
Y-GEN-5732,188.5,202403,KG
Y-GEN-5732,211.62,202404,KG
Y-GEN-5733,435.68,202403,KG
Y-GEN-5733,521.16,202404,KG
Y-GEN-5734,225.56,202403,KG
Y-GEN-5734,219.41,202404,KG
Y-GEN-5735,407.05,202403,KG
Y-GEN-5735,527.63,202404,KG
Y-GEN-5736,170290.0,202403,TO
Y-GEN-5736,179330.0,202404,TO
Y-GEN-5737,229.3,202403,KG
Y-GEN-5737,291.76,202404,KG
Y-GEN-5738,246.17,202403,KG
Y-GEN-5738,294.02,202404,KG
Y-GEN-5739,400.09,202403,KG
Y-GEN-5739,448.51,202404,KG
Y-GEN-5740,274.54,202403,KG
Y-GEN-5740,312.81,202404,KG
Y-GEN-5741,275.09,202403,KG
Y-GEN-5741,318.08,202404,KG
Y-GEN-5742,441.71,202403,KG
Y-GEN-5742,555.71,202404,KG
Y-GEN-5743,190.12,202403,KG
Y-GEN-5743,228.97,202404,KG
Y-GEN-5744,427.7,202403,KG
Y-GEN-5744,485.03,202404,KG
Y-GEN-5745,304.51,202403,KG
Y-GEN-5745,350.91,202404,KG
Y-GEN-5746,407.49,202403,KG
Y-GEN-5746,389.82,202404,KG
Y-GEN-5747,152.67,202403,KG
Y-GEN-5747,164.64,202404,KG
Y-GEN-5748,332.8,202403,KG
Y-GEN-5748,401.51,202404,KG
Y-GEN-5749,247.94,202403,KG
Y-GEN-5749,305.55,202404,KG
Y-GEN-5750,343.33,202403,KG
Y-GEN-5750,358.34,202404,KG
Y-GEN-5751,313.64,202403,KG
Y-GEN-5751,360.68,202404,KG
Y-GEN-5752,177.76,202403,KG
Y-GEN-5752,171.48,202404,KG
Y-GEN-5753,317.87,202403,KG
Y-GEN-5753,403.15,202404,KG
Y-GEN-5754,316.27,202403,KG
Y-GEN-5754,347.65,202404,KG
Y-GEN-5755,226.75,202403,KG
Y-GEN-5755,241.4,202404,KG
Y-GEN-5756,175.55,202403,KG
Y-GEN-5756,189.86,202404,KG
Y-GEN-5757,176.75,202403,KG
Y-GEN-5757,212.01,202404,KG
Y-GEN-5758,432.65,202403,KG
Y-GEN-5758,478.93,202404,KG
Y-GEN-5759,350.9,202403,KG
Y-GEN-5759,437.38,202404,KG
Y-GEN-5760,144.34,202403,KG
Y-GEN-5760,153.13,202404,KG
Y-GEN-5761,439.83,202403,KG
Y-GEN-5761,524.86,202404,KG
Y-GEN-5762,296.76,202403,KG
Y-GEN-5762,341.15,202404,KG
Y-GEN-5763,283.89,202403,KG
Y-GEN-5763,274.26,202404,KG
Y-GEN-5764,399.33,202403,KG
Y-GEN-5764,446.06,202404,KG
Y-GEN-5765,406.92,202403,KG
Y-GEN-5765,405.64,202404,KG
Y-GEN-5766,160.87,202403,KG
Y-GEN-5766,181.22,202404,KG
Y-GEN-5767,426.89,202403,KG
Y-GEN-5767,495.9,202404,KG
Y-GEN-5768,188.17,202403,KG
Y-GEN-5768,241.28,202404,KG
Y-GEN-5769,144.67,202403,KG
Y-GEN-5769,184.57,202404,KG
Y-GEN-5770,221.82,202403,KG
Y-GEN-5770,282.67,202404,KG
Y-GEN-5771,407.9,202403,KG
Y-GEN-5771,486.74,202404,KG
Y-GEN-5772,365.31,202403,KG
Y-GEN-5772,424.5,202404,KG
Y-GEN-5773,274380.0,202403,TO
Y-GEN-5773,298160.0,202404,TO
Y-GEN-5774,337.48,202403,KG
Y-GEN-5774,348.93,202404,KG
Y-GEN-5775,166.43,202403,KG
Y-GEN-5775,201.16,202404,KG
Y-GEN-5776,180.14,202403,KG
Y-GEN-5776,174.23,202404,KG
Y-GEN-5777,415.84,202403,KG
Y-GEN-5777,508.21,202404,KG
Y-GEN-5778,393.64,202403,KG
Y-GEN-5778,460.01,202404,KG
Y-GEN-5779,236.03,202403,KG
Y-GEN-5779,236.59,202404,KG
Y-GEN-5780,334.28,202403,KG
Y-GEN-5780,379.33,202404,KG
Y-GEN-5781,195.63,202403,KG
Y-GEN-5781,236.63,202404,KG
Y-GEN-5782,131.51,202403,KG
Y-GEN-5782,150.76,202404,KG
Y-GEN-5783,377.8,202403,KG
Y-GEN-5783,359.08,202404,KG
Y-GEN-5784,232.89,202403,KG
Y-GEN-5784,240.42,202404,KG
Y-GEN-5785,241.18,202403,KG
Y-GEN-5785,250.16,202404,KG
Y-GEN-5786,221.69,202403,KG
Y-GEN-5786,253.51,202404,KG
Y-GEN-5787,214.08,202403,KG
Y-GEN-5787,273.19,202404,KG
Y-GEN-5788,341.15,202403,KG
Y-GEN-5788,341.59,202404,KG
Y-GEN-5789,219.59,202403,KG
Y-GEN-5789,283.14,202404,KG
Y-GEN-5790,279.4,202403,KG
Y-GEN-5790,314.04,202404,KG
Y-GEN-5791,382.82,202403,KG
Y-GEN-5791,387.33,202404,KG
Y-GEN-5792,289.28,202403,KG
Y-GEN-5792,316.41,202404,KG
Y-GEN-5793,439.63,202403,KG
Y-GEN-5793,473.81,202404,KG
Y-GEN-5794,363.31,202403,KG
Y-GEN-5794,346.96,202404,KG
Y-GEN-5795,238.46,202403,KG
Y-GEN-5795,237.68,202404,KG
Y-GEN-5796,212.3,202403,KG
Y-GEN-5796,268.22,202404,KG
Y-GEN-5797,218.89,202403,KG
Y-GEN-5797,230.55,202404,KG
Y-GEN-5798,335.32,202403,KG
Y-GEN-5798,353.98,202404,KG
Y-GEN-5799,210.85,202403,KG
Y-GEN-5799,219.88,202404,KG
Y-GEN-5800,238.75,202403,KG
Y-GEN-5800,240.0,202404,KG
Y-GEN-5801,195.17,202403,KG
Y-GEN-5801,205.1,202404,KG
Y-GEN-5802,133.84,202403,KG
Y-GEN-5802,143.69,202404,KG
Y-GEN-5803,440.94,202403,KG
Y-GEN-5803,539.8,202404,KG
Y-GEN-5804,201.43,202403,KG
Y-GEN-5804,237.27,202404,KG
Y-GEN-5805,380.5,202403,KG
Y-GEN-5805,411.33,202404,KG
Y-GEN-5806,444.28,202403,KG
Y-GEN-5806,544.86,202404,KG
Y-GEN-5807,296.85,202403,KG
Y-GEN-5807,301.25,202404,KG
Y-GEN-5808,330.62,202403,KG
Y-GEN-5808,388.1,202404,KG
Y-GEN-5809,225.71,202403,KG
Y-GEN-5809,265.71,202404,KG
Y-GEN-5810,219120.0,202403,TO
Y-GEN-5810,234440.0,202404,TO
Y-GEN-5811,414.97,202403,KG
Y-GEN-5811,491.17,202404,KG
Y-GEN-5812,297.66,202403,KG
Y-GEN-5812,369.85,202404,KG
Y-GEN-5813,333.05,202403,KG
Y-GEN-5813,355.26,202404,KG
Y-GEN-5814,181.3,202403,KG
Y-GEN-5814,191.01,202404,KG
Y-GEN-5815,235.43,202403,KG
Y-GEN-5815,281.02,202404,KG
Y-GEN-5816,368.82,202403,KG
Y-GEN-5816,393.48,202404,KG
Y-GEN-5817,402.17,202403,KG
Y-GEN-5817,451.51,202404,KG
Y-GEN-5818,128.02,202403,KG
Y-GEN-5818,129.37,202404,KG
Y-GEN-5819,418.12,202403,KG
Y-GEN-5819,438.68,202404,KG
Y-GEN-5820,136.64,202403,KG
Y-GEN-5820,177.5,202404,KG
Y-GEN-5821,155.37,202403,KG
Y-GEN-5821,188.99,202404,KG
Y-GEN-5822,184.02,202403,KG
Y-GEN-5822,223.71,202404,KG
Y-GEN-5823,224.8,202403,KG
Y-GEN-5823,291.98,202404,KG
Y-GEN-5824,293.57,202403,KG
Y-GEN-5824,279.37,202404,KG
Y-GEN-5825,193.83,202403,KG
Y-GEN-5825,216.51,202404,KG
Y-GEN-5826,434.13,202403,KG
Y-GEN-5826,428.4,202404,KG
Y-GEN-5827,384.01,202403,KG
Y-GEN-5827,434.86,202404,KG
Y-GEN-5828,264.66,202403,KG
Y-GEN-5828,280.24,202404,KG
Y-GEN-5829,145.42,202403,KG
Y-GEN-5829,156.01,202404,KG
Y-GEN-5830,357.93,202403,KG
Y-GEN-5830,385.9,202404,KG
Y-GEN-5831,304.06,202403,KG
Y-GEN-5831,369.65,202404,KG
Y-GEN-5832,303.73,202403,KG
Y-GEN-5832,386.24,202404,KG
Y-GEN-5833,430.6,202403,KG
Y-GEN-5833,551.09,202404,KG
Y-GEN-5834,447.18,202403,KG
Y-GEN-5834,499.24,202404,KG
Y-GEN-5835,296.22,202403,KG
Y-GEN-5835,365.14,202404,KG
Y-GEN-5836,307.04,202403,KG
Y-GEN-5836,332.05,202404,KG
Y-GEN-5837,373.79,202403,KG
Y-GEN-5837,398.75,202404,KG
Y-GEN-5838,166.53,202403,KG
Y-GEN-5838,198.41,202404,KG
Y-GEN-5839,199.4,202403,KG
Y-GEN-5839,228.98,202404,KG
Y-GEN-5840,222.1,202403,KG
Y-GEN-5840,269.21,202404,KG
Y-GEN-5841,430.92,202403,KG
Y-GEN-5841,505.57,202404,KG
Y-GEN-5842,346.61,202403,KG
Y-GEN-5842,412.92,202404,KG
Y-GEN-5843,150.13,202403,KG
Y-GEN-5843,150.95,202404,KG
Y-GEN-5844,400.1,202403,KG
Y-GEN-5844,473.63,202404,KG
Y-GEN-5845,372.05,202403,KG
Y-GEN-5845,402.27,202404,KG
Y-GEN-5846,305.8,202403,KG
Y-GEN-5846,353.76,202404,KG
Y-GEN-5847,222440.0,202403,TO
Y-GEN-5847,238070.0,202404,TO
Y-GEN-5848,247.41,202403,KG
Y-GEN-5848,301.65,202404,KG
Y-GEN-5849,432.73,202403,KG
Y-GEN-5849,455.49,202404,KG
Y-GEN-5850,416.76,202403,KG
Y-GEN-5850,408.29,202404,KG
Y-GEN-5851,154.53,202403,KG
Y-GEN-5851,195.66,202404,KG
Y-GEN-5852,433.6,202403,KG
Y-GEN-5852,449.45,202404,KG
Y-GEN-5853,225.03,202403,KG
Y-GEN-5853,286.96,202404,KG
Y-GEN-5854,155.94,202403,KG
Y-GEN-5854,174.01,202404,KG
Y-GEN-5855,265.86,202403,KG
Y-GEN-5855,337.34,202404,KG
Y-GEN-5856,390.71,202403,KG
Y-GEN-5856,439.0,202404,KG
Y-GEN-5857,408.24,202403,KG
Y-GEN-5857,413.03,202404,KG
Y-GEN-5858,327.57,202403,KG
Y-GEN-5858,330.81,202404,KG
Y-GEN-5859,177.79,202403,KG
Y-GEN-5859,189.56,202404,KG
Y-GEN-5860,376.87,202403,KG
Y-GEN-5860,398.34,202404,KG
Y-GEN-5861,199.94,202403,KG
Y-GEN-5861,232.73,202404,KG
Y-GEN-5862,197.31,202403,KG
Y-GEN-5862,231.78,202404,KG
Y-GEN-5863,445.17,202403,KG
Y-GEN-5863,492.14,202404,KG
Y-GEN-5864,298.01,202403,KG
Y-GEN-5864,369.23,202404,KG
Y-GEN-5865,273.66,202403,KG
Y-GEN-5865,260.3,202404,KG
Y-GEN-5866,331.6,202403,KG
Y-GEN-5866,390.98,202404,KG
Y-GEN-5867,299.63,202403,KG
Y-GEN-5867,375.55,202404,KG
Y-GEN-5868,245.3,202403,KG
Y-GEN-5868,243.91,202404,KG
Y-GEN-5869,359.9,202403,KG
Y-GEN-5869,417.55,202404,KG
Y-GEN-5870,166.57,202403,KG
Y-GEN-5870,183.93,202404,KG
Y-GEN-5871,153.25,202403,KG
Y-GEN-5871,175.44,202404,KG
Y-GEN-5872,231.47,202403,KG
Y-GEN-5872,296.25,202404,KG
Y-GEN-5873,411.51,202403,KG
Y-GEN-5873,412.49,202404,KG
Y-GEN-5874,403.06,202403,KG
Y-GEN-5874,390.48,202404,KG
Y-GEN-5875,236.52,202403,KG
Y-GEN-5875,278.95,202404,KG
Y-GEN-5876,379.24,202403,KG
Y-GEN-5876,452.59,202404,KG
Y-GEN-5877,173.25,202403,KG
Y-GEN-5877,189.15,202404,KG
Y-GEN-5878,263.79,202403,KG
Y-GEN-5878,294.88,202404,KG
Y-GEN-5879,132.27,202403,KG
Y-GEN-5879,163.35,202404,KG
Y-GEN-5880,418.33,202403,KG
Y-GEN-5880,456.07,202404,KG
Y-GEN-5881,383.91,202403,KG
Y-GEN-5881,387.25,202404,KG
Y-GEN-5882,313.58,202403,KG
Y-GEN-5882,337.98,202404,KG
Y-GEN-5883,380.65,202403,KG
Y-GEN-5883,433.11,202404,KG
Y-GEN-5884,385490.0,202403,TO
Y-GEN-5884,446610.0,202404,TO
Y-GEN-5885,140.95,202403,KG
Y-GEN-5885,139.17,202404,KG
Y-GEN-5886,166.36,202403,KG
Y-GEN-5886,162.55,202404,KG
Y-GEN-5887,268.41,202403,KG
Y-GEN-5887,331.11,202404,KG
Y-GEN-5888,407.92,202403,KG
Y-GEN-5888,448.66,202404,KG
Y-GEN-5889,209.25,202403,KG
Y-GEN-5889,263.25,202404,KG
Y-GEN-5890,375.43,202403,KG
Y-GEN-5890,368.31,202404,KG
Y-GEN-5891,346.86,202403,KG
Y-GEN-5891,354.75,202404,KG
Y-GEN-5892,203.79,202403,KG
Y-GEN-5892,223.8,202404,KG
Y-GEN-5893,125.35,202403,KG
Y-GEN-5893,141.93,202404,KG
Y-GEN-5894,307.46,202403,KG
Y-GEN-5894,305.25,202404,KG
Y-GEN-5895,400.02,202403,KG
Y-GEN-5895,449.29,202404,KG
Y-GEN-5896,292.34,202403,KG
Y-GEN-5896,326.67,202404,KG
Y-GEN-5897,295.13,202403,KG
Y-GEN-5897,304.24,202404,KG
Y-GEN-5898,387.04,202403,KG
Y-GEN-5898,476.83,202404,KG
Y-GEN-5899,194.16,202403,KG
Y-GEN-5899,202.44,202404,KG
Y-GEN-5900,320.19,202403,KG
Y-GEN-5900,316.09,202404,KG
Y-GEN-5901,401.22,202403,KG
Y-GEN-5901,387.2,202404,KG
Y-GEN-5902,352.78,202403,KG
Y-GEN-5902,427.41,202404,KG
Y-GEN-5903,344.12,202403,KG
Y-GEN-5903,420.82,202404,KG
Y-GEN-5904,157.33,202403,KG
Y-GEN-5904,196.19,202404,KG
Y-GEN-5905,146.48,202403,KG
Y-GEN-5905,155.19,202404,KG
Y-GEN-5906,130.98,202403,KG
Y-GEN-5906,167.36,202404,KG
Y-GEN-5907,275.47,202403,KG
Y-GEN-5907,288.16,202404,KG
Y-GEN-5908,408.24,202403,KG
Y-GEN-5908,511.2,202404,KG
Y-GEN-5909,325.8,202403,KG
Y-GEN-5909,369.29,202404,KG
Y-GEN-5910,240.38,202403,KG
Y-GEN-5910,307.54,202404,KG
Y-GEN-5911,196.81,202403,KG
Y-GEN-5911,189.16,202404,KG
Y-GEN-5912,153.65,202403,KG
Y-GEN-5912,183.6,202404,KG
Y-GEN-5913,344.12,202403,KG
Y-GEN-5913,420.28,202404,KG
Y-GEN-5914,342.46,202403,KG
Y-GEN-5914,430.25,202404,KG
Y-GEN-5915,289.67,202403,KG
Y-GEN-5915,363.71,202404,KG
Y-GEN-5916,145.43,202403,KG
Y-GEN-5916,179.54,202404,KG
Y-GEN-5917,264.02,202403,KG
Y-GEN-5917,332.41,202404,KG
Y-GEN-5918,173.1,202403,KG
Y-GEN-5918,213.92,202404,KG
Y-GEN-5919,316.55,202403,KG
Y-GEN-5919,313.19,202404,KG
Y-GEN-5920,369.32,202403,KG
Y-GEN-5920,389.54,202404,KG
Y-GEN-5921,203100.0,202403,TO
Y-GEN-5921,262150.0,202404,TO
Y-GEN-5922,199.29,202403,KG
Y-GEN-5922,218.17,202404,KG
Y-GEN-5923,381.67,202403,KG
Y-GEN-5923,365.68,202404,KG
Y-GEN-5924,351.96,202403,KG
Y-GEN-5924,451.64,202404,KG
Y-GEN-5925,391.67,202403,KG
Y-GEN-5925,457.15,202404,KG
Y-GEN-5926,188.27,202403,KG
Y-GEN-5926,243.12,202404,KG
Y-GEN-5927,301.82,202403,KG
Y-GEN-5927,287.69,202404,KG
Y-GEN-5928,385.04,202403,KG
Y-GEN-5928,374.13,202404,KG
Y-GEN-5929,335.0,202403,KG
Y-GEN-5929,365.64,202404,KG
Y-GEN-5930,423.65,202403,KG
Y-GEN-5930,466.75,202404,KG
Y-GEN-5931,414.9,202403,KG
Y-GEN-5931,487.29,202404,KG
Y-GEN-5932,397.93,202403,KG
Y-GEN-5932,429.03,202404,KG
Y-GEN-5933,410.51,202403,KG
Y-GEN-5933,426.2,202404,KG
Y-GEN-5934,435.88,202403,KG
Y-GEN-5934,465.44,202404,KG
Y-GEN-5935,290.8,202403,KG
Y-GEN-5935,358.05,202404,KG
Y-GEN-5936,148.86,202403,KG
Y-GEN-5936,144.09,202404,KG
Y-GEN-5937,131.96,202403,KG
Y-GEN-5937,132.45,202404,KG
Y-GEN-5938,440.89,202403,KG
Y-GEN-5938,474.81,202404,KG
Y-GEN-5939,224.13,202403,KG
Y-GEN-5939,241.18,202404,KG
Y-GEN-5940,414.73,202403,KG
Y-GEN-5940,522.37,202404,KG
Y-GEN-5941,442.39,202403,KG
Y-GEN-5941,553.81,202404,KG
Y-GEN-5942,279.91,202403,KG
Y-GEN-5942,281.65,202404,KG
Y-GEN-5943,226.95,202403,KG
Y-GEN-5943,235.7,202404,KG
Y-GEN-5944,237.09,202403,KG
Y-GEN-5944,294.26,202404,KG
Y-GEN-5945,213.22,202403,KG
Y-GEN-5945,203.03,202404,KG
Y-GEN-5946,444.63,202403,KG
Y-GEN-5946,452.39,202404,KG
Y-GEN-5947,445.4,202403,KG
Y-GEN-5947,537.54,202404,KG
Y-GEN-5948,214.63,202403,KG
Y-GEN-5948,249.61,202404,KG
Y-GEN-5949,315.61,202403,KG
Y-GEN-5949,398.07,202404,KG
Y-GEN-5950,171.36,202403,KG
Y-GEN-5950,179.14,202404,KG
Y-GEN-5951,383.71,202403,KG
Y-GEN-5951,453.86,202404,KG
Y-GEN-5952,362.8,202403,KG
Y-GEN-5952,366.45,202404,KG
Y-GEN-5953,154.4,202403,KG
Y-GEN-5953,189.79,202404,KG
Y-GEN-5954,276.99,202403,KG
Y-GEN-5954,293.88,202404,KG
Y-GEN-5955,236.98,202403,KG
Y-GEN-5955,288.03,202404,KG
Y-GEN-5956,398.14,202403,KG
Y-GEN-5956,379.04,202404,KG
Y-GEN-5957,286.48,202403,KG
Y-GEN-5957,327.61,202404,KG
Y-GEN-5958,322880.0,202403,TO
Y-GEN-5958,357920.0,202404,TO
Y-GEN-5959,190.4,202403,KG
Y-GEN-5959,221.27,202404,KG
Y-GEN-5960,170.43,202403,KG
Y-GEN-5960,185.21,202404,KG
Y-GEN-5961,131.1,202403,KG
Y-GEN-5961,148.19,202404,KG
Y-GEN-5962,151.24,202403,KG
Y-GEN-5962,158.48,202404,KG
Y-GEN-5963,309.01,202403,KG
Y-GEN-5963,364.21,202404,KG
Y-GEN-5964,296.4,202403,KG
Y-GEN-5964,363.87,202404,KG
Y-GEN-5965,132.27,202403,KG
Y-GEN-5965,138.15,202404,KG
Y-GEN-5966,377.69,202403,KG
Y-GEN-5966,488.95,202404,KG
Y-GEN-5967,385.21,202403,KG
Y-GEN-5967,446.44,202404,KG
Y-GEN-5968,386.19,202403,KG
Y-GEN-5968,479.41,202404,KG
Y-GEN-5969,261.17,202403,KG
Y-GEN-5969,256.6,202404,KG
Y-GEN-5970,296.13,202403,KG
Y-GEN-5970,335.69,202404,KG
Y-GEN-5971,330.8,202403,KG
Y-GEN-5971,386.74,202404,KG
Y-GEN-5972,420.65,202403,KG
Y-GEN-5972,487.36,202404,KG
Y-GEN-5973,294.61,202403,KG
Y-GEN-5973,381.69,202404,KG
Y-GEN-5974,333.42,202403,KG
Y-GEN-5974,339.01,202404,KG
Y-GEN-5975,234.72,202403,KG
Y-GEN-5975,271.33,202404,KG
Y-GEN-5976,438.52,202403,KG
Y-GEN-5976,419.61,202404,KG
Y-GEN-5977,307.86,202403,KG
Y-GEN-5977,346.99,202404,KG
Y-GEN-5978,418.98,202403,KG
Y-GEN-5978,446.84,202404,KG
Y-GEN-5979,342.58,202403,KG
Y-GEN-5979,365.47,202404,KG
Y-GEN-5980,236.96,202403,KG
Y-GEN-5980,232.98,202404,KG
Y-GEN-5981,338.58,202403,KG
Y-GEN-5981,390.17,202404,KG
Y-GEN-5982,344.56,202403,KG
Y-GEN-5982,346.09,202404,KG
Y-GEN-5983,241.91,202403,KG
Y-GEN-5983,258.14,202404,KG
Y-GEN-5984,232.41,202403,KG
Y-GEN-5984,262.41,202404,KG
Y-GEN-5985,417.57,202403,KG
Y-GEN-5985,413.6,202404,KG
Y-GEN-5986,443.51,202403,KG
Y-GEN-5986,505.1,202404,KG
Y-GEN-5987,289.79,202403,KG
Y-GEN-5987,332.97,202404,KG
Y-GEN-5988,375.04,202403,KG
Y-GEN-5988,425.53,202404,KG
Y-GEN-5989,419.45,202403,KG
Y-GEN-5989,508.28,202404,KG
Y-GEN-5990,204.76,202403,KG
Y-GEN-5990,246.53,202404,KG
Y-GEN-5991,156.04,202403,KG
Y-GEN-5991,190.14,202404,KG
Y-GEN-5992,135.3,202403,KG
Y-GEN-5992,150.55,202404,KG
Y-GEN-5993,340.46,202403,KG
Y-GEN-5993,402.83,202404,KG
Y-GEN-5994,176.23,202403,KG
Y-GEN-5994,179.61,202404,KG
Y-GEN-5995,249800.0,202403,TO
Y-GEN-5995,251220.0,202404,TO
Y-GEN-5996,304.73,202403,KG
Y-GEN-5996,384.93,202404,KG
Y-GEN-5997,437.78,202403,KG
Y-GEN-5997,525.5,202404,KG
Y-GEN-5998,125.8,202403,KG
Y-GEN-5998,153.51,202404,KG
Y-GEN-5999,186.87,202403,KG
Y-GEN-5999,193.78,202404,KG
Y-GEN-6000,265.14,202403,KG
Y-GEN-6000,342.28,202404,KG
Y-GEN-6001,393.08,202403,KG
Y-GEN-6001,426.13,202404,KG
Y-GEN-6002,303.39,202403,KG
Y-GEN-6002,365.08,202404,KG
Y-GEN-6003,287.69,202403,KG
Y-GEN-6003,327.24,202404,KG
Y-GEN-6004,428.18,202403,KG
Y-GEN-6004,522.13,202404,KG
Y-GEN-6005,296.89,202403,KG
Y-GEN-6005,320.36,202404,KG
Y-GEN-6006,375.15,202403,KG
Y-GEN-6006,446.88,202404,KG
Y-GEN-6007,228.89,202403,KG
Y-GEN-6007,251.05,202404,KG
Y-GEN-6008,217.86,202403,KG
Y-GEN-6008,247.41,202404,KG
Y-GEN-6009,367.39,202403,KG
Y-GEN-6009,356.68,202404,KG
Y-GEN-6010,348.87,202403,KG
Y-GEN-6010,411.56,202404,KG
Y-GEN-6011,191.73,202403,KG
Y-GEN-6011,234.34,202404,KG
Y-GEN-6012,245.36,202403,KG
Y-GEN-6012,285.16,202404,KG
Y-GEN-6013,291.1,202403,KG
Y-GEN-6013,277.77,202404,KG
Y-GEN-6014,331.82,202403,KG
Y-GEN-6014,344.58,202404,KG
Y-GEN-6015,338.2,202403,KG
Y-GEN-6015,419.32,202404,KG
Y-GEN-6016,254.22,202403,KG
Y-GEN-6016,317.03,202404,KG
Y-GEN-6017,302.01,202403,KG
Y-GEN-6017,360.93,202404,KG
Y-GEN-6018,140.63,202403,KG
Y-GEN-6018,154.06,202404,KG
Y-GEN-6019,441.91,202403,KG
Y-GEN-6019,520.6,202404,KG
Y-GEN-6020,158.21,202403,KG
Y-GEN-6020,174.3,202404,KG
Y-GEN-6021,404.7,202403,KG
Y-GEN-6021,519.94,202404,KG
Y-GEN-6022,184.73,202403,KG
Y-GEN-6022,223.91,202404,KG
Y-GEN-6023,186.5,202403,KG
Y-GEN-6023,213.96,202404,KG
Y-GEN-6024,200.97,202403,KG
Y-GEN-6024,243.27,202404,KG
Y-GEN-6025,135.88,202403,KG
Y-GEN-6025,160.4,202404,KG
Y-GEN-6026,338.69,202403,KG
Y-GEN-6026,369.42,202404,KG
Y-GEN-6027,323.81,202403,KG
Y-GEN-6027,378.29,202404,KG
Y-GEN-6028,282.73,202403,KG
Y-GEN-6028,337.12,202404,KG
Y-GEN-6029,218.97,202403,KG
Y-GEN-6029,222.34,202404,KG
Y-GEN-6030,355.79,202403,KG
Y-GEN-6030,451.97,202404,KG
Y-GEN-6031,160.16,202403,KG
Y-GEN-6031,185.11,202404,KG
Y-GEN-6032,177550.0,202403,TO
Y-GEN-6032,171960.0,202404,TO
Y-GEN-6033,128.95,202403,KG
Y-GEN-6033,161.37,202404,KG
Y-GEN-6034,418.94,202403,KG
Y-GEN-6034,459.74,202404,KG
Y-GEN-6035,217.96,202403,KG
Y-GEN-6035,235.19,202404,KG
Y-GEN-6036,282.82,202403,KG
Y-GEN-6036,349.74,202404,KG
Y-GEN-6037,428.69,202403,KG
Y-GEN-6037,454.14,202404,KG
Y-GEN-6038,443.67,202403,KG
Y-GEN-6038,503.68,202404,KG
Y-GEN-6039,192.06,202403,KG
Y-GEN-6039,206.93,202404,KG
Y-GEN-6040,395.66,202403,KG
Y-GEN-6040,495.49,202404,KG
Y-GEN-6041,289.3,202403,KG
Y-GEN-6041,355.87,202404,KG
Y-GEN-6042,420.28,202403,KG
Y-GEN-6042,442.19,202404,KG
Y-GEN-6043,312.68,202403,KG
Y-GEN-6043,298.51,202404,KG
Y-GEN-6044,417.69,202403,KG
Y-GEN-6044,523.53,202404,KG
Y-GEN-6045,201.05,202403,KG
Y-GEN-6045,252.71,202404,KG
Y-GEN-6046,170.19,202403,KG
Y-GEN-6046,171.98,202404,KG
Y-GEN-6047,258.92,202403,KG
Y-GEN-6047,263.88,202404,KG
Y-GEN-6048,411.73,202403,KG
Y-GEN-6048,417.19,202404,KG
Y-GEN-6049,139.2,202403,KG
Y-GEN-6049,159.15,202404,KG
Y-GEN-6050,274.21,202403,KG
Y-GEN-6050,280.88,202404,KG
Y-GEN-6051,196.58,202403,KG
Y-GEN-6051,228.09,202404,KG
Y-GEN-6052,160.58,202403,KG
Y-GEN-6052,177.41,202404,KG
Y-GEN-6053,371.58,202403,KG
Y-GEN-6053,461.63,202404,KG
Y-GEN-6054,272.21,202403,KG
Y-GEN-6054,287.68,202404,KG
Y-GEN-6055,291.97,202403,KG
Y-GEN-6055,364.83,202404,KG
Y-GEN-6056,301.63,202403,KG
Y-GEN-6056,355.15,202404,KG
Y-GEN-6057,399.7,202403,KG
Y-GEN-6057,457.51,202404,KG
Y-GEN-6058,276.57,202403,KG
Y-GEN-6058,288.99,202404,KG
Y-GEN-6059,189.59,202403,KG
Y-GEN-6059,232.25,202404,KG
Y-GEN-6060,256.9,202403,KG
Y-GEN-6060,284.38,202404,KG
Y-GEN-6061,315.54,202403,KG
Y-GEN-6061,404.77,202404,KG
Y-GEN-6062,138.73,202403,KG
Y-GEN-6062,140.91,202404,KG
Y-GEN-6063,260.61,202403,KG
Y-GEN-6063,249.51,202404,KG
Y-GEN-6064,363.91,202403,KG
Y-GEN-6064,381.88,202404,KG
Y-GEN-6065,182.72,202403,KG
Y-GEN-6065,188.78,202404,KG
Y-GEN-6066,298.94,202403,KG
Y-GEN-6066,361.2,202404,KG
Y-GEN-6067,408.08,202403,KG
Y-GEN-6067,493.51,202404,KG
Y-GEN-6068,323.88,202403,KG
Y-GEN-6068,360.64,202404,KG
Y-GEN-6069,136010.0,202403,TO
Y-GEN-6069,166110.0,202404,TO
Y-GEN-6070,360.18,202403,KG
Y-GEN-6070,354.38,202404,KG
Y-GEN-6071,365.35,202403,KG
Y-GEN-6071,468.51,202404,KG
Y-GEN-6072,309.33,202403,KG
Y-GEN-6072,353.49,202404,KG
Y-GEN-6073,407.94,202403,KG
Y-GEN-6073,459.0,202404,KG
Y-GEN-6074,276.82,202403,KG
Y-GEN-6074,288.75,202404,KG
Y-GEN-6075,162.1,202403,KG
Y-GEN-6075,184.29,202404,KG
Y-GEN-6076,228.81,202403,KG
Y-GEN-6076,237.39,202404,KG
Y-GEN-6077,190.3,202403,KG
Y-GEN-6077,238.64,202404,KG
Y-GEN-6078,286.49,202403,KG
Y-GEN-6078,346.96,202404,KG
Y-GEN-6079,350.52,202403,KG
Y-GEN-6079,338.58,202404,KG
Y-GEN-6080,341.21,202403,KG
Y-GEN-6080,337.08,202404,KG
Y-GEN-6081,358.49,202403,KG
Y-GEN-6081,459.13,202404,KG
Y-GEN-6082,364.92,202403,KG
Y-GEN-6082,466.83,202404,KG
Y-GEN-6083,212.31,202403,KG
Y-GEN-6083,230.25,202404,KG
Y-GEN-6084,247.65,202403,KG
Y-GEN-6084,303.96,202404,KG
Y-GEN-6085,338.87,202403,KG
Y-GEN-6085,351.12,202404,KG
Y-GEN-6086,359.8,202403,KG
Y-GEN-6086,463.21,202404,KG
Y-GEN-6087,281.25,202403,KG
Y-GEN-6087,309.34,202404,KG
Y-GEN-6088,198.8,202403,KG
Y-GEN-6088,193.84,202404,KG
Y-GEN-6089,157.54,202403,KG
Y-GEN-6089,192.39,202404,KG
Y-GEN-6090,379.53,202403,KG
Y-GEN-6090,383.16,202404,KG
Y-GEN-6091,435.92,202403,KG
Y-GEN-6091,432.4,202404,KG
Y-GEN-6092,201.6,202403,KG
Y-GEN-6092,250.55,202404,KG
Y-GEN-6093,349.86,202403,KG
Y-GEN-6093,336.96,202404,KG
Y-GEN-6094,297.12,202403,KG
Y-GEN-6094,313.5,202404,KG
Y-GEN-6095,386.96,202403,KG
Y-GEN-6095,414.42,202404,KG
Y-GEN-6096,292.56,202403,KG
Y-GEN-6096,352.32,202404,KG
Y-GEN-6097,302.47,202403,KG
Y-GEN-6097,332.45,202404,KG
Y-GEN-6098,291.3,202403,KG
Y-GEN-6098,372.65,202404,KG
Y-GEN-6099,214.33,202403,KG
Y-GEN-6099,237.77,202404,KG
Y-GEN-6100,353.99,202403,KG
Y-GEN-6100,431.12,202404,KG
Y-GEN-6101,344.07,202403,KG
Y-GEN-6101,381.33,202404,KG
Y-GEN-6102,233.78,202403,KG
Y-GEN-6102,225.69,202404,KG
Y-GEN-6103,225.79,202403,KG
Y-GEN-6103,241.76,202404,KG
Y-GEN-6104,289.25,202403,KG
Y-GEN-6104,337.64,202404,KG
Y-GEN-6105,133.82,202403,KG
Y-GEN-6105,142.95,202404,KG
Y-GEN-6106,184360.0,202403,TO
Y-GEN-6106,195710.0,202404,TO
Y-GEN-6107,283.56,202403,KG
Y-GEN-6107,329.84,202404,KG
Y-GEN-6108,278.37,202403,KG
Y-GEN-6108,294.82,202404,KG
Y-GEN-6109,300.3,202403,KG
Y-GEN-6109,355.42,202404,KG
Y-GEN-6110,299.6,202403,KG
Y-GEN-6110,370.18,202404,KG
Y-GEN-6111,318.3,202403,KG
Y-GEN-6111,401.65,202404,KG
Y-GEN-6112,220.96,202403,KG
Y-GEN-6112,223.74,202404,KG
Y-GEN-6113,133.18,202403,KG
Y-GEN-6113,140.66,202404,KG
Y-GEN-6114,378.74,202403,KG
Y-GEN-6114,447.69,202404,KG
Y-GEN-6115,322.07,202403,KG
Y-GEN-6115,325.28,202404,KG
Y-GEN-6116,192.8,202403,KG
Y-GEN-6116,246.82,202404,KG
Y-GEN-6117,375.24,202403,KG
Y-GEN-6117,449.38,202404,KG
Y-GEN-6118,162.95,202403,KG
Y-GEN-6118,206.68,202404,KG
Y-GEN-6119,130.01,202403,KG
Y-GEN-6119,167.18,202404,KG
Y-GEN-6120,442.79,202403,KG
Y-GEN-6120,571.78,202404,KG
Y-GEN-6121,403.2,202403,KG
Y-GEN-6121,451.19,202404,KG
Y-GEN-6122,297.71,202403,KG
Y-GEN-6122,335.45,202404,KG
Y-GEN-6123,314.43,202403,KG
Y-GEN-6123,390.71,202404,KG
Y-GEN-6124,418.21,202403,KG
Y-GEN-6124,474.04,202404,KG
Y-GEN-6125,350.55,202403,KG
Y-GEN-6125,444.61,202404,KG
Y-GEN-6126,248.75,202403,KG
Y-GEN-6126,313.63,202404,KG
Y-GEN-6127,282.83,202403,KG
Y-GEN-6127,336.45,202404,KG
Y-GEN-6128,203.93,202403,KG
Y-GEN-6128,234.74,202404,KG
Y-GEN-6129,411.77,202403,KG
Y-GEN-6129,475.58,202404,KG
Y-GEN-6130,303.78,202403,KG
Y-GEN-6130,362.82,202404,KG
Y-GEN-6131,125.05,202403,KG
Y-GEN-6131,134.74,202404,KG
Y-GEN-6132,333.74,202403,KG
Y-GEN-6132,382.06,202404,KG
Y-GEN-6133,227.67,202403,KG
Y-GEN-6133,216.53,202404,KG
Y-GEN-6134,143.25,202403,KG
Y-GEN-6134,141.2,202404,KG
Y-GEN-6135,447.82,202403,KG
Y-GEN-6135,467.95,202404,KG
Y-GEN-6136,342.19,202403,KG
Y-GEN-6136,368.22,202404,KG
Y-GEN-6137,180.94,202403,KG
Y-GEN-6137,189.51,202404,KG
Y-GEN-6138,223.89,202403,KG
Y-GEN-6138,218.41,202404,KG
Y-GEN-6139,322.83,202403,KG
Y-GEN-6139,365.23,202404,KG
Y-GEN-6140,164.67,202403,KG
Y-GEN-6140,191.61,202404,KG
Y-GEN-6141,328.27,202403,KG
Y-GEN-6141,353.96,202404,KG
Y-GEN-6142,238.2,202403,KG
Y-GEN-6142,302.87,202404,KG
Y-GEN-6143,212920.0,202403,TO
Y-GEN-6143,231460.0,202404,TO
Y-GEN-6144,389.11,202403,KG
Y-GEN-6144,452.44,202404,KG
Y-GEN-6145,396.18,202403,KG
Y-GEN-6145,510.38,202404,KG
Y-GEN-6146,371.06,202403,KG
Y-GEN-6146,365.77,202404,KG
Y-GEN-6147,380.33,202403,KG
Y-GEN-6147,420.47,202404,KG
Y-GEN-6148,277.25,202403,KG
Y-GEN-6148,344.43,202404,KG
Y-GEN-6149,258.63,202403,KG
Y-GEN-6149,328.29,202404,KG
Y-GEN-6150,132.44,202403,KG
Y-GEN-6150,146.41,202404,KG
Y-GEN-6151,130.17,202403,KG
Y-GEN-6151,167.38,202404,KG
Y-GEN-6152,352.45,202403,KG
Y-GEN-6152,353.66,202404,KG
Y-GEN-6153,378.95,202403,KG
Y-GEN-6153,468.87,202404,KG
Y-GEN-6154,401.86,202403,KG
Y-GEN-6154,433.84,202404,KG
Y-GEN-6155,393.68,202403,KG
Y-GEN-6155,497.39,202404,KG
Y-GEN-6156,170.88,202403,KG
Y-GEN-6156,194.15,202404,KG
Y-GEN-6157,289.69,202403,KG
Y-GEN-6157,341.47,202404,KG
Y-GEN-6158,280.33,202403,KG
Y-GEN-6158,280.14,202404,KG
Y-GEN-6159,231.33,202403,KG
Y-GEN-6159,262.76,202404,KG
Y-GEN-6160,242.65,202403,KG
Y-GEN-6160,284.72,202404,KG
Y-GEN-6161,294.13,202403,KG
Y-GEN-6161,335.93,202404,KG
Y-GEN-6162,215.89,202403,KG
Y-GEN-6162,251.67,202404,KG
Y-GEN-6163,269.9,202403,KG
Y-GEN-6163,327.33,202404,KG
Y-GEN-6164,232.32,202403,KG
Y-GEN-6164,270.15,202404,KG
Y-GEN-6165,215.93,202403,KG
Y-GEN-6165,257.76,202404,KG
Y-GEN-6166,247.18,202403,KG
Y-GEN-6166,284.91,202404,KG
Y-GEN-6167,177.19,202403,KG
Y-GEN-6167,196.61,202404,KG
Y-GEN-6168,427.76,202403,KG
Y-GEN-6168,474.08,202404,KG
Y-GEN-6169,318.87,202403,KG
Y-GEN-6169,357.69,202404,KG
Y-GEN-6170,423.36,202403,KG
Y-GEN-6170,450.93,202404,KG
Y-GEN-6171,429.6,202403,KG
Y-GEN-6171,544.43,202404,KG
Y-GEN-6172,130.79,202403,KG
Y-GEN-6172,155.23,202404,KG
Y-GEN-6173,246.11,202403,KG
Y-GEN-6173,288.59,202404,KG
Y-GEN-6174,284.2,202403,KG
Y-GEN-6174,334.26,202404,KG
Y-GEN-6175,396.18,202403,KG
Y-GEN-6175,418.77,202404,KG
Y-GEN-6176,241.7,202403,KG
Y-GEN-6176,301.41,202404,KG
Y-GEN-6177,338.81,202403,KG
Y-GEN-6177,420.68,202404,KG
Y-GEN-6178,278.92,202403,KG
Y-GEN-6178,357.04,202404,KG
Y-GEN-6179,192.47,202403,KG
Y-GEN-6179,196.49,202404,KG
Y-GEN-6180,360040.0,202403,TO
Y-GEN-6180,406330.0,202404,TO
Y-GEN-6181,193.56,202403,KG
Y-GEN-6181,239.01,202404,KG
Y-GEN-6182,388.64,202403,KG
Y-GEN-6182,379.54,202404,KG
Y-GEN-6183,229.72,202403,KG
Y-GEN-6183,280.99,202404,KG
Y-GEN-6184,187.1,202403,KG
Y-GEN-6184,224.23,202404,KG
Y-GEN-6185,157.66,202403,KG
Y-GEN-6185,199.87,202404,KG
Y-GEN-6186,200.52,202403,KG
Y-GEN-6186,259.7,202404,KG
Y-GEN-6187,277.52,202403,KG
Y-GEN-6187,291.36,202404,KG
Y-GEN-6188,448.97,202403,KG
Y-GEN-6188,578.72,202404,KG
Y-GEN-6189,209.91,202403,KG
Y-GEN-6189,242.3,202404,KG
Y-GEN-6190,320.67,202403,KG
Y-GEN-6190,328.82,202404,KG
Y-GEN-6191,167.86,202403,KG
Y-GEN-6191,200.79,202404,KG
Y-GEN-6192,215.78,202403,KG
Y-GEN-6192,249.5,202404,KG
Y-GEN-6193,407.38,202403,KG
Y-GEN-6193,389.73,202404,KG
Y-GEN-6194,128.09,202403,KG
Y-GEN-6194,163.18,202404,KG
Y-GEN-6195,304.63,202403,KG
Y-GEN-6195,290.48,202404,KG
Y-GEN-6196,220.77,202403,KG
Y-GEN-6196,250.69,202404,KG
Y-GEN-6197,138.19,202403,KG
Y-GEN-6197,160.86,202404,KG
Y-GEN-6198,420.43,202403,KG
Y-GEN-6198,461.61,202404,KG
Y-GEN-6199,268.36,202403,KG
Y-GEN-6199,321.38,202404,KG
